record_id,sc_heur,sc_age,sc_symptoms,sc_follow_up,sc_alternative_explanation,sc_decision,screening_complete,agreement_upload,agreement_biobank_upload,consentement_complete,sexe,age,inclusion_complete,date_inclus,clinician,chief_complaint,fever_sympt_onset,cough_sympt_onset,dyspnea_sympt_onset,chestpain_symp_onset,hemoptysis_sympt_onset,accompanying_symptoms___1,accompanying_symptoms___2,accompanying_symptoms___3,accompanying_symptoms___4,accompanying_symptoms___5,accompanying_symptoms___6,accompanying_symptoms___7,accompanying_symptoms___8,accompanying_symptoms___9,accompanying_symptoms___10,accompanying_symptoms___11,accompanying_symptoms___12,accompanying_symptoms___13,fever_acc_sympt_duration,cough_acc_sympt_duration,weight_acc_sympt_duration,dyspnea_acc_sympt_duration,chest_acc_sympt_duration,hemopt_acc_sympt_duration,sweats_acc_sympt_duration,asthen_acc_sympt_duration,anorex_acc_sympt_duration,pharyn_acc_sympt_duration,git_acc_sympt_duration,taste_acc_sympt_duration,other_acc_symp_duration,chronic_cough,anthonissen_1,anthonissen_2,anthonissen_3,antibiotique_av,previous_tb_diagnosis,date_prev_tb,cxr_post_tb_tt,cxr_tb_sequellae,tb_resolv_wo_treat_taken,tb_resolv_wo_treat_p_dur,tb_resolv_wo_treat_c_dur_2,tb_resolv_wo_treat_s_dur_1,tb_resolv_wo_treat_s_dur_2,treatment_active_tb,smoker,lung_diseases,chronic_pulm_disease,diabetes,hypertension,cardiopathy,hiv,covid_contact,covid_vacc,date_covid_vaccin,previous_covid_test,date_prev_pos_covid_test,symptoms_prev_covid,traditional_med_sought,poids_kg,taille_cm,temperature,frequence_cardiaque,tension_arterielle_systol,tension_arterielle_diastol,frequence_respiratoire,saturation_en_oxygene_spo2,glasgow_coma_scale,qsofa_freqresp,qsofa_gcs,qsofa_systolbp,quick_sofa_score,bmi,general_state,pitting_peripheral_edema,cerv_and_or_axillary_adp,consultation_complete,auscultation_a,crepitant___1,crepitant___2,crepitant___3,crepitant___4,crepitant___5,crepitant___6,crepitant___7,crepitant___8,sibilant___1,sibilant___2,sibilant___3,sibilant___4,sibilant___5,sibilant___6,sibilant___7,sibilant___8,ronchus___1,ronchus___2,ronchus___3,ronchus___4,ronchus___5,ronchus___6,ronchus___7,ronchus___8,souffle_tub___1,souffle_tub___2,souffle_tub___3,souffle_tub___4,souffle_tub___5,souffle_tub___6,souffle_tub___7,souffle_tub___8,frott_pleur___1,frott_pleur___2,frott_pleur___3,frott_pleur___4,frott_pleur___5,frott_pleur___6,frott_pleur___7,frott_pleur___8,expirium___1,expirium___2,expirium___3,expirium___4,expirium___5,expirium___6,expirium___7,expirium___8,hypoventilation___1,hypoventilation___2,hypoventilation___3,hypoventilation___4,hypoventilation___5,hypoventilation___6,hypoventilation___7,hypoventilation___8,autre_bruit___1,autre_bruit___2,autre_bruit___3,autre_bruit___4,autre_bruit___5,autre_bruit___6,autre_bruit___7,autre_bruit___8,auscultation_complete,covid_pcr,covid_pos_ct,tb_rif_genexpert,sputum,induced_sputum,res_induced_sputum,hiv_test_v2,hiv_test_confirm,cd4_counts,cd4_counts_result,cd4count_requested,cd4_new_hiv,malaria_rdt,hb,mcv,leuko,rsultats_paracliniques_complete,management,where_hospitalized,reason_hosp_refusal,end_diagnosis,tb_tt,tb_treatment_lazaret1,ab_prescribed,days_ab_prescribed,ab_which_one___1,ab_which_one___2,ab_which_one___3,ab_which_one___4,ab_which_one___5,ab_which_one___6,oxy_prescription,covid_tt_prescription___1,covid_tt_prescription___2,covid_tt_prescription___3,diagnosticprise_en_charge_complete,pt_revisited_7d_14d,end_diagnosis_v2___1,end_diagnosis_v2___2,end_diagnosis_v2___3,end_diagnosis_v2___4,end_diagnosis_v2___5,end_diagnosis_v2___6,end_diagnosis_v2___7,end_diagnosis_v2___8,end_diagnosis_v2___9,end_diagnosis_v2___10,end_diagnosis_v2___11,end_diagnosis_v2___12,end_diagnosis_v2___13,end_diagnosis_v2___14,end_diagnosis_v2___15,end_diagnosis_v2___16,tb_xpert_pleural,tb_cult_pleural,pleural_bact_culture,tb_pleural_cytology,pleural_percent_lymph,tb_pleural_exsudat,tb_pericard,tb_pericard_lab,tb_xpert_pericard,tb_cult_pericard,pericard_cult_bact,tb_pericard_cytology,pericard_percent_lymph,tb_tt_v2,tb_treatment_lazaret,ab_prescribed_v2,days_ab_prescribed_v2,ab_which_one_v2___1,ab_which_one_v2___2,ab_which_one_v2___3,ab_which_one_v2___4,ab_which_one_v2___5,ab_which_one_v2___6,oxy_prescription_v2,covid_tt_prescription_v2___1,covid_tt_prescription_v2___2,covid_tt_prescription_v2___3,diagnosticprise_en_charge_final_j7j14_complete,edta,blood_puncture_hour,edta_froze,paxgene,paxgene_froze,nasoswab,oroswab,sputum_sample_routine,respiratory_sample_hour,respiratory_sample_froze,urine_sample,urine_sample_hour,urine_sample_froze_hour,prlvements_complete,storage_blood_complet,b1_position,b2_position,b3_position,b4_position,storage_plasma,p1_position,p2_position,p3_position,p4_position,storage_paxgene,storage_urine,u1_position,u2_position,storage_sputum,s1_position,s2_position,storage_naso_swab,n1_position,n2_position,storage_oro_swab,o1_position,o2_position,stockage_biobank_complete,eko_link_sound,eko_piste,enregistrement_son_complete,lus_echogenicity,lus_problems,lus_complete,lus_qasd_1,lus_qasd_2,lus_qaid_1,lus_qsld_2,lus_qld_1,lus_qasg_1,lus_qasg_2,lus_qaig_1,lus_qslg_2,lus_qlg_1,lus_qpsd_1,lus_qpid_1,lus_qpsg_1,lus_qpig_1,lus_pe_1,lus_pe_lateralisation_1,lus_pe_size_1,lus_pe_size_2,pe_aspect_v1,pe_aspect_v2,interprtation_lus_reader_1_complete,lus_qasd_1_v2,qual_apxd,lus_qasd_2_v2,qual_qasd_2,lus_qaid_1_v2,qual_qaid,lus_qsld_2_v2,qual_qsld,lus_qld_1_v2,qual_qld_2,lus_qasg_1_v2,qual_apxg_3,lus_qasg_2_v2,qual_qasg,lus_qaig_1_v2,qual_qaig,lus_qslg_2_v2,qual_qslg,lus_qlg_1_v2,qual_qlg_2,lus_qpsd_1_v2,qual_qpsd,lus_qpid_1_v2,qual_qpid,lus_qpsg_1_v2,qual_qpsg,lus_qpig_1_v2,qual_qpig,lus_pe_1_v2,lus_pe_lateralisation_1_v2,lus_pe_size_1_v2,lus_pe_size_2_v2,pe_aspect_v1_v2,pe_aspect_v2_v2,interprtation_lus_reader_2_complete,lus_qasd_1_v2_b1493a,lus_qasd_2_v2_82b968,lus_qaid_1_v2_acfdd2,lus_qsld_2_v2_821192,lus_qld_1_v2_bce2aa,lus_qasg_1_v2_87d68e,lus_qasg_2_v2_5c8287,lus_qaig_1_v2_470e43,lus_qslg_2_v2_16f521,lus_qlg_1_v2_fe825a,lus_qpsd_1_v2_d7d464,lus_qpid_1_v2_2299ce,lus_qpsg_1_v2_2e9212,lus_qpig_1_v2_eb82c6,lus_pe_1_v2_aa9e10,lus_pe_lateralisation_1_v2_f2addb,lus_pe_size_1_v2_f8e93b,lus_pe_size_2_v2_630db6,pe_aspect_v1_v2_14b77d,pe_aspect_v2_v2_a97b01,interprtation_lus_reader_3_complete,lus_tb_susp,lus_covid_susp,lus_pneumonia_susp,lus_hiv_susp,diagnostique_bas_sur_lus_complete,lus_echogenicity_v2,lus_problems_v2,fash_complete,fash_pericard_effusion,fash_adp,fash_rpleural_effusion,fash_liver,fash_morison_ascites,fash_lpleural_effusion,fash_spleen,fash_splenoren_ascites,fash_douglas_ascites,interprtation_fash_reader_1_complete,fash_pericard_effusion_v2,qual_sx,fash_adp_v2,qual_ap,fash_rpleural_effusion_v2,qual_qld_fash,fash_liver_v2,qual_liver,fash_morison_ascites_v2,qual_mor,fash_lpleural_effusion_v2,qual_qlg_fash,fash_spleen_v2,qual_spleen,fash_splenoren_ascites_v2,qual_sr,fash_douglas_ascites_v2,qual_douglas,interprtation_fash_reader_2_complete,fash_pericard_effusion_v3,fash_adp_v3,fash_rpleural_effusion_v3,fash_liver_v3,fash_morison_ascites_v3,fash_lpleural_effusion_v3,fash_spleen_v3,fash_splenoren_ascites_v3,fash_douglas_ascites_v3,interprtation_fash_reader_3_2_complete,cxr_upload,cxr_complete,cxr_normal,cxr_caracteristics___1,cxr_caracteristics___2,cxr_caracteristics___3,cxr_caracteristics___4,cxr_caracteristics___5,cxr_caracteristics___6,cxr_caracteristics___7,cxr_caracteristics___8,cxr_caracteristics___9,cxr_caracteristics___10,cxr_reader_1_complete,cxr_normal_v2,cxr_caracteristics_v2___1,cxr_caracteristics_v2___2,cxr_caracteristics_v2___3,cxr_caracteristics_v2___4,cxr_caracteristics_v2___5,cxr_caracteristics_v2___6,cxr_caracteristics_v2___7,cxr_caracteristics_v2___8,cxr_caracteristics_v2___9,cxr_caracteristics_v2___10,cxr_reader_2_complete,cxr_normal_v3,cxr_caracteristics_v3___1,cxr_caracteristics_v3___2,cxr_caracteristics_v3___3,cxr_caracteristics_v3___4,cxr_caracteristics_v3___5,cxr_caracteristics_v3___6,cxr_caracteristics_v3___7,cxr_caracteristics_v3___8,cxr_caracteristics_v3___9,cxr_caracteristics_v3___10,cxr_reader_3_complete,lus_tb_susp_v2,lus_covid_susp_v2,lus_pneumonia_susp_v2,lus_hiv_susp_v2,diagnostique_bas_sur_cxr_complete,followup_d7_response,date_call_d7,evolution_d7,death_date7,date_hosp7,followup_jour_7_complete,followup_d28_respons,date_call_d28,evolution_d28,death_date28,date_hosp28,followup_jour_28_complete,date_fu_6m,tb_outcome_6m_tb_reg,phone_call_miss_data,date_death_tb6m,outcome_tb_6m_call,date_death_tb6m_2,followup_6_mois_tb_complete,lus_qasd_1_v2_v2,qual_apxd_v2,lus_qasd_2_v2_v2,qual_qasd_2_v2,lus_qaid_1_v2_v2,qual_qaid_v2,lus_qsld_2_v2_v2,qual_qsld_v2,lus_qld_1_v2_v2,qual_qld_2_v2,lus_qasg_1_v2_v2,qual_apxg_3_v2,lus_qasg_2_v2_v2,qual_qasg_v2,lus_qaig_1_v2_v2,qual_qaig_v2,lus_qslg_2_v2_v2,qual_qslg_v2,lus_qlg_1_v2_v2,qual_qlg_2_v2,lus_qpsd_1_v2_v2,qual_qpsd_v2,lus_qpid_1_v2_v2,qual_qpid_v2,lus_qpsg_1_v2_v2,qual_qpsg_v2,lus_qpig_1_v2_v2,qual_qpig_v2,lus_pe_1_v2_v2,lus_pe_lateralisation_1_v2_v2,lus_pe_size_1_v2_v2,lus_pe_size_2_v2_v2,pe_aspect_v1_v2_v2,pe_aspect_v2_v2_v2,lecteur_cho_1_complete,lus_qasd_1_v2_v2_v2,qual_apxd_v2_v2,lus_qasd_2_v2_v2_v2,qual_qasd_2_v2_v2,lus_qaid_1_v2_v2_v2,qual_qaid_v2_v2,lus_qsld_2_v2_v2_v2,qual_qsld_v2_v2,lus_qld_1_v2_v2_v2,qual_qld_2_v2_v2,lus_qasg_1_v2_v2_v2,qual_apxg_3_v2_v2,lus_qasg_2_v2_v2_v2,qual_qasg_v2_v2,lus_qaig_1_v2_v2_v2,qual_qaig_v2_v2,lus_qslg_2_v2_v2_v2,qual_qslg_v2_v2,lus_qlg_1_v2_v2_v2,qual_qlg_2_v2_v2,lus_qpsd_1_v2_v2_v2,qual_qpsd_v2_v2,lus_qpid_1_v2_v2_v2,qual_qpid_v2_v2,lus_qpsg_1_v2_v2_v2,qual_qpsg_v2_v2,lus_qpig_1_v2_v2_v2,qual_qpig_v2_v2,lus_pe_1_v2_v2_v2,lus_pe_lateralisation_1_v2_v2_v2,lus_pe_size_1_v2_v2_v2,lus_pe_size_2_v2_v2_v2,pe_aspect_v1_v2_v2_v2,pe_aspect_v2_v2_v2_v2,lecteur_cho_lus_2_complete,lus_qasd_1_v2_v2_v2_v2,qual_apxd_v2_v2_v2,lus_qasd_2_v2_v2_v2_v2,qual_qasd_2_v2_v2_v2,lus_qaid_1_v2_v2_v2_v2,qual_qaid_v2_v2_v2,lus_qsld_2_v2_v2_v2_v2,qual_qsld_v2_v2_v2,lus_qld_1_v2_v2_v2_v2,qual_qld_2_v2_v2_v2,lus_qasg_1_v2_v2_v2_v2,qual_apxg_3_v2_v2_v2,lus_qasg_2_v2_v2_v2_v2,qual_qasg_v2_v2_v2,lus_qaig_1_v2_v2_v2_v2,qual_qaig_v2_v2_v2,lus_qslg_2_v2_v2_v2_v2,qual_qslg_v2_v2_v2,lus_qlg_1_v2_v2_v2_v2,qual_qlg_2_v2_v2_v2,lus_qpsd_1_v2_v2_v2_v2,qual_qpsd_v2_v2_v2,lus_qpid_1_v2_v2_v2_v2,qual_qpid_v2_v2_v2,lus_qpsg_1_v2_v2_v2_v2,qual_qpsg_v2_v2_v2,lus_qpig_1_v2_v2_v2_v2,qual_qpig_v2_v2_v2,lus_pe_1_v2_v2_v2_v2,lus_pe_lateralisation_1_v2_v2_v2_v2,lus_pe_size_1_v2_v2_v2_v2,lus_pe_size_2_v2_v2_v2_v2,pe_aspect_v1_v2_v2_v2_v2,pe_aspect_v2_v2_v2_v2_v2,lecteur_cho_lus_3_complete,fash_pericard_effusion_v2_v2,qual_sx_v2,fash_adp_v2_v2,qual_ap_v2,fash_rpleural_effusion_v2_v2,qual_qld_fash_v2,fash_liver_v2_v2,qual_liver_v2,fash_morison_ascites_v2_v2,qual_mor_v2,fash_lpleural_effusion_v2_v2,qual_qlg_fash_v2,fash_spleen_v2_v2,qual_spleen_v2,fash_splenoren_ascites_v2_v2,qual_sr_v2,fash_douglas_ascites_v2_v2,qual_douglas_v2,lecteur_cho_fash_1_complete,fash_pericard_effusion_v2_v2_v2,qual_sx_v2_v2,fash_adp_v2_v2_v2,qual_ap_v2_v2,fash_rpleural_effusion_v2_v2_v2,qual_qld_fash_v2_v2,fash_liver_v2_v2_v2,qual_liver_v2_v2,fash_morison_ascites_v2_v2_v2,qual_mor_v2_v2,fash_lpleural_effusion_v2_v2_v2,qual_qlg_fash_v2_v2,fash_spleen_v2_v2_v2,qual_spleen_v2_v2,fash_splenoren_ascites_v2_v2_v2,qual_sr_v2_v2,fash_douglas_ascites_v2_v2_v2,qual_douglas_v2_v2,lecteur_cho_fash_2_complete,fash_pericard_effusion_v2_v2_v2_v2,qual_sx_v2_v2_v2,fash_adp_v2_v2_v2_v2,qual_ap_v2_v2_v2,fash_rpleural_effusion_v2_v2_v2_v2,qual_qld_fash_v2_v2_v2,fash_liver_v2_v2_v2_v2,qual_liver_v2_v2_v2,fash_morison_ascites_v2_v2_v2_v2,qual_mor_v2_v2_v2,fash_lpleural_effusion_v2_v2_v2_v2,qual_qlg_fash_v2_v2_v2,fash_spleen_v2_v2_v2_v2,qual_spleen_v2_v2_v2,fash_splenoren_ascites_v2_v2_v2_v2,qual_sr_v2_v2_v2,fash_douglas_ascites_v2_v2_v2_v2,qual_douglas_v2_v2_v2,lecteur_cho_fash_3_complete
25-1,"2021-06-08 12:18:32",1,1,0,0,1,2,1,,2,1,35,2,2021-06-08,6,2,,7,,,,1,0,1,0,0,0,1,1,0,0,0,0,0,3,,,3,,,3,3,,,,,,,,,,2,1,,,,,,,,,,1,0,,0,0,0,1,0,0,,0,,,0,44.7,152,37.2,101,129,94,16,100,15,0,0,0,0,19.34729916897507,2,0,0,2,,0,0,0,0,0,0,0,0,0,0,0,0,0,0,0,0,0,0,0,0,0,0,0,0,0,0,0,0,0,0,0,0,0,0,0,0,0,0,0,0,0,0,0,0,0,0,0,0,0,0,0,0,0,0,0,0,0,0,0,0,0,0,0,0,0,1,,1,3,,,1,,,,,,,,,,2,1,,,7,0,,1,10,1,0,0,1,0,0,0,1,0,0,2,1,0,0,0,1,0,0,0,0,0,0,0,0,0,0,0,0,3,3,0,0,99,1,,,,,,,,1,1,0,,0,0,0,0,0,0,0,1,0,0,2,,,,,,,,,,,,,,0,,,,,,,,,,,,,,,,,,,,,,,,0,25-1_cl_COT_ca_E.zip,1,2,1,0,2,0,0,1,,6,3,3,1,,6,0,3,0,6,1,3,2,1,1,1,2,0,,0,,1,,,,0,,0,,3,,0,,,,4,,0,,0,,0,,4,,1,2,2,,1,,2,,,,,,,,,,,,,,,,,,,,,0,,,,,0,1,0,2,1,0,0,0,0,1,2,0,0,2,0,,0,,0,,2,,0,,1,,2,,0,,0,,2,,,,,,,,,,0,1_cl_ben_face.jpg,2,0,0,1,0,0,1,1,0,0,0,0,2,0,0,1,0,0,1,1,0,0,0,0,2,,0,0,0,0,0,0,0,0,0,0,0,,,,,0,,2021-06-15,3,,,2,1,2021-07-12,1,,,2,2022-01-30,1,,,,,2,,,,,,,,,,,,,,,,,,,,,,,,,,,,,,,,,,,0,,,,,,,,,,,,,,,,,,,,,,,,,,,,,,,,,,,0,,,,,,,,,,,,,,,,,,,,,,,,,,,,,,,,,,,0,,,,,,,,,,,,,,,,,,,0,,,,,,,,,,,,,,,,,,,0,,,,,,,,,,,,,,,,,,,0
25-2,"2021-05-30 14:00:50",1,1,0,1,,2,,,0,,,0,,,,,,,,,0,0,0,0,0,0,0,0,0,0,0,0,0,,,,,,,,,,,,,,,,,,,,,,,,,,,,,,,,,,,,,,,,,,,,,,,,,,,,,,,,,,,,0,,0,0,0,0,0,0,0,0,0,0,0,0,0,0,0,0,0,0,0,0,0,0,0,0,0,0,0,0,0,0,0,0,0,0,0,0,0,0,0,0,0,0,0,0,0,0,0,0,0,0,0,0,0,0,0,0,0,0,0,0,0,0,0,0,0,,,,,,,,,,,,,,,,,0,,,,,,,,,0,0,0,0,0,0,,0,0,0,0,,0,0,0,0,0,0,0,0,0,0,0,0,0,0,0,0,,,,,,,,,,,,,,,,,,0,0,0,0,0,0,,0,0,0,0,,,,,,,,,,,,,,0,,,,,,,,,,,,,,,,,,,,,,,,0,,0,0,,,0,,,,,,,,,,,,,,,,,,,,,0,,,,,,,,,,,,,,,,,,,,,,,,,,,,,,,,,,,0,,,,,,,,,,,,,,,,,,,,,0,,,,,0,,,0,,,,,,,,,,0,,,,,,,,,,,,,,,,,,,0,,,,,,,,,,0,,0,,0,0,0,0,0,0,0,0,0,0,0,,0,0,0,0,0,0,0,0,0,0,0,,0,0,0,0,0,0,0,0,0,0,0,,,,,0,,,,,,0,,,,,,0,,,,,,,0,,,,,,,,,,,,,,,,,,,,,,,,,,,,,,,,,,,0,,,,,,,,,,,,,,,,,,,,,,,,,,,,,,,,,,,0,,,,,,,,,,,,,,,,,,,,,,,,,,,,,,,,,,,0,,,,,,,,,,,,,,,,,,,0,,,,,,,,,,,,,,,,,,,0,,,,,,,,,,,,,,,,,,,0
25-3,"2021-06-05 14:01:45",1,1,0,0,2,2,,,0,,,0,,,,,,,,,0,0,0,0,0,0,0,0,0,0,0,0,0,,,,,,,,,,,,,,,,,,,,,,,,,,,,,,,,,,,,,,,,,,,,,,,,,,,,,,,,,,,,0,,0,0,0,0,0,0,0,0,0,0,0,0,0,0,0,0,0,0,0,0,0,0,0,0,0,0,0,0,0,0,0,0,0,0,0,0,0,0,0,0,0,0,0,0,0,0,0,0,0,0,0,0,0,0,0,0,0,0,0,0,0,0,0,0,0,,,,,,,,,,,,,,,,,0,,,,,,,,,0,0,0,0,0,0,,0,0,0,0,,0,0,0,0,0,0,0,0,0,0,0,0,0,0,0,0,,,,,,,,,,,,,,,,,,0,0,0,0,0,0,,0,0,0,0,,,,,,,,,,,,,,0,,,,,,,,,,,,,,,,,,,,,,,,0,,0,0,,,0,,,,,,,,,,,,,,,,,,,,,0,,,,,,,,,,,,,,,,,,,,,,,,,,,,,,,,,,,0,,,,,,,,,,,,,,,,,,,,,0,,,,,0,,,0,,,,,,,,,,0,,,,,,,,,,,,,,,,,,,0,,,,,,,,,,0,,0,,0,0,0,0,0,0,0,0,0,0,0,,0,0,0,0,0,0,0,0,0,0,0,,0,0,0,0,0,0,0,0,0,0,0,,,,,0,,,,,,0,,,,,,0,,,,,,,0,,,,,,,,,,,,,,,,,,,,,,,,,,,,,,,,,,,0,,,,,,,,,,,,,,,,,,,,,,,,,,,,,,,,,,,0,,,,,,,,,,,,,,,,,,,,,,,,,,,,,,,,,,,0,,,,,,,,,,,,,,,,,,,0,,,,,,,,,,,,,,,,,,,0,,,,,,,,,,,,,,,,,,,0
25-4,"2021-08-20 14:02:28",1,1,0,0,1,2,1,,2,1,19,2,2021-08-20,6,2,,21,,,,1,0,0,0,0,1,0,0,1,0,0,0,0,21,,3,,,,,,21,,,,,,,,,3,1,,,,,,,,,,1,0,,0,0,0,1,0,0,,0,,,0,49.2,166,38.3,100,98,74,16,100,15,0,0,1,1,17.854550733052694,3,0,0,2,,0,0,0,0,0,0,0,0,0,0,0,0,0,0,0,0,0,0,0,0,0,0,0,0,0,0,0,0,0,0,0,0,0,0,0,0,0,0,0,0,0,0,0,0,0,0,0,0,0,0,0,0,0,0,0,0,0,0,0,0,0,0,0,0,0,1,,1,3,,,1,,,,,,2,,,,2,1,,,6,0,,1,10,1,0,0,0,0,0,0,1,0,0,2,0,0,0,0,0,0,0,0,0,0,0,0,0,0,0,0,0,,,,,,,,,,,,,,,,,,0,0,0,0,0,0,,0,0,0,2,,,,,,,,,,,,,,0,,,,,,,,,,,,,,,,,,,,,,,,0,25-4_cl_COT_ca_E.zip,0,0,1,0,2,0,0,0,,0,0,0,3,,3,0,0,0,0,0,,,,,,2,0,,0,,0,,,,0,,0,,0,,0,,,,0,,0,,0,,0,,0,,0,,,,,,2,,,,,,,,,,,,,,,,,,,,,0,,,,,0,1,0,2,0,0,0,0,0,0,0,0,0,2,0,,0,,0,,0,,0,,0,,0,,0,,0,,2,,,,,,,,,,0,cl_ben_face_25-4.jpg,2,1,0,0,0,0,0,0,0,0,0,0,2,0,0,0,0,0,0,1,0,0,0,0,2,,0,0,0,0,0,0,0,0,0,0,0,,,,,0,1,2021-08-27,2,,,2,1,2021-09-19,1,,,2,,,,,,,0,,,,,,,,,,,,,,,,,,,,,,,,,,,,,,,,,,,0,,,,,,,,,,,,,,,,,,,,,,,,,,,,,,,,,,,0,,,,,,,,,,,,,,,,,,,,,,,,,,,,,,,,,,,0,,,,,,,,,,,,,,,,,,,0,,,,,,,,,,,,,,,,,,,0,,,,,,,,,,,,,,,,,,,0
25-5,"2021-06-29 09:47:05",1,1,0,0,1,2,1,,2,1,22,2,2021-06-29,9,2,,8,,,,1,0,1,1,0,1,0,1,0,0,0,0,0,21,,5,8,8,,,3,,,,,,,,,,2,1,,,,,,,,,,1,0,,0,0,0,1,0,0,,0,,,0,44.5,168,36.6,112,89,72,26,99,15,1,0,1,2,15.76672335600907,4,0,0,2,,0,0,0,0,0,0,0,0,0,0,0,0,0,0,0,0,0,0,0,0,0,0,0,0,0,0,0,0,0,0,0,0,0,0,0,0,0,0,0,0,0,0,0,0,0,0,0,0,0,0,0,0,0,0,0,0,0,0,0,0,0,0,0,0,0,1,,2,3,,,1,,,,,,,,,,2,1,,,1,1,0,0,,0,0,0,0,0,0,0,1,0,0,2,0,0,0,0,0,0,0,0,0,0,0,0,0,0,0,0,0,,,,,,,,,,,,,,,,,,0,0,0,0,0,0,,0,0,0,2,,,,,,,,,,,,,,0,,,,,,,,,,,,,,,,,,,,,,,,0,25-5_cl_COT_ca_E.zip,1,2,1,0,2,0,0,0,,0,0,4,3,,4,0,0,0,3,0,,,,,,2,0,,0,,0,,,,0,,0,,3,,3,,,,0,,0,,0,,0,,3,,0,,,,,,2,,,,,,,,,,,,,,,,,,,,,0,,,,,0,1,0,2,0,0,0,0,0,0,0,0,0,2,0,,0,,0,,0,,0,,0,,0,,0,,0,,2,,,,,,,,,,0,cl_ben_face_25-5.jpg,2,0,0,1,0,0,1,0,0,0,0,0,2,0,0,0,0,0,0,0,0,0,0,1,2,,0,0,0,0,0,0,0,0,0,0,0,,,,,0,1,2021-07-06,2,,,2,1,2021-07-26,1,,,2,,,,,,,0,,,,,,,,,,,,,,,,,,,,,,,,,,,,,,,,,,,0,,,,,,,,,,,,,,,,,,,,,,,,,,,,,,,,,,,0,,,,,,,,,,,,,,,,,,,,,,,,,,,,,,,,,,,0,,,,,,,,,,,,,,,,,,,0,,,,,,,,,,,,,,,,,,,0,,,,,,,,,,,,,,,,,,,0
25-6,"2021-06-30 13:18:44",1,1,0,0,3,2,,,0,,,0,,,,,,,,,0,0,0,0,0,0,0,0,0,0,0,0,0,,,,,,,,,,,,,,,,,,,,,,,,,,,,,,,,,,,,,,,,,,,,,,,,,,,,,,,,,,,,0,,0,0,0,0,0,0,0,0,0,0,0,0,0,0,0,0,0,0,0,0,0,0,0,0,0,0,0,0,0,0,0,0,0,0,0,0,0,0,0,0,0,0,0,0,0,0,0,0,0,0,0,0,0,0,0,0,0,0,0,0,0,0,0,0,0,,,,,,,,,,,,,,,,,0,,,,,,,,,0,0,0,0,0,0,,0,0,0,0,,0,0,0,0,0,0,0,0,0,0,0,0,0,0,0,0,,,,,,,,,,,,,,,,,,0,0,0,0,0,0,,0,0,0,0,,,,,,,,,,,,,,0,,,,,,,,,,,,,,,,,,,,,,,,0,,0,0,,,0,,,,,,,,,,,,,,,,,,,,,0,,,,,,,,,,,,,,,,,,,,,,,,,,,,,,,,,,,0,,,,,,,,,,,,,,,,,,,,,0,,,,,0,,,0,,,,,,,,,,0,,,,,,,,,,,,,,,,,,,0,,,,,,,,,,0,,0,,0,0,0,0,0,0,0,0,0,0,0,,0,0,0,0,0,0,0,0,0,0,0,,0,0,0,0,0,0,0,0,0,0,0,,,,,0,,,,,,0,,,,,,0,,,,,,,0,,,,,,,,,,,,,,,,,,,,,,,,,,,,,,,,,,,0,,,,,,,,,,,,,,,,,,,,,,,,,,,,,,,,,,,0,,,,,,,,,,,,,,,,,,,,,,,,,,,,,,,,,,,0,,,,,,,,,,,,,,,,,,,0,,,,,,,,,,,,,,,,,,,0,,,,,,,,,,,,,,,,,,,0
25-7,"2021-09-01 09:43:40",1,1,0,0,1,2,1,,2,1,30,2,2021-09-01,6,2,,60,,,,0,0,0,1,0,0,0,0,1,0,0,0,0,,,,,60,,,,60,,,,,,,,,1,1,,,,,,,,,,1,0,,0,0,0,1,0,0,,0,,,1,67.2,164,36.4,90,107,65,26,98,15,1,0,0,1,24.98512790005949,1,0,,2,,0,0,0,0,0,0,0,0,0,0,0,0,0,0,0,0,0,0,0,0,0,0,0,0,0,0,0,0,0,0,0,0,0,0,0,0,0,0,0,0,0,0,0,0,0,0,0,0,0,0,0,0,0,0,0,0,0,0,0,0,0,0,0,0,0,1,,2,3,,,1,,,,,,,,,,2,1,,,1,1,0,0,,0,0,0,0,0,0,0,1,0,0,2,0,0,0,0,0,0,0,0,0,0,0,0,0,0,0,0,0,,,,,,,,,,,,,,,,,,0,0,0,0,0,0,,0,0,0,2,,,,,,,,,,,,,,0,,,,,,,,,,,,,,,,,,,,,,,,0,25-7_cl_COT_ca_E.zip,0,0,1,0,2,0,0,0,,3,0,3,0,,4,0,3,0,0,0,,,,,,2,0,,0,,0,,,,0,,0,,0,,0,,,,4,,0,,0,,0,,0,,0,,,,,,2,,,,,,,,,,,,,,,,,,,,,0,,,,,0,1,0,2,0,0,0,0,0,0,0,0,0,2,0,,0,,0,,0,,0,,0,,0,,0,,0,,2,,,,,,,,,,0,cl_ben_face_25-7.jpg,2,0,0,1,0,0,1,0,0,0,0,0,2,0,0,1,0,0,1,0,0,0,0,0,2,,0,0,0,0,0,0,0,0,0,0,0,,,,,0,,2021-09-09,2,,,2,1,2021-10-04,2,,,2,2022-04-18,0,,,,,2,,,,,,,,,,,,,,,,,,,,,,,,,,,,,,,,,,,0,,,,,,,,,,,,,,,,,,,,,,,,,,,,,,,,,,,0,,,,,,,,,,,,,,,,,,,,,,,,,,,,,,,,,,,0,,,,,,,,,,,,,,,,,,,0,,,,,,,,,,,,,,,,,,,0,,,,,,,,,,,,,,,,,,,0
25-8,"2021-05-25 10:44:06",1,1,0,1,,2,,,0,,,0,,,,,,,,,0,0,0,0,0,0,0,0,0,0,0,0,0,,,,,,,,,,,,,,,,,,,,,,,,,,,,,,,,,,,,,,,,,,,,,,,,,,,,,,,,,,,,0,,0,0,0,0,0,0,0,0,0,0,0,0,0,0,0,0,0,0,0,0,0,0,0,0,0,0,0,0,0,0,0,0,0,0,0,0,0,0,0,0,0,0,0,0,0,0,0,0,0,0,0,0,0,0,0,0,0,0,0,0,0,0,0,0,0,,,,,,,,,,,,,,,,,0,,,,,,,,,0,0,0,0,0,0,,0,0,0,0,,0,0,0,0,0,0,0,0,0,0,0,0,0,0,0,0,,,,,,,,,,,,,,,,,,0,0,0,0,0,0,,0,0,0,0,,,,,,,,,,,,,,0,,,,,,,,,,,,,,,,,,,,,,,,0,,0,0,,,0,,,,,,,,,,,,,,,,,,,,,0,,,,,,,,,,,,,,,,,,,,,,,,,,,,,,,,,,,0,,,,,,,,,,,,,,,,,,,,,0,,,,,0,,,0,,,,,,,,,,0,,,,,,,,,,,,,,,,,,,0,,,,,,,,,,0,,0,,0,0,0,0,0,0,0,0,0,0,0,,0,0,0,0,0,0,0,0,0,0,0,,0,0,0,0,0,0,0,0,0,0,0,,,,,0,,,,,,0,,,,,,0,,,,,,,0,,,,,,,,,,,,,,,,,,,,,,,,,,,,,,,,,,,0,,,,,,,,,,,,,,,,,,,,,,,,,,,,,,,,,,,0,,,,,,,,,,,,,,,,,,,,,,,,,,,,,,,,,,,0,,,,,,,,,,,,,,,,,,,0,,,,,,,,,,,,,,,,,,,0,,,,,,,,,,,,,,,,,,,0
25-9,"2021-07-07 09:54:43",1,1,0,0,1,2,1,,2,2,21,2,2021-07-07,6,2,,7,,,,0,0,1,0,0,0,0,0,0,0,0,0,0,,,,3,,,,,,,,,,,,,,1,2,2016,0,,3,,5,,,,1,0,,0,0,0,1,0,0,,0,,,0,60.7,169,36.7,73,156,90,26,100,15,1,0,0,1,21.252757256398585,3,0,0,2,,0,0,0,0,0,0,0,0,0,0,0,0,0,0,0,0,0,0,0,0,0,0,0,0,0,0,0,0,0,0,0,0,0,0,0,0,0,0,0,0,0,0,0,0,0,0,0,0,0,0,0,0,0,0,0,0,0,0,0,0,0,0,0,0,0,2,,1,3,,,1,,,,,,,,,,2,1,,,9,0,,1,6,0,0,0,1,0,0,0,0,1,1,2,0,0,0,0,0,0,0,0,0,0,0,0,0,0,0,0,0,,,,,,,,,,,,,,,,,,0,0,0,0,0,0,,0,0,0,2,,,,,,,,,,,,,,0,,,,,,,,,,,,,,,,,,,,,,,,0,25-9_cl_COT_ca_E.zip,1,2,1,0,2,0,0,0,,0,0,0,0,,0,0,0,0,0,0,,,,,,2,0,,0,,0,,,,0,,0,,0,,0,,,,0,,0,,0,,0,,0,,0,,,,,,2,,,,,,,,,,,,,,,,,,,,,0,,,,,0,1,0,2,0,0,0,0,0,0,0,0,0,2,1,,0,,0,,0,,0,,0,,0,,0,,0,,2,,,,,,,,,,0,cl_ben_face_25-9.jpg,2,1,0,0,0,0,0,0,0,0,0,0,2,1,0,0,0,0,0,0,0,0,0,0,2,,0,0,0,0,0,0,0,0,0,0,0,,,,,0,,2021-07-14,2,,,2,1,2021-08-04,1,,,2,,,,,,,0,,,,,,,,,,,,,,,,,,,,,,,,,,,,,,,,,,,0,,,,,,,,,,,,,,,,,,,,,,,,,,,,,,,,,,,0,,,,,,,,,,,,,,,,,,,,,,,,,,,,,,,,,,,0,,,,,,,,,,,,,,,,,,,0,,,,,,,,,,,,,,,,,,,0,,,,,,,,,,,,,,,,,,,0
25-10,"2020-11-04 10:46:41",1,1,0,1,,2,,,0,,,0,,,,,,,,,0,0,0,0,0,0,0,0,0,0,0,0,0,,,,,,,,,,,,,,,,,,,,,,,,,,,,,,,,,,,,,,,,,,,,,,,,,,,,,,,,,,,,0,,0,0,0,0,0,0,0,0,0,0,0,0,0,0,0,0,0,0,0,0,0,0,0,0,0,0,0,0,0,0,0,0,0,0,0,0,0,0,0,0,0,0,0,0,0,0,0,0,0,0,0,0,0,0,0,0,0,0,0,0,0,0,0,0,0,,,,,,,,,,,,,,,,,0,,,,,,,,,0,0,0,0,0,0,,0,0,0,0,,0,0,0,0,0,0,0,0,0,0,0,0,0,0,0,0,,,,,,,,,,,,,,,,,,0,0,0,0,0,0,,0,0,0,0,,,,,,,,,,,,,,0,,,,,,,,,,,,,,,,,,,,,,,,0,,0,0,,,0,,,,,,,,,,,,,,,,,,,,,0,,,,,,,,,,,,,,,,,,,,,,,,,,,,,,,,,,,0,,,,,,,,,,,,,,,,,,,,,0,,,,,0,,,0,,,,,,,,,,0,,,,,,,,,,,,,,,,,,,0,,,,,,,,,,0,,0,,0,0,0,0,0,0,0,0,0,0,0,,0,0,0,0,0,0,0,0,0,0,0,,0,0,0,0,0,0,0,0,0,0,0,,,,,0,,,,,,0,,,,,,0,,,,,,,0,,,,,,,,,,,,,,,,,,,,,,,,,,,,,,,,,,,0,,,,,,,,,,,,,,,,,,,,,,,,,,,,,,,,,,,0,,,,,,,,,,,,,,,,,,,,,,,,,,,,,,,,,,,0,,,,,,,,,,,,,,,,,,,0,,,,,,,,,,,,,,,,,,,0,,,,,,,,,,,,,,,,,,,0
25-12,"2021-06-05 10:58:30",1,1,0,0,1,2,1,,2,2,53,2,2021-06-05,10,2,,30,,,,1,0,1,1,0,1,1,1,1,0,0,1,0,27,,23,27,27,,30,30,30,,,30,,,,,,3,1,,,,,,,,,,1,0,,0,0,0,1,0,0,,0,,,0,47.9,177,36.9,124,82,62,34,,15,1,0,1,2,15.289348526923936,4,0,0,2,,0,0,0,0,0,0,0,0,0,0,0,0,0,0,0,0,0,0,0,0,0,0,0,0,0,0,0,0,0,0,0,0,0,0,0,0,0,0,0,0,0,0,0,0,0,0,0,0,0,0,0,0,0,0,0,0,0,0,0,0,0,0,0,0,0,1,,1,3,,,1,,,,,,,,,,2,1,,,6,0,,1,10,1,0,0,1,0,0,0,1,0,0,2,0,0,0,0,0,0,0,0,0,0,0,0,0,0,0,0,0,,,,,,,,,,,,,,,,,,0,0,0,0,0,0,,0,0,0,2,,,,,,,,,,,,,,0,,,,,,,,,,,,,,,,,,,,,,,,0,25-12_cl_COT_ca_E.zip,0,0,1,0,2,4,4,4,,4,0,0,0,,0,2,3,3,0,0,,,,,,2,4,,4,,4,,,,0,,0,,0,,0,,,,0,,2,,3,,0,,0,,0,,,,,,2,,,,,,,,,,,,,,,,,,,,,0,,,,,0,1,0,2,2,0,0,0,0,0,0,0,1,2,2,,0,,0,,0,,0,,0,,0,,0,,2,,2,,,,,,,,,,0,cl_ben_face_25-12.jpg,2,0,0,1,0,0,0,0,0,0,0,0,2,0,0,0,0,0,1,0,0,0,0,0,2,,0,0,0,0,0,0,0,0,0,0,0,,,,,0,1,2021-06-13,2,,,2,1,2021-07-06,2,,,2,,,,,,,0,,,,,,,,,,,,,,,,,,,,,,,,,,,,,,,,,,,0,,,,,,,,,,,,,,,,,,,,,,,,,,,,,,,,,,,0,,,,,,,,,,,,,,,,,,,,,,,,,,,,,,,,,,,0,,,,,,,,,,,,,,,,,,,0,,,,,,,,,,,,,,,,,,,0,,,,,,,,,,,,,,,,,,,0
25-13,"2021-07-19 11:40:32",1,1,0,1,,2,,,0,,,0,,,,,,,,,0,0,0,0,0,0,0,0,0,0,0,0,0,,,,,,,,,,,,,,,,,,,,,,,,,,,,,,,,,,,,,,,,,,,,,,,,,,,,,,,,,,,,0,,0,0,0,0,0,0,0,0,0,0,0,0,0,0,0,0,0,0,0,0,0,0,0,0,0,0,0,0,0,0,0,0,0,0,0,0,0,0,0,0,0,0,0,0,0,0,0,0,0,0,0,0,0,0,0,0,0,0,0,0,0,0,0,0,0,,,,,,,,,,,,,,,,,0,,,,,,,,,0,0,0,0,0,0,,0,0,0,0,,0,0,0,0,0,0,0,0,0,0,0,0,0,0,0,0,,,,,,,,,,,,,,,,,,0,0,0,0,0,0,,0,0,0,0,,,,,,,,,,,,,,0,,,,,,,,,,,,,,,,,,,,,,,,0,,0,0,,,0,,,,,,,,,,,,,,,,,,,,,0,,,,,,,,,,,,,,,,,,,,,,,,,,,,,,,,,,,0,,,,,,,,,,,,,,,,,,,,,0,,,,,0,,,0,,,,,,,,,,0,,,,,,,,,,,,,,,,,,,0,,,,,,,,,,0,,0,,0,0,0,0,0,0,0,0,0,0,0,,0,0,0,0,0,0,0,0,0,0,0,,0,0,0,0,0,0,0,0,0,0,0,,,,,0,,,,,,0,,,,,,0,,,,,,,0,,,,,,,,,,,,,,,,,,,,,,,,,,,,,,,,,,,0,,,,,,,,,,,,,,,,,,,,,,,,,,,,,,,,,,,0,,,,,,,,,,,,,,,,,,,,,,,,,,,,,,,,,,,0,,,,,,,,,,,,,,,,,,,0,,,,,,,,,,,,,,,,,,,0,,,,,,,,,,,,,,,,,,,0
25-14,"2021-08-22 10:38:52",1,1,0,0,1,2,1,,2,1,40,2,2021-08-22,9,2,,14,,,,0,0,0,1,1,1,0,0,0,0,0,0,1,,,21,,30,1,,,,,,,7,,,,,1,2,2004,1,0,3,,5,,,,1,0,,0,0,0,1,0,0,,0,,,0,41.4,159,36.8,82,116,79,26,100,15,1,0,0,1,16.375934496262015,1,0,0,2,,0,0,0,0,0,0,0,0,0,0,0,0,0,0,0,0,0,0,0,0,0,0,0,0,0,0,0,0,0,0,0,0,0,0,0,0,0,0,0,0,0,0,0,0,0,0,0,0,0,0,0,0,0,0,0,0,0,0,0,0,0,0,0,0,0,2,,1,3,,,1,,,,,,,,,,2,1,,,9,0,,1,10,0,0,0,1,0,1,0,0,1,0,2,0,0,0,0,0,0,0,0,0,0,0,0,0,0,0,0,0,,,,,,,,,,,,,,,,,,0,0,0,0,0,0,,0,0,0,2,,,,,,,,,,,,,,0,,,,,,,,,,,,,,,,,,,,,,,,0,25-14_cl_COT_ca_E.zip,1,2,1,0,2,0,0,0,,0,0,0,3,,3,0,0,0,4,0,,,,,,2,0,,0,,0,,,,0,,0,,0,,3,,,,0,,0,,0,,0,,4,,0,,,,,,2,,,,,,,,,,,,,,,,,,,,,0,,,,,0,1,0,2,0,0,0,0,0,0,0,0,0,2,0,,0,,0,,0,,0,,0,,0,,0,,0,,2,,,,,,,,,,0,cl_ben_face_25-14.jpg,2,1,0,0,0,0,0,0,0,0,0,0,2,0,0,1,0,0,0,0,0,0,0,0,2,,0,0,0,0,0,0,0,0,0,0,0,,,,,0,1,2021-08-29,2,,,2,1,2021-09-18,2,,,2,,,,,,,0,,,,,,,,,,,,,,,,,,,,,,,,,,,,,,,,,,,0,,,,,,,,,,,,,,,,,,,,,,,,,,,,,,,,,,,0,,,,,,,,,,,,,,,,,,,,,,,,,,,,,,,,,,,0,,,,,,,,,,,,,,,,,,,0,,,,,,,,,,,,,,,,,,,0,,,,,,,,,,,,,,,,,,,0
25-15,"2021-07-10 13:26:37",1,1,1,0,,2,,,0,,,0,,,,,,,,,0,0,0,0,0,0,0,0,0,0,0,0,0,,,,,,,,,,,,,,,,,,,,,,,,,,,,,,,,,,,,,,,,,,,,,,,,,,,,,,,,,,,,0,,0,0,0,0,0,0,0,0,0,0,0,0,0,0,0,0,0,0,0,0,0,0,0,0,0,0,0,0,0,0,0,0,0,0,0,0,0,0,0,0,0,0,0,0,0,0,0,0,0,0,0,0,0,0,0,0,0,0,0,0,0,0,0,0,0,,,,,,,,,,,,,,,,,0,,,,,,,,,0,0,0,0,0,0,,0,0,0,0,,0,0,0,0,0,0,0,0,0,0,0,0,0,0,0,0,,,,,,,,,,,,,,,,,,0,0,0,0,0,0,,0,0,0,0,,,,,,,,,,,,,,0,,,,,,,,,,,,,,,,,,,,,,,,0,,0,0,,,0,,,,,,,,,,,,,,,,,,,,,0,,,,,,,,,,,,,,,,,,,,,,,,,,,,,,,,,,,0,,,,,,,,,,,,,,,,,,,,,0,,,,,0,,,0,,,,,,,,,,0,,,,,,,,,,,,,,,,,,,0,,,,,,,,,,0,,0,,0,0,0,0,0,0,0,0,0,0,0,,0,0,0,0,0,0,0,0,0,0,0,,0,0,0,0,0,0,0,0,0,0,0,,,,,0,,,,,,0,,,,,,0,,,,,,,0,,,,,,,,,,,,,,,,,,,,,,,,,,,,,,,,,,,0,,,,,,,,,,,,,,,,,,,,,,,,,,,,,,,,,,,0,,,,,,,,,,,,,,,,,,,,,,,,,,,,,,,,,,,0,,,,,,,,,,,,,,,,,,,0,,,,,,,,,,,,,,,,,,,0,,,,,,,,,,,,,,,,,,,0
25-16,"2021-07-13 13:30:10",1,1,0,1,,2,,,0,,,0,,,,,,,,,0,0,0,0,0,0,0,0,0,0,0,0,0,,,,,,,,,,,,,,,,,,,,,,,,,,,,,,,,,,,,,,,,,,,,,,,,,,,,,,,,,,,,0,,0,0,0,0,0,0,0,0,0,0,0,0,0,0,0,0,0,0,0,0,0,0,0,0,0,0,0,0,0,0,0,0,0,0,0,0,0,0,0,0,0,0,0,0,0,0,0,0,0,0,0,0,0,0,0,0,0,0,0,0,0,0,0,0,0,,,,,,,,,,,,,,,,,0,,,,,,,,,0,0,0,0,0,0,,0,0,0,0,,0,0,0,0,0,0,0,0,0,0,0,0,0,0,0,0,,,,,,,,,,,,,,,,,,0,0,0,0,0,0,,0,0,0,0,,,,,,,,,,,,,,0,,,,,,,,,,,,,,,,,,,,,,,,0,,0,0,,,0,,,,,,,,,,,,,,,,,,,,,0,,,,,,,,,,,,,,,,,,,,,,,,,,,,,,,,,,,0,,,,,,,,,,,,,,,,,,,,,0,,,,,0,,,0,,,,,,,,,,0,,,,,,,,,,,,,,,,,,,0,,,,,,,,,,0,,0,,0,0,0,0,0,0,0,0,0,0,0,,0,0,0,0,0,0,0,0,0,0,0,,0,0,0,0,0,0,0,0,0,0,0,,,,,0,,,,,,0,,,,,,0,,,,,,,0,,,,,,,,,,,,,,,,,,,,,,,,,,,,,,,,,,,0,,,,,,,,,,,,,,,,,,,,,,,,,,,,,,,,,,,0,,,,,,,,,,,,,,,,,,,,,,,,,,,,,,,,,,,0,,,,,,,,,,,,,,,,,,,0,,,,,,,,,,,,,,,,,,,0,,,,,,,,,,,,,,,,,,,0
25-18,"2021-06-07 14:45:29",1,1,0,1,,2,,,0,,,0,,,,,,,,,0,0,0,0,0,0,0,0,0,0,0,0,0,,,,,,,,,,,,,,,,,,,,,,,,,,,,,,,,,,,,,,,,,,,,,,,,,,,,,,,,,,,,0,,0,0,0,0,0,0,0,0,0,0,0,0,0,0,0,0,0,0,0,0,0,0,0,0,0,0,0,0,0,0,0,0,0,0,0,0,0,0,0,0,0,0,0,0,0,0,0,0,0,0,0,0,0,0,0,0,0,0,0,0,0,0,0,0,0,,,,,,,,,,,,,,,,,0,,,,,,,,,0,0,0,0,0,0,,0,0,0,0,,0,0,0,0,0,0,0,0,0,0,0,0,0,0,0,0,,,,,,,,,,,,,,,,,,0,0,0,0,0,0,,0,0,0,0,,,,,,,,,,,,,,0,,,,,,,,,,,,,,,,,,,,,,,,0,,0,0,,,0,,,,,,,,,,,,,,,,,,,,,0,,,,,,,,,,,,,,,,,,,,,,,,,,,,,,,,,,,0,,,,,,,,,,,,,,,,,,,,,0,,,,,0,,,0,,,,,,,,,,0,,,,,,,,,,,,,,,,,,,0,,,,,,,,,,0,,0,,0,0,0,0,0,0,0,0,0,0,0,,0,0,0,0,0,0,0,0,0,0,0,,0,0,0,0,0,0,0,0,0,0,0,,,,,0,,,,,,0,,,,,,0,,,,,,,0,,,,,,,,,,,,,,,,,,,,,,,,,,,,,,,,,,,0,,,,,,,,,,,,,,,,,,,,,,,,,,,,,,,,,,,0,,,,,,,,,,,,,,,,,,,,,,,,,,,,,,,,,,,0,,,,,,,,,,,,,,,,,,,0,,,,,,,,,,,,,,,,,,,0,,,,,,,,,,,,,,,,,,,0
25-19,"2021-08-16 14:46:44",1,1,0,1,,2,,,0,,,0,,,,,,,,,0,0,0,0,0,0,0,0,0,0,0,0,0,,,,,,,,,,,,,,,,,,,,,,,,,,,,,,,,,,,,,,,,,,,,,,,,,,,,,,,,,,,,0,,0,0,0,0,0,0,0,0,0,0,0,0,0,0,0,0,0,0,0,0,0,0,0,0,0,0,0,0,0,0,0,0,0,0,0,0,0,0,0,0,0,0,0,0,0,0,0,0,0,0,0,0,0,0,0,0,0,0,0,0,0,0,0,0,0,,,,,,,,,,,,,,,,,0,,,,,,,,,0,0,0,0,0,0,,0,0,0,0,,0,0,0,0,0,0,0,0,0,0,0,0,0,0,0,0,,,,,,,,,,,,,,,,,,0,0,0,0,0,0,,0,0,0,0,,,,,,,,,,,,,,0,,,,,,,,,,,,,,,,,,,,,,,,0,,0,0,,,0,,,,,,,,,,,,,,,,,,,,,0,,,,,,,,,,,,,,,,,,,,,,,,,,,,,,,,,,,0,,,,,,,,,,,,,,,,,,,,,0,,,,,0,,,0,,,,,,,,,,0,,,,,,,,,,,,,,,,,,,0,,,,,,,,,,0,,0,,0,0,0,0,0,0,0,0,0,0,0,,0,0,0,0,0,0,0,0,0,0,0,,0,0,0,0,0,0,0,0,0,0,0,,,,,0,,,,,,0,,,,,,0,,,,,,,0,,,,,,,,,,,,,,,,,,,,,,,,,,,,,,,,,,,0,,,,,,,,,,,,,,,,,,,,,,,,,,,,,,,,,,,0,,,,,,,,,,,,,,,,,,,,,,,,,,,,,,,,,,,0,,,,,,,,,,,,,,,,,,,0,,,,,,,,,,,,,,,,,,,0,,,,,,,,,,,,,,,,,,,0
25-20,"2021-09-11 14:17:16",1,1,0,0,1,2,1,,2,1,59,2,2021-09-11,10,2,,30,,,,0,0,0,1,0,0,0,0,0,0,0,0,0,,,,,7,,,,,,,,,,,,,2,1,,,,,,,,,,1,0,,0,0,0,1,0,0,,0,,,1,78.4,163,36.5,96,128,81,20,97,15,0,0,0,0,29.508073318529114,1,0,0,2,,0,0,0,0,0,0,0,0,0,0,0,0,0,0,0,0,0,0,0,0,0,0,0,0,0,0,0,0,0,0,0,0,0,0,0,0,0,0,0,0,0,0,0,0,0,0,0,0,0,0,0,0,0,0,0,0,0,0,0,0,0,0,0,0,0,1,,1,3,,,1,,,,,,,,,,2,1,,,6,0,,1,10,1,0,0,0,0,0,0,1,0,0,2,1,0,0,0,0,0,0,0,0,0,0,1,0,0,0,0,0,,,,,,,,,,,,,,0,,0,,0,0,0,0,0,0,0,1,0,0,2,,,,,,,,,,,,,,0,,,,,,,,,,,,,,,,,,,,,,,,0,25-20_cl_COT_ca_E.zip,1,2,2,0,2,0,0,3,,0,0,0,0,,0,0,0,0,0,0,,,,,,2,0,1,0,1,0,1,,,0,1,0,1,0,1,0,1,,,0,1,0,1,0,1,0,1,0,1,0,,,,,,2,,,,,,,,,,,,,,,,,,,,,0,,,,,0,3,1,2,3,0,0,2,0,0,0,0,0,2,0,1,0,1,2,0,0,1,0,1,0,1,0,1,0,1,0,1,2,,,,,,,,,,0,cl_ben_face_25-20.jpg,2,1,0,0,0,0,0,0,0,0,0,0,2,1,0,0,0,0,0,0,0,0,0,0,2,,0,0,0,0,0,0,0,0,0,0,0,,,,,0,1,2021-09-18,3,,,2,1,2021-10-14,1,,,2,,,,,,,0,,,,,,,,,,,,,,,,,,,,,,,,,,,,,,,,,,,0,,,,,,,,,,,,,,,,,,,,,,,,,,,,,,,,,,,0,,,,,,,,,,,,,,,,,,,,,,,,,,,,,,,,,,,0,,,,,,,,,,,,,,,,,,,0,,,,,,,,,,,,,,,,,,,0,,,,,,,,,,,,,,,,,,,0
25-21,"2021-06-05 14:37:19",1,1,0,1,,2,,,0,,,0,,,,,,,,,0,0,0,0,0,0,0,0,0,0,0,0,0,,,,,,,,,,,,,,,,,,,,,,,,,,,,,,,,,,,,,,,,,,,,,,,,,,,,,,,,,,,,0,,0,0,0,0,0,0,0,0,0,0,0,0,0,0,0,0,0,0,0,0,0,0,0,0,0,0,0,0,0,0,0,0,0,0,0,0,0,0,0,0,0,0,0,0,0,0,0,0,0,0,0,0,0,0,0,0,0,0,0,0,0,0,0,0,0,,,,,,,,,,,,,,,,,0,,,,,,,,,0,0,0,0,0,0,,0,0,0,0,,0,0,0,0,0,0,0,0,0,0,0,0,0,0,0,0,,,,,,,,,,,,,,,,,,0,0,0,0,0,0,,0,0,0,0,,,,,,,,,,,,,,0,,,,,,,,,,,,,,,,,,,,,,,,0,,0,0,,,0,,,,,,,,,,,,,,,,,,,,,0,,,,,,,,,,,,,,,,,,,,,,,,,,,,,,,,,,,0,,,,,,,,,,,,,,,,,,,,,0,,,,,0,,,0,,,,,,,,,,0,,,,,,,,,,,,,,,,,,,0,,,,,,,,,,0,,0,,0,0,0,0,0,0,0,0,0,0,0,,0,0,0,0,0,0,0,0,0,0,0,,0,0,0,0,0,0,0,0,0,0,0,,,,,0,,,,,,0,,,,,,0,,,,,,,0,,,,,,,,,,,,,,,,,,,,,,,,,,,,,,,,,,,0,,,,,,,,,,,,,,,,,,,,,,,,,,,,,,,,,,,0,,,,,,,,,,,,,,,,,,,,,,,,,,,,,,,,,,,0,,,,,,,,,,,,,,,,,,,0,,,,,,,,,,,,,,,,,,,0,,,,,,,,,,,,,,,,,,,0
25-22,"2021-09-03 15:45:00",1,1,0,1,,2,,,0,,,0,,,,,,,,,0,0,0,0,0,0,0,0,0,0,0,0,0,,,,,,,,,,,,,,,,,,,,,,,,,,,,,,,,,,,,,,,,,,,,,,,,,,,,,,,,,,,,0,,0,0,0,0,0,0,0,0,0,0,0,0,0,0,0,0,0,0,0,0,0,0,0,0,0,0,0,0,0,0,0,0,0,0,0,0,0,0,0,0,0,0,0,0,0,0,0,0,0,0,0,0,0,0,0,0,0,0,0,0,0,0,0,0,0,,,,,,,,,,,,,,,,,0,,,,,,,,,0,0,0,0,0,0,,0,0,0,0,,0,0,0,0,0,0,0,0,0,0,0,0,0,0,0,0,,,,,,,,,,,,,,,,,,0,0,0,0,0,0,,0,0,0,0,,,,,,,,,,,,,,0,,,,,,,,,,,,,,,,,,,,,,,,0,,0,0,,,0,,,,,,,,,,,,,,,,,,,,,0,,,,,,,,,,,,,,,,,,,,,,,,,,,,,,,,,,,0,,,,,,,,,,,,,,,,,,,,,0,,,,,0,,,0,,,,,,,,,,0,,,,,,,,,,,,,,,,,,,0,,,,,,,,,,0,,0,,0,0,0,0,0,0,0,0,0,0,0,,0,0,0,0,0,0,0,0,0,0,0,,0,0,0,0,0,0,0,0,0,0,0,,,,,0,,,,,,0,,,,,,0,,,,,,,0,,,,,,,,,,,,,,,,,,,,,,,,,,,,,,,,,,,0,,,,,,,,,,,,,,,,,,,,,,,,,,,,,,,,,,,0,,,,,,,,,,,,,,,,,,,,,,,,,,,,,,,,,,,0,,,,,,,,,,,,,,,,,,,0,,,,,,,,,,,,,,,,,,,0,,,,,,,,,,,,,,,,,,,0
25-23,"2021-07-29 10:25:07",1,1,0,0,1,2,1,,2,1,52,2,2021-07-29,9,2,,90,,,,1,0,1,1,1,1,0,1,1,0,0,0,0,90,,80,90,90,14,,90,90,,,,,,,,,,2,2015,0,,3,,5,,,,1,0,,0,0,0,1,0,0,,0,,,0,57,164,36.9,77,116,71,28,98,15,1,0,0,1,21.19274241522903,2,0,0,2,,0,0,0,0,0,0,0,0,0,0,0,0,0,0,0,0,0,0,0,0,0,0,0,0,0,0,0,0,0,0,0,0,0,0,0,0,0,0,0,0,0,0,0,0,0,0,0,0,0,0,0,0,0,0,0,0,0,0,0,0,0,0,0,0,0,1,,1,3,,,1,,,,,,,,,,2,1,,,12,0,,1,10,1,0,0,0,0,0,0,1,0,0,2,0,0,0,0,0,0,0,0,0,0,0,0,0,0,0,0,0,,,,,,,,,,,,,,,,,,0,0,0,0,0,0,,0,0,0,2,,,,,,,,,,,,,,0,,,,,,,,,,,,,,,,,,,,,,,,0,25-23_cl_COT_ca_E.zip,1,2,1,0,2,0,0,0,,0,1,0,1,,0,0,0,0,0,0,,,,,,2,0,0,0,1,0,1,0,1,0,1,2,1,0,1,0,1,0,0,0,0,0,1,0,1,0,1,0,1,0,,,,,,2,,,,,,,,,,,,,,,,,,,,,0,,,,,0,1,0,2,0,0,0,0,0,0,0,0,0,2,0,1,0,1,0,1,0,1,0,1,0,1,0,1,0,1,0,1,2,,,,,,,,,,0,cl_ben_face_25-23.jpg,2,0,0,0,0,0,0,0,0,0,0,1,2,0,0,0,0,0,1,0,0,0,0,1,2,,0,0,0,0,0,0,0,0,0,0,0,,,,,0,1,2021-08-11,2,,,2,1,2021-09-02,1,,,2,,,,,,,0,,,,,,,,,,,,,,,,,,,,,,,,,,,,,,,,,,,0,,,,,,,,,,,,,,,,,,,,,,,,,,,,,,,,,,,0,,,,,,,,,,,,,,,,,,,,,,,,,,,,,,,,,,,0,,,,,,,,,,,,,,,,,,,0,,,,,,,,,,,,,,,,,,,0,,,,,,,,,,,,,,,,,,,0
25-24,"2021-06-25 11:09:02",1,1,0,0,1,2,1,,2,2,30,2,2021-06-25,9,2,,21,,,,1,0,1,1,0,1,0,1,1,0,0,0,0,21,,14,21,21,,,21,21,,,,,,,,,2,1,,,,,,,,,,1,0,,0,0,0,1,0,0,,0,,,1,49.2,169,35.5,95,93,65,30,98,15,1,0,1,2,17.226287594972163,3,0,0,2,,0,0,0,0,0,0,0,0,0,0,0,0,0,0,0,0,0,0,0,0,0,0,0,0,0,0,0,0,0,0,0,0,0,0,0,0,0,0,0,0,0,0,0,0,0,0,0,0,0,0,0,0,0,0,0,0,0,0,0,0,0,0,0,0,0,1,,2,3,,,2,2,,,,76,,,,,2,1,,,1,1,1,0,,0,0,0,0,0,0,0,1,0,0,2,0,0,0,0,0,0,0,0,0,0,0,0,0,0,0,0,0,,,,,,,,,,,,,,,,,,0,0,0,0,0,0,,0,0,0,2,,,,,,,,,,,,,,0,,,,,,,,,,,,,,,,,,,,,,,,0,,0,0,1,0,2,0,0,0,,3,0,0,0,,0,4,1,3,0,0,,,,,,2,0,1,0,1,0,0,3,0,0,0,0,1,0,1,0,1,0,1,0,1,4,1,2,1,3,0,0,1,0,,,,,,2,,,,,,,,,,,,,,,,,,,,,0,,,,,0,1,0,2,0,0,0,0,0,0,0,0,0,2,0,1,0,1,0,1,0,1,0,1,0,1,0,1,0,1,0,1,2,,,,,,,,,,0,cl_ben_face_25-24.jpg,2,0,1,1,0,0,1,0,0,0,0,0,2,0,1,1,0,0,1,0,0,0,0,0,2,,0,0,0,0,0,0,0,0,0,0,0,,,,,0,1,2021-07-03,2,,,2,1,2021-07-26,1,,,2,2022-01-28,0,,,,,2,,,,,,,,,,,,,,,,,,,,,,,,,,,,,,,,,,,0,,,,,,,,,,,,,,,,,,,,,,,,,,,,,,,,,,,0,,,,,,,,,,,,,,,,,,,,,,,,,,,,,,,,,,,0,,,,,,,,,,,,,,,,,,,0,,,,,,,,,,,,,,,,,,,0,,,,,,,,,,,,,,,,,,,0
25-25,"2020-12-29 14:34:11",1,1,0,1,,2,,,0,,,0,,,,,,,,,0,0,0,0,0,0,0,0,0,0,0,0,0,,,,,,,,,,,,,,,,,,,,,,,,,,,,,,,,,,,,,,,,,,,,,,,,,,,,,,,,,,,,0,,0,0,0,0,0,0,0,0,0,0,0,0,0,0,0,0,0,0,0,0,0,0,0,0,0,0,0,0,0,0,0,0,0,0,0,0,0,0,0,0,0,0,0,0,0,0,0,0,0,0,0,0,0,0,0,0,0,0,0,0,0,0,0,0,0,,,,,,,,,,,,,,,,,0,,,,,,,,,0,0,0,0,0,0,,0,0,0,0,,0,0,0,0,0,0,0,0,0,0,0,0,0,0,0,0,,,,,,,,,,,,,,,,,,0,0,0,0,0,0,,0,0,0,0,,,,,,,,,,,,,,0,,,,,,,,,,,,,,,,,,,,,,,,0,,0,0,,,0,,,,,,,,,,,,,,,,,,,,,0,,,,,,,,,,,,,,,,,,,,,,,,,,,,,,,,,,,0,,,,,,,,,,,,,,,,,,,,,0,,,,,0,,,0,,,,,,,,,,0,,,,,,,,,,,,,,,,,,,0,,,,,,,,,,0,,0,,0,0,0,0,0,0,0,0,0,0,0,,0,0,0,0,0,0,0,0,0,0,0,,0,0,0,0,0,0,0,0,0,0,0,,,,,0,,,,,,0,,,,,,0,,,,,,,0,,,,,,,,,,,,,,,,,,,,,,,,,,,,,,,,,,,0,,,,,,,,,,,,,,,,,,,,,,,,,,,,,,,,,,,0,,,,,,,,,,,,,,,,,,,,,,,,,,,,,,,,,,,0,,,,,,,,,,,,,,,,,,,0,,,,,,,,,,,,,,,,,,,0,,,,,,,,,,,,,,,,,,,0
25-26,"2021-06-08 09:48:15",1,1,0,0,1,2,1,,2,1,63,2,2021-06-08,9,2,,30,,,,0,0,1,1,0,1,1,1,1,1,0,1,0,,,14,30,7,,30,30,7,7,,30,,,,,,1,1,,,,,,,,,,1,0,,0,0,0,1,0,0,,0,,,1,43.5,154,36.8,63,167,88,18,96,15,0,0,0,0,18.342047562826785,3,0,0,2,,0,0,0,0,0,0,0,0,0,0,0,0,0,0,0,0,0,0,0,0,0,0,0,0,0,0,0,0,0,0,0,0,0,0,0,0,0,0,0,0,0,0,0,0,0,0,0,0,0,0,0,0,0,0,0,0,0,0,0,0,0,0,0,0,0,1,,1,3,,,1,,,,,,,,,,2,1,,,6,0,,1,10,1,0,0,1,0,0,0,0,1,0,2,0,0,0,0,0,0,0,0,0,0,0,0,0,0,0,0,0,,,,,,,,,,,,,,,,,,0,0,0,0,0,0,,0,0,0,2,,,,,,,,,,,,,,0,,,,,,,,,,,,,,,,,,,,,,,,0,25-26_cl_COT_ca_E.zip,1,2,1,0,2,0,0,0,,0,0,0,0,,0,0,0,0,0,0,,,,,,2,0,1,0,1,0,1,0,0,0,0,0,1,0,1,0,1,0,0,0,0,0,1,0,1,0,1,0,1,0,,,,,,2,,,,,,,,,,,,,,,,,,,,,0,,,,,0,1,0,2,0,0,0,0,0,0,0,0,0,2,0,1,0,1,0,1,0,1,0,1,0,1,0,1,0,1,0,1,2,,,,,,,,,,0,cl_ben_face_25-26.jpg,2,0,0,0,0,0,0,0,0,0,1,0,2,0,0,1,0,0,1,0,0,0,0,1,2,,0,0,0,0,0,0,0,0,0,0,0,,,,,0,1,2021-06-15,1,,,2,1,2021-07-06,1,,,2,,,,,,,0,,,,,,,,,,,,,,,,,,,,,,,,,,,,,,,,,,,0,,,,,,,,,,,,,,,,,,,,,,,,,,,,,,,,,,,0,,,,,,,,,,,,,,,,,,,,,,,,,,,,,,,,,,,0,,,,,,,,,,,,,,,,,,,0,,,,,,,,,,,,,,,,,,,0,,,,,,,,,,,,,,,,,,,0
25-27,"2021-04-16 11:09:50",1,1,0,0,1,2,1,,2,2,23,2,2021-04-16,9,2,,3,,,,1,0,1,1,0,0,0,1,1,0,1,1,0,2,,,3,1,,,3,2,,1,2,,,,,,1,1,,,,,,,,,,1,0,,0,0,0,1,0,0,,0,,,0,47.9,165,38.8,115,92,52,60,95,14,1,1,1,3,17.594123048668504,4,0,0,2,,0,0,0,0,0,0,0,0,0,0,0,0,0,0,0,0,0,0,0,0,0,0,0,0,0,0,0,0,0,0,0,0,0,0,0,0,0,0,0,0,0,0,0,0,0,0,0,0,0,0,0,0,0,0,0,0,0,0,0,0,0,0,0,0,0,1,,1,3,,,1,,,,,,2,,,,2,2,1,,6,0,,1,10,1,0,0,1,0,0,1,1,0,0,2,0,0,0,0,0,0,0,0,0,0,0,0,0,0,0,0,0,,,,,,,,,,,,,,,,,,0,0,0,0,0,0,,0,0,0,2,,,,,,,,,,,,,,0,,,,,,,,,,,,,,,,,,,,,,,,0,,0,0,1,1,2,0,3,4,,4,0,0,4,,2,0,3,0,3,0,,,,,,2,0,1,2,1,4,0,0,1,0,0,0,1,0,1,4,1,0,0,2,0,0,1,3,1,0,1,4,0,0,,,,,,2,,,,,,,,,,,,,,,,,,,,,0,,,,,0,1,0,2,0,0,0,0,0,0,0,0,0,2,0,1,0,1,0,1,0,1,0,1,0,1,0,1,0,1,0,1,2,,,,,,,,,,0,cl_ben_face_25-27.jpg,2,1,0,0,0,0,0,0,0,0,0,0,2,0,0,1,0,0,0,0,0,0,0,0,2,,0,0,0,0,0,0,0,0,0,0,0,,,,,0,1,2021-04-23,2,,,2,1,2021-05-22,1,,,2,,,,,,,0,,,,,,,,,,,,,,,,,,,,,,,,,,,,,,,,,,,0,,,,,,,,,,,,,,,,,,,,,,,,,,,,,,,,,,,0,,,,,,,,,,,,,,,,,,,,,,,,,,,,,,,,,,,0,,,,,,,,,,,,,,,,,,,0,,,,,,,,,,,,,,,,,,,0,,,,,,,,,,,,,,,,,,,0
25-28,"2021-06-17 11:19:01",1,1,0,0,1,2,1,,2,1,27,2,2021-06-17,10,2,,60,,,,1,0,1,1,0,0,0,1,0,0,1,0,0,70,,,60,60,,,60,,,1,,,,,,,1,1,,,,,,,,,,1,0,,1,0,0,1,0,0,,0,,,0,116.8,169,36.7,97,149,93,20,96,15,0,0,0,0,40.8949266482266,1,0,0,2,,0,0,0,0,0,0,0,0,0,0,0,0,0,0,0,0,0,0,0,0,0,0,0,0,0,0,0,0,0,0,0,0,0,0,0,0,0,0,0,0,0,0,0,0,0,0,0,0,0,0,0,0,0,0,0,0,0,0,0,0,0,0,0,0,0,1,,1,3,,,1,,,,,,,,,,2,1,,,6,0,,1,10,0,0,0,0,0,1,0,1,0,0,2,0,0,0,0,0,0,0,0,0,0,0,0,0,0,0,0,0,,,,,,,,,,,,,,,,,,0,0,0,0,0,0,,0,0,0,2,,,,,,,,,,,,,,0,,,,,,,,,,,,,,,,,,,,,,,,0,25-28_cl_COT_ca_E.zip,1,2,3,1,2,0,0,0,,0,0,0,0,,0,0,0,0,0,0,,,,,,2,0,1,0,1,0,1,0,1,0,0,0,1,0,1,0,1,0,1,0,0,0,1,0,1,0,1,0,1,0,,,,,,2,,,,,,,,,,,,,,,,,,,,,0,,,,,0,3,1,2,3,2,0,2,2,0,2,2,0,2,,,,,,,,,,,,,,,,,,,0,,,,,,,,,,0,cl_ben_face_25-28.jpg,2,1,0,0,0,0,0,0,0,0,0,0,2,0,0,1,0,0,0,0,1,0,0,0,2,,0,0,0,0,0,0,0,0,0,0,0,,,,,0,1,2021-06-29,3,,,2,1,2021-07-19,2,,,2,,,,,,,0,,,,,,,,,,,,,,,,,,,,,,,,,,,,,,,,,,,0,,,,,,,,,,,,,,,,,,,,,,,,,,,,,,,,,,,0,,,,,,,,,,,,,,,,,,,,,,,,,,,,,,,,,,,0,,,,,,,,,,,,,,,,,,,0,,,,,,,,,,,,,,,,,,,0,,,,,,,,,,,,,,,,,,,0
25-29,"2021-04-27 15:18:54",1,1,0,0,3,2,,,0,,,0,,,,,,,,,0,0,0,0,0,0,0,0,0,0,0,0,0,,,,,,,,,,,,,,,,,,,,,,,,,,,,,,,,,,,,,,,,,,,,,,,,,,,,,,,,,,,,0,,0,0,0,0,0,0,0,0,0,0,0,0,0,0,0,0,0,0,0,0,0,0,0,0,0,0,0,0,0,0,0,0,0,0,0,0,0,0,0,0,0,0,0,0,0,0,0,0,0,0,0,0,0,0,0,0,0,0,0,0,0,0,0,0,0,,,,,,,,,,,,,,,,,0,,,,,,,,,0,0,0,0,0,0,,0,0,0,0,,0,0,0,0,0,0,0,0,0,0,0,0,0,0,0,0,,,,,,,,,,,,,,,,,,0,0,0,0,0,0,,0,0,0,0,,,,,,,,,,,,,,0,,,,,,,,,,,,,,,,,,,,,,,,0,,0,0,,,0,,,,,,,,,,,,,,,,,,,,,0,,,,,,,,,,,,,,,,,,,,,,,,,,,,,,,,,,,0,,,,,,,,,,,,,,,,,,,,,0,,,,,0,,,0,,,,,,,,,,0,,,,,,,,,,,,,,,,,,,0,,,,,,,,,,0,,0,,0,0,0,0,0,0,0,0,0,0,0,,0,0,0,0,0,0,0,0,0,0,0,,0,0,0,0,0,0,0,0,0,0,0,,,,,0,,,,,,0,,,,,,0,,,,,,,0,,,,,,,,,,,,,,,,,,,,,,,,,,,,,,,,,,,0,,,,,,,,,,,,,,,,,,,,,,,,,,,,,,,,,,,0,,,,,,,,,,,,,,,,,,,,,,,,,,,,,,,,,,,0,,,,,,,,,,,,,,,,,,,0,,,,,,,,,,,,,,,,,,,0,,,,,,,,,,,,,,,,,,,0
25-30,"2021-07-21 10:36:12",1,1,0,0,1,2,1,,2,1,77,2,2021-07-21,7,2,,14,,,,1,0,0,0,0,0,1,1,1,0,0,0,0,14,,,,,,14,14,14,,,,,,,,,3,1,,,,,,,,,,1,0,,1,1,0,1,0,0,,0,,,0,83.2,158,36.7,62,142,78,20,100,15,0,0,0,0,33.32799230892485,2,0,0,2,,0,0,0,0,0,0,0,0,0,0,0,0,0,0,0,0,0,0,0,0,0,0,0,0,0,0,0,0,0,0,0,0,0,0,0,0,0,0,0,0,0,0,0,0,0,0,0,0,0,0,0,0,0,0,0,0,0,0,0,0,0,0,0,0,0,1,,1,3,,,1,,,,,,,,,,2,1,,,6,0,,1,10,0,0,0,0,0,1,0,1,0,0,2,0,0,0,0,0,0,0,0,0,0,0,0,0,0,0,0,0,,,,,,,,,,,,,,,,,,0,0,0,0,0,0,,0,0,0,2,,,,,,,,,,,,,,0,,,,,,,,,,,,,,,,,,,,,,,,0,,0,0,2,1,2,0,0,0,,0,3,0,0,,0,0,0,0,0,0,,,,,,2,0,1,0,1,0,1,0,1,0,0,2,1,2,0,0,1,2,1,0,0,0,1,0,1,0,1,0,1,0,,,,,,2,,,,,,,,,,,,,,,,,,,,,0,,,,,0,3,1,2,3,0,0,0,0,0,2,2,2,2,,,,,,,,,,,,,,,,,,,0,,,,,,,,,,0,cl_ben_face_25-30.jpg,2,1,0,0,0,0,0,0,0,0,0,0,2,0,0,1,0,0,1,0,0,0,0,1,2,,0,0,0,0,0,0,0,0,0,0,0,,,,,0,1,2021-08-01,2,,,2,1,2021-08-22,1,,,2,,,,,,,0,,,,,,,,,,,,,,,,,,,,,,,,,,,,,,,,,,,0,,,,,,,,,,,,,,,,,,,,,,,,,,,,,,,,,,,0,,,,,,,,,,,,,,,,,,,,,,,,,,,,,,,,,,,0,,,,,,,,,,,,,,,,,,,0,,,,,,,,,,,,,,,,,,,0,,,,,,,,,,,,,,,,,,,0
25-31,"2021-01-09 11:34:00",1,1,0,0,1,2,1,,2,2,25,2,2021-01-09,7,2,,60,,,,1,0,1,0,0,1,0,1,1,0,1,1,0,60,,,14,,,,60,60,,3,30,,,,,,1,1,,,,,,,,,,2,0,,0,0,0,1,0,0,,0,,,0,44,170,38.6,122,93,66,32,81,14,1,1,1,3,15.22491349480969,4,0,0,2,,0,0,0,0,0,0,0,0,0,0,0,0,0,0,0,0,0,0,0,0,0,0,0,0,0,0,0,0,0,0,0,0,0,0,0,0,0,0,0,0,0,0,0,0,0,0,0,0,0,0,0,0,0,0,0,0,0,0,0,0,0,0,0,0,0,1,,2,3,,,1,,,,,,1,,,,2,2,1,,1,1,,0,,0,0,0,0,0,0,0,1,0,0,2,0,0,0,0,0,0,0,0,0,0,0,0,0,0,0,0,0,,,,,,,,,,,,,,,,,,0,0,0,0,0,0,,0,0,0,2,,,,,,,,,,,,,,0,,,,,,,,,,,,,,,,,,,,,,,,0,,0,0,1,1,2,4,4,4,,4,4,4,4,,0,4,4,0,4,0,,,,,,2,4,1,4,1,4,1,4,1,4,0,4,1,4,1,4,0,4,0,0,0,4,1,4,1,0,1,4,1,1,3,1,1,2,2,2,,,,,,,,,,,,,,,,,,,,,0,,,,,0,1,1,2,0,0,0,0,0,0,0,0,2,2,0,1,0,1,1,1,0,1,0,1,0,1,0,1,0,1,2,0,2,,,,,,,,,,0,,0,,0,0,0,0,0,0,0,0,0,0,0,,0,0,0,0,0,0,0,0,0,0,0,,0,0,0,0,0,0,0,0,0,0,0,,,,,0,,,6,2021-01-11,,2,,,6,2021-01-11,,2,2021-08-11,6,,,,,2,,,,,,,,,,,,,,,,,,,,,,,,,,,,,,,,,,,0,,,,,,,,,,,,,,,,,,,,,,,,,,,,,,,,,,,0,,,,,,,,,,,,,,,,,,,,,,,,,,,,,,,,,,,0,,,,,,,,,,,,,,,,,,,0,,,,,,,,,,,,,,,,,,,0,,,,,,,,,,,,,,,,,,,0
25-32,"2021-06-18 11:35:47",1,1,0,1,,2,,,0,,,0,,,,,,,,,0,0,0,0,0,0,0,0,0,0,0,0,0,,,,,,,,,,,,,,,,,,,,,,,,,,,,,,,,,,,,,,,,,,,,,,,,,,,,,,,,,,,,0,,0,0,0,0,0,0,0,0,0,0,0,0,0,0,0,0,0,0,0,0,0,0,0,0,0,0,0,0,0,0,0,0,0,0,0,0,0,0,0,0,0,0,0,0,0,0,0,0,0,0,0,0,0,0,0,0,0,0,0,0,0,0,0,0,0,,,,,,,,,,,,,,,,,0,,,,,,,,,0,0,0,0,0,0,,0,0,0,0,,0,0,0,0,0,0,0,0,0,0,0,0,0,0,0,0,,,,,,,,,,,,,,,,,,0,0,0,0,0,0,,0,0,0,0,,,,,,,,,,,,,,0,,,,,,,,,,,,,,,,,,,,,,,,0,,0,0,,,0,,,,,,,,,,,,,,,,,,,,,0,,,,,,,,,,,,,,,,,,,,,,,,,,,,,,,,,,,0,,,,,,,,,,,,,,,,,,,,,0,,,,,0,,,0,,,,,,,,,,0,,,,,,,,,,,,,,,,,,,0,,,,,,,,,,0,,0,,0,0,0,0,0,0,0,0,0,0,0,,0,0,0,0,0,0,0,0,0,0,0,,0,0,0,0,0,0,0,0,0,0,0,,,,,0,,,,,,0,,,,,,0,,,,,,,0,,,,,,,,,,,,,,,,,,,,,,,,,,,,,,,,,,,0,,,,,,,,,,,,,,,,,,,,,,,,,,,,,,,,,,,0,,,,,,,,,,,,,,,,,,,,,,,,,,,,,,,,,,,0,,,,,,,,,,,,,,,,,,,0,,,,,,,,,,,,,,,,,,,0,,,,,,,,,,,,,,,,,,,0
25-33,"2021-08-23 12:03:50",1,1,0,0,1,2,1,,2,2,45,2,2021-08-23,8,2,,21,,,,1,0,0,0,0,0,0,1,0,1,0,0,0,5,,,,,,,21,,7,,,,0,,,,2,2,2015,1,1,4,,,2,5,,1,0,,0,0,0,2,0,0,,0,,,0,55.3,170,36.5,94,111,82,24,95,15,1,0,0,1,19.134948096885815,1,0,0,2,,0,0,0,0,0,0,0,0,0,0,0,0,0,0,0,0,0,0,0,0,0,0,0,0,0,0,0,0,0,0,0,0,0,0,0,0,0,0,0,0,0,0,0,0,0,0,0,0,0,0,0,0,0,0,0,0,0,0,0,0,0,0,0,0,0,1,,1,3,,,2,2,1,,0,,,,,,2,1,,,12,0,,1,10,1,0,0,1,0,0,0,1,0,0,2,0,0,0,0,0,0,0,0,0,0,0,0,0,0,0,0,0,,,,,,,,,,,,,,,,,,0,0,0,0,0,0,,0,0,0,2,,,,,,,,,,,,,,0,,,,,,,,,,,,,,,,,,,,,,,,0,25-33_cl_COT_ca_E.zip,1,2,1,0,2,0,4,4,3,0,3,3,3,0,0,4,0,3,0,0,,,,,,2,0,1,4,1,4,1,0,1,0,0,3,1,3,1,3,1,0,1,0,0,4,1,0,1,3,1,0,0,0,,,,,,2,,,,,,,,,,,,,,,,,,,,,0,,,,,0,1,0,2,0,0,0,0,0,0,0,0,0,2,0,1,0,1,0,1,0,1,0,1,0,1,0,1,0,1,0,1,2,,,,,,,,,,0,cl_ben_face_25-33.jpg,2,0,0,1,0,0,1,0,0,0,0,0,2,0,0,1,0,0,1,0,0,0,0,1,2,,0,0,0,0,0,0,0,0,0,0,0,,,,,0,1,2021-08-31,2,,,2,1,2021-09-21,1,,,2,2021-09-21,,,,,,0,,,,,,,,,,,,,,,,,,,,,,,,,,,,,,,,,,,0,,,,,,,,,,,,,,,,,,,,,,,,,,,,,,,,,,,0,,,,,,,,,,,,,,,,,,,,,,,,,,,,,,,,,,,0,,,,,,,,,,,,,,,,,,,0,,,,,,,,,,,,,,,,,,,0,,,,,,,,,,,,,,,,,,,0
25-34,"2021-08-24 13:07:44",1,1,0,0,1,2,1,,2,2,27,2,2021-08-24,8,2,,120,,,,1,0,0,1,0,1,0,1,0,0,0,0,0,120,,90,,21,,,120,,,,,,0,,,,1,1,,,,,,,,,,2,0,,0,0,0,1,0,0,,0,,,1,55.3,170,36.6,78,118,65,22,98,15,1,0,0,1,19.134948096885815,1,0,0,2,,0,0,0,0,0,0,0,0,0,0,0,0,0,0,0,0,0,0,0,0,0,0,0,0,0,0,0,0,0,0,0,0,0,0,0,0,0,0,0,0,0,0,0,0,0,0,0,0,0,0,0,0,0,0,0,0,0,0,0,0,0,0,0,0,0,1,,2,3,,,1,,,,,,,,,,2,1,,,1,1,,0,,0,0,0,0,0,0,0,1,0,0,2,0,0,0,0,0,0,0,0,0,0,0,0,0,0,0,0,0,,,,,,,,,,,,,,,,,,0,0,0,0,0,0,,0,0,0,2,,,,,,,,,,,,,,0,,,,,,,,,,,,,,,,,,,,,,,,0,25-34_cl_COT_ca_E.zip,1,2,1,0,2,5,3,0,3,0,2,3,4,4,0,0,0,0,0,0,,,,,,2,3,1,3,1,0,1,3,1,0,0,2,1,0,1,4,1,4,1,0,0,0,1,0,1,0,1,0,1,0,,,,,,2,,,,,,,,,,,,,,,,,,,,,0,,,,,0,1,0,2,0,0,0,0,0,0,0,0,0,2,0,1,0,1,0,1,0,1,0,1,0,1,0,1,0,1,0,1,2,,,,,,,,,,0,cl_ben_face_25-34.jpg,2,0,0,1,0,1,1,0,0,0,0,0,2,0,0,1,0,1,1,0,0,0,0,0,2,,0,0,0,0,0,0,0,0,0,0,0,,,,,0,,2021-08-31,2,,,2,1,2021-09-24,2,,,2,2022-06-01,3,,,,,1,,,,,,,,,,,,,,,,,,,,,,,,,,,,,,,,,,,0,,,,,,,,,,,,,,,,,,,,,,,,,,,,,,,,,,,0,,,,,,,,,,,,,,,,,,,,,,,,,,,,,,,,,,,0,,,,,,,,,,,,,,,,,,,0,,,,,,,,,,,,,,,,,,,0,,,,,,,,,,,,,,,,,,,0
25-35,"2021-07-12 10:52:36",1,1,0,0,1,2,1,,2,1,55,2,2021-07-12,9,2,,07,,,,1,0,0,0,0,1,0,1,1,0,1,0,1,14,,7,,,,,7,14,,7,,180,0,,,,3,2,2001,1,1,4,,,2,5,,1,0,,0,0,0,2,0,1,2021-04-22,0,,,0,46.5,155,37,112,104,80,26,91,15,1,0,0,1,19.35483870967742,2,0,0,2,,0,0,0,0,0,0,0,0,0,0,0,0,0,0,0,0,0,0,0,0,0,0,0,0,0,0,0,0,0,0,0,0,0,0,0,0,0,0,0,0,0,0,0,0,0,0,0,0,0,0,0,0,0,0,0,0,0,0,0,0,0,0,0,0,0,2,37.8,1,3,,,2,2,1,,1,338,,,,,2,1,,,9,0,,1,10,1,0,0,1,1,0,0,0,1,0,2,0,0,0,0,0,0,0,0,0,0,0,0,0,0,0,0,0,,,,,,,,,,,,,,,,,,0,0,0,0,0,0,,0,0,0,2,,,,,,,,,,,,,,0,,,,,,,,,,,,,,,,,,,,,,,,0,25-35_cl_COT_ca_E.zip,1,2,1,0,2,0,0,3,,0,0,0,0,,0,3,3,0,0,0,,,,,,2,0,1,0,1,3,1,,0,0,1,0,1,0,1,0,1,,0,0,1,3,1,3,1,0,1,0,1,0,,,,,,2,,,,,,,,,,,,,,,,,,,,,0,,,,,0,1,0,2,0,2,2,0,2,0,0,0,0,2,0,1,2,,0,0,0,1,0,1,0,1,0,1,0,1,0,1,2,,,,,,,,,,0,cl_ben_face_25-35.jpg,2,0,0,1,0,0,0,0,0,0,0,1,2,0,0,1,0,0,1,0,0,0,0,1,2,,0,0,0,0,0,0,0,0,0,0,0,,,,,0,1,2021-07-20,3,,,2,1,2021-08-09,1,,,2,,,,,,,0,,,,,,,,,,,,,,,,,,,,,,,,,,,,,,,,,,,0,,,,,,,,,,,,,,,,,,,,,,,,,,,,,,,,,,,0,,,,,,,,,,,,,,,,,,,,,,,,,,,,,,,,,,,0,,,,,,,,,,,,,,,,,,,0,,,,,,,,,,,,,,,,,,,0,,,,,,,,,,,,,,,,,,,0
25-36,"2021-06-25 10:00:19",1,1,0,0,1,2,1,,2,1,22,2,2021-06-25,9,2,,90,,,,1,0,1,1,0,1,1,1,1,1,1,0,0,90,,60,90,3,,60,60,30,2,7,,,1,1,1,1,2,1,,,,,,,,,,2,0,,0,0,0,3,0,0,,0,,,0,58.3,154,39.7,130,95,72,52,98,15,1,0,1,2,24.58256029684601,2,0,1,2,,0,0,0,0,0,0,0,0,0,0,0,0,0,0,0,0,0,0,0,0,0,0,0,0,0,0,0,0,0,0,0,0,0,0,0,0,0,0,0,0,0,0,0,0,0,0,0,0,0,0,0,0,0,0,0,0,0,0,0,0,0,0,0,0,0,1,,1,3,,,2,2,1,,0,,1,,,,2,1,,,10,0,,0,,0,0,0,0,0,0,0,1,0,0,2,0,0,0,0,0,0,0,0,0,0,0,0,0,0,0,0,0,,,,,,,,,,,,,,,,,,0,0,0,0,0,0,,0,0,0,2,,,,,,,,,,,,,,0,,,,,,,,,,,,,,,,,,,,,,,,0,25-36_cl_COT_ca_E.zip,1,2,1,1,2,0,0,3,0,0,0,0,3,0,3,0,0,0,0,0,,,,,,2,0,1,0,1,0,1,0,1,0,0,0,1,0,1,0,1,0,0,0,0,0,1,0,1,0,1,0,1,0,,,,,,2,,,,,,,,,,,,,,,,,,,,,0,,,,,0,1,1,2,3,2,2,0,0,2,0,0,0,2,,,2,0,0,1,0,1,0,0,0,1,0,1,0,1,0,1,2,,,,,,,,,,0,cl_ben_face_25-36.jpg,2,1,0,0,0,0,0,0,0,0,0,0,2,1,0,0,0,0,0,0,0,0,0,0,2,,0,0,0,0,0,0,0,0,0,0,0,,,,,0,,2021-07-02,2,,,2,1,2021-07-24,1,,,2,,,,,,,0,,,,,,,,,,,,,,,,,,,,,,,,,,,,,,,,,,,0,,,,,,,,,,,,,,,,,,,,,,,,,,,,,,,,,,,0,,,,,,,,,,,,,,,,,,,,,,,,,,,,,,,,,,,0,,,,,,,,,,,,,,,,,,,0,,,,,,,,,,,,,,,,,,,0,,,,,,,,,,,,,,,,,,,0
25-37,"2021-10-01 15:13:13",1,1,0,0,1,2,1,,2,1,47,2,2021-10-01,9,2,,7,,,,1,0,1,1,0,1,0,1,1,0,1,1,0,30,,,3,3,,,30,30,,2,30,,0,,,,2,1,,,,,,,,,,1,0,,0,0,0,1,0,0,,0,,,0,30,153,37,96,83,56,30,88,14,1,1,1,3,12.815583749839805,4,0,0,2,,0,0,0,0,0,0,0,0,0,0,0,0,0,0,0,0,0,0,0,0,0,0,0,0,0,0,0,0,0,0,0,0,0,0,0,0,0,0,0,0,0,0,0,0,0,0,0,0,0,0,0,0,0,0,0,0,0,0,0,0,0,0,0,0,0,1,,1,3,,,2,2,,,,26,,,,,2,2,1,,10,1,1,1,,0,0,0,1,0,0,1,1,0,0,2,1,0,0,1,0,0,0,0,0,0,0,0,0,0,0,0,0,,,,,,,,,,,,,,1,1,0,,0,0,0,0,0,0,0,1,0,0,2,,,,,,,,,,,,,,0,,,,,,,,,,,,,,,,,,,,,,,,0,,0,0,1,1,2,0,0,3,0,3,0,0,3,0,3,0,3,0,0,0,,,,,,2,0,1,0,1,3,1,0,1,0,1,0,1,0,1,0,1,0,1,0,0,0,1,1,1,0,1,0,1,0,,,,,,2,,,,,,,,,,,,,,,,,,,,,0,,,,,0,1,1,2,0,0,0,0,0,0,0,1,0,2,0,1,0,1,0,1,0,1,0,1,0,1,0,1,0,1,0,1,2,,,,,,,,,,0,cl_ben_face_25-37.jpg,2,1,0,0,0,0,0,0,0,0,0,0,2,1,0,0,0,0,0,0,0,0,0,0,2,,0,0,0,0,0,0,0,0,0,0,0,,,,,0,1,2021-10-08,5,,2021-10-01,2,1,2021-10-30,5,,2021-10-01,2,2022-04-28,3,,,,,2,,,,,,,,,,,,,,,,,,,,,,,,,,,,,,,,,,,0,,,,,,,,,,,,,,,,,,,,,,,,,,,,,,,,,,,0,,,,,,,,,,,,,,,,,,,,,,,,,,,,,,,,,,,0,,,,,,,,,,,,,,,,,,,0,,,,,,,,,,,,,,,,,,,0,,,,,,,,,,,,,,,,,,,0
25-38,"2020-11-19 15:15:17",1,1,0,1,,2,,,0,,,0,,,,,,,,,0,0,0,0,0,0,0,0,0,0,0,0,0,,,,,,,,,,,,,,,,,,,,,,,,,,,,,,,,,,,,,,,,,,,,,,,,,,,,,,,,,,,,0,,0,0,0,0,0,0,0,0,0,0,0,0,0,0,0,0,0,0,0,0,0,0,0,0,0,0,0,0,0,0,0,0,0,0,0,0,0,0,0,0,0,0,0,0,0,0,0,0,0,0,0,0,0,0,0,0,0,0,0,0,0,0,0,0,0,,,,,,,,,,,,,,,,,0,,,,,,,,,0,0,0,0,0,0,,0,0,0,0,,0,0,0,0,0,0,0,0,0,0,0,0,0,0,0,0,,,,,,,,,,,,,,,,,,0,0,0,0,0,0,,0,0,0,0,,,,,,,,,,,,,,0,,,,,,,,,,,,,,,,,,,,,,,,0,,0,0,,,0,,,,,,,,,,,,,,,,,,,,,0,,,,,,,,,,,,,,,,,,,,,,,,,,,,,,,,,,,0,,,,,,,,,,,,,,,,,,,,,0,,,,,0,,,0,,,,,,,,,,0,,,,,,,,,,,,,,,,,,,0,,,,,,,,,,0,,0,,0,0,0,0,0,0,0,0,0,0,0,,0,0,0,0,0,0,0,0,0,0,0,,0,0,0,0,0,0,0,0,0,0,0,,,,,0,,,,,,0,,,,,,0,,,,,,,0,,,,,,,,,,,,,,,,,,,,,,,,,,,,,,,,,,,0,,,,,,,,,,,,,,,,,,,,,,,,,,,,,,,,,,,0,,,,,,,,,,,,,,,,,,,,,,,,,,,,,,,,,,,0,,,,,,,,,,,,,,,,,,,0,,,,,,,,,,,,,,,,,,,0,,,,,,,,,,,,,,,,,,,0
25-39,"2021-09-21 10:07:29",1,1,0,0,1,2,1,,2,1,29,2,2021-09-21,10,2,,14,,,,1,0,0,0,0,1,0,0,1,0,0,0,1,14,,21,,,,,,21,,,,7,0,,,,3,1,,,,,,,,,,1,0,,0,0,0,1,0,0,,0,,,1,60.4,165,38.6,107,115,76,26,97,15,1,0,0,1,22.185491276400366,2,0,0,2,,0,0,0,0,0,0,0,0,0,0,0,0,0,0,0,0,0,0,0,0,0,0,0,0,0,0,0,0,0,0,0,0,0,0,0,0,0,0,0,0,0,0,0,0,0,0,0,0,0,0,0,0,0,0,0,0,0,0,0,0,0,0,0,0,0,1,,2,3,,,1,,,,,,1,,,,2,1,,,1,1,0,0,,0,0,0,0,0,0,0,1,0,0,2,0,0,0,0,0,0,0,0,0,0,0,0,0,0,0,0,0,,,,,,,,,,,,,,,,,,0,0,0,0,0,0,,0,0,0,2,,,,,,,,,,,,,,0,,,,,,,,,,,,,,,,,,,,,,,,0,,0,0,1,0,2,0,3,0,3,0,4,4,3,4,3,0,0,4,0,0,,,,,,2,0,1,0,1,0,1,0,1,0,1,4,1,4,1,3,1,4,1,0,1,0,1,0,1,4,1,0,1,0,,,,,,2,,,,,,,,,,,,,,,,,,,,,0,,,,,0,1,0,2,0,0,0,0,0,0,0,0,0,2,0,1,0,1,0,1,0,1,0,1,0,1,0,1,0,1,0,1,2,,,,,,,,,,0,cl_ben_face_25-39.jpg,2,0,0,1,0,0,1,0,0,0,0,0,2,0,0,1,0,0,1,0,0,0,0,1,2,,0,0,0,0,0,0,0,0,0,0,0,,,,,0,1,2021-09-28,2,,,2,1,2021-10-19,2,,,2,2022-04-19,0,,,,,2,,,,,,,,,,,,,,,,,,,,,,,,,,,,,,,,,,,0,,,,,,,,,,,,,,,,,,,,,,,,,,,,,,,,,,,0,,,,,,,,,,,,,,,,,,,,,,,,,,,,,,,,,,,0,,,,,,,,,,,,,,,,,,,0,,,,,,,,,,,,,,,,,,,0,,,,,,,,,,,,,,,,,,,0
25-40,"2021-07-11 15:15:56",1,1,0,0,3,2,,,0,,,0,,,,,,,,,0,0,0,0,0,0,0,0,0,0,0,0,0,,,,,,,,,,,,,,,,,,,,,,,,,,,,,,,,,,,,,,,,,,,,,,,,,,,,,,,,,,,,0,,0,0,0,0,0,0,0,0,0,0,0,0,0,0,0,0,0,0,0,0,0,0,0,0,0,0,0,0,0,0,0,0,0,0,0,0,0,0,0,0,0,0,0,0,0,0,0,0,0,0,0,0,0,0,0,0,0,0,0,0,0,0,0,0,0,,,,,,,,,,,,,,,,,0,,,,,,,,,0,0,0,0,0,0,,0,0,0,0,,0,0,0,0,0,0,0,0,0,0,0,0,0,0,0,0,,,,,,,,,,,,,,,,,,0,0,0,0,0,0,,0,0,0,0,,,,,,,,,,,,,,0,,,,,,,,,,,,,,,,,,,,,,,,0,,0,0,,,0,,,,,,,,,,,,,,,,,,,,,0,,,,,,,,,,,,,,,,,,,,,,,,,,,,,,,,,,,0,,,,,,,,,,,,,,,,,,,,,0,,,,,0,,,0,,,,,,,,,,0,,,,,,,,,,,,,,,,,,,0,,,,,,,,,,0,,0,,0,0,0,0,0,0,0,0,0,0,0,,0,0,0,0,0,0,0,0,0,0,0,,0,0,0,0,0,0,0,0,0,0,0,,,,,0,,,,,,0,,,,,,0,,,,,,,0,,,,,,,,,,,,,,,,,,,,,,,,,,,,,,,,,,,0,,,,,,,,,,,,,,,,,,,,,,,,,,,,,,,,,,,0,,,,,,,,,,,,,,,,,,,,,,,,,,,,,,,,,,,0,,,,,,,,,,,,,,,,,,,0,,,,,,,,,,,,,,,,,,,0,,,,,,,,,,,,,,,,,,,0
25-41,"2021-10-05 10:16:57",1,1,0,0,1,2,1,,2,1,27,2,2021-10-05,8,2,,30,,,,1,0,0,0,0,1,0,1,0,1,0,0,0,7,,30,,,,,30,,7,,,,0,,,,2,1,,,,,,,,,,1,0,,0,0,0,1,0,0,,0,,,0,47.1,160,38,125,108,80,24,97,15,1,0,0,1,18.3984375,2,0,0,2,,0,0,0,0,0,0,0,0,0,0,0,0,0,0,0,0,0,0,0,0,0,0,0,0,0,0,0,0,0,0,0,0,0,0,0,0,0,0,0,0,0,0,0,0,0,0,0,0,0,0,0,0,0,0,0,0,0,0,0,0,0,0,0,0,0,1,,2,3,,,1,,,,,,,,,,2,1,,,1,1,0,0,,0,0,0,0,0,0,0,1,0,0,2,0,0,0,0,0,0,0,0,0,0,0,0,0,0,0,0,0,,,,,,,,,,,,,,,,,,0,0,0,0,0,0,,0,0,0,2,,,,,,,,,,,,,,0,,,,,,,,,,,,,,,,,,,,,,,,0,,0,0,1,0,2,4,3,4,2,4,0,4,3,0,3,4,3,0,3,0,,,,,,2,4,1,3,1,4,1,2,1,4,1,0,1,4,1,3,1,0,1,0,0,4,1,0,1,0,1,3,0,0,,,,,,2,,,,,,,,,,,,,,,,,,,,,0,,,,,0,1,0,2,2,0,0,0,0,0,0,0,0,2,1,1,0,1,0,1,0,0,0,1,0,1,1,1,0,1,0,1,2,,,,,,,,,,0,cl_ben_face_25-41.jpg,2,0,1,1,0,1,1,0,0,0,0,0,2,0,1,1,0,1,1,0,0,0,0,0,2,,0,0,0,0,0,0,0,0,0,0,0,,,,,0,1,2021-10-15,2,,,2,1,2021-11-05,2,,,2,2022-04-27,0,,,,,2,,,,,,,,,,,,,,,,,,,,,,,,,,,,,,,,,,,0,,,,,,,,,,,,,,,,,,,,,,,,,,,,,,,,,,,0,,,,,,,,,,,,,,,,,,,,,,,,,,,,,,,,,,,0,,,,,,,,,,,,,,,,,,,0,,,,,,,,,,,,,,,,,,,0,,,,,,,,,,,,,,,,,,,0
25-42,"2021-05-22 10:46:19",1,1,0,0,1,2,1,,2,1,37,2,2021-05-22,8,2,,14,,,,1,0,1,0,0,0,0,1,0,0,0,0,0,7,,,7,,,,14,,,,,,,,,,3,1,,,,,,,,,,1,0,,0,0,0,1,0,0,,0,,,1,97.7,160,37.8,109,137,101,20,95,15,0,0,0,0,38.1640625,1,0,0,2,,0,0,0,0,0,0,0,0,0,0,0,0,0,0,0,0,0,0,0,0,0,0,0,0,0,0,0,0,0,0,0,0,0,0,0,0,0,0,0,0,0,0,0,0,0,0,0,0,0,0,0,0,0,0,0,0,0,0,0,0,0,0,0,0,0,1,,1,3,,,1,,,,,,,,,,2,1,,,6,0,,1,10,0,0,0,1,0,1,0,1,0,0,2,0,0,0,0,0,0,0,0,0,0,0,0,0,0,0,0,0,,,,,,,,,,,,,,,,,,0,0,0,0,0,0,,0,0,0,2,,,,,,,,,,,,,,0,,,,,,,,,,,,,,,,,,,,,,,,0,,0,0,2,0,2,0,0,0,0,0,0,0,0,0,0,0,0,0,0,0,,,,,,2,0,1,0,1,0,1,0,1,0,0,0,1,0,1,0,1,0,1,0,0,0,1,0,1,0,1,0,1,0,,,,,,2,,,,,,,,,,,,,,,,,,,,,0,,,,,0,2,1,2,3,0,0,0,0,0,2,2,0,2,0,1,0,1,0,1,0,1,0,1,0,1,2,0,2,0,0,1,2,,,,,,,,,,0,cl_ben_face_25-42.jpg,2,1,0,0,0,0,0,0,0,0,0,0,2,0,0,1,0,0,0,0,0,0,0,0,2,,0,0,0,0,0,0,0,0,0,0,0,,,,,0,1,2021-06-01,2,,,2,1,2021-06-22,1,,,2,,,,,,,0,,,,,,,,,,,,,,,,,,,,,,,,,,,,,,,,,,,0,,,,,,,,,,,,,,,,,,,,,,,,,,,,,,,,,,,0,,,,,,,,,,,,,,,,,,,,,,,,,,,,,,,,,,,0,,,,,,,,,,,,,,,,,,,0,,,,,,,,,,,,,,,,,,,0,,,,,,,,,,,,,,,,,,,0
25-43,"2021-04-26 10:55:56",1,1,0,0,1,2,1,,2,2,28,2,2021-04-26,9,2,,14,,,,1,0,1,0,0,1,0,1,1,1,0,0,0,7,,7,3,,,,3,14,14,,,,0,,,,1,1,,,,,,,,,,1,0,,0,0,0,1,0,0,,0,,,1,59.9,176,36.8,80,109,71,26,98,15,1,0,0,1,19.33755165289256,3,0,0,2,1,0,0,0,0,0,0,0,0,0,0,0,0,0,0,0,0,0,0,0,0,0,0,0,0,0,0,0,0,0,0,0,0,0,0,0,0,0,0,0,0,0,0,0,0,0,0,0,0,0,1,1,1,0,0,0,0,0,0,0,0,0,0,0,0,2,1,,1,3,,,1,,,,,,,,,,2,1,,,6,0,,1,10,1,0,0,0,0,0,0,1,0,0,2,0,0,0,0,0,0,0,0,0,0,0,0,0,0,0,0,0,,,,,,,,,,,,,,,,,,0,0,0,0,0,0,,0,0,0,2,,,,,,,,,,,,,,0,,,,,,,,,,,,,,,,,,,,,,,,0,25-43_cl_COT_ca_E.zip,1,2,1,0,2,0,0,0,0,0,0,0,0,0,0,0,0,0,0,0,,,,,,2,0,1,0,1,0,1,0,1,0,1,0,1,0,1,0,1,0,1,0,1,0,1,0,1,0,1,0,1,0,,,,,,2,,,,,,,,,,,,,,,,,,,,,0,,,,,0,1,0,2,0,0,0,0,0,0,0,0,0,2,0,1,0,1,0,1,0,1,0,1,0,1,0,1,0,1,0,1,2,,,,,,,,,,0,cl_ben_face_25-43.jpg,2,1,0,0,0,0,0,0,0,0,0,0,2,1,0,0,0,0,0,0,0,0,0,0,2,,0,0,0,0,0,0,0,0,0,0,0,,,,,0,1,2021-05-09,2,,,2,1,2021-05-26,1,,,2,,,,,,,0,,,,,,,,,,,,,,,,,,,,,,,,,,,,,,,,,,,0,,,,,,,,,,,,,,,,,,,,,,,,,,,,,,,,,,,0,,,,,,,,,,,,,,,,,,,,,,,,,,,,,,,,,,,0,,,,,,,,,,,,,,,,,,,0,,,,,,,,,,,,,,,,,,,0,,,,,,,,,,,,,,,,,,,0
25-44,"2021-08-28 11:45:22",1,1,0,0,1,2,1,,2,2,36,2,2021-08-28,9,2,,30,,,,1,0,1,0,0,1,1,1,1,1,0,0,1,30,,21,7,,,30,30,21,30,,,7,0,,,,2,1,,,,,,,,,,1,0,,0,0,0,1,0,0,,0,,,1,69.5,173,38.7,101,99,69,26,95,15,1,0,1,2,23.221624511343514,3,0,0,2,0,0,0,0,0,0,0,0,0,0,0,0,0,0,0,0,0,0,0,0,0,0,0,0,0,0,0,0,0,0,0,0,0,0,0,0,0,0,0,0,0,0,0,0,0,0,0,0,0,0,0,0,0,0,0,0,0,0,0,0,0,0,0,0,0,2,1,,2,3,,,1,,,,,,1,,,,2,1,,,1,1,0,0,,0,0,0,0,0,0,0,1,0,0,2,0,0,0,0,0,0,0,0,0,0,0,0,0,0,0,0,0,,,,,,,,,,,,,,,,,,0,0,0,0,0,0,,0,0,0,2,,,,,,,,,,,,,,0,,,,,,,,,,,,,,,,,,,,,,,,0,25-44_cl_COT_ca_E.zip,1,2,1,0,2,0,0,3,0,0,2,4,4,2,4,0,0,0,0,1,2,2,,1,,2,0,1,0,1,0,1,0,1,0,1,2,1,4,1,4,1,3,1,4,1,0,1,0,1,0,1,0,1,0,,,,,,2,,,,,,,,,,,,,,,,,,,,,0,,,,,0,1,0,2,2,0,0,0,0,1,0,0,0,2,2,1,0,1,0,1,0,1,0,1,0,1,0,1,0,1,0,1,2,,,,,,,,,,0,cl_ben_face_25-44.jpg,2,0,0,0,0,1,1,0,0,0,0,0,2,0,0,0,0,1,1,0,0,0,0,0,2,,0,0,0,0,0,0,0,0,0,0,0,,,,,0,1,2021-09-06,2,,,2,1,2021-09-27,2,,,2,2022-03-19,0,,,,,2,,,,,,,,,,,,,,,,,,,,,,,,,,,,,,,,,,,0,,,,,,,,,,,,,,,,,,,,,,,,,,,,,,,,,,,0,,,,,,,,,,,,,,,,,,,,,,,,,,,,,,,,,,,0,,,,,,,,,,,,,,,,,,,0,,,,,,,,,,,,,,,,,,,0,,,,,,,,,,,,,,,,,,,0
25-45,"2021-01-16 13:25:11",1,1,0,1,,2,,,0,,,0,,,,,,,,,0,0,0,0,0,0,0,0,0,0,0,0,0,,,,,,,,,,,,,,,,,,,,,,,,,,,,,,,,,,,,,,,,,,,,,,,,,,,,,,,,,,,,0,,0,0,0,0,0,0,0,0,0,0,0,0,0,0,0,0,0,0,0,0,0,0,0,0,0,0,0,0,0,0,0,0,0,0,0,0,0,0,0,0,0,0,0,0,0,0,0,0,0,0,0,0,0,0,0,0,0,0,0,0,0,0,0,0,0,,,,,,,,,,,,,,,,,0,,,,,,,,,0,0,0,0,0,0,,0,0,0,0,,0,0,0,0,0,0,0,0,0,0,0,0,0,0,0,0,,,,,,,,,,,,,,,,,,0,0,0,0,0,0,,0,0,0,0,,,,,,,,,,,,,,0,,,,,,,,,,,,,,,,,,,,,,,,0,,0,0,,,0,,,,,,,,,,,,,,,,,,,,,0,,,,,,,,,,,,,,,,,,,,,,,,,,,,,,,,,,,0,,,,,,,,,,,,,,,,,,,,,0,,,,,0,,,0,,,,,,,,,,0,,,,,,,,,,,,,,,,,,,0,,,,,,,,,,0,,0,,0,0,0,0,0,0,0,0,0,0,0,,0,0,0,0,0,0,0,0,0,0,0,,0,0,0,0,0,0,0,0,0,0,0,,,,,0,,,,,,0,,,,,,0,,,,,,,0,,,,,,,,,,,,,,,,,,,,,,,,,,,,,,,,,,,0,,,,,,,,,,,,,,,,,,,,,,,,,,,,,,,,,,,0,,,,,,,,,,,,,,,,,,,,,,,,,,,,,,,,,,,0,,,,,,,,,,,,,,,,,,,0,,,,,,,,,,,,,,,,,,,0,,,,,,,,,,,,,,,,,,,0
25-46,"2021-03-20 09:52:44",1,1,0,0,1,2,1,,2,2,45,2,2021-03-20,9,2,,30,,,,0,0,1,1,0,1,1,1,1,1,0,1,0,,,90,30,14,,30,30,14,,,30,,1,1,0,0,2,2,2020,0,,3,,4,,,,3,0,,0,0,0,1,0,0,,0,,,0,67.8,177,36.6,107,120,92,16,97,15,0,0,0,0,21.64129081681509,3,0,0,2,0,0,0,0,0,0,0,0,0,0,0,0,0,0,0,0,0,0,0,0,0,0,0,0,0,0,0,0,0,0,0,0,0,0,0,0,0,0,0,0,0,0,0,0,0,0,0,0,0,0,0,0,0,0,0,0,0,0,0,0,0,0,0,0,0,2,1,,1,3,,,1,,,,,,,,,,2,1,,,12,0,,1,10,1,0,0,1,0,0,0,1,0,0,2,0,0,0,0,0,0,0,0,0,0,0,0,0,0,0,0,0,,,,,,,,,,,,,,,,,,0,0,0,0,0,0,,0,0,0,2,,,,,,,,,,,,,,0,,,,,,,,,,,,,,,,,,,,,,,,0,25-46_cl_COT_ca_E.zip,1,2,1,0,2,0,0,0,0,0,0,0,3,0,0,0,0,0,0,0,,,,,,2,0,1,0,1,0,1,0,0,0,1,0,1,0,1,3,1,0,1,0,1,0,1,0,1,0,1,0,1,0,,,,,,2,,,,,,,,,,,,,,,,,,,,,0,,,,,0,1,0,2,0,0,0,0,0,0,0,0,0,2,0,1,0,1,0,1,0,1,0,1,0,1,0,1,0,1,0,1,2,,,,,,,,,,0,cl_ben_face_25-46.jpg,2,0,0,0,0,0,0,0,0,0,0,1,2,0,0,1,0,0,1,0,0,0,0,1,2,,0,0,0,0,0,0,0,0,0,0,0,,,,,0,,,,,,0,,,,,,0,,,,,,,0,,,,,,,,,,,,,,,,,,,,,,,,,,,,,,,,,,,0,,,,,,,,,,,,,,,,,,,,,,,,,,,,,,,,,,,0,,,,,,,,,,,,,,,,,,,,,,,,,,,,,,,,,,,0,,,,,,,,,,,,,,,,,,,0,,,,,,,,,,,,,,,,,,,0,,,,,,,,,,,,,,,,,,,0
25-47,"2021-07-18 11:52:14",1,1,0,1,,2,,,0,,,0,,,,,,,,,0,0,0,0,0,0,0,0,0,0,0,0,0,,,,,,,,,,,,,,,,,,,,,,,,,,,,,,,,,,,,,,,,,,,,,,,,,,,,,,,,,,,,0,,0,0,0,0,0,0,0,0,0,0,0,0,0,0,0,0,0,0,0,0,0,0,0,0,0,0,0,0,0,0,0,0,0,0,0,0,0,0,0,0,0,0,0,0,0,0,0,0,0,0,0,0,0,0,0,0,0,0,0,0,0,0,0,0,0,,,,,,,,,,,,,,,,,0,,,,,,,,,0,0,0,0,0,0,,0,0,0,0,,0,0,0,0,0,0,0,0,0,0,0,0,0,0,0,0,,,,,,,,,,,,,,,,,,0,0,0,0,0,0,,0,0,0,0,,,,,,,,,,,,,,0,,,,,,,,,,,,,,,,,,,,,,,,0,,0,0,,,0,,,,,,,,,,,,,,,,,,,,,0,,,,,,,,,,,,,,,,,,,,,,,,,,,,,,,,,,,0,,,,,,,,,,,,,,,,,,,,,0,,,,,0,,,0,,,,,,,,,,0,,,,,,,,,,,,,,,,,,,0,,,,,,,,,,0,,0,,0,0,0,0,0,0,0,0,0,0,0,,0,0,0,0,0,0,0,0,0,0,0,,0,0,0,0,0,0,0,0,0,0,0,,,,,0,,,,,,0,,,,,,0,,,,,,,0,,,,,,,,,,,,,,,,,,,,,,,,,,,,,,,,,,,0,,,,,,,,,,,,,,,,,,,,,,,,,,,,,,,,,,,0,,,,,,,,,,,,,,,,,,,,,,,,,,,,,,,,,,,0,,,,,,,,,,,,,,,,,,,0,,,,,,,,,,,,,,,,,,,0,,,,,,,,,,,,,,,,,,,0
25-48,"2021-08-30 11:52:46",1,1,0,1,,2,,,0,,,0,,,,,,,,,0,0,0,0,0,0,0,0,0,0,0,0,0,,,,,,,,,,,,,,,,,,,,,,,,,,,,,,,,,,,,,,,,,,,,,,,,,,,,,,,,,,,,0,,0,0,0,0,0,0,0,0,0,0,0,0,0,0,0,0,0,0,0,0,0,0,0,0,0,0,0,0,0,0,0,0,0,0,0,0,0,0,0,0,0,0,0,0,0,0,0,0,0,0,0,0,0,0,0,0,0,0,0,0,0,0,0,0,0,,,,,,,,,,,,,,,,,0,,,,,,,,,0,0,0,0,0,0,,0,0,0,0,,0,0,0,0,0,0,0,0,0,0,0,0,0,0,0,0,,,,,,,,,,,,,,,,,,0,0,0,0,0,0,,0,0,0,0,,,,,,,,,,,,,,0,,,,,,,,,,,,,,,,,,,,,,,,0,,0,0,,,0,,,,,,,,,,,,,,,,,,,,,0,,,,,,,,,,,,,,,,,,,,,,,,,,,,,,,,,,,0,,,,,,,,,,,,,,,,,,,,,0,,,,,0,,,0,,,,,,,,,,0,,,,,,,,,,,,,,,,,,,0,,,,,,,,,,0,,0,,0,0,0,0,0,0,0,0,0,0,0,,0,0,0,0,0,0,0,0,0,0,0,,0,0,0,0,0,0,0,0,0,0,0,,,,,0,,,,,,0,,,,,,0,,,,,,,0,,,,,,,,,,,,,,,,,,,,,,,,,,,,,,,,,,,0,,,,,,,,,,,,,,,,,,,,,,,,,,,,,,,,,,,0,,,,,,,,,,,,,,,,,,,,,,,,,,,,,,,,,,,0,,,,,,,,,,,,,,,,,,,0,,,,,,,,,,,,,,,,,,,0,,,,,,,,,,,,,,,,,,,0
25-49,"2021-06-16 13:04:18",1,1,0,0,1,2,1,,2,1,40,2,2021-06-16,9,2,,30,,,,1,0,1,0,0,1,0,1,0,0,0,0,0,30,,30,30,,,,30,,,,,,0,,,,1,1,,,,,,,,,,1,0,,0,1,0,1,0,0,,0,,,1,90.7,154,36.9,75,159,111,20,100,15,0,0,0,0,38.24422330915837,4,0,0,2,0,0,0,0,0,0,0,0,0,0,0,0,0,0,0,0,0,0,0,0,0,0,0,0,0,0,0,0,0,0,0,0,0,0,0,0,0,0,0,0,0,0,0,0,0,0,0,0,0,0,0,0,0,0,0,0,0,0,0,0,0,0,0,0,0,2,2,40.7,1,3,,,1,,,,,,,,,,2,1,,,6,0,,1,10,1,0,0,1,0,0,0,1,0,0,2,0,0,0,0,0,0,0,0,0,0,0,0,0,0,0,0,0,,,,,,,,,,,,,,,,,,0,0,0,0,0,0,,0,0,0,2,,,,,,,,,,,,,,0,,,,,,,,,,,,,,,,,,,,,,,,0,25-49_cl_COT_ca_E.zip,1,2,2,1,2,0,0,0,0,0,0,0,0,0,0,0,0,0,0,0,,,,,,2,0,1,0,1,0,1,0,1,0,1,0,1,0,1,0,1,0,1,0,1,0,1,0,1,0,1,0,1,0,,,,,,2,,,,,,,,,,,,,,,,,,,,,0,,,,,0,2,1,2,0,2,0,0,0,0,0,0,0,2,0,1,0,1,0,1,0,1,0,1,0,1,0,1,0,1,0,1,2,,,,,,,,,,0,cl_ben_face_25-49.jpg,2,0,0,0,0,0,0,0,1,0,0,0,2,0,0,0,0,0,0,0,1,0,0,0,2,,0,0,0,0,0,0,0,0,0,0,0,,,,,0,1,2021-06-24,1,,,2,1,2021-07-15,3,,,2,,,,,,,0,,,,,,,,,,,,,,,,,,,,,,,,,,,,,,,,,,,0,,,,,,,,,,,,,,,,,,,,,,,,,,,,,,,,,,,0,,,,,,,,,,,,,,,,,,,,,,,,,,,,,,,,,,,0,,,,,,,,,,,,,,,,,,,0,,,,,,,,,,,,,,,,,,,0,,,,,,,,,,,,,,,,,,,0
25-50,"2021-03-19 11:34:00",1,1,0,0,1,2,1,,2,1,18,2,2021-03-19,10,2,,90,,,,0,0,0,1,0,1,0,1,1,1,1,0,1,,,60,,90,,,30,90,90,60,,60,0,,,,2,1,,,,,,,,,,1,0,,0,0,0,1,0,0,,0,,,0,53,163,36.5,90,107,69,26,98,15,1,0,0,1,19.948059768903608,1,0,0,2,0,0,0,0,0,0,0,0,0,0,0,0,0,0,0,0,0,0,0,0,0,0,0,0,0,0,0,0,0,0,0,0,0,0,0,0,0,0,0,0,0,0,0,0,0,0,0,0,0,0,0,0,0,0,0,0,0,0,0,0,0,0,0,0,0,2,1,,2,3,,,1,,,,,,,,,,2,1,,,1,1,1,0,,0,0,0,0,0,0,0,1,0,0,2,0,0,0,0,0,0,0,0,0,0,0,0,0,0,0,0,0,,,,,,,,,,,,,,,,,,0,0,0,0,0,0,,0,0,0,2,,,,,,,,,,,,,,0,,,,,,,,,,,,,,,,,,,,,,,,0,25-50_cl_COT_ca_E.zip,1,2,1,0,2,0,0,0,0,0,0,0,0,0,0,3,4,0,0,0,,,,,,2,0,1,3,1,0,1,0,1,0,1,0,1,0,1,0,1,0,1,0,1,3,1,4,1,0,1,0,1,0,,,,,,2,,,,,,,,,,,,,,,,,,,,,0,,,,,0,1,0,2,0,0,0,0,0,0,0,0,0,2,0,1,0,1,0,1,0,1,0,1,0,1,0,1,0,1,0,1,2,,,,,,,,,,0,cl_ben_face_25-50.jpg,2,0,0,1,0,0,0,0,0,0,0,0,2,0,0,1,0,0,0,0,0,0,0,0,2,,0,0,0,0,0,0,0,0,0,0,0,,,,,0,1,2021-03-26,2,,,2,1,2021-04-16,2,,,2,2021-10-06,3,,,,,2,,,,,,,,,,,,,,,,,,,,,,,,,,,,,,,,,,,0,,,,,,,,,,,,,,,,,,,,,,,,,,,,,,,,,,,0,,,,,,,,,,,,,,,,,,,,,,,,,,,,,,,,,,,0,,,,,,,,,,,,,,,,,,,0,,,,,,,,,,,,,,,,,,,0,,,,,,,,,,,,,,,,,,,0
25-51,"2021-06-22 15:28:14",1,1,0,0,3,2,,,0,,,0,,,,,,,,,0,0,0,0,0,0,0,0,0,0,0,0,0,,,,,,,,,,,,,,,,,,,,,,,,,,,,,,,,,,,,,,,,,,,,,,,,,,,,,,,,,,,,0,,0,0,0,0,0,0,0,0,0,0,0,0,0,0,0,0,0,0,0,0,0,0,0,0,0,0,0,0,0,0,0,0,0,0,0,0,0,0,0,0,0,0,0,0,0,0,0,0,0,0,0,0,0,0,0,0,0,0,0,0,0,0,0,0,0,,,,,,,,,,,,,,,,,0,,,,,,,,,0,0,0,0,0,0,,0,0,0,0,,0,0,0,0,0,0,0,0,0,0,0,0,0,0,0,0,,,,,,,,,,,,,,,,,,0,0,0,0,0,0,,0,0,0,0,,,,,,,,,,,,,,0,,,,,,,,,,,,,,,,,,,,,,,,0,,0,0,,,0,,,,,,,,,,,,,,,,,,,,,0,,,,,,,,,,,,,,,,,,,,,,,,,,,,,,,,,,,0,,,,,,,,,,,,,,,,,,,,,0,,,,,0,,,0,,,,,,,,,,0,,,,,,,,,,,,,,,,,,,0,,,,,,,,,,0,,0,,0,0,0,0,0,0,0,0,0,0,0,,0,0,0,0,0,0,0,0,0,0,0,,0,0,0,0,0,0,0,0,0,0,0,,,,,0,,,,,,0,,,,,,0,,,,,,,0,,,,,,,,,,,,,,,,,,,,,,,,,,,,,,,,,,,0,,,,,,,,,,,,,,,,,,,,,,,,,,,,,,,,,,,0,,,,,,,,,,,,,,,,,,,,,,,,,,,,,,,,,,,0,,,,,,,,,,,,,,,,,,,0,,,,,,,,,,,,,,,,,,,0,,,,,,,,,,,,,,,,,,,0
25-52,"2021-09-20 11:12:38",1,1,0,0,1,2,1,,2,1,20,2,2021-09-20,8,4,,,,90,,0,0,1,1,0,1,0,1,1,1,0,0,0,,,180,90,70,,,240,,90,,,,1,1,1,0,1,1,,,,,,,,,,1,0,,0,0,0,1,0,0,,0,,,1,38.3,165,36.7,135,83,64,62,94,15,1,0,1,2,14.067952249770432,5,0,0,2,0,0,0,0,0,0,0,0,0,0,0,0,0,0,0,0,0,0,0,0,0,0,0,0,0,0,0,0,0,0,0,0,0,0,0,0,0,0,0,0,0,0,0,0,0,0,0,0,0,0,0,0,0,0,0,0,0,0,0,0,0,0,0,0,0,2,1,,2,3,,,2,1,,,,,,,,,2,2,1,,1,1,1,0,,0,0,0,0,0,0,1,1,0,0,2,0,0,0,0,0,0,0,0,0,0,0,0,0,0,0,0,0,,,,,,,,,,,,,,,,,,0,0,0,0,0,0,,0,0,0,2,,,,,,,,,,,,,,0,,,,,,,,,,,,,,,,,,,,,,,,0,,0,0,1,1,2,0,0,4,0,4,4,4,4,6,6,0,1,6,4,1,2,2,,2,,2,0,1,0,1,3,1,0,1,4,1,4,0,6,1,6,1,6,1,6,1,0,1,2,1,6,1,6,0,1,2,2,,2,,2,,,,,,,,,,,,,,,,,,,,,0,,,,,0,1,1,2,2,1,2,0,0,1,0,0,0,2,1,1,1,1,0,1,0,1,0,1,1,1,0,1,0,,0,1,2,,,,,,,,,,0,cl_ben_face_25-52.jpg,2,0,0,1,1,0,1,1,0,0,0,0,2,0,0,0,1,0,0,1,0,0,0,0,2,,0,0,0,0,0,0,0,0,0,0,0,,,,,0,1,2021-10-01,5,,2021-09-20,2,1,2021-10-21,5,,2021-09-20,2,2022-04-08,0,,,,,2,,,,,,,,,,,,,,,,,,,,,,,,,,,,,,,,,,,0,,,,,,,,,,,,,,,,,,,,,,,,,,,,,,,,,,,0,,,,,,,,,,,,,,,,,,,,,,,,,,,,,,,,,,,0,,,,,,,,,,,,,,,,,,,0,,,,,,,,,,,,,,,,,,,0,,,,,,,,,,,,,,,,,,,0
25-53,"2021-09-22 10:31:24",1,1,0,0,1,2,1,,2,1,22,2,2021-09-22,7,2,,90,,,,0,0,1,1,0,1,1,1,1,0,1,1,1,,,14,14,4,,14,14,14,,7,90,90,0,,,,1,2,2020,1,0,3,,3,,,,1,0,,0,0,0,2,0,0,,0,,,1,43.3,164,37.9,104,95,70,32,90,15,1,0,1,2,16.099048185603806,4,0,0,2,1,0,0,0,0,0,0,0,0,0,0,0,0,0,0,0,0,1,1,1,1,1,1,1,1,0,0,0,0,0,0,0,0,0,0,0,0,0,0,0,0,0,0,0,0,0,0,0,0,0,0,0,1,0,0,0,1,0,0,0,0,0,0,0,0,2,1,,1,3,,,2,2,1,,,,,,,,0,1,,,10,0,,1,21,0,0,0,1,1,0,0,1,0,0,2,0,0,0,0,0,0,0,0,0,0,0,0,0,0,0,0,0,,,,,,,,,,,,,,,,,,0,0,0,0,0,0,,0,0,0,2,,,,,,,,,,,,,,0,,,,,,,,,,,,,,,,,,,,,,,,0,25-53_cl_COT_ca_E.zip,1,2,1,0,2,0,3,3,0,0,3,3,4,0,3,0,0,0,4,0,,,,,,2,0,1,3,1,3,1,0,1,0,1,3,1,3,1,3,1,0,1,3,1,0,1,0,1,0,1,4,1,0,,,,,,2,,,,,,,,,,,,,,,,,,,,,0,,,,,0,1,0,2,2,0,0,0,0,0,0,0,0,2,2,1,0,1,0,1,0,1,0,1,0,1,0,1,0,1,0,1,2,,,,,,,,,,0,cl_ben_face_25-53.jpg,2,0,0,1,0,0,1,0,0,0,0,0,2,0,0,0,0,0,0,0,0,1,0,0,2,,0,0,0,0,0,0,0,0,0,0,0,,,,,0,,,,,,0,,,,,,0,,,,,,,0,,,,,,,,,,,,,,,,,,,,,,,,,,,,,,,,,,,0,,,,,,,,,,,,,,,,,,,,,,,,,,,,,,,,,,,0,,,,,,,,,,,,,,,,,,,,,,,,,,,,,,,,,,,0,,,,,,,,,,,,,,,,,,,0,,,,,,,,,,,,,,,,,,,0,,,,,,,,,,,,,,,,,,,0
25-54,"2021-10-07 12:09:53",1,1,0,0,1,2,1,,2,1,42,2,2021-10-07,7,2,,30,,,,1,0,1,1,0,1,1,1,1,1,1,1,0,30,,30,30,30,,30,30,30,30,30,30,,1,1,0,1,2,1,,,,,,,,,,1,0,,0,0,0,1,0,0,,0,,,0,39,166,36.3,111,91,79,30,94,14,1,1,1,3,14.152997532297865,4,0,0,2,1,0,0,0,0,0,0,0,0,0,0,0,0,0,0,0,0,0,0,0,0,0,0,0,0,0,0,0,0,0,0,0,0,0,0,0,0,0,0,0,0,0,0,0,0,0,0,0,0,1,0,1,0,1,1,0,1,0,0,0,0,0,0,0,0,2,1,,2,3,,,2,2,,,,597,,,,,2,3,,1,1,1,1,0,,0,0,0,0,0,0,0,1,0,0,2,0,0,0,0,0,0,0,0,0,0,0,0,0,0,0,0,0,,,,,,,,,,,,,,,,,,0,0,0,0,0,0,,0,0,0,2,,,,,,,,,,,,,,0,,,,,,,,,,,,,,,,,,,,,,,,0,25-54_cl_COT_ca_E.zip,1,2,1,1,2,0,0,0,0,3,0,6,6,0,6,0,0,3,6,1,2,2,,1,,2,0,1,0,1,0,1,0,1,0,1,0,1,6,1,6,1,5,1,4,1,0,0,3,0,5,1,6,1,1,2,2,,1,,2,,,,,,,,,,,,,,,,,,,,,0,,,,,0,1,1,2,0,0,0,0,0,1,0,0,0,2,0,1,0,1,0,1,0,1,0,1,1,1,0,1,0,1,0,1,2,,,,,,,,,,0,cl_ben_face_25-54.jpg,2,0,0,0,0,0,1,1,0,0,0,0,2,0,0,1,0,0,1,1,0,0,0,0,2,,0,0,0,0,0,0,0,0,0,0,0,,,,,0,,,,,,0,,,,,,0,2022-07-01,3,,,,,1,,,,,,,,,,,,,,,,,,,,,,,,,,,,,,,,,,,0,,,,,,,,,,,,,,,,,,,,,,,,,,,,,,,,,,,0,,,,,,,,,,,,,,,,,,,,,,,,,,,,,,,,,,,0,,,,,,,,,,,,,,,,,,,0,,,,,,,,,,,,,,,,,,,0,,,,,,,,,,,,,,,,,,,0
25-55,"2021-06-21 15:43:34",1,1,0,0,1,2,1,,2,2,42,2,2021-06-21,6,2,,120,,,,1,0,0,0,0,0,0,0,1,0,1,1,1,120,,,,,,,,30,,30,30,30,0,,,,2,1,,,,,,,,,,1,1,2,0,1,0,1,0,0,,0,,,0,55,170,36.2,94,99,56,20,100,14,0,1,1,2,19.031141868512112,4,0,0,2,0,0,0,0,0,0,0,0,0,0,0,0,0,0,0,0,0,0,0,0,0,0,0,0,0,0,0,0,0,0,0,0,0,0,0,0,0,0,0,0,0,0,0,0,0,0,0,0,0,0,0,0,0,0,0,0,0,0,0,0,0,0,0,0,0,2,1,,2,3,,,2,2,,,,89,,,,,2,2,1,,1,1,1,0,,0,0,0,0,0,0,0,1,0,0,2,0,0,0,0,0,0,0,0,0,0,0,0,0,0,0,0,0,,,,,,,,,,,,,,,,,,0,0,0,0,0,0,,0,0,0,2,,,,,,,,,,,,,,0,,,,,,,,,,,,,,,,,,,,,,,,0,25-55_cl_COT_ca_E.zip,1,2,1,1,2,0,2,0,0,0,0,0,3,0,3,0,3,0,0,0,,,,,,2,0,1,0,1,0,1,0,1,0,1,0,1,0,1,0,1,0,1,3,1,0,1,3,1,0,1,0,1,0,,,,,,2,,,,,,,,,,,,,,,,,,,,,0,,,,,0,1,1,2,2,0,0,0,0,0,0,0,2,2,2,1,0,1,0,1,0,1,0,1,0,1,0,1,0,1,2,0,2,,,,,,,,,,0,cl_ben_face_25-55.jpg,2,0,0,1,0,0,1,0,0,0,0,0,2,1,0,0,0,0,0,0,0,0,0,0,2,,0,0,0,0,0,0,0,0,0,0,0,,,,,0,1,2021-06-30,5,,2021-06-21,2,1,2021-07-19,5,,2021-06-21,2,2022-03-15,0,,,,,2,,,,,,,,,,,,,,,,,,,,,,,,,,,,,,,,,,,0,,,,,,,,,,,,,,,,,,,,,,,,,,,,,,,,,,,0,,,,,,,,,,,,,,,,,,,,,,,,,,,,,,,,,,,0,,,,,,,,,,,,,,,,,,,0,,,,,,,,,,,,,,,,,,,0,,,,,,,,,,,,,,,,,,,0
25-56,"2021-08-03 17:12:01",1,1,0,1,,2,,,0,,,0,,,,,,,,,0,0,0,0,0,0,0,0,0,0,0,0,0,,,,,,,,,,,,,,,,,,,,,,,,,,,,,,,,,,,,,,,,,,,,,,,,,,,,,,,,,,,,0,,0,0,0,0,0,0,0,0,0,0,0,0,0,0,0,0,0,0,0,0,0,0,0,0,0,0,0,0,0,0,0,0,0,0,0,0,0,0,0,0,0,0,0,0,0,0,0,0,0,0,0,0,0,0,0,0,0,0,0,0,0,0,0,0,0,,,,,,,,,,,,,,,,,0,,,,,,,,,0,0,0,0,0,0,,0,0,0,0,,0,0,0,0,0,0,0,0,0,0,0,0,0,0,0,0,,,,,,,,,,,,,,,,,,0,0,0,0,0,0,,0,0,0,0,,,,,,,,,,,,,,0,,,,,,,,,,,,,,,,,,,,,,,,0,,0,0,,,0,,,,,,,,,,,,,,,,,,,,,0,,,,,,,,,,,,,,,,,,,,,,,,,,,,,,,,,,,0,,,,,,,,,,,,,,,,,,,,,0,,,,,0,,,0,,,,,,,,,,0,,,,,,,,,,,,,,,,,,,0,,,,,,,,,,0,,0,,0,0,0,0,0,0,0,0,0,0,0,,0,0,0,0,0,0,0,0,0,0,0,,0,0,0,0,0,0,0,0,0,0,0,,,,,0,,,,,,0,,,,,,0,,,,,,,0,,,,,,,,,,,,,,,,,,,,,,,,,,,,,,,,,,,0,,,,,,,,,,,,,,,,,,,,,,,,,,,,,,,,,,,0,,,,,,,,,,,,,,,,,,,,,,,,,,,,,,,,,,,0,,,,,,,,,,,,,,,,,,,0,,,,,,,,,,,,,,,,,,,0,,,,,,,,,,,,,,,,,,,0
25-57,"2021-01-14 10:43:02",1,1,0,0,1,2,1,,2,1,60,2,2021-01-14,6,2,,230,,,,0,0,0,0,0,1,0,1,0,0,0,0,0,,,180,,,,,230,,,,,,0,,,,1,1,,,,,,,,,,1,0,,0,0,0,1,0,1,2020-07-23,0,,,1,51.3,160,36.9,94,140,84,28,98,15,1,0,0,1,20.0390625,2,0,0,2,1,1,1,1,1,1,1,1,1,0,0,0,0,0,0,0,0,0,0,0,0,0,1,0,1,0,0,0,0,0,0,0,0,0,0,0,0,0,0,0,0,0,0,0,0,0,0,0,0,0,0,0,0,0,0,0,0,0,0,0,0,0,0,0,0,2,1,,1,3,,,1,,,,,,,,,,2,1,,,6,0,,1,7,0,0,0,1,0,0,0,1,0,0,2,0,0,0,0,0,0,0,0,0,0,0,0,0,0,0,0,0,,,,,,,,,,,,,,,,,,0,0,0,0,0,0,,0,0,0,2,,,,,,,,,,,,,,0,,,,,,,,,,,,,,,,,,,,,,,,0,25-57_cl_COT_ca_E.zip,1,2,1,0,2,3,4,0,3,0,4,3,4,3,4,3,3,4,4,1,2,2,,2,,2,3,1,4,1,0,1,3,1,0,1,6,1,3,1,3,0,3,1,4,0,3,1,3,1,4,1,4,1,1,2,2,,1,,2,,,,,,,,,,,,,,,,,,,,,0,,,,,0,1,0,2,2,1,0,0,0,0,0,0,0,2,2,1,1,0,0,1,0,1,0,1,0,1,0,1,0,1,0,1,2,,,,,,,,,,0,cl_ben_face_25-57.jpg,2,0,0,1,0,1,1,0,0,0,0,0,2,0,0,1,0,0,1,0,0,0,0,1,2,,0,0,0,0,0,0,0,0,0,0,0,,,,,0,1,2021-01-27,2,,,2,1,2021-02-10,2,,,2,,,,,,,0,,,,,,,,,,,,,,,,,,,,,,,,,,,,,,,,,,,0,,,,,,,,,,,,,,,,,,,,,,,,,,,,,,,,,,,0,,,,,,,,,,,,,,,,,,,,,,,,,,,,,,,,,,,0,,,,,,,,,,,,,,,,,,,0,,,,,,,,,,,,,,,,,,,0,,,,,,,,,,,,,,,,,,,0
25-58,"2021-07-03 12:30:01",1,1,0,0,1,2,1,,2,2,38,2,2021-07-03,9,4,,,,30,,1,1,0,0,0,1,1,1,1,0,1,0,0,30,7,14,,,,30,30,30,,30,,,0,,,,3,1,,,,,,,,,,1,0,,0,0,0,1,0,0,,0,,,0,70,170,37.8,113,128,64,28,98,15,1,0,0,1,24.22145328719723,4,0,0,2,0,0,0,0,0,0,0,0,0,0,0,0,0,0,0,0,0,0,0,0,0,0,0,0,0,0,0,0,0,0,0,0,0,0,0,0,0,0,0,0,0,0,0,0,0,0,0,0,0,0,0,0,0,0,0,0,0,0,0,0,0,0,0,0,0,2,1,,1,3,,,2,2,,,,410,,,,,2,2,1,,7,0,,1,21,1,1,0,0,0,0,0,1,0,0,2,0,0,0,0,0,0,0,0,0,0,0,0,0,0,0,0,0,,,,,,,,,,,,,,,,,,0,0,0,0,0,0,,0,0,0,2,,,,,,,,,,,,,,0,,,,,,,,,,,,,,,,,,,,,,,,0,25-58_cl_COT_ca_E.zip,0,0,1,0,2,0,0,0,0,0,2,4,4,4,4,0,0,0,0,0,,,,,,2,0,1,0,1,0,1,0,1,0,1,6,1,6,1,6,1,6,1,6,1,0,1,0,1,6,1,,0,1,2,2,,2,,2,,,,,,,,,,,,,,,,,,,,,0,,,,,0,1,0,2,0,2,0,0,0,0,0,0,0,2,0,1,2,0,0,1,0,1,0,1,0,1,0,1,0,1,0,1,2,,,,,,,,,,0,cl_ben_face_25-58.jpg,2,0,0,0,0,0,1,0,0,0,1,0,2,0,0,0,0,0,1,0,0,0,1,0,2,,0,0,0,0,0,0,0,0,0,0,0,,,,,0,1,2021-07-10,5,,2021-07-03,2,1,2021-08-01,2,,,2,,,,,,,0,,,,,,,,,,,,,,,,,,,,,,,,,,,,,,,,,,,0,,,,,,,,,,,,,,,,,,,,,,,,,,,,,,,,,,,0,,,,,,,,,,,,,,,,,,,,,,,,,,,,,,,,,,,0,,,,,,,,,,,,,,,,,,,0,,,,,,,,,,,,,,,,,,,0,,,,,,,,,,,,,,,,,,,0
25-59,"2021-06-20 17:17:09",1,1,0,1,,2,,,0,,,0,,,,,,,,,0,0,0,0,0,0,0,0,0,0,0,0,0,,,,,,,,,,,,,,,,,,,,,,,,,,,,,,,,,,,,,,,,,,,,,,,,,,,,,,,,,,,,0,,0,0,0,0,0,0,0,0,0,0,0,0,0,0,0,0,0,0,0,0,0,0,0,0,0,0,0,0,0,0,0,0,0,0,0,0,0,0,0,0,0,0,0,0,0,0,0,0,0,0,0,0,0,0,0,0,0,0,0,0,0,0,0,0,0,,,,,,,,,,,,,,,,,0,,,,,,,,,0,0,0,0,0,0,,0,0,0,0,,0,0,0,0,0,0,0,0,0,0,0,0,0,0,0,0,,,,,,,,,,,,,,,,,,0,0,0,0,0,0,,0,0,0,0,,,,,,,,,,,,,,0,,,,,,,,,,,,,,,,,,,,,,,,0,,0,0,,,0,,,,,,,,,,,,,,,,,,,,,0,,,,,,,,,,,,,,,,,,,,,,,,,,,,,,,,,,,0,,,,,,,,,,,,,,,,,,,,,0,,,,,0,,,0,,,,,,,,,,0,,,,,,,,,,,,,,,,,,,0,,,,,,,,,,0,,0,,0,0,0,0,0,0,0,0,0,0,0,,0,0,0,0,0,0,0,0,0,0,0,,0,0,0,0,0,0,0,0,0,0,0,,,,,0,,,,,,0,,,,,,0,,,,,,,0,,,,,,,,,,,,,,,,,,,,,,,,,,,,,,,,,,,0,,,,,,,,,,,,,,,,,,,,,,,,,,,,,,,,,,,0,,,,,,,,,,,,,,,,,,,,,,,,,,,,,,,,,,,0,,,,,,,,,,,,,,,,,,,0,,,,,,,,,,,,,,,,,,,0,,,,,,,,,,,,,,,,,,,0
25-60,"2021-07-01 10:11:44",1,1,0,0,1,2,1,,2,2,70,2,2021-07-01,9,2,,45,,,,1,0,0,0,1,1,0,0,0,0,0,0,0,45,,3,,,45,,,,,,,,0,,,,1,1,,,,,,,,,,1,1,3,0,0,0,1,0,0,,0,,,1,63.7,177,36.8,80,136,91,20,100,15,0,0,0,0,20.332599189249578,3,0,0,2,1,0,0,0,0,0,0,0,0,0,0,0,1,0,0,0,0,0,0,0,0,0,0,0,0,0,0,0,0,0,0,0,0,0,0,0,0,0,0,0,0,0,0,0,0,0,0,0,0,0,0,0,0,0,0,0,0,0,0,0,0,0,0,0,0,2,1,,1,3,,,1,,,,,,,,,,2,1,,,6,0,,1,6,0,0,0,1,0,0,0,1,0,0,2,0,0,0,0,0,0,0,0,0,0,0,0,0,0,0,0,0,,,,,,,,,,,,,,,,,,0,0,0,0,0,0,,0,0,0,2,,,,,,,,,,,,,,0,,,,,,,,,,,,,,,,,,,,,,,,0,25-60_cl_COT_ca_E.zip,1,2,1,0,2,0,0,0,0,0,0,0,0,0,0,3,0,0,0,0,,,,,,2,0,1,0,1,0,1,0,1,0,1,0,1,0,1,0,1,0,1,0,1,0,1,0,1,0,1,0,1,0,,,,,,2,,,,,,,,,,,,,,,,,,,,,0,,,,,0,1,0,2,2,0,0,0,0,0,2,2,0,2,2,1,0,1,0,1,0,1,0,1,0,1,0,1,0,1,0,1,2,,,,,,,,,,0,cl_ben_face_25-60.jpg,2,1,0,0,0,0,0,0,0,0,0,0,2,0,0,0,0,0,0,0,1,0,0,0,2,,0,0,0,0,0,0,0,0,0,0,0,,,,,0,1,2021-07-13,1,,,2,1,2021-08-03,1,,,2,,,,,,,0,,,,,,,,,,,,,,,,,,,,,,,,,,,,,,,,,,,0,,,,,,,,,,,,,,,,,,,,,,,,,,,,,,,,,,,0,,,,,,,,,,,,,,,,,,,,,,,,,,,,,,,,,,,0,,,,,,,,,,,,,,,,,,,0,,,,,,,,,,,,,,,,,,,0,,,,,,,,,,,,,,,,,,,0
25-61,"2021-09-01 14:14:37",1,1,0,0,1,2,1,,2,2,59,2,2021-09-01,10,2,,45,,,,1,0,1,1,0,1,1,1,1,0,0,0,1,44,,45,4,14,,4,30,14,,,,45,0,,,,1,1,,,,,,,,,,1,0,,0,0,0,1,0,0,,0,,,1,40,170,37.7,135,121,99,60,93,8,1,1,0,2,13.84083044982699,5,0,1,2,1,0,0,0,0,0,0,0,0,0,0,0,0,0,0,0,0,1,1,0,0,0,0,0,0,0,0,0,0,0,0,0,0,0,0,0,0,0,0,0,0,0,0,0,0,0,0,0,0,0,0,0,0,0,0,0,0,0,0,0,0,0,0,0,0,2,2,35.5,2,3,,,2,2,,,,19,,,,,2,2,1,,1,1,1,1,10,0,0,0,1,1,0,1,1,0,0,2,0,0,0,0,0,0,0,0,0,0,0,0,0,0,0,0,0,,,,,,,,,,,,,,,,,,0,0,0,0,0,0,,0,0,0,2,,,,,,,,,,,,,,0,,,,,,,,,,,,,,,,,,,,,,,,0,25-61_cl_COT_ca_E.zip,0,0,1,1,2,3,2,3,1,6,3,1,3,2,4,,,,,1,1,,2,,1,2,3,1,2,1,3,1,3,1,6,1,3,1,3,1,3,1,3,1,4,1,,,,,,,,,1,3,2,2,1,1,2,,,,,,,,,,,,,,,,,,,,,0,,,,,0,1,1,2,0,1,1,0,1,2,0,0,1,2,0,1,0,1,1,1,0,1,1,1,2,0,0,1,0,1,1,1,2,,,,,,,,,,0,cl_ben_face_25-61.jpg,2,0,0,1,1,0,1,0,0,0,0,0,2,0,0,0,1,0,0,0,0,1,0,0,2,,0,0,0,0,0,0,0,0,0,0,0,,,,,0,1,2021-09-08,5,,2021-09-01,2,,,6,2021-09-09,,2,,,,,,,0,,,,,,,,,,,,,,,,,,,,,,,,,,,,,,,,,,,0,,,,,,,,,,,,,,,,,,,,,,,,,,,,,,,,,,,0,,,,,,,,,,,,,,,,,,,,,,,,,,,,,,,,,,,0,,,,,,,,,,,,,,,,,,,0,,,,,,,,,,,,,,,,,,,0,,,,,,,,,,,,,,,,,,,0
25-62,"2021-08-26 15:02:47",1,1,0,0,1,2,1,,2,2,39,2,2021-08-26,9,2,,60,,,,1,0,0,0,0,0,0,1,1,0,1,0,1,7,,,,,,,1,1,,1,,1,0,,,,3,1,,,,,,,,,,3,0,,0,1,0,1,0,0,,0,,,0,72.4,180,37.2,85,135,72,26,95,15,1,0,0,1,22.34567901234568,1,0,0,2,1,0,0,0,0,0,0,0,0,0,0,0,0,0,0,0,0,0,0,0,1,1,0,0,0,0,0,0,0,0,0,0,0,0,0,0,0,0,0,0,0,0,0,0,0,0,0,0,0,0,0,0,0,0,0,0,0,0,0,0,0,0,0,0,0,2,1,,1,3,,,1,,,,,,,,,,2,3,,1,7,0,,1,10,1,0,0,1,0,0,0,1,0,0,2,0,0,0,0,0,0,0,0,0,0,0,0,0,0,0,0,0,,,,,,,,,,,,,,,,,,0,0,0,0,0,0,,0,0,0,2,,,,,,,,,,,,,,0,,,,,,,,,,,,,,,,,,,,,,,,0,25-62_cl_COT_ca_E.zip,1,2,1,0,2,0,0,4,0,6,0,3,3,0,6,0,6,0,6,1,3,2,2,1,1,2,0,1,0,1,3,1,0,1,6,1,0,1,3,1,3,1,0,1,6,1,0,1,6,1,0,1,6,1,1,3,2,2,1,1,2,,,,,,,,,,,,,,,,,,,,,0,,,,,0,1,0,2,0,0,1,0,2,1,0,0,0,2,0,1,0,1,1,1,0,1,0,1,1,1,0,1,0,1,0,1,2,,,,,,,,,,0,cl_ben_face_25-62.jpg,2,0,0,1,1,0,1,0,0,0,0,0,2,0,0,0,0,0,0,0,1,0,0,0,2,,0,0,0,0,0,0,0,0,0,0,0,,,,,0,1,2021-09-02,3,,,2,1,2021-09-28,2,,,2,,,,,,,0,,,,,,,,,,,,,,,,,,,,,,,,,,,,,,,,,,,0,,,,,,,,,,,,,,,,,,,,,,,,,,,,,,,,,,,0,,,,,,,,,,,,,,,,,,,,,,,,,,,,,,,,,,,0,,,,,,,,,,,,,,,,,,,0,,,,,,,,,,,,,,,,,,,0,,,,,,,,,,,,,,,,,,,0
25-63,"2021-08-17 15:41:48",1,1,0,1,,2,,,0,,,0,,,,,,,,,0,0,0,0,0,0,0,0,0,0,0,0,0,,,,,,,,,,,,,,,,,,,,,,,,,,,,,,,,,,,,,,,,,,,,,,,,,,,,,,,,,,,,0,,0,0,0,0,0,0,0,0,0,0,0,0,0,0,0,0,0,0,0,0,0,0,0,0,0,0,0,0,0,0,0,0,0,0,0,0,0,0,0,0,0,0,0,0,0,0,0,0,0,0,0,0,0,0,0,0,0,0,0,0,0,0,0,0,0,,,,,,,,,,,,,,,,,0,,,,,,,,,0,0,0,0,0,0,,0,0,0,0,,0,0,0,0,0,0,0,0,0,0,0,0,0,0,0,0,,,,,,,,,,,,,,,,,,0,0,0,0,0,0,,0,0,0,0,,,,,,,,,,,,,,0,,,,,,,,,,,,,,,,,,,,,,,,0,,0,0,,,0,,,,,,,,,,,,,,,,,,,,,0,,,,,,,,,,,,,,,,,,,,,,,,,,,,,,,,,,,0,,,,,,,,,,,,,,,,,,,,,0,,,,,0,,,0,,,,,,,,,,0,,,,,,,,,,,,,,,,,,,0,,,,,,,,,,0,,0,,0,0,0,0,0,0,0,0,0,0,0,,0,0,0,0,0,0,0,0,0,0,0,,0,0,0,0,0,0,0,0,0,0,0,,,,,0,,,,,,0,,,,,,0,,,,,,,0,,,,,,,,,,,,,,,,,,,,,,,,,,,,,,,,,,,0,,,,,,,,,,,,,,,,,,,,,,,,,,,,,,,,,,,0,,,,,,,,,,,,,,,,,,,,,,,,,,,,,,,,,,,0,,,,,,,,,,,,,,,,,,,0,,,,,,,,,,,,,,,,,,,0,,,,,,,,,,,,,,,,,,,0
25-64,"2021-07-04 15:43:05",1,1,0,0,2,2,,,0,,,0,,,,,,,,,0,0,0,0,0,0,0,0,0,0,0,0,0,,,,,,,,,,,,,,,,,,,,,,,,,,,,,,,,,,,,,,,,,,,,,,,,,,,,,,,,,,,,0,,0,0,0,0,0,0,0,0,0,0,0,0,0,0,0,0,0,0,0,0,0,0,0,0,0,0,0,0,0,0,0,0,0,0,0,0,0,0,0,0,0,0,0,0,0,0,0,0,0,0,0,0,0,0,0,0,0,0,0,0,0,0,0,0,0,,,,,,,,,,,,,,,,,0,,,,,,,,,0,0,0,0,0,0,,0,0,0,0,,0,0,0,0,0,0,0,0,0,0,0,0,0,0,0,0,,,,,,,,,,,,,,,,,,0,0,0,0,0,0,,0,0,0,0,,,,,,,,,,,,,,0,,,,,,,,,,,,,,,,,,,,,,,,0,,0,0,,,0,,,,,,,,,,,,,,,,,,,,,0,,,,,,,,,,,,,,,,,,,,,,,,,,,,,,,,,,,0,,,,,,,,,,,,,,,,,,,,,0,,,,,0,,,0,,,,,,,,,,0,,,,,,,,,,,,,,,,,,,0,,,,,,,,,,0,,0,,0,0,0,0,0,0,0,0,0,0,0,,0,0,0,0,0,0,0,0,0,0,0,,0,0,0,0,0,0,0,0,0,0,0,,,,,0,,,,,,0,,,,,,0,,,,,,,0,,,,,,,,,,,,,,,,,,,,,,,,,,,,,,,,,,,0,,,,,,,,,,,,,,,,,,,,,,,,,,,,,,,,,,,0,,,,,,,,,,,,,,,,,,,,,,,,,,,,,,,,,,,0,,,,,,,,,,,,,,,,,,,0,,,,,,,,,,,,,,,,,,,0,,,,,,,,,,,,,,,,,,,0
25-65,"2021-04-24 12:52:00",1,1,0,0,1,2,1,,2,1,35,2,2021-04-24,10,2,,30,,,,1,0,1,0,0,1,0,1,1,0,0,0,0,30,,60,30,,,,30,30,,,,,0,,,,2,1,,,,,,,,,,1,0,,0,1,0,1,0,0,,0,,,1,33,155,38,124,83,58,58,90,15,1,0,1,2,13.735691987513007,5,1,0,2,1,0,0,0,0,0,0,0,0,0,0,0,0,0,0,0,0,1,0,1,1,1,0,0,0,0,0,0,0,0,0,0,0,0,0,0,0,0,0,0,0,0,0,0,0,0,0,0,0,0,0,0,0,0,0,0,0,0,0,0,0,0,0,0,0,2,2,41.7,1,3,,,1,,,,,,,,,,2,2,1,,7,0,,1,,1,1,0,0,0,0,1,1,0,0,2,0,0,0,0,0,0,0,0,0,0,0,0,0,0,0,0,0,,,,,,,,,,,,,,,,,,0,0,0,0,0,0,,0,0,0,2,,,,,,,,,,,,,,0,,,,,,,,,,,,,,,,,,,,,,,,0,25-65_cl_COT_ca_E.zip,1,2,1,1,2,4,4,4,4,4,0,3,2,0,0,0,4,0,3,0,,,,,,2,4,1,4,1,4,1,4,1,4,1,0,1,0,1,3,1,0,1,0,1,0,1,4,1,0,1,1,1,0,,,,,,2,,,,,,,,,,,,,,,,,,,,,0,,,,,0,1,1,2,2,0,0,0,0,0,0,0,0,2,2,1,0,1,0,1,1,1,0,1,0,1,0,1,0,1,0,1,2,,,,,,,,,,0,cl_ben_face_25-65.jpg,2,0,0,1,0,0,0,0,0,0,1,0,2,0,0,0,1,0,0,0,0,0,1,0,2,,0,0,0,0,0,0,0,0,0,0,0,,,,,0,1,2021-05-05,2,,,2,1,2021-05-28,2,,,2,,,,,,,0,,,,,,,,,,,,,,,,,,,,,,,,,,,,,,,,,,,0,,,,,,,,,,,,,,,,,,,,,,,,,,,,,,,,,,,0,,,,,,,,,,,,,,,,,,,,,,,,,,,,,,,,,,,0,,,,,,,,,,,,,,,,,,,0,,,,,,,,,,,,,,,,,,,0,,,,,,,,,,,,,,,,,,,0
25-66,"2021-04-24 17:18:52",1,1,0,0,3,2,,,0,,,0,,,,,,,,,0,0,0,0,0,0,0,0,0,0,0,0,0,,,,,,,,,,,,,,,,,,,,,,,,,,,,,,,,,,,,,,,,,,,,,,,,,,,,,,,,,,,,0,,0,0,0,0,0,0,0,0,0,0,0,0,0,0,0,0,0,0,0,0,0,0,0,0,0,0,0,0,0,0,0,0,0,0,0,0,0,0,0,0,0,0,0,0,0,0,0,0,0,0,0,0,0,0,0,0,0,0,0,0,0,0,0,0,0,,,,,,,,,,,,,,,,,0,,,,,,,,,0,0,0,0,0,0,,0,0,0,0,,0,0,0,0,0,0,0,0,0,0,0,0,0,0,0,0,,,,,,,,,,,,,,,,,,0,0,0,0,0,0,,0,0,0,0,,,,,,,,,,,,,,0,,,,,,,,,,,,,,,,,,,,,,,,0,,0,0,,,0,,,,,,,,,,,,,,,,,,,,,0,,,,,,,,,,,,,,,,,,,,,,,,,,,,,,,,,,,0,,,,,,,,,,,,,,,,,,,,,0,,,,,0,,,0,,,,,,,,,,0,,,,,,,,,,,,,,,,,,,0,,,,,,,,,,0,,0,,0,0,0,0,0,0,0,0,0,0,0,,0,0,0,0,0,0,0,0,0,0,0,,0,0,0,0,0,0,0,0,0,0,0,,,,,0,,,,,,0,,,,,,0,,,,,,,0,,,,,,,,,,,,,,,,,,,,,,,,,,,,,,,,,,,0,,,,,,,,,,,,,,,,,,,,,,,,,,,,,,,,,,,0,,,,,,,,,,,,,,,,,,,,,,,,,,,,,,,,,,,0,,,,,,,,,,,,,,,,,,,0,,,,,,,,,,,,,,,,,,,0,,,,,,,,,,,,,,,,,,,0
25-67,"2021-07-05 10:58:30",1,1,0,0,1,2,1,,2,1,31,2,2021-07-05,7,2,,150,,,,0,0,0,1,0,1,0,0,1,1,0,0,0,,,30,,3,,,,150,3,,,,0,,,,1,1,,,,,,,,,,1,0,,0,0,0,2,0,0,,0,,,0,38.4,149,37.3,145,93,73,26,97,15,1,0,1,2,17.29651817485699,4,0,0,2,1,0,0,0,0,0,0,0,0,0,0,0,0,0,0,0,0,1,1,1,1,1,1,1,1,0,0,0,0,0,0,0,0,0,0,0,0,0,0,0,0,0,0,0,0,0,0,0,0,0,0,0,0,0,0,0,0,0,0,0,0,0,0,0,0,2,1,,2,3,,,2,2,1,,1,1032,,,,,2,3,,1,1,1,0,0,,0,0,0,0,0,0,0,1,0,0,2,0,0,0,0,0,0,0,0,0,0,0,0,0,0,0,0,0,,,,,,,,,,,,,,,,,,0,0,0,0,0,0,,0,0,0,2,,,,,,,,,,,,,,0,,,,,,,,,,,,,,,,,,,,,,,,0,25-67_cl_COT_ca_E.zip,1,2,1,0,2,0,3,3,0,2,3,3,1,0,0,0,0,0,0,0,,,,,,2,0,1,3,1,3,1,0,1,3,1,3,1,3,1,3,0,0,1,0,1,0,1,0,1,0,1,0,1,0,,,,,,2,,,,,,,,,,,,,,,,,,,,,0,,,,,0,1,0,2,1,0,0,0,0,0,0,0,0,2,1,1,0,1,0,1,0,1,0,1,0,1,0,1,0,1,0,1,2,,,,,,,,,,0,cl_ben_face_25-67.jpg,2,1,0,0,0,0,0,0,0,0,0,0,2,1,0,0,0,0,0,0,0,0,0,0,2,,0,0,0,0,0,0,0,0,0,0,0,,,,,0,,,,,,0,,,,,,0,2022-01-14,0,,,,,2,,,,,,,,,,,,,,,,,,,,,,,,,,,,,,,,,,,0,,,,,,,,,,,,,,,,,,,,,,,,,,,,,,,,,,,0,,,,,,,,,,,,,,,,,,,,,,,,,,,,,,,,,,,0,,,,,,,,,,,,,,,,,,,0,,,,,,,,,,,,,,,,,,,0,,,,,,,,,,,,,,,,,,,0
25-68,"2021-10-19 10:14:08",1,1,0,0,1,2,1,,2,2,45,2,2021-10-19,7,2,,60,,,,0,0,0,1,0,1,0,0,0,0,0,0,0,,,60,,1,,,,,,,,,0,,,,2,1,,,,,,,,,,1,0,,0,0,0,1,0,0,,0,,,0,58.2,167,36.3,76,132,92,20,96,15,0,0,0,0,20.868442755208147,1,0,0,2,,0,0,0,0,0,0,0,0,0,0,0,0,0,0,0,0,0,0,0,0,0,0,0,0,0,0,0,0,0,0,0,0,0,0,0,0,0,0,0,0,0,0,0,0,0,0,0,0,0,0,0,0,0,0,0,0,0,0,0,0,0,0,0,0,0,1,,2,3,,,1,,,,,,,,,,2,1,,,1,1,0,0,,0,0,0,0,0,0,0,1,0,0,2,0,0,0,0,0,0,0,0,0,0,0,0,0,0,0,0,0,,,,,,,,,,,,,,,,,,0,0,0,0,0,0,,0,0,0,2,,,,,,,,,,,,,,0,,,,,,,,,,,,,,,,,,,,,,,,0,25-68_cl_COT_ca_E.zip,0,0,1,0,2,0,3,3,0,0,0,0,0,0,0,0,3,0,0,1,1,,1,,1,2,0,1,3,1,3,1,0,1,0,1,0,1,0,1,0,1,0,1,0,1,0,1,3,1,0,1,0,1,0,,,,,,2,,,,,,,,,,,,,,,,,,,,,0,,,,,0,1,0,2,0,0,0,0,0,0,0,0,0,2,0,1,0,1,0,1,0,1,0,1,0,1,0,1,0,1,0,1,2,,,,,,,,,,0,cl_ben_face_25-68.jpg,2,0,0,1,0,0,0,0,0,0,0,0,2,0,0,1,0,0,0,0,0,0,1,0,2,,0,0,0,0,0,0,0,0,0,0,0,,,,,0,1,2021-10-26,2,,,2,1,2021-11-16,2,,,2,2022-06-09,0,,,,,2,,,,,,,,,,,,,,,,,,,,,,,,,,,,,,,,,,,0,,,,,,,,,,,,,,,,,,,,,,,,,,,,,,,,,,,0,,,,,,,,,,,,,,,,,,,,,,,,,,,,,,,,,,,0,,,,,,,,,,,,,,,,,,,0,,,,,,,,,,,,,,,,,,,0,,,,,,,,,,,,,,,,,,,0
25-69,"2021-10-16 12:14:36",1,1,0,0,1,2,1,,2,2,66,2,2021-10-16,7,2,,13,,,,0,0,0,0,0,1,0,1,0,0,0,1,0,,,60,,,,,30,,,,13,,0,,,,2,1,,,,,,,,,,1,0,,1,1,0,1,0,0,,0,,,1,81,188,36.5,98,141,83,20,98,15,0,0,0,0,22.91760977818017,2,0,0,2,,0,0,0,0,0,0,0,0,0,0,0,0,0,0,0,0,0,0,0,0,0,0,0,0,0,0,0,0,0,0,0,0,0,0,0,0,0,0,0,0,0,0,0,0,0,0,0,0,0,0,0,0,0,0,0,0,0,0,0,0,0,0,0,0,0,1,,1,1,,,1,,,,,,,,,,2,1,,,9,0,,1,6,0,0,0,1,0,0,0,1,0,0,2,0,0,0,0,0,0,0,0,0,0,0,0,0,0,0,0,0,,,,,,,,,,,,,,,,,,0,0,0,0,0,0,,0,0,0,2,,,,,,,,,,,,,,0,,,,,,,,,,,,,,,,,,,,,,,,0,,0,0,1,0,2,0,0,0,3,0,0,0,0,0,0,0,0,0,0,0,,,,,,2,3,1,0,1,0,1,3,1,0,1,0,1,0,1,0,1,0,1,0,1,0,1,0,1,0,1,0,1,0,,,,,,2,,,,,,,,,,,,,,,,,,,,,0,,,,,0,2,0,2,3,0,0,0,0,0,0,0,0,2,0,1,0,1,0,1,0,1,0,1,0,1,0,1,0,1,0,1,2,,,,,,,,,,0,cl_ben_face_25-69.jpg,2,1,0,0,0,0,0,0,0,0,0,0,2,1,0,0,0,0,0,0,0,0,0,0,2,,0,0,0,0,0,0,0,0,0,0,0,,,,,0,1,2021-10-23,1,,,2,1,2021-11-13,1,,,2,,,,,,,0,,,,,,,,,,,,,,,,,,,,,,,,,,,,,,,,,,,0,,,,,,,,,,,,,,,,,,,,,,,,,,,,,,,,,,,0,,,,,,,,,,,,,,,,,,,,,,,,,,,,,,,,,,,0,,,,,,,,,,,,,,,,,,,0,,,,,,,,,,,,,,,,,,,0,,,,,,,,,,,,,,,,,,,0
25-70,"2021-08-12 15:55:46",1,1,0,1,,2,,,0,,,0,,,,,,,,,0,0,0,0,0,0,0,0,0,0,0,0,0,,,,,,,,,,,,,,,,,,,,,,,,,,,,,,,,,,,,,,,,,,,,,,,,,,,,,,,,,,,,0,,0,0,0,0,0,0,0,0,0,0,0,0,0,0,0,0,0,0,0,0,0,0,0,0,0,0,0,0,0,0,0,0,0,0,0,0,0,0,0,0,0,0,0,0,0,0,0,0,0,0,0,0,0,0,0,0,0,0,0,0,0,0,0,0,0,,,,,,,,,,,,,,,,,0,,,,,,,,,0,0,0,0,0,0,,0,0,0,0,,0,0,0,0,0,0,0,0,0,0,0,0,0,0,0,0,,,,,,,,,,,,,,,,,,0,0,0,0,0,0,,0,0,0,0,,,,,,,,,,,,,,0,,,,,,,,,,,,,,,,,,,,,,,,0,,0,0,,,0,,,,,,,,,,,,,,,,,,,,,0,,,,,,,,,,,,,,,,,,,,,,,,,,,,,,,,,,,0,,,,,,,,,,,,,,,,,,,,,0,,,,,0,,,0,,,,,,,,,,0,,,,,,,,,,,,,,,,,,,0,,,,,,,,,,0,,0,,0,0,0,0,0,0,0,0,0,0,0,,0,0,0,0,0,0,0,0,0,0,0,,0,0,0,0,0,0,0,0,0,0,0,,,,,0,,,,,,0,,,,,,0,,,,,,,0,,,,,,,,,,,,,,,,,,,,,,,,,,,,,,,,,,,0,,,,,,,,,,,,,,,,,,,,,,,,,,,,,,,,,,,0,,,,,,,,,,,,,,,,,,,,,,,,,,,,,,,,,,,0,,,,,,,,,,,,,,,,,,,0,,,,,,,,,,,,,,,,,,,0,,,,,,,,,,,,,,,,,,,0
25-71,"2021-10-22 11:15:37",1,1,0,0,1,2,1,,2,1,35,2,2021-10-22,6,2,,30,,,,1,0,0,1,0,1,0,0,1,0,0,0,0,30,,14,,30,,,,30,,,,,0,,,,2,1,,,,,,,,,,1,0,,0,0,0,1,0,0,,1,2021-07-24,2,1,44.7,150,36.1,85,114,81,18,97,15,0,0,0,0,19.866666666666667,1,0,0,2,1,0,1,1,1,0,0,1,0,0,0,0,0,0,0,0,0,0,0,0,0,0,0,0,0,0,0,0,0,0,0,0,0,0,0,0,0,0,0,0,0,0,0,0,0,0,0,0,0,0,0,0,0,0,0,0,0,0,0,0,0,0,0,0,0,2,1,,2,3,,,1,,,,,,,,,,2,1,,,1,1,0,0,,0,0,0,0,0,0,0,1,0,0,2,0,0,0,0,0,0,0,0,0,0,0,0,0,0,0,0,0,,,,,,,,,,,,,,,,,,0,0,0,0,0,0,,0,0,0,2,,,,,,,,,,,,,,0,,,,,,,,,,,,,,,,,,,,,,,,0,25-71_cl_COT_ca_E.zip,1,2,1,0,2,3,0,0,3,3,0,3,0,0,0,4,3,3,0,0,,,,,,2,0,1,0,1,0,1,0,1,3,1,0,1,3,1,0,1,0,1,0,1,3,1,3,1,3,1,0,1,0,,,,,,2,,,,,,,,,,,,,,,,,,,,,0,,,,,0,1,0,2,0,0,0,0,0,0,0,0,0,2,,,,,,,,,,,,,,,,,,,0,,,,,,,,,,0,cl_ben_face_25-71.jpg,2,0,1,1,0,0,1,0,0,0,1,0,2,0,0,1,0,0,0,0,0,0,1,0,2,,0,0,0,0,0,0,0,0,0,0,0,,,,,0,1,2021-10-31,2,,,2,1,2021-11-20,2,,,2,2022-04-29,0,,,,,2,,,,,,,,,,,,,,,,,,,,,,,,,,,,,,,,,,,0,,,,,,,,,,,,,,,,,,,,,,,,,,,,,,,,,,,0,,,,,,,,,,,,,,,,,,,,,,,,,,,,,,,,,,,0,,,,,,,,,,,,,,,,,,,0,,,,,,,,,,,,,,,,,,,0,,,,,,,,,,,,,,,,,,,0
25-72,"2021-05-16 12:37:45",1,1,0,0,1,2,1,,2,1,45,2,2021-05-16,6,2,,30,,,,1,0,1,1,0,1,0,1,0,1,1,1,0,30,,30,30,30,,,14,,14,,30,,1,1,1,0,2,1,,,,,,,,,,1,1,2,0,0,0,1,0,0,,0,,,1,98.3,170,36.8,98,134,93,16,98,15,0,0,0,0,34.01384083044983,2,0,0,2,0,0,0,0,0,0,0,0,0,0,0,0,0,0,0,0,0,0,0,0,0,0,0,0,0,0,0,0,0,0,0,0,0,0,0,0,0,0,0,0,0,0,0,0,0,0,0,0,0,0,0,0,0,0,0,0,0,0,0,0,0,0,0,0,0,2,1,,2,3,,,1,,,,,,,,,,2,1,,,1,1,0,0,,0,0,0,0,0,0,0,1,0,0,2,0,0,0,0,0,0,0,0,0,0,0,0,0,0,0,0,0,,,,,,,,,,,,,,,,,,0,0,0,0,0,0,,0,0,0,2,,,,,,,,,,,,,,0,,,,,,,,,,,,,,,,,,,,,,,,0,25-72_cl_COT_ca_E.zip,1,2,2,1,2,3,0,4,0,0,0,3,0,0,0,0,0,0,0,0,,,,,,2,3,1,3,1,4,1,0,1,0,1,0,1,0,1,0,1,0,1,0,1,0,1,0,1,0,1,0,1,0,,,,,,2,,,,,,,,,,,,,,,,,,,,,0,,,,,0,2,1,2,0,0,0,0,0,0,0,0,0,2,0,1,0,1,0,1,0,1,0,1,0,1,0,1,0,1,0,1,2,,,,,,,,,,0,cl_ben_face_25-72.jpg,2,0,1,1,0,0,1,0,0,0,0,0,2,0,0,1,0,0,0,0,0,0,1,0,2,,0,0,0,0,0,0,0,0,0,0,0,,,,,0,1,2021-05-23,2,,,2,1,2021-06-14,2,,,2,2022-01-30,0,,,,,1,,,,,,,,,,,,,,,,,,,,,,,,,,,,,,,,,,,0,,,,,,,,,,,,,,,,,,,,,,,,,,,,,,,,,,,0,,,,,,,,,,,,,,,,,,,,,,,,,,,,,,,,,,,0,,,,,,,,,,,,,,,,,,,0,,,,,,,,,,,,,,,,,,,0,,,,,,,,,,,,,,,,,,,0
25-73,"2021-09-10 10:40:58",1,1,0,0,1,2,1,,2,1,29,2,2021-09-10,9,2,,14,,,,1,0,1,1,0,1,1,1,1,0,0,0,0,14,,4,14,14,,3,7,7,,,,,0,,,,1,2,2020,1,0,3,,4,,,,1,0,,0,0,0,1,0,0,,0,,,0,61.7,153,37.2,100,112,79,22,93,15,1,0,0,1,26.357383912170533,2,0,0,2,1,0,0,0,0,0,0,0,0,0,0,0,0,0,0,0,0,1,1,1,1,1,1,1,1,0,0,0,0,0,0,0,0,0,0,0,0,0,0,0,0,0,0,0,0,0,0,0,0,0,0,0,0,0,0,0,0,0,0,0,0,0,0,0,0,2,1,,1,3,,,1,,,,,,,,,,2,1,,,12,0,,1,10,1,0,0,1,0,0,0,0,1,0,2,0,0,0,0,0,0,0,0,0,0,0,0,0,0,0,0,0,,,,,,,,,,,,,,,,,,0,0,0,0,0,0,,0,0,0,2,,,,,,,,,,,,,,0,,,,,,,,,,,,,,,,,,,,,,,,0,25-73_cl_COT_ca_E.zip,1,2,1,0,2,0,3,3,0,0,0,3,0,0,0,4,0,3,3,0,,,,,,2,0,1,3,1,3,1,0,1,0,1,0,1,3,1,0,1,0,1,0,1,4,1,0,1,3,1,3,1,0,,,,,,2,,,,,,,,,,,,,,,,,,,,,0,,,,,0,1,0,2,0,0,0,0,0,0,0,0,0,2,0,1,0,1,0,1,0,1,0,1,0,1,0,1,0,1,0,1,2,,,,,,,,,,0,cl_ben_face_25-73.jpg,2,0,0,1,0,0,0,0,0,0,0,0,2,0,0,1,0,0,0,0,0,0,0,1,2,,0,0,0,0,0,0,0,0,0,0,0,,,,,0,1,2021-09-18,2,,,2,1,2021-10-14,1,,,2,,,,,,,0,,,,,,,,,,,,,,,,,,,,,,,,,,,,,,,,,,,0,,,,,,,,,,,,,,,,,,,,,,,,,,,,,,,,,,,0,,,,,,,,,,,,,,,,,,,,,,,,,,,,,,,,,,,0,,,,,,,,,,,,,,,,,,,0,,,,,,,,,,,,,,,,,,,0,,,,,,,,,,,,,,,,,,,0
25-74,"2021-08-06 11:05:06",1,1,0,0,1,2,1,,2,1,35,2,2021-08-06,9,2,,60,,,,1,0,0,1,0,1,0,1,1,0,0,0,0,21,,14,,30,,,14,14,,,,,0,,,,2,1,,,,,,,,,,1,0,,0,0,0,1,0,0,,0,,,0,75.2,170,36.4,88,101,68,26,95,15,1,0,0,1,26.02076124567474,1,0,0,2,0,0,0,0,0,0,0,0,0,0,0,0,0,0,0,0,0,0,0,0,0,0,0,0,0,0,0,0,0,0,0,0,0,0,0,0,0,0,0,0,0,0,0,0,0,0,0,0,0,0,0,0,0,0,0,0,0,0,0,0,0,0,0,0,0,2,1,,1,3,,,2,2,,,,,,,,,0,1,,,10,0,,1,9,1,0,0,1,1,0,0,1,0,0,2,1,0,0,1,0,0,0,0,0,0,0,0,0,0,0,0,0,,,,,,,,,,,,,,1,,0,,0,0,0,0,0,0,0,1,0,0,0,,,,,,,,,,,,,,0,,,,,,,,,,,,,,,,,,,,,,,,0,25-74_cl_COT_ca_E.zip,1,2,1,0,2,3,3,4,0,4,0,0,1,0,3,0,3,0,4,0,,,,,,2,3,1,3,1,4,1,0,1,4,1,0,1,0,1,3,1,0,1,3,1,0,1,3,1,0,1,4,1,0,,,,,,2,,,,,,,,,,,,,,,,,,,,,0,,,,,0,1,0,2,1,0,0,0,0,0,0,0,0,2,1,1,0,1,0,1,0,1,0,1,0,1,0,1,0,1,0,1,2,,,,,,,,,,0,cl_ben_face_25-74.jpg,2,0,0,1,0,0,1,0,0,0,0,0,2,0,0,1,0,0,1,0,0,0,0,0,2,,0,0,0,0,0,0,0,0,0,0,0,,,,,0,1,2021-08-14,2,,,2,1,2021-09-08,2,,,2,,,,,,,0,,,,,,,,,,,,,,,,,,,,,,,,,,,,,,,,,,,0,,,,,,,,,,,,,,,,,,,,,,,,,,,,,,,,,,,0,,,,,,,,,,,,,,,,,,,,,,,,,,,,,,,,,,,0,,,,,,,,,,,,,,,,,,,0,,,,,,,,,,,,,,,,,,,0,,,,,,,,,,,,,,,,,,,0
25-75,"2021-07-24 11:28:46",1,1,0,0,1,2,1,,2,2,49,2,2021-07-24,9,2,,240,,,,0,0,1,0,0,1,1,0,1,1,0,1,1,,,21,240,,,60,,21,60,,60,90,1,1,0,0,2,1,,,,,,,,,,2,0,,0,0,0,1,0,0,,0,,,1,50,160,37.5,117,106,71,28,91,15,1,0,0,1,19.53125,2,0,0,2,1,0,0,0,0,0,0,0,0,0,0,0,0,0,0,0,0,1,0,1,0,0,0,0,1,0,0,0,0,0,0,0,0,0,0,0,0,0,0,0,0,0,0,0,0,0,0,0,0,0,0,0,0,0,0,0,0,0,0,0,0,0,0,0,0,2,1,,2,3,,,1,,,,,,,,,,2,1,,,1,1,1,0,,0,0,0,0,0,0,0,1,0,0,2,0,0,0,0,0,0,0,0,0,0,0,0,0,0,0,0,0,,,,,,,,,,,,,,,,,,0,0,0,0,0,0,,0,0,0,2,,,,,,,,,,,,,,0,,,,,,,,,,,,,,,,,,,,,,,,0,25-75_cl_COT_ca_E.zip,1,2,1,0,2,4,3,4,4,3,0,3,3,3,2,4,0,0,3,0,,,,,,2,4,1,0,1,4,1,4,1,1,1,0,1,0,1,3,1,3,1,3,1,4,1,0,1,0,1,0,1,0,,,,,,2,,,,,,,,,,,,,,,,,,,,,0,,,,,0,1,0,2,0,0,0,0,0,0,0,0,0,2,0,1,0,1,0,1,0,1,0,1,0,1,0,1,0,1,0,1,2,,,,,,,,,,0,cl_ben_face_25-75.jpg,2,0,1,1,0,0,1,0,0,0,0,0,2,0,0,1,0,0,1,0,0,0,0,1,2,,0,0,0,0,0,0,0,0,0,0,0,,,,,0,1,2021-08-02,2,,,2,1,2021-08-26,2,,,2,2022-04-08,0,,,,,1,,,,,,,,,,,,,,,,,,,,,,,,,,,,,,,,,,,0,,,,,,,,,,,,,,,,,,,,,,,,,,,,,,,,,,,0,,,,,,,,,,,,,,,,,,,,,,,,,,,,,,,,,,,0,,,,,,,,,,,,,,,,,,,0,,,,,,,,,,,,,,,,,,,0,,,,,,,,,,,,,,,,,,,0
25-76,"2021-08-13 09:55:30",1,1,0,0,1,2,1,,2,1,26,2,2021-08-13,10,2,,14,,,,0,0,0,0,1,1,0,1,1,0,0,0,0,,,30,,,2,,21,21,,,,,0,,,,2,1,,,,,,,,,,1,0,,0,0,0,1,0,0,,0,,,0,58.4,165,36.9,112,122,77,32,98,15,1,0,0,1,21.45087235996327,3,0,0,2,1,1,1,1,1,0,0,0,0,0,0,0,0,0,0,0,0,0,0,0,0,0,0,0,0,0,0,0,0,0,0,0,0,0,0,0,0,0,0,0,0,0,0,0,0,0,0,0,0,0,0,0,0,0,0,0,0,0,0,0,0,0,0,0,0,2,1,,2,3,,,1,,,,,,,,,,2,1,,,1,1,0,0,,0,0,0,0,0,0,0,1,0,0,2,0,0,0,0,0,0,0,0,0,0,0,0,0,0,0,0,0,,,,,,,,,,,,,,,,,,0,0,0,0,0,0,,0,0,0,2,,,,,,,,,,,,,,0,,,,,,,,,,,,,,,,,,,,,,,,0,25-76_cl_COT_ca_E.zip,1,2,1,1,2,0,0,0,0,0,0,0,0,3,4,0,0,2,4,0,,,,,,2,0,1,0,1,0,1,0,1,0,1,0,1,0,1,3,1,3,1,4,1,,0,0,1,2,1,,0,1,2,2,,1,,0,,,,,,,,,,,,,,,,,,,,,0,,,,,0,1,0,2,0,0,0,0,0,0,0,0,0,2,0,1,0,1,0,1,0,1,0,1,1,1,0,1,0,1,0,1,2,,,,,,,,,,0,cl_ben_face_25-76.jpg,2,0,0,0,0,0,1,0,0,0,0,0,2,1,0,0,0,0,0,0,0,0,0,0,2,,0,0,0,0,0,0,0,0,0,0,0,,,,,0,1,2021-08-20,2,,,2,1,2021-09-14,1,,,2,,,,,,,0,,,,,,,,,,,,,,,,,,,,,,,,,,,,,,,,,,,0,,,,,,,,,,,,,,,,,,,,,,,,,,,,,,,,,,,0,,,,,,,,,,,,,,,,,,,,,,,,,,,,,,,,,,,0,,,,,,,,,,,,,,,,,,,0,,,,,,,,,,,,,,,,,,,0,,,,,,,,,,,,,,,,,,,0
25-77,"2021-08-30 14:52:00",1,1,0,0,1,2,1,,2,2,33,2,2021-08-30,,2,,60,,,,0,0,0,1,0,1,0,1,1,1,0,1,0,,,50,,60,,,60,60,60,,60,,0,,,,3,1,,,,,,,,,,1,0,,0,0,0,1,0,1,2021-04-29,0,,,0,58,174,36.5,112,103,70,26,92,15,1,0,0,1,19.157088122605366,5,0,0,2,0,0,0,0,0,0,0,0,0,0,0,0,0,0,0,0,0,0,0,0,0,0,0,0,0,0,0,0,0,0,0,0,0,0,0,0,0,0,0,0,0,0,0,0,0,0,0,0,0,0,0,0,0,0,0,0,0,0,0,0,0,0,0,0,0,2,1,,1,3,,,1,,,,,,,,,,2,2,1,,6,0,,1,,1,1,0,0,0,0,0,1,0,0,2,0,0,0,0,0,0,0,0,0,0,0,0,0,0,0,0,0,,,,,,,,,,,,,,,,,,0,0,0,0,0,0,,0,0,0,2,,,,,,,,,,,,,,0,,,,,,,,,,,,,,,,,,,,,,,,0,25-77_cl_COT_ca_E.zip,1,2,1,0,2,0,0,3,0,4,0,0,3,0,0,2,2,0,1,1,2,1,,1,,2,0,1,0,1,2,1,3,1,,0,0,1,0,1,0,1,0,1,0,0,3,1,2,1,0,1,2,1,0,,,,,,0,,,,,,,,,,,,,,,,,,,,,0,,,,,0,1,0,2,1,0,0,0,0,0,0,0,0,2,0,1,0,1,0,1,0,1,0,1,0,1,0,1,0,1,0,1,2,,,,,,,,,,0,cl_ben_face_25-77.jpg,2,0,0,1,0,0,0,0,0,0,1,0,2,0,0,1,0,0,0,0,0,0,1,0,2,,0,0,0,0,0,0,0,0,0,0,0,,,,,0,1,2021-09-10,1,,,2,1,2021-10-01,1,,,2,,,,,,,0,,,,,,,,,,,,,,,,,,,,,,,,,,,,,,,,,,,0,,,,,,,,,,,,,,,,,,,,,,,,,,,,,,,,,,,0,,,,,,,,,,,,,,,,,,,,,,,,,,,,,,,,,,,0,,,,,,,,,,,,,,,,,,,0,,,,,,,,,,,,,,,,,,,0,,,,,,,,,,,,,,,,,,,0
25-78,"2021-09-11 15:24:47",1,1,0,0,1,2,1,,2,2,19,2,2021-09-11,,2,,21,,,,0,0,1,1,1,1,0,1,1,1,0,0,0,,,,14,14,1,,3,3,3,,,,0,,,,2,2,,1,1,1,,,,,,1,0,,0,0,0,1,0,0,,0,,,0,37,166,36.9,144,92,77,50,98,14,1,1,1,3,13.427202787051822,5,0,0,2,,0,0,0,0,0,0,0,0,0,0,0,0,0,0,0,0,0,0,0,0,0,0,0,0,0,0,0,0,0,0,0,0,0,0,0,0,0,0,0,0,0,0,0,0,0,0,0,0,0,0,0,0,0,0,0,0,0,0,0,0,0,0,0,0,2,1,,1,3,,,1,,,,,,,,,,2,2,1,,12,0,,1,,0,0,0,0,1,1,1,1,0,0,2,0,0,0,0,0,0,0,0,0,0,0,0,0,0,0,0,0,,,,,,,,,,,,,,,,,,0,0,0,0,0,0,,0,0,0,2,,,,,,,,,,,,,,0,,,,,,,,,,,,,,,,,,,,,,,,0,,,0,1,1,2,3,3,3,2,4,4,4,3,4,2,,,,,1,1,,1,,1,2,2,1,0,1,3,1,3,1,3,1,4,1,4,1,3,1,4,1,2,1,,,,,,,,,0,,,,,,2,,,,,,,,,,,,,,,,,,,,,0,,,,,0,1,1,2,1,0,0,0,0,0,0,0,2,2,1,1,0,1,0,1,0,1,0,1,0,1,0,1,0,1,2,0,2,,,,,,,,,,0,cl_ben_face_25-78.jpg,2,0,0,1,0,1,1,0,0,0,0,1,2,0,0,1,0,1,1,0,0,0,0,0,2,0,0,1,0,1,1,0,0,0,0,0,2,,,,,0,,,6,2021-09-12,,2,,,6,2021-09-12,,2,,,,,,,0,,,,,,,,,,,,,,,,,,,,,,,,,,,,,,,,,,,0,,,,,,,,,,,,,,,,,,,,,,,,,,,,,,,,,,,0,,,,,,,,,,,,,,,,,,,,,,,,,,,,,,,,,,,0,,,,,,,,,,,,,,,,,,,0,,,,,,,,,,,,,,,,,,,0,,,,,,,,,,,,,,,,,,,0
25-79,"2021-10-08 12:19:55",1,1,0,0,1,2,1,,2,2,19,2,2021-10-08,6,2,,30,,,,1,0,1,1,0,1,0,1,1,1,0,1,0,30,,60,21,21,,,30,21,21,,21,,1,1,1,1,2,1,,,,,,,,,,1,0,,0,0,0,1,0,0,,0,,,1,45,170,38.5,116,110,65,46,92,14,1,1,0,2,15.570934256055363,5,0,0,2,1,1,1,1,1,1,1,1,1,0,0,0,0,0,0,0,0,0,0,0,0,0,0,0,0,0,0,0,0,0,0,0,0,0,0,0,0,0,0,0,0,0,0,0,0,0,0,0,0,0,0,0,0,0,0,0,0,0,0,0,0,0,0,0,0,2,1,,1,3,,,2,2,,,,13,1,,,,2,2,1,,6,0,,1,21,0,0,0,1,1,1,1,1,0,0,2,1,0,0,1,0,0,0,0,0,0,1,0,0,0,0,0,0,,,,,,,,,,,,,,1,1,1,,0,0,0,1,1,1,1,1,0,0,2,,,,,,,,,,,,,,0,,,,,,,,,,,,,,,,,,,,,,,,0,25-79_cl_COT_ca_E.zip,1,2,1,1,2,3,0,3,3,0,4,4,4,4,0,,,,,0,,,,,,2,3,1,0,1,3,1,3,1,0,1,4,1,4,1,4,1,4,1,0,1,,,,,,,,,0,,,,,,2,,,,,,,,,,,,,,,,,,,,,0,,,,,0,1,1,2,3,0,2,0,0,2,0,0,0,2,0,1,0,1,0,1,0,1,0,1,0,1,0,1,0,1,0,1,2,,,,,,,,,,0,cl_ben_face_25-79.jpg,2,0,0,0,0,0,1,0,0,0,0,0,2,0,0,0,0,0,1,0,0,0,0,0,2,,0,0,0,0,0,0,0,0,0,0,0,,,,,0,1,2021-10-18,5,,2021-10-08,2,1,2021-11-08,2,,,2,2022-06-21,1,,,,,1,,,,,,,,,,,,,,,,,,,,,,,,,,,,,,,,,,,0,,,,,,,,,,,,,,,,,,,,,,,,,,,,,,,,,,,0,,,,,,,,,,,,,,,,,,,,,,,,,,,,,,,,,,,0,,,,,,,,,,,,,,,,,,,0,,,,,,,,,,,,,,,,,,,0,,,,,,,,,,,,,,,,,,,0
25-80,"2021-07-07 11:05:00",1,1,0,0,1,2,1,,2,2,34,2,2021-07-07,7,2,,75,,,,1,0,1,1,1,1,1,1,1,1,1,1,1,30,,60,30,30,30,14,30,60,14,60,30,30,0,,,,3,1,,,,,,,,,,2,0,,0,0,0,2,0,0,,0,,,0,55.6,177,36.4,116,142,94,32,91,15,1,0,0,1,17.74713524210795,2,0,0,2,1,0,0,0,0,0,0,0,0,0,0,0,0,0,0,0,0,1,1,1,1,1,1,1,1,0,0,0,0,0,0,0,0,0,0,0,0,0,0,0,0,0,0,0,0,0,0,0,0,0,0,0,0,0,0,0,0,0,0,0,0,0,0,0,0,2,1,,1,3,,,2,2,1,,1,108,,,,,2,2,1,,3,1,0,0,,0,0,0,0,0,0,0,1,0,0,2,0,0,0,0,0,0,0,0,0,0,0,0,0,0,0,0,0,,,,,,,,,,,,,,,,,,0,0,0,0,0,0,,0,0,0,2,,,,,,,,,,,,,,0,,,,,,,,,,,,,,,,,,,,,,,,0,25-80_cl_COT_ca_E.zip,1,2,1,0,2,3,3,3,3,3,3,3,3,3,3,3,3,0,3,0,,,,,,2,2,1,3,1,3,1,2,1,3,1,3,1,2,1,3,1,3,1,2,1,0,1,3,1,0,1,3,1,0,,,,,,2,,,,,,,,,,,,,,,,,,,,,0,,,,,0,1,0,2,0,0,0,0,0,0,0,0,1,2,1,1,0,1,0,1,0,1,0,1,0,1,0,1,0,1,1,1,2,,,,,,,,,,0,cl_ben_face_25-80.jpg,2,0,0,0,0,0,0,0,0,1,0,0,2,0,0,1,0,1,1,0,0,0,0,0,2,,0,0,0,0,0,0,0,0,0,0,0,1,1,0,1,2,1,2021-07-07,2,,,2,1,2021-08-04,2,,,2,2022-03-17,1,,,,,1,,,,,,,,,,,,,,,,,,,,,,,,,,,,,,,,,,,0,,,,,,,,,,,,,,,,,,,,,,,,,,,,,,,,,,,0,,,,,,,,,,,,,,,,,,,,,,,,,,,,,,,,,,,0,,,,,,,,,,,,,,,,,,,0,,,,,,,,,,,,,,,,,,,0,,,,,,,,,,,,,,,,,,,0
25-81,"2021-07-11 12:02:35",1,1,0,0,1,2,1,,2,2,35,2,2021-07-11,7,2,,90,,,,1,0,1,1,0,1,1,1,1,1,1,1,0,60,,240,180,3,,21,180,3,3,90,3,,1,1,0,1,1,1,,,,,,,,,,2,0,,0,0,0,1,0,0,,0,,,1,47.3,,37.4,78,96,57,26,97,14,1,1,1,3,,4,0,1,2,1,0,0,1,1,0,0,1,1,0,0,0,0,0,0,0,0,0,0,0,0,0,0,0,0,0,0,0,0,0,0,0,0,0,0,0,0,0,0,0,0,0,0,0,0,0,0,0,0,0,0,0,0,0,0,0,0,0,0,0,0,0,0,0,0,2,1,,1,3,,,1,,,,,,,,,,2,3,,1,,0,,0,,0,0,0,0,0,0,0,1,0,0,2,0,0,0,0,0,0,0,0,0,0,0,0,0,0,0,0,0,,,,,,,,,,,,,,,,,,0,0,0,0,0,0,,0,0,0,2,,,,,,,,,,,,,,0,,,,,,,,,,,,,,,,,,,,,,,,0,25-81_cl_COT_ca_E.zip,1,2,1,0,2,0,3,3,0,3,0,3,3,0,3,0,0,0,0,0,,,,,,2,0,1,3,1,1,1,0,1,1,1,0,1,0,1,0,1,0,1,3,1,0,1,0,1,0,1,0,1,0,,,,,,2,,,,,,,,,,,,,,,,,,,,,0,,,,,0,1,0,2,2,0,0,0,0,0,0,0,0,2,1,1,0,1,0,1,0,1,0,1,0,1,0,1,0,1,0,1,2,,,,,,,,,,0,cl_ben_face_25-81.jpg,2,1,0,0,0,0,0,0,0,0,0,0,2,1,0,0,0,0,0,0,0,0,0,0,2,,0,0,0,0,0,0,0,0,0,0,0,,,,,0,1,2021-07-18,3,,,2,1,2021-08-09,2,,,2,,,,,,,0,,,,,,,,,,,,,,,,,,,,,,,,,,,,,,,,,,,0,,,,,,,,,,,,,,,,,,,,,,,,,,,,,,,,,,,0,,,,,,,,,,,,,,,,,,,,,,,,,,,,,,,,,,,0,,,,,,,,,,,,,,,,,,,0,,,,,,,,,,,,,,,,,,,0,,,,,,,,,,,,,,,,,,,0
25-82,"2021-10-25 10:18:45",1,1,0,0,1,2,1,,2,2,28,2,2021-10-25,6,2,,42,,,,1,0,1,0,0,1,0,0,0,0,0,0,0,1,,14,7,,,,,,,,,,0,,,,2,1,,,,,,,,,,1,0,,0,0,0,1,0,0,,0,,,1,53,166,37.1,112,125,77,36,93,15,1,0,0,1,19.233560749020178,1,0,0,2,1,0,0,0,0,0,0,0,0,0,0,0,0,0,0,0,0,1,1,0,1,0,0,1,1,0,0,0,0,0,0,0,0,0,0,0,0,0,0,0,0,0,0,0,0,0,0,0,0,0,0,0,0,0,0,0,0,0,0,0,0,0,0,0,0,2,1,,2,3,,,1,,,,,,,,,,2,1,,,1,1,0,0,,0,0,0,0,0,0,0,1,0,0,2,0,0,0,0,0,0,0,0,0,0,0,0,0,0,0,0,0,,,,,,,,,,,,,,,,,,0,0,0,0,0,0,,0,0,0,2,,,,,,,,,,,,,,0,,,,,,,,,,,,,,,,,,,,,,,,0,25-82_cl_COT_ca_E.zip,1,2,1,0,2,1,4,3,0,4,2,3,3,3,3,4,3,3,0,0,,,,,,2,1,1,4,1,3,1,0,1,3,1,3,1,3,1,0,1,3,1,3,1,4,1,3,1,0,1,0,1,0,,,,,,2,,,,,,,,,,,,,,,,,,,,,0,,,,,0,1,0,2,1,0,0,0,0,0,0,0,0,2,1,1,0,1,0,1,0,1,0,1,0,1,0,1,0,1,0,1,2,,,,,,,,,,0,cl_ben_face_25-82.jpg,2,0,0,1,0,0,1,0,0,0,0,0,2,0,1,1,0,1,1,0,0,0,0,0,2,,0,0,0,0,0,0,0,0,0,0,0,,,,,0,1,2021-11-03,2,,,2,1,2021-11-22,2,,,2,2022-07-04,0,,,,,1,,,,,,,,,,,,,,,,,,,,,,,,,,,,,,,,,,,0,,,,,,,,,,,,,,,,,,,,,,,,,,,,,,,,,,,0,,,,,,,,,,,,,,,,,,,,,,,,,,,,,,,,,,,0,,,,,,,,,,,,,,,,,,,0,,,,,,,,,,,,,,,,,,,0,,,,,,,,,,,,,,,,,,,0
25-83,"2021-08-27 13:56:43",0,1,0,0,,2,,,0,,,0,,,,,,,,,0,0,0,0,0,0,0,0,0,0,0,0,0,,,,,,,,,,,,,,,,,,,,,,,,,,,,,,,,,,,,,,,,,,,,,,,,,,,,,,,,,,,,0,,0,0,0,0,0,0,0,0,0,0,0,0,0,0,0,0,0,0,0,0,0,0,0,0,0,0,0,0,0,0,0,0,0,0,0,0,0,0,0,0,0,0,0,0,0,0,0,0,0,0,0,0,0,0,0,0,0,0,0,0,0,0,0,0,0,,,,,,,,,,,,,,,,,0,,,,,,,,,0,0,0,0,0,0,,0,0,0,0,,0,0,0,0,0,0,0,0,0,0,0,0,0,0,0,0,,,,,,,,,,,,,,,,,,0,0,0,0,0,0,,0,0,0,0,,,,,,,,,,,,,,0,,,,,,,,,,,,,,,,,,,,,,,,0,,0,0,,,0,,,,,,,,,,,,,,,,,,,,,0,,,,,,,,,,,,,,,,,,,,,,,,,,,,,,,,,,,0,,,,,,,,,,,,,,,,,,,,,0,,,,,0,,,0,,,,,,,,,,0,,,,,,,,,,,,,,,,,,,0,,,,,,,,,,0,,0,,0,0,0,0,0,0,0,0,0,0,0,,0,0,0,0,0,0,0,0,0,0,0,,0,0,0,0,0,0,0,0,0,0,0,,,,,0,,,,,,0,,,,,,0,,,,,,,0,,,,,,,,,,,,,,,,,,,,,,,,,,,,,,,,,,,0,,,,,,,,,,,,,,,,,,,,,,,,,,,,,,,,,,,0,,,,,,,,,,,,,,,,,,,,,,,,,,,,,,,,,,,0,,,,,,,,,,,,,,,,,,,0,,,,,,,,,,,,,,,,,,,0,,,,,,,,,,,,,,,,,,,0
25-84,"2021-04-06 09:52:37",1,1,0,0,1,2,1,,2,1,24,2,2021-04-06,9,2,,100,,,,1,0,0,1,0,0,0,1,0,1,0,0,0,60,,,,14,,,90,,90,,,,0,,,,1,1,,,,,,,,,,1,0,,0,0,0,1,0,0,,0,,,1,62,157,36.7,73,128,67,18,97,15,0,0,0,0,25.153150229218223,1,0,0,2,1,1,1,0,0,0,0,0,0,0,0,0,0,0,0,0,0,0,0,0,0,0,0,0,0,0,0,0,0,0,0,0,0,0,0,0,0,0,0,0,0,0,0,0,0,0,0,0,0,0,0,0,0,0,0,0,0,0,0,0,0,0,0,0,0,2,1,,1,3,,,1,,,,,,,,,,2,1,,,11,0,,1,6,0,0,0,1,0,0,0,1,0,0,2,0,0,0,0,0,0,0,0,0,0,0,0,0,0,0,0,0,,,,,,,,,,,,,,,,,,0,0,0,0,0,0,,0,0,0,2,,,,,,,,,,,,,,0,,,,,,,,,,,,,,,,,,,,,,,,0,25-84_cl_COT_ca_E.zip,1,2,1,0,2,0,0,0,0,0,0,0,0,0,0,0,0,0,0,0,,,,,,2,0,1,0,1,0,1,0,1,0,1,0,1,0,1,0,1,0,1,0,1,0,1,0,1,0,1,0,1,0,,,,,,2,,,,,,,,,,,,,,,,,,,,,0,,,,,0,1,0,2,3,2,0,0,0,0,2,0,0,2,3,0,2,0,0,1,0,1,0,1,0,1,0,1,0,1,0,1,2,,,,,,,,,,0,cl_ben_face_25-84.jpg,2,1,0,0,0,0,0,0,0,0,0,0,2,1,0,0,0,0,0,0,0,0,0,0,2,,0,0,0,0,0,0,0,0,0,0,0,,,,,0,1,2021-04-14,2,,,2,1,2021-05-04,4,,,2,,,,,,,0,,,,,,,,,,,,,,,,,,,,,,,,,,,,,,,,,,,0,,,,,,,,,,,,,,,,,,,,,,,,,,,,,,,,,,,0,,,,,,,,,,,,,,,,,,,,,,,,,,,,,,,,,,,0,,,,,,,,,,,,,,,,,,,0,,,,,,,,,,,,,,,,,,,0,,,,,,,,,,,,,,,,,,,0
25-85,"2021-09-30 18:14:56",1,1,0,0,3,2,,,0,,,0,,,,,,,,,0,0,0,0,0,0,0,0,0,0,0,0,0,,,,,,,,,,,,,,,,,,,,,,,,,,,,,,,,,,,,,,,,,,,,,,,,,,,,,,,,,,,,0,,0,0,0,0,0,0,0,0,0,0,0,0,0,0,0,0,0,0,0,0,0,0,0,0,0,0,0,0,0,0,0,0,0,0,0,0,0,0,0,0,0,0,0,0,0,0,0,0,0,0,0,0,0,0,0,0,0,0,0,0,0,0,0,0,0,,,,,,,,,,,,,,,,,0,,,,,,,,,0,0,0,0,0,0,,0,0,0,0,,0,0,0,0,0,0,0,0,0,0,0,0,0,0,0,0,,,,,,,,,,,,,,,,,,0,0,0,0,0,0,,0,0,0,0,,,,,,,,,,,,,,0,,,,,,,,,,,,,,,,,,,,,,,,0,,0,0,,,0,,,,,,,,,,,,,,,,,,,,,0,,,,,,,,,,,,,,,,,,,,,,,,,,,,,,,,,,,0,,,,,,,,,,,,,,,,,,,,,0,,,,,0,,,0,,,,,,,,,,0,,,,,,,,,,,,,,,,,,,0,,,,,,,,,,0,,0,,0,0,0,0,0,0,0,0,0,0,0,,0,0,0,0,0,0,0,0,0,0,0,,0,0,0,0,0,0,0,0,0,0,0,,,,,0,,,,,,0,,,,,,0,,,,,,,0,,,,,,,,,,,,,,,,,,,,,,,,,,,,,,,,,,,0,,,,,,,,,,,,,,,,,,,,,,,,,,,,,,,,,,,0,,,,,,,,,,,,,,,,,,,,,,,,,,,,,,,,,,,0,,,,,,,,,,,,,,,,,,,0,,,,,,,,,,,,,,,,,,,0,,,,,,,,,,,,,,,,,,,0
25-86,"2021-04-20 09:18:47",1,1,0,0,1,2,1,,2,2,60,2,2021-04-20,10,2,,14,,,,1,0,1,0,0,1,0,0,1,0,0,1,0,14,,3,14,,,,,14,,,14,,0,,,,2,1,,,,,,,,,,2,0,,0,0,0,1,0,1,2021-04-02,0,,,0,51.6,167,36.7,93,131,98,26,97,15,1,0,0,1,18.50191831905052,1,0,0,2,1,0,0,1,1,0,1,0,1,0,0,0,0,0,0,0,0,0,0,0,0,0,0,0,0,0,0,0,0,0,0,0,0,0,0,0,0,0,0,0,0,0,0,0,0,0,0,0,0,0,0,0,0,0,0,0,0,0,0,0,0,0,0,0,0,2,1,,2,3,,,1,,,,,,,,,,2,1,,,1,1,0,0,,0,0,0,0,0,0,0,1,0,0,2,0,0,0,0,0,0,0,0,0,0,0,0,0,0,0,0,0,,,,,,,,,,,,,,,,,,0,0,0,0,0,0,,0,0,0,2,,,,,,,,,,,,,,0,,,,,,,,,,,,,,,,,,,,,,,,0,25-86_cl_COT_ca_E.zip,0,0,1,0,2,3,3,3,3,3,0,3,4,3,3,0,3,0,3,0,,,,,,2,3,1,3,1,3,1,2,1,3,1,0,1,3,1,3,1,3,1,0,1,0,1,3,1,0,1,3,1,0,,,,,,2,,,,,,,,,,,,,,,,,,,,,0,,,,,0,1,0,2,0,0,0,0,0,0,0,0,0,2,0,1,0,1,0,1,0,1,0,1,0,1,0,1,0,1,0,1,2,,,,,,,,,,0,cl_ben_face_25-86.jpg,2,0,0,1,0,0,1,0,0,0,0,0,2,0,0,1,0,0,1,0,0,0,0,0,2,,0,0,0,0,0,0,0,0,0,0,0,,,,,0,1,2021-04-27,2,,,2,1,2021-05-18,1,,,2,2021-12-26,0,,,,,1,,,,,,,,,,,,,,,,,,,,,,,,,,,,,,,,,,,0,,,,,,,,,,,,,,,,,,,,,,,,,,,,,,,,,,,0,,,,,,,,,,,,,,,,,,,,,,,,,,,,,,,,,,,0,,,,,,,,,,,,,,,,,,,0,,,,,,,,,,,,,,,,,,,0,,,,,,,,,,,,,,,,,,,0
25-87,"2021-07-13 11:35:45",1,1,0,0,1,2,1,,2,2,35,2,2021-07-13,10,2,,90,,,,0,0,0,0,1,0,0,0,0,0,0,0,0,,,,,,1,,,,,,,,0,,,,3,1,,,,,,,,,,1,1,2,0,0,0,1,0,1,2021-05-02,0,,,1,64.2,174,36.9,92,134,80,24,98,15,1,0,0,1,21.204914783987316,1,0,0,2,1,0,0,0,0,0,0,0,0,0,0,0,0,0,0,0,0,0,0,0,0,0,0,0,0,0,0,0,0,0,1,0,0,0,0,0,0,0,0,0,0,0,0,0,0,0,0,0,0,0,0,0,0,0,0,0,0,0,0,0,0,0,0,0,0,2,1,,1,2,,,1,,,,,,,,,,2,2,1,,,0,,1,03,0,0,0,1,0,0,0,1,0,0,2,0,0,0,0,0,0,0,0,0,0,0,0,0,0,0,0,0,,,,,,,,,,,,,,,,,,0,0,0,0,0,0,,0,0,0,2,,,,,,,,,,,,,,0,,,,,,,,,,,,,,,,,,,,,,,,0,25-87_cl_COT_ca_E.zip,1,2,1,0,2,3,3,3,3,3,0,0,0,0,3,0,3,3,0,0,,,,,,2,3,1,3,1,3,1,3,1,0,1,0,1,0,1,0,1,0,1,0,1,0,1,3,1,0,1,0,1,0,,,,,,2,,,,,,,,,,,,,,,,,,,,,0,,,,,0,1,0,2,0,0,0,0,0,0,0,0,0,2,0,1,0,1,0,1,0,1,0,1,0,1,0,1,0,1,0,1,2,,,,,,,,,,0,cl_ben_face_25-87.jpg,2,0,0,1,0,0,1,0,0,0,0,0,2,0,0,1,0,0,0,0,0,0,0,0,2,,0,0,0,0,0,0,0,0,0,0,0,,,,,0,1,2021-07-20,1,,,2,1,2021-08-10,1,,,2,,,,,,,0,,,,,,,,,,,,,,,,,,,,,,,,,,,,,,,,,,,0,,,,,,,,,,,,,,,,,,,,,,,,,,,,,,,,,,,0,,,,,,,,,,,,,,,,,,,,,,,,,,,,,,,,,,,0,,,,,,,,,,,,,,,,,,,0,,,,,,,,,,,,,,,,,,,0,,,,,,,,,,,,,,,,,,,0
25-88,"2021-10-07 12:19:45",1,1,0,0,1,2,1,,2,2,35,2,2021-10-07,10,2,,6,,,,1,0,0,1,1,0,0,1,0,1,1,0,0,2,,,,6,2,,6,,6,4,,,0,,,,1,1,,,,,,,,,,3,0,,0,0,0,1,0,0,,0,,,1,63.6,170,36.6,163,102,70,36,96,15,1,0,0,1,22.006920415224915,1,0,0,2,0,0,0,0,0,0,0,0,0,0,0,0,0,0,0,0,0,0,0,0,0,0,0,0,0,0,0,0,0,0,0,0,0,0,0,0,0,0,0,0,0,0,0,0,0,0,0,0,0,0,0,0,0,0,0,0,0,0,0,0,0,0,0,0,0,2,1,,1,3,,,1,,,,,,,,,,2,1,,,11,0,,1,6,0,0,0,1,0,0,0,1,0,0,2,0,0,0,0,0,0,0,0,0,0,0,0,0,0,0,0,0,,,,,,,,,,,,,,,,,,0,0,0,0,0,0,,0,0,0,2,,,,,,,,,,,,,,0,,,,,,,,,,,,,,,,,,,,,,,,0,25-88_cl_COT_ca_E.zip,1,2,1,0,2,0,0,0,0,0,0,0,0,0,3,0,0,0,0,0,,,,,,2,0,1,0,1,0,1,0,1,0,1,0,1,0,1,0,1,0,1,1,1,0,1,0,1,0,1,0,1,0,,,,,,2,,,,,,,,,,,,,,,,,,,,,0,,,,,0,1,0,2,0,0,0,0,0,0,0,0,0,2,0,1,0,1,0,1,0,1,0,1,0,1,0,1,0,1,0,1,2,,,,,,,,,,0,cl_ben_face_25-88.jpg,2,1,0,0,0,0,0,0,0,0,0,0,2,1,0,0,0,0,0,0,0,0,0,0,2,,0,0,0,0,0,0,0,0,0,0,0,,,,,0,1,2021-10-14,2,,,2,1,2021-11-04,2,,,2,,,,,,,0,,,,,,,,,,,,,,,,,,,,,,,,,,,,,,,,,,,0,,,,,,,,,,,,,,,,,,,,,,,,,,,,,,,,,,,0,,,,,,,,,,,,,,,,,,,,,,,,,,,,,,,,,,,0,,,,,,,,,,,,,,,,,,,0,,,,,,,,,,,,,,,,,,,0,,,,,,,,,,,,,,,,,,,0
25-89,"2021-09-04 10:51:28",1,1,0,0,1,2,1,,2,2,49,2,2021-09-04,7,2,,120,,,,0,0,0,1,0,1,1,0,0,1,0,0,0,,,30,,60,,120,,,30,,,,0,,,,2,1,,,,,,,,,,1,0,,0,0,0,1,0,0,,0,,,0,79,180,36.5,101,145,86,22,98,15,1,0,0,1,24.382716049382715,1,0,0,2,0,0,0,0,0,0,0,0,0,0,0,0,0,0,0,0,0,0,0,0,0,0,0,0,0,0,0,0,0,0,0,0,0,0,0,0,0,0,0,0,0,0,0,0,0,0,0,0,0,0,0,0,0,0,0,0,0,0,0,0,0,0,0,0,0,2,1,,2,3,,,1,,,,,,,,,,2,1,,,1,1,1,0,,0,0,0,0,0,0,0,1,0,0,2,0,0,0,0,0,0,0,0,0,0,0,0,0,0,0,0,0,,,,,,,,,,,,,,,,,,0,0,0,0,0,0,,0,0,0,2,,,,,,,,,,,,,,0,,,,,,,,,,,,,,,,,,,,,,,,0,25-89_cl_COT_ca_E.zip,1,2,1,0,2,3,3,1,0,0,0,3,0,0,0,0,4,0,0,1,1,,2,,1,2,1,1,3,1,1,0,0,1,0,1,0,1,3,1,1,0,0,1,0,1,0,1,4,1,0,1,0,0,0,,,,,,2,,,,,,,,,,,,,,,,,,,,,0,,,,,0,1,0,2,0,0,1,0,0,0,0,0,0,2,0,1,0,1,0,1,0,1,0,1,0,1,0,1,0,1,0,1,2,,,,,,,,,,0,cl_ben_face_25-89.jpg,2,0,0,1,0,0,1,0,0,0,0,0,2,0,0,1,0,0,0,0,0,0,0,0,2,,0,0,0,0,0,0,0,0,0,0,0,,,,,0,1,2021-09-14,2,,,2,1,2021-10-02,2,,,2,2022-05-11,0,,,,,1,,,,,,,,,,,,,,,,,,,,,,,,,,,,,,,,,,,0,,,,,,,,,,,,,,,,,,,,,,,,,,,,,,,,,,,0,,,,,,,,,,,,,,,,,,,,,,,,,,,,,,,,,,,0,,,,,,,,,,,,,,,,,,,0,,,,,,,,,,,,,,,,,,,0,,,,,,,,,,,,,,,,,,,0
25-90,"2021-09-21 09:56:24",1,1,0,0,1,2,1,,2,2,33,2,2021-09-21,7,2,,90,,,,1,0,1,1,0,1,1,1,1,0,1,0,0,60,,90,21,21,,21,60,60,,30,,,0,,,,2,1,,,,,,,,,,2,0,,0,0,0,1,0,0,,0,,,0,48,172,36.6,88,150,113,32,96,15,1,0,0,1,16.224986479177932,2,0,0,2,1,0,0,0,0,0,0,0,0,0,0,0,0,0,0,0,0,0,0,0,1,1,0,0,0,0,0,0,0,0,0,0,0,0,0,0,0,0,0,0,0,0,0,0,0,0,0,0,0,0,0,0,0,0,0,0,0,0,0,0,0,0,0,0,0,2,1,,2,3,,,1,,,,,,,,,,2,1,,,1,1,0,0,,0,0,0,0,0,0,0,1,0,0,2,0,0,0,0,0,0,0,0,0,0,0,0,0,0,0,0,0,,,,,,,,,,,,,,,,,,0,0,0,0,0,0,,0,0,0,2,,,,,,,,,,,,,,0,,,,,,,,,,,,,,,,,,,,,,,,0,25-90_cl_COT_ca_E.zip,1,2,1,0,2,3,3,0,3,3,0,3,3,3,0,0,3,3,0,0,,,,,,2,3,1,3,1,0,1,3,1,3,1,0,1,3,1,3,1,0,1,0,1,0,1,3,1,3,1,0,1,0,,,,,,2,,,,,,,,,,,,,,,,,,,,,0,,,,,0,1,0,2,0,0,0,0,0,0,0,0,0,2,0,1,0,1,0,1,0,1,0,1,0,1,0,1,0,1,0,1,2,,,,,,,,,,0,cl_ben_face_25-90.jpg,2,0,0,0,0,0,0,0,0,1,0,0,2,0,0,1,0,0,1,0,0,1,0,0,2,,0,0,0,0,0,0,0,0,0,0,0,,,,,0,1,2021-09-28,2,,,2,1,2021-11-02,4,,,2,,3,,,,,2,,,,,,,,,,,,,,,,,,,,,,,,,,,,,,,,,,,0,,,,,,,,,,,,,,,,,,,,,,,,,,,,,,,,,,,0,,,,,,,,,,,,,,,,,,,,,,,,,,,,,,,,,,,0,,,,,,,,,,,,,,,,,,,0,,,,,,,,,,,,,,,,,,,0,,,,,,,,,,,,,,,,,,,0
25-91,"2021-08-12 11:49:56",1,1,0,0,1,2,1,,2,1,22,2,2021-08-12,7,2,,14,,,,1,0,1,1,0,1,1,1,1,1,1,0,0,14,,7,14,14,,14,14,14,14,12,,,0,,,,1,1,,,,,,,,,,1,0,,0,0,0,1,0,0,,0,,,1,40,163,38,131,80,61,36,93,15,1,0,1,2,15.05513944822914,4,0,0,2,1,0,0,0,0,0,0,0,0,0,0,0,0,0,0,0,0,1,0,1,0,1,1,1,1,0,0,0,0,0,0,0,0,0,0,0,0,0,0,0,0,0,0,0,0,0,0,0,0,0,0,0,0,0,0,0,0,0,0,0,0,0,0,0,0,2,2,13.8,1,3,,,2,2,,,,14,,,,,2,2,1,,3,1,1,1,,0,0,0,1,1,0,0,1,0,0,2,0,0,0,0,0,0,0,0,0,0,0,0,0,0,0,0,0,,,,,,,,,,,,,,,,,,0,0,0,0,0,0,,0,0,0,2,,,,,,,,,,,,,,0,,,,,,,,,,,,,,,,,,,,,,,,0,25-91_cl_COT_ca_E.zip,1,2,1,0,2,3,3,3,0,0,3,4,4,4,4,0,0,4,4,1,2,2,,2,,2,3,0,3,0,3,0,0,1,0,1,3,1,4,1,4,1,4,1,4,0,3,1,0,1,3,1,4,1,1,2,2,,2,,2,,,,,,,,,,,,,,,,,,,,,0,,,,,0,1,0,2,2,0,0,0,0,1,0,0,0,2,2,1,0,1,0,1,0,1,0,1,1,1,0,1,0,1,0,1,2,,,,,,,,,,0,cl_ben_face_25-91.jpg,2,0,0,1,0,0,1,1,0,0,0,0,2,0,0,1,0,0,0,1,0,0,0,0,2,,0,0,0,0,0,0,0,0,0,0,0,,,,,0,1,2021-08-19,5,,2021-08-12,2,1,2021-09-24,5,,2021-08-12,2,2022-04-15,1,,,,,1,,,,,,,,,,,,,,,,,,,,,,,,,,,,,,,,,,,0,,,,,,,,,,,,,,,,,,,,,,,,,,,,,,,,,,,0,,,,,,,,,,,,,,,,,,,,,,,,,,,,,,,,,,,0,,,,,,,,,,,,,,,,,,,0,,,,,,,,,,,,,,,,,,,0,,,,,,,,,,,,,,,,,,,0
25-92,"2021-07-12 12:16:24",1,1,0,0,1,2,1,,2,1,26,2,2021-07-12,7,2,,60,,,,1,0,0,0,0,1,0,1,1,0,1,0,1,2,,28,,,,,14,14,,7,,2,0,,,,2,1,,,,,,,,,,4,0,,0,0,0,1,0,1,2021-06-17,0,,,,36.3,153,37.3,135,91,69,24,96,15,1,0,1,2,15.506856337306164,2,0,0,2,1,1,1,1,1,0,1,0,1,0,0,0,0,0,0,0,0,0,0,0,0,0,0,0,0,0,0,0,0,0,0,0,0,0,0,0,0,0,0,0,0,0,0,0,0,0,0,0,0,0,0,0,0,0,0,0,0,0,0,0,0,0,0,0,0,2,1,,1,3,,,2,3,,,,,,,,,2,1,,,3,1,1,0,,0,0,0,0,0,0,0,1,0,0,2,0,0,0,0,0,0,0,0,0,0,0,0,0,0,0,0,0,,,,,,,,,,,,,,,,,,0,0,0,0,0,0,,0,0,0,2,,,,,,,,,,,,,,0,,,,,,,,,,,,,,,,,,,,,,,,0,25-92_cl_COT_ca_E.zip,1,2,1,0,2,0,3,3,3,3,0,0,3,0,0,0,0,0,3,0,,,,,,2,0,1,3,1,3,1,0,1,0,1,0,1,0,1,3,1,0,1,0,1,0,1,0,1,0,1,0,1,0,,,,,,2,,,,,,,,,,,,,,,,,,,,,0,,,,,0,1,0,2,0,0,0,0,0,0,0,0,0,2,,,,,,,,,,,,,,,,,,,0,,,,,,,,,,0,cl_ben_face_25-92.jpg,2,1,0,0,0,0,0,0,0,0,0,0,2,1,0,0,0,0,0,0,0,0,0,0,2,,0,0,0,0,0,0,0,0,0,0,0,,,,,0,1,2021-07-19,2,,,2,1,2021-08-23,5,,2021-08-07,2,,1,,,,,1,,,,,,,,,,,,,,,,,,,,,,,,,,,,,,,,,,,0,,,,,,,,,,,,,,,,,,,,,,,,,,,,,,,,,,,0,,,,,,,,,,,,,,,,,,,,,,,,,,,,,,,,,,,0,,,,,,,,,,,,,,,,,,,0,,,,,,,,,,,,,,,,,,,0,,,,,,,,,,,,,,,,,,,0
25-93,"2021-07-26 14:02:45",1,1,0,1,,2,,,0,,,0,,,,,,,,,0,0,0,0,0,0,0,0,0,0,0,0,0,,,,,,,,,,,,,,,,,,,,,,,,,,,,,,,,,,,,,,,,,,,,,,,,,,,,,,,,,,,,0,,0,0,0,0,0,0,0,0,0,0,0,0,0,0,0,0,0,0,0,0,0,0,0,0,0,0,0,0,0,0,0,0,0,0,0,0,0,0,0,0,0,0,0,0,0,0,0,0,0,0,0,0,0,0,0,0,0,0,0,0,0,0,0,0,0,,,,,,,,,,,,,,,,,0,,,,,,,,,0,0,0,0,0,0,,0,0,0,0,,0,0,0,0,0,0,0,0,0,0,0,0,0,0,0,0,,,,,,,,,,,,,,,,,,0,0,0,0,0,0,,0,0,0,0,,,,,,,,,,,,,,0,,,,,,,,,,,,,,,,,,,,,,,,0,,0,0,,,0,,,,,,,,,,,,,,,,,,,,,0,,,,,,,,,,,,,,,,,,,,,,,,,,,,,,,,,,,0,,,,,,,,,,,,,,,,,,,,,0,,,,,0,,,0,,,,,,,,,,0,,,,,,,,,,,,,,,,,,,0,,,,,,,,,,0,,0,,0,0,0,0,0,0,0,0,0,0,0,,0,0,0,0,0,0,0,0,0,0,0,,0,0,0,0,0,0,0,0,0,0,0,,,,,0,,,,,,0,,,,,,0,,,,,,,0,,,,,,,,,,,,,,,,,,,,,,,,,,,,,,,,,,,0,,,,,,,,,,,,,,,,,,,,,,,,,,,,,,,,,,,0,,,,,,,,,,,,,,,,,,,,,,,,,,,,,,,,,,,0,,,,,,,,,,,,,,,,,,,0,,,,,,,,,,,,,,,,,,,0,,,,,,,,,,,,,,,,,,,0
25-94,"2021-07-28 14:03:14",1,1,0,1,,2,,,0,,,0,,,,,,,,,0,0,0,0,0,0,0,0,0,0,0,0,0,,,,,,,,,,,,,,,,,,,,,,,,,,,,,,,,,,,,,,,,,,,,,,,,,,,,,,,,,,,,0,,0,0,0,0,0,0,0,0,0,0,0,0,0,0,0,0,0,0,0,0,0,0,0,0,0,0,0,0,0,0,0,0,0,0,0,0,0,0,0,0,0,0,0,0,0,0,0,0,0,0,0,0,0,0,0,0,0,0,0,0,0,0,0,0,0,,,,,,,,,,,,,,,,,0,,,,,,,,,0,0,0,0,0,0,,0,0,0,0,,0,0,0,0,0,0,0,0,0,0,0,0,0,0,0,0,,,,,,,,,,,,,,,,,,0,0,0,0,0,0,,0,0,0,0,,,,,,,,,,,,,,0,,,,,,,,,,,,,,,,,,,,,,,,0,,0,0,,,0,,,,,,,,,,,,,,,,,,,,,0,,,,,,,,,,,,,,,,,,,,,,,,,,,,,,,,,,,0,,,,,,,,,,,,,,,,,,,,,0,,,,,0,,,0,,,,,,,,,,0,,,,,,,,,,,,,,,,,,,0,,,,,,,,,,0,,0,,0,0,0,0,0,0,0,0,0,0,0,,0,0,0,0,0,0,0,0,0,0,0,,0,0,0,0,0,0,0,0,0,0,0,,,,,0,,,,,,0,,,,,,0,,,,,,,0,,,,,,,,,,,,,,,,,,,,,,,,,,,,,,,,,,,0,,,,,,,,,,,,,,,,,,,,,,,,,,,,,,,,,,,0,,,,,,,,,,,,,,,,,,,,,,,,,,,,,,,,,,,0,,,,,,,,,,,,,,,,,,,0,,,,,,,,,,,,,,,,,,,0,,,,,,,,,,,,,,,,,,,0
25-95,"2020-12-27 10:07:13",1,1,0,0,1,2,1,,2,2,40,2,2020-12-27,6,6,,,,,,0,0,0,0,0,0,0,1,0,0,0,0,0,,,,,,,,60,,,,,,0,,,,1,1,,,,,,,,,,4,0,,0,0,0,2,0,0,,0,,,0,38,167,35.7,117,101,80,24,94,15,1,0,0,1,13.625443723331779,1,0,0,2,1,0,0,0,0,0,0,1,0,0,0,0,0,0,0,0,0,0,0,0,0,0,0,0,0,0,0,0,0,0,0,0,0,0,0,0,0,0,0,0,0,0,0,0,0,0,0,0,0,0,0,0,0,0,0,0,0,0,0,0,0,0,0,0,0,2,1,,1,3,,,2,2,,,,46,,,,,2,2,1,,10,0,,1,21,0,0,0,1,1,0,0,1,0,0,2,1,0,0,1,0,0,0,0,0,0,0,0,0,0,0,0,0,,,,,,,,,,,,,,1,1,0,,0,0,0,0,0,0,0,1,0,0,2,,,,,,,,,,,,,,0,,,,,,,,,,,,,,,,,,,,,,,,0,25-95_cl_COT_ca_E.zip,1,2,1,0,2,3,1,3,0,1,2,2,3,2,2,3,3,3,2,0,,,,,,2,2,0,3,1,3,1,0,1,2,1,2,1,3,1,3,1,2,1,3,1,3,1,3,1,3,1,3,1,0,,,,,,2,,,,,,,,,,,,,,,,,,,,,0,,,,,0,1,0,2,2,0,0,0,0,0,0,0,0,2,2,1,0,1,0,1,0,1,0,1,0,1,0,1,0,1,0,1,2,,,,,,,,,,0,cl_ben_face_25-95.jpg,2,0,0,0,0,0,0,0,0,0,0,1,2,0,0,0,0,0,0,0,0,0,0,1,2,,0,0,0,0,0,0,0,0,0,0,0,,,,,0,,,5,,2020-12-28,2,,,5,,2020-12-28,2,2021-08-29,1,,,,,1,,,,,,,,,,,,,,,,,,,,,,,,,,,,,,,,,,,0,,,,,,,,,,,,,,,,,,,,,,,,,,,,,,,,,,,0,,,,,,,,,,,,,,,,,,,,,,,,,,,,,,,,,,,0,,,,,,,,,,,,,,,,,,,0,,,,,,,,,,,,,,,,,,,0,,,,,,,,,,,,,,,,,,,0
25-96,"2021-08-29 14:44:42",1,1,0,0,1,2,1,,2,1,47,2,2021-08-29,6,2,,240,,,,0,0,1,0,0,1,0,1,1,0,0,0,0,,,240,4,,,,240,4,,,,,0,,,,3,1,,,,,,,,,,1,0,,0,0,0,1,0,0,,0,,,1,40,165,36.2,124,87,71,38,95,15,1,0,1,2,14.692378328741965,5,0,0,2,1,0,0,0,0,0,0,0,0,0,0,0,0,0,0,1,1,1,1,1,1,1,1,0,0,0,0,0,0,0,0,0,0,0,0,0,0,0,0,0,0,0,0,0,0,0,0,0,0,0,0,0,0,0,0,0,0,0,0,0,0,0,0,0,0,2,1,,1,3,,,2,2,,,,118,,,,,2,2,1,,6,0,,1,,1,0,0,0,0,0,1,1,0,0,2,,0,0,0,0,0,0,0,0,0,0,0,0,0,0,0,0,,,,,,,,,,,,,,,,,,0,0,0,0,0,0,,0,0,0,0,,,,,,,,,,,,,,0,,,,,,,,,,,,,,,,,,,,,,,,0,25-96_cl_COT_ca_E.zip,0,0,1,0,2,3,3,0,3,3,3,3,3,3,0,4,3,3,0,0,,,,,,2,3,1,3,1,3,1,3,1,3,1,3,1,3,1,3,1,3,1,0,1,3,0,3,0,0,0,0,1,0,,,,,,2,,,,,,,,,,,,,,,,,,,,,0,,,,,0,1,0,2,2,0,0,0,0,0,0,0,2,2,2,1,0,1,0,1,0,1,0,1,0,1,0,1,0,1,2,0,2,,,,,,,,,,0,cl_ben_face_25-96.jpg,2,0,0,1,0,0,1,0,0,0,0,0,2,0,0,1,0,0,1,0,0,0,0,1,2,,0,0,0,0,0,0,0,0,0,0,0,,,,,0,1,2021-09-06,5,,2021-08-29,2,,,5,,2021-08-29,2,,,,,,,0,,,,,,,,,,,,,,,,,,,,,,,,,,,,,,,,,,,0,,,,,,,,,,,,,,,,,,,,,,,,,,,,,,,,,,,0,,,,,,,,,,,,,,,,,,,,,,,,,,,,,,,,,,,0,,,,,,,,,,,,,,,,,,,0,,,,,,,,,,,,,,,,,,,0,,,,,,,,,,,,,,,,,,,0
25-97,"2021-08-25 09:43:33",1,1,0,0,1,2,1,,2,2,32,2,2021-08-25,9,2,,30,,,,0,0,1,0,0,1,0,1,1,0,1,0,0,,,14,5,,,,5,30,,30,,,0,,,,1,1,,,,,,,,,,1,0,,0,0,0,1,0,0,,0,,,1,46.9,171,36.9,91,110,74,30,97,15,1,0,0,1,16.03912314900311,4,0,0,2,1,0,0,0,0,0,0,0,0,0,0,0,0,1,0,1,1,0,0,0,0,0,0,0,0,0,0,0,0,0,0,0,0,0,0,0,0,0,0,0,0,0,0,0,0,0,0,0,0,0,0,0,0,0,0,0,0,0,0,0,0,0,0,0,0,2,1,,1,3,,,2,2,,,,,,,,,0,1,,,10,0,,1,10,1,0,0,0,1,0,0,1,0,0,2,0,0,0,0,0,0,0,0,0,0,0,0,0,0,0,0,0,,,,,,,,,,,,,,,,,,0,0,0,0,0,0,,0,0,0,2,,,,,,,,,,,,,,0,,,,,,,,,,,,,,,,,,,,,,,,0,25-97_cl_COT_ca_E.zip,1,2,1,0,2,0,0,0,0,0,0,0,3,0,3,0,3,3,3,0,,,,,,2,0,1,0,1,0,1,0,0,0,1,0,0,0,0,3,0,0,1,3,1,0,0,3,0,3,0,3,0,0,,,,,,2,,,,,,,,,,,,,,,,,,,,,0,,,,,0,1,0,2,0,0,0,0,0,0,0,0,0,2,0,1,0,1,0,1,0,1,0,1,0,1,0,1,0,1,0,1,2,,,,,,,,,,0,cl_ben_face_25-97.jpg,2,1,0,0,0,0,0,0,0,0,0,0,2,1,0,0,0,0,0,0,0,0,0,0,2,,0,0,0,0,0,0,0,0,0,0,0,,,,,0,1,2021-09-01,2,,,2,1,2021-09-22,2,,,2,,,,,,,0,,,,,,,,,,,,,,,,,,,,,,,,,,,,,,,,,,,0,,,,,,,,,,,,,,,,,,,,,,,,,,,,,,,,,,,0,,,,,,,,,,,,,,,,,,,,,,,,,,,,,,,,,,,0,,,,,,,,,,,,,,,,,,,0,,,,,,,,,,,,,,,,,,,0,,,,,,,,,,,,,,,,,,,0
25-98,"2021-07-16 10:55:30",1,1,0,0,1,2,1,,2,1,40,2,2021-07-16,9,2,,14,,,,1,0,1,1,0,1,0,1,1,0,0,0,1,8,,14,14,14,,,8,14,,,,8,0,,,,2,1,,,,,,,,,,1,0,,0,0,0,2,0,0,,0,,,1,53.6,159,36,93,98,56,26,96,15,1,0,1,2,21.201692971005894,2,0,0,2,1,0,0,1,1,0,0,1,1,0,0,0,0,0,0,0,0,0,0,0,0,0,0,0,0,0,0,0,0,0,0,0,0,0,0,0,0,0,0,0,0,0,0,0,0,0,0,0,0,0,0,0,0,0,0,0,0,0,0,0,0,0,0,0,0,2,1,,1,3,,,2,2,,,,549,,,,,2,1,,,10,0,,1,10,1,0,0,1,0,0,0,1,0,0,2,1,0,0,1,0,0,0,0,0,0,0,0,0,0,0,0,0,,,,,,,,,,,,,,1,1,0,,0,0,0,0,0,0,0,1,0,0,2,,,,,,,,,,,,,,0,,,,,,,,,,,,,,,,,,,,,,,,0,25-98_cl_COT_ca_E.zip,1,2,1,0,2,0,4,4,0,4,0,3,3,0,0,0,0,0,0,1,1,,2,,1,2,0,0,4,0,6,0,0,0,6,0,0,0,3,0,3,0,0,0,6,0,0,0,0,0,0,0,3,0,1,3,2,2,1,1,2,,,,,,,,,,,,,,,,,,,,,0,,,,,0,1,0,2,0,0,0,0,0,0,0,0,0,2,0,0,0,0,0,0,0,0,0,0,0,0,0,0,0,0,0,0,2,,,,,,,,,,0,cl_ben_face_25-98.jpg,2,0,0,1,0,0,0,0,0,0,0,0,2,0,0,1,0,0,0,0,0,0,0,0,2,,0,0,0,0,0,0,0,0,0,0,0,,,,,0,1,2021-07-23,2,,,2,1,2021-08-13,1,,,2,2022-03-17,3,,,,,1,,,,,,,,,,,,,,,,,,,,,,,,,,,,,,,,,,,0,,,,,,,,,,,,,,,,,,,,,,,,,,,,,,,,,,,0,,,,,,,,,,,,,,,,,,,,,,,,,,,,,,,,,,,0,,,,,,,,,,,,,,,,,,,0,,,,,,,,,,,,,,,,,,,0,,,,,,,,,,,,,,,,,,,0
25-99,"2021-07-30 16:06:28",1,1,0,1,,2,,,0,,,0,,,,,,,,,0,0,0,0,0,0,0,0,0,0,0,0,0,,,,,,,,,,,,,,,,,,,,,,,,,,,,,,,,,,,,,,,,,,,,,,,,,,,,,,,,,,,,0,,0,0,0,0,0,0,0,0,0,0,0,0,0,0,0,0,0,0,0,0,0,0,0,0,0,0,0,0,0,0,0,0,0,0,0,0,0,0,0,0,0,0,0,0,0,0,0,0,0,0,0,0,0,0,0,0,0,0,0,0,0,0,0,0,0,,,,,,,,,,,,,,,,,0,,,,,,,,,0,0,0,0,0,0,,0,0,0,0,,0,0,0,0,0,0,0,0,0,0,0,0,0,0,0,0,,,,,,,,,,,,,,,,,,0,0,0,0,0,0,,0,0,0,0,,,,,,,,,,,,,,0,,,,,,,,,,,,,,,,,,,,,,,,0,,0,0,,,0,,,,,,,,,,,,,,,,,,,,,0,,,,,,,,,,,,,,,,,,,,,,,,,,,,,,,,,,,0,,,,,,,,,,,,,,,,,,,,,0,,,,,0,,,0,,,,,,,,,,0,,,,,,,,,,,,,,,,,,,0,,,,,,,,,,0,,0,,0,0,0,0,0,0,0,0,0,0,0,,0,0,0,0,0,0,0,0,0,0,0,,0,0,0,0,0,0,0,0,0,0,0,,,,,0,,,,,,0,,,,,,0,,,,,,,0,,,,,,,,,,,,,,,,,,,,,,,,,,,,,,,,,,,0,,,,,,,,,,,,,,,,,,,,,,,,,,,,,,,,,,,0,,,,,,,,,,,,,,,,,,,,,,,,,,,,,,,,,,,0,,,,,,,,,,,,,,,,,,,0,,,,,,,,,,,,,,,,,,,0,,,,,,,,,,,,,,,,,,,0
25-100,"2021-10-01 16:07:19",1,1,0,0,3,2,,,0,,,0,,,,,,,,,0,0,0,0,0,0,0,0,0,0,0,0,0,,,,,,,,,,,,,,,,,,,,,,,,,,,,,,,,,,,,,,,,,,,,,,,,,,,,,,,,,,,,0,,0,0,0,0,0,0,0,0,0,0,0,0,0,0,0,0,0,0,0,0,0,0,0,0,0,0,0,0,0,0,0,0,0,0,0,0,0,0,0,0,0,0,0,0,0,0,0,0,0,0,0,0,0,0,0,0,0,0,0,0,0,0,0,0,0,,,,,,,,,,,,,,,,,0,,,,,,,,,0,0,0,0,0,0,,0,0,0,0,,0,0,0,0,0,0,0,0,0,0,0,0,0,0,0,0,,,,,,,,,,,,,,,,,,0,0,0,0,0,0,,0,0,0,0,,,,,,,,,,,,,,0,,,,,,,,,,,,,,,,,,,,,,,,0,,0,0,,,0,,,,,,,,,,,,,,,,,,,,,0,,,,,,,,,,,,,,,,,,,,,,,,,,,,,,,,,,,0,,,,,,,,,,,,,,,,,,,,,0,,,,,0,,,0,,,,,,,,,,0,,,,,,,,,,,,,,,,,,,0,,,,,,,,,,0,,0,,0,0,0,0,0,0,0,0,0,0,0,,0,0,0,0,0,0,0,0,0,0,0,,0,0,0,0,0,0,0,0,0,0,0,,,,,0,,,,,,0,,,,,,0,,,,,,,0,,,,,,,,,,,,,,,,,,,,,,,,,,,,,,,,,,,0,,,,,,,,,,,,,,,,,,,,,,,,,,,,,,,,,,,0,,,,,,,,,,,,,,,,,,,,,,,,,,,,,,,,,,,0,,,,,,,,,,,,,,,,,,,0,,,,,,,,,,,,,,,,,,,0,,,,,,,,,,,,,,,,,,,0
25-101,"2021-07-14 09:43:47",1,1,0,0,1,2,1,,2,2,49,2,2021-07-14,10,2,,30,,,,0,0,0,0,1,1,0,0,0,0,0,0,0,,,30,,,120,,,,,,,,0,,,,2,1,,,,,,,,,,4,0,,0,0,0,1,,0,,1,2020-10-12,2,1,76,173,36,77,126,84,30,95,15,1,0,0,1,25.393431120318088,1,0,0,2,1,0,0,0,0,1,1,1,1,0,0,0,0,0,0,0,0,1,1,0,0,0,0,0,0,0,0,0,0,0,0,0,0,0,0,0,0,0,0,0,0,0,0,0,0,0,0,0,0,0,0,0,0,0,0,0,0,0,0,0,0,0,0,0,0,2,1,,2,3,,,1,,,,,,,,,,2,1,,,1,1,1,0,,0,0,0,0,0,0,0,1,0,0,2,0,0,0,0,0,0,0,0,0,0,0,0,0,0,0,0,0,,,,,,,,,,,,,,,,,,0,0,0,0,0,0,,0,0,0,2,,,,,,,,,,,,,,0,,,,,,,,,,,,,,,,,,,,,,,,0,25-101_cl_COT_ca_E.zip,1,2,1,0,2,3,6,3,3,3,0,3,3,0,3,3,0,0,0,1,1,,2,,1,2,3,1,6,1,3,1,3,1,3,1,0,1,0,1,3,1,0,1,3,1,3,1,0,1,0,1,0,1,1,1,,2,,1,2,,,,,,,,,,,,,,,,,,,,,0,,,,,0,1,0,2,1,0,0,0,0,0,0,0,0,2,0,1,0,1,0,1,0,1,0,1,0,1,0,1,0,1,0,1,2,,,,,,,,,,0,cl_ben_face_25-101.jpg,2,0,0,1,0,0,0,0,0,0,0,0,2,0,0,1,0,0,0,0,0,0,0,0,2,,0,0,0,0,0,0,0,0,0,0,0,,,,,0,1,2021-07-21,3,,,2,1,2021-08-11,2,,,2,2022-03-14,3,,,,,0,,,,,,,,,,,,,,,,,,,,,,,,,,,,,,,,,,,0,,,,,,,,,,,,,,,,,,,,,,,,,,,,,,,,,,,0,,,,,,,,,,,,,,,,,,,,,,,,,,,,,,,,,,,0,,,,,,,,,,,,,,,,,,,0,,,,,,,,,,,,,,,,,,,0,,,,,,,,,,,,,,,,,,,0
25-102,"2021-08-09 11:19:37",1,1,0,0,1,2,1,,2,2,35,2,2021-08-09,10,4,,,,14,,1,0,0,0,0,1,1,1,1,0,1,0,0,14,,14,,,,3,7,14,,14,,,0,,,,1,2,2015,0,,3,,5,,,,1,0,,0,0,0,1,0,0,,0,,,1,51.6,168,36.8,100,125,84,20,95,15,0,0,0,0,18.282312925170068,2,0,0,2,1,0,0,0,0,0,0,0,0,0,0,0,0,0,0,0,0,0,0,0,0,0,0,0,1,0,0,0,0,0,0,0,0,0,0,0,0,0,0,0,0,0,0,0,0,0,0,0,0,0,0,0,0,0,0,0,0,0,0,0,0,0,0,0,0,2,2,25,2,3,,,1,,,,,,,,,,2,1,,,1,1,1,1,10,0,0,0,1,0,0,0,0,1,0,2,0,0,0,0,0,0,0,0,0,0,0,0,0,0,0,0,0,,,,,,,,,,,,,,,,,,0,0,0,0,0,0,,0,0,0,2,,,,,,,,,,,,,,0,,,,,,,,,,,,,,,,,,,,,,,,0,25-102_cl_COT_ca_E.zip,1,2,1,0,2,3,4,0,0,3,0,0,0,0,0,3,3,0,0,0,,,,,,2,3,1,4,1,0,1,3,1,0,1,0,1,0,1,0,1,0,1,0,,3,1,3,1,0,1,0,1,0,,,,,,2,,,,,,,,,,,,,,,,,,,,,0,,,,,0,1,0,2,0,0,0,0,0,0,0,0,0,2,0,1,0,1,0,1,0,1,0,1,0,1,0,1,0,1,0,1,2,,,,,,,,,,0,cl_ben_face_25-102.jpg,2,0,0,1,0,0,0,0,0,0,0,1,2,0,0,1,0,0,0,0,0,0,0,0,2,,0,0,0,0,0,0,0,0,0,0,0,,,,,0,1,2021-08-16,2,,,2,1,2021-09-06,2,,,2,2022-04-09,0,,,,,1,,,,,,,,,,,,,,,,,,,,,,,,,,,,,,,,,,,0,,,,,,,,,,,,,,,,,,,,,,,,,,,,,,,,,,,0,,,,,,,,,,,,,,,,,,,,,,,,,,,,,,,,,,,0,,,,,,,,,,,,,,,,,,,0,,,,,,,,,,,,,,,,,,,0,,,,,,,,,,,,,,,,,,,0
25-103,"2021-09-22 09:54:34",1,1,0,0,1,2,1,,2,2,39,2,2021-09-22,7,1,150,,,,,0,0,1,0,0,1,1,1,1,0,0,0,0,,,150,60,,,30,150,150,,,,,0,,,,1,1,,,,,,,,,,4,0,,0,0,0,1,0,0,,0,,,1,44.7,171,35.5,87,94,77,22,99,15,1,0,1,2,15.286754898943265,4,1,1,2,1,0,0,0,0,0,0,0,0,0,0,0,0,0,0,0,0,1,1,0,0,1,1,0,0,0,0,0,0,0,0,0,0,0,0,0,0,0,0,0,0,0,0,0,0,0,0,0,0,0,0,0,0,0,0,0,0,0,0,0,0,0,0,0,0,2,1,,2,3,,,1,,,,,,,,,,2,3,,1,1,1,0,0,,0,0,0,0,0,0,0,1,0,0,2,0,0,0,0,0,0,0,0,0,0,0,0,0,0,0,0,0,,,,,,,,,,,,,,,,,,0,0,0,0,0,0,,0,0,0,2,,,,,,,,,,,,,,0,,,,,,,,,,,,,,,,,,,,,,,,0,25-103_cl_COT_ca_E.zip,1,2,1,0,2,3,0,0,0,6,0,3,4,0,6,2,6,4,6,1,3,2,2,1,1,2,0,1,0,1,0,1,0,1,6,1,0,1,3,1,0,1,0,1,6,0,0,1,6,1,3,1,6,1,1,3,2,2,1,1,2,,,,,,,,,,,,,,,,,,,,,0,1,0,0,0,2,1,0,2,1,1,1,0,1,1,2,1,1,2,1,1,1,1,1,1,0,1,1,1,1,1,0,1,1,1,1,1,2,,,,,,,,,,0,cl_ben_face_25-103.jpg,2,0,0,1,1,0,1,1,0,0,0,1,2,0,0,1,1,0,1,1,0,1,0,0,2,,0,0,0,0,0,0,0,0,0,0,0,,,,,0,1,2021-09-29,2,,,2,1,2021-10-23,2,,,2,2022-05-19,0,,,,,1,,,,,,,,,,,,,,,,,,,,,,,,,,,,,,,,,,,0,,,,,,,,,,,,,,,,,,,,,,,,,,,,,,,,,,,0,,,,,,,,,,,,,,,,,,,,,,,,,,,,,,,,,,,0,,,,,,,,,,,,,,,,,,,0,,,,,,,,,,,,,,,,,,,0,,,,,,,,,,,,,,,,,,,0
25-104,"2021-05-07 13:39:55",1,1,0,0,1,2,1,,2,2,42,2,2021-05-07,7,2,,21,,,,1,0,0,1,0,1,0,1,0,0,0,0,0,30,,14,,14,,,14,,,,,,0,,,,2,1,,,,,,,,,,1,0,,0,0,0,1,0,0,,0,,,1,55.1,159,36,83,119,85,26,97,15,1,0,0,1,21.795023931015386,1,0,0,2,1,0,0,0,0,0,0,0,0,0,0,0,0,0,0,0,0,1,0,1,0,0,0,0,0,0,0,0,0,0,0,0,0,0,0,0,0,0,0,0,0,0,0,0,0,0,0,0,0,0,0,0,0,0,0,0,0,0,0,0,0,0,0,0,0,2,1,,1,3,,,1,,,,,,,,,,2,1,,,6,0,,1,10,1,0,0,0,0,0,0,1,0,0,2,1,0,0,1,0,0,0,0,0,0,0,0,0,0,0,0,0,,,,,,,,,,,,,,1,1,0,,0,0,0,0,0,0,0,1,0,0,2,,,,,,,,,,,,,,0,,,,,,,,,,,,,,,,,,,,,,,,0,25-104_cl_COT_ca_E.zip,1,2,1,0,2,0,3,3,0,0,0,0,3,0,0,0,1,0,0,0,,,,,,2,0,1,3,1,3,1,0,1,0,1,0,1,0,1,0,1,0,1,0,1,0,1,1,1,0,1,0,1,0,,,,,,2,,,,,,,,,,,,,,,,,,,,,0,0,0,0,0,2,1,0,2,0,0,0,0,0,0,0,0,0,2,0,1,0,1,0,1,0,1,0,1,0,1,0,1,0,1,0,1,2,,,,,,,,,,0,cl_ben_face_25-104.jpg,2,0,0,1,0,0,0,0,0,0,0,0,2,0,0,1,0,0,0,0,0,0,0,0,2,,0,0,0,0,0,0,0,0,0,0,0,,,,,0,1,2021-05-14,3,,,2,1,2021-06-07,3,,,2,,,,,,,0,,,,,,,,,,,,,,,,,,,,,,,,,,,,,,,,,,,0,,,,,,,,,,,,,,,,,,,,,,,,,,,,,,,,,,,0,,,,,,,,,,,,,,,,,,,,,,,,,,,,,,,,,,,0,,,,,,,,,,,,,,,,,,,0,,,,,,,,,,,,,,,,,,,0,,,,,,,,,,,,,,,,,,,0
25-105,"2021-09-21 16:16:29",1,1,0,1,,2,,,0,,,0,,,,,,,,,0,0,0,0,0,0,0,0,0,0,0,0,0,,,,,,,,,,,,,,,,,,,,,,,,,,,,,,,,,,,,,,,,,,,,,,,,,,,,,,,,,,,,0,,0,0,0,0,0,0,0,0,0,0,0,0,0,0,0,0,0,0,0,0,0,0,0,0,0,0,0,0,0,0,0,0,0,0,0,0,0,0,0,0,0,0,0,0,0,0,0,0,0,0,0,0,0,0,0,0,0,0,0,0,0,0,0,0,0,,,,,,,,,,,,,,,,,0,,,,,,,,,0,0,0,0,0,0,,0,0,0,0,,0,0,0,0,0,0,0,0,0,0,0,0,0,0,0,0,,,,,,,,,,,,,,,,,,0,0,0,0,0,0,,0,0,0,0,,,,,,,,,,,,,,0,,,,,,,,,,,,,,,,,,,,,,,,0,,0,0,,,0,,,,,,,,,,,,,,,,,,,,,0,,,,,,,,,,,,,,,,,,,,,,,,,,,,,,,,,,,0,,,,,,,,,,,,,,,,,,,,,0,,,,,0,,,0,,,,,,,,,,0,,,,,,,,,,,,,,,,,,,0,,,,,,,,,,0,,0,,0,0,0,0,0,0,0,0,0,0,0,,0,0,0,0,0,0,0,0,0,0,0,,0,0,0,0,0,0,0,0,0,0,0,,,,,0,,,,,,0,,,,,,0,,,,,,,0,,,,,,,,,,,,,,,,,,,,,,,,,,,,,,,,,,,0,,,,,,,,,,,,,,,,,,,,,,,,,,,,,,,,,,,0,,,,,,,,,,,,,,,,,,,,,,,,,,,,,,,,,,,0,,,,,,,,,,,,,,,,,,,0,,,,,,,,,,,,,,,,,,,0,,,,,,,,,,,,,,,,,,,0
25-106,"2021-04-09 10:26:23",1,1,0,0,1,2,1,,2,2,27,2,2021-04-09,6,2,,90,,,,1,0,0,0,0,1,0,1,1,0,0,0,0,90,,30,,,,,30,30,,,,,0,,,,1,1,,,,,,,,,,4,0,,0,0,0,1,0,0,,0,,,0,59.1,179,36.9,96,116,74,36,97,15,1,0,0,1,18.445117193595706,2,0,0,2,0,0,0,0,0,0,0,0,0,0,0,0,0,0,0,0,0,0,0,0,0,0,0,0,0,0,0,0,0,0,0,0,0,0,0,0,0,0,0,0,0,0,0,0,0,0,0,0,0,0,0,0,0,0,0,0,0,0,0,0,0,0,0,0,0,2,1,,2,3,,,1,,,,,,,,,,2,1,,,1,1,0,0,,0,0,0,0,0,0,0,1,0,0,2,0,0,0,0,0,0,0,0,0,0,0,0,0,0,0,0,0,,,,,,,,,,,,,,,,,,0,0,0,0,0,0,,0,0,0,2,,,,,,,,,,,,,,0,,,,,,,,,,,,,,,,,,,,,,,,0,25-106_cl_COT_ca_E.zip,1,2,1,0,2,0,3,0,3,3,3,3,3,4,3,3,3,4,0,0,,,,,,2,0,1,0,1,0,1,0,1,0,1,3,1,2,1,3,1,3,1,0,1,1,1,3,1,3,1,0,1,0,,,,,,2,,,,,,,,,,,,,,,,,,,,,0,1,0,0,0,2,1,0,2,1,0,0,0,0,0,0,0,0,2,0,0,0,1,0,1,0,1,0,1,0,1,0,1,0,1,0,1,2,,,,,,,,,,0,cl_ben_face_25-106.jpg,2,0,1,1,0,0,1,0,0,0,0,0,2,0,0,1,0,0,1,0,0,1,0,0,2,,0,0,0,0,0,0,0,0,0,0,0,,,,,0,1,2021-04-22,2,,,2,1,2021-05-09,2,,,2,2021-12-03,0,,,,,1,,,,,,,,,,,,,,,,,,,,,,,,,,,,,,,,,,,0,,,,,,,,,,,,,,,,,,,,,,,,,,,,,,,,,,,0,,,,,,,,,,,,,,,,,,,,,,,,,,,,,,,,,,,0,,,,,,,,,,,,,,,,,,,0,,,,,,,,,,,,,,,,,,,0,,,,,,,,,,,,,,,,,,,0
25-107,"2021-01-04 14:05:20",1,1,0,1,,2,,,0,,,0,,,,,,,,,0,0,0,0,0,0,0,0,0,0,0,0,0,,,,,,,,,,,,,,,,,,,,,,,,,,,,,,,,,,,,,,,,,,,,,,,,,,,,,,,,,,,,0,,0,0,0,0,0,0,0,0,0,0,0,0,0,0,0,0,0,0,0,0,0,0,0,0,0,0,0,0,0,0,0,0,0,0,0,0,0,0,0,0,0,0,0,0,0,0,0,0,0,0,0,0,0,0,0,0,0,0,0,0,0,0,0,0,0,,,,,,,,,,,,,,,,,0,,,,,,,,,0,0,0,0,0,0,,0,0,0,0,,0,0,0,0,0,0,0,0,0,0,0,0,0,0,0,0,,,,,,,,,,,,,,,,,,0,0,0,0,0,0,,0,0,0,0,,,,,,,,,,,,,,0,,,,,,,,,,,,,,,,,,,,,,,,0,,0,0,,,0,,,,,,,,,,,,,,,,,,,,,0,,,,,,,,,,,,,,,,,,,,,,,,,,,,,,,,,,,0,,,,,,,,,,,,,,,,,,,,,0,,,,,0,,,0,,,,,,,,,,0,,,,,,,,,,,,,,,,,,,0,,,,,,,,,,0,,0,,0,0,0,0,0,0,0,0,0,0,0,,0,0,0,0,0,0,0,0,0,0,0,,0,0,0,0,0,0,0,0,0,0,0,,,,,0,,,,,,0,,,,,,0,,,,,,,0,,,,,,,,,,,,,,,,,,,,,,,,,,,,,,,,,,,0,,,,,,,,,,,,,,,,,,,,,,,,,,,,,,,,,,,0,,,,,,,,,,,,,,,,,,,,,,,,,,,,,,,,,,,0,,,,,,,,,,,,,,,,,,,0,,,,,,,,,,,,,,,,,,,0,,,,,,,,,,,,,,,,,,,0
25-108,"2021-05-07 14:05:46",1,1,0,0,1,2,1,,2,2,,2,2021-05-08,6,2,,90,,,,1,0,1,1,0,1,1,1,1,0,1,0,0,90,,120,90,90,,90,90,90,,60,,,1,1,0,0,1,1,,,,,,,,,,2,0,,0,0,0,1,0,0,,0,,,0,47,166,37,104,109,87,36,99,15,1,0,0,1,17.056176513282043,4,0,0,2,1,0,0,0,0,0,0,0,0,0,0,0,0,0,0,0,0,0,1,1,1,1,0,0,0,0,0,0,0,0,0,0,0,0,0,0,0,0,0,0,0,0,0,0,0,0,0,0,0,0,0,0,0,0,0,0,0,0,0,0,0,0,1,1,1,2,1,,2,3,,,2,2,,,,47,,,,,2,2,1,,1,1,1,1,,0,0,0,1,1,0,0,1,0,0,2,0,0,0,0,0,0,0,0,0,0,0,0,0,0,0,0,0,,,,,,,,,,,,,,,,,,0,0,0,0,0,0,,0,0,0,2,,,,,,,,,,,,,,0,,,,,,,,,,,,,,,,,,,,,,,,0,25-108_cl_COT_ca_E.zip,1,2,1,0,2,4,4,3,4,3,0,3,3,0,3,0,0,0,0,0,,,,,,2,4,1,4,1,3,1,0,1,3,1,0,1,0,1,3,1,0,1,3,1,0,1,0,1,0,1,0,1,0,,,,,,2,,,,,,,,,,,,,,,,,,,,,0,1,0,0,0,2,1,0,2,2,0,0,0,0,0,0,2,0,2,2,1,0,1,0,1,0,1,0,1,0,1,0,1,0,1,0,1,2,,,,,,,,,,0,cl_ben_face_25-108.jpg,2,0,0,1,0,0,0,0,0,0,1,0,2,0,0,1,0,0,0,0,0,0,0,0,2,,0,0,0,0,0,0,0,0,0,0,0,,,,,0,1,2021-05-15,5,,2021-05-07,2,1,2021-06-06,5,,2021-05-08,2,2021-12-31,0,,,,,1,,,,,,,,,,,,,,,,,,,,,,,,,,,,,,,,,,,0,,,,,,,,,,,,,,,,,,,,,,,,,,,,,,,,,,,0,,,,,,,,,,,,,,,,,,,,,,,,,,,,,,,,,,,0,,,,,,,,,,,,,,,,,,,0,,,,,,,,,,,,,,,,,,,0,,,,,,,,,,,,,,,,,,,0
25-109,"2021-11-11 11:49:22",1,1,0,0,1,2,1,,2,2,28,2,2021-11-11,9,2,,120,,,,1,0,1,1,0,1,1,1,1,0,1,0,1,120,,120,120,60,,30,90,60,,120,,60,0,,,,1,1,,,,,,,,,,1,0,,0,0,0,1,0,0,,0,,,1,41,163,36.8,108,99,66,40,100,15,1,0,1,2,15.431517934434869,4,0,0,2,1,0,0,0,0,0,0,0,0,0,0,0,0,0,0,0,0,1,1,0,0,1,1,0,0,0,0,0,0,0,0,0,0,0,0,0,0,0,0,0,0,0,0,0,0,0,0,0,0,0,0,0,0,0,0,0,0,0,0,0,0,0,0,0,0,2,2,20,2,3,,,1,,,,,,,,,,2,1,,,1,1,0,0,,0,0,0,0,0,0,0,1,0,0,2,0,0,0,0,0,0,0,0,0,0,0,0,0,0,0,0,0,,,,,,,,,,,,,,,,,,0,0,0,0,0,0,,0,0,0,2,,,,,,,,,,,,,,0,,,,,,,,,,,,,,,,,,,,,,,,0,25-109_cl_COT_ca_E.zip,1,2,1,0,2,0,0,0,3,3,4,4,4,4,4,3,3,4,4,0,,,,,,2,0,1,0,1,0,1,3,1,0,1,4,1,4,1,4,1,4,1,4,1,3,1,3,1,4,1,4,1,0,,,,,,2,,,,,,,,,,,,,,,,,,,,,0,1,0,0,0,2,1,0,2,1,0,0,0,0,0,0,0,0,2,1,1,0,1,0,1,0,1,0,1,0,1,0,1,0,1,0,1,2,,,,,,,,,,0,cl_ben_face_25-109.jpg,2,0,0,1,0,1,1,0,0,0,0,0,2,0,0,1,0,1,1,0,0,0,0,0,2,,0,0,0,0,0,0,0,0,0,0,0,,,,,0,1,2021-11-18,3,,,2,1,2021-12-10,5,,2021-11-19,2,2022-07-06,0,,,,,1,,,,,,,,,,,,,,,,,,,,,,,,,,,,,,,,,,,0,,,,,,,,,,,,,,,,,,,,,,,,,,,,,,,,,,,0,,,,,,,,,,,,,,,,,,,,,,,,,,,,,,,,,,,0,,,,,,,,,,,,,,,,,,,0,,,,,,,,,,,,,,,,,,,0,,,,,,,,,,,,,,,,,,,0
25-110,"2021-08-15 08:45:47",1,1,0,0,1,2,1,,2,2,42,2,2021-08-15,9,2,,14,,,,1,0,0,0,0,0,1,1,0,0,0,0,0,60,,,,,,30,21,,,,,,0,,,,2,1,,,,,,,,,,1,0,,0,0,0,1,0,1,2021-05-16,0,,,1,54.8,171,36.2,82,142,83,26,98,15,1,0,0,1,18.74080913785438,4,0,0,2,1,0,0,0,0,0,0,0,0,0,0,0,0,0,0,0,0,1,1,1,1,1,1,0,0,0,0,0,0,0,0,0,0,0,0,0,0,0,0,0,0,0,0,0,0,0,0,0,0,0,0,0,0,0,0,0,0,0,0,0,0,0,0,0,0,2,1,,2,3,,,1,,,,,,,,,,2,1,,,1,1,0,0,,0,0,0,0,0,0,0,1,0,0,2,0,0,0,0,0,0,0,0,0,0,0,0,0,0,0,0,0,,,,,,,,,,,,,,,,,,0,0,0,0,0,0,,0,0,0,2,,,,,,,,,,,,,,0,,,,,,,,,,,,,,,,,,,,,,,,0,25-110_cl_COT_ca_E.zip,1,2,1,0,2,4,3,0,4,0,3,3,0,0,0,4,0,0,0,0,,,,,,2,4,1,1,1,0,1,4,1,0,1,3,1,3,1,0,1,0,1,0,1,4,1,0,1,0,1,0,1,0,,,,,,2,,,,,,,,,,,,,,,,,,,,,0,1,0,1,0,2,1,0,2,0,0,0,0,0,0,0,0,0,2,0,1,0,1,0,1,0,1,0,1,0,1,0,1,0,1,0,1,2,,,,,,,,,,0,cl_ben_face_25-110.jpg,2,0,1,1,0,0,0,0,0,0,0,0,2,0,0,1,0,0,0,0,0,0,0,0,2,,0,0,0,0,0,0,0,0,0,0,0,,,,,0,1,2021-08-21,2,,,2,1,2021-09-17,2,,,2,2022-04-08,0,,,,,1,,,,,,,,,,,,,,,,,,,,,,,,,,,,,,,,,,,0,,,,,,,,,,,,,,,,,,,,,,,,,,,,,,,,,,,0,,,,,,,,,,,,,,,,,,,,,,,,,,,,,,,,,,,0,,,,,,,,,,,,,,,,,,,0,,,,,,,,,,,,,,,,,,,0,,,,,,,,,,,,,,,,,,,0
25-111,"2021-07-27 10:49:53",1,1,0,0,1,2,1,,2,2,21,2,2021-07-27,10,2,,14,,,,1,0,0,1,1,1,0,0,1,1,0,0,0,14,,14,,30,2,,,2,14,,,,0,,,,2,1,,,,,,,,,,1,0,,0,0,0,1,0,0,,0,,,1,50.5,178,36.0,98,114,75,24,99,15,1,0,0,1,15.938644110592097,2,0,0,2,1,0,0,1,0,0,0,0,0,0,0,0,0,0,0,0,0,0,1,0,0,0,0,0,0,0,0,0,0,0,0,0,0,0,0,0,0,0,0,0,0,0,0,0,0,0,0,0,0,0,0,0,0,0,0,0,0,0,0,0,0,0,0,0,0,2,1,,1,3,,,2,2,,,,94,,,,,2,1,,,10,0,,1,21,0,0,0,1,1,0,0,1,0,0,2,1,0,0,0,0,0,0,0,0,0,1,0,0,0,0,0,0,,,,,,,,,,,,,,0,,1,,0,0,0,1,1,0,0,1,0,0,2,,,,,,,,,,,,,,0,,,,,,,,,,,,,,,,,,,,,,,,0,25-111_cl_COT_ca_E.zip,0,0,1,0,2,3,0,3,0,0,3,0,3,0,3,0,0,0,0,0,,,,,,2,3,1,0,1,3,1,0,1,0,1,3,1,0,1,1,1,0,1,3,1,0,1,0,1,0,1,0,1,0,,,,,,2,,,,,,,,,,,,,,,,,,,,,0,0,0,0,0,2,1,0,2,0,0,0,0,0,0,0,0,0,2,1,1,0,1,0,1,0,1,0,1,0,1,0,1,0,1,0,1,2,,,,,,,,,,0,cl_ben_face_25-111.jpg,2,1,0,0,0,0,0,0,0,0,0,0,2,1,0,0,0,0,0,0,0,0,0,0,2,,0,0,0,0,0,0,0,0,0,0,0,,,,,0,1,2021-08-08,2,,,2,1,2021-08-24,2,,,2,,,,,,,0,,,,,,,,,,,,,,,,,,,,,,,,,,,,,,,,,,,0,,,,,,,,,,,,,,,,,,,,,,,,,,,,,,,,,,,0,,,,,,,,,,,,,,,,,,,,,,,,,,,,,,,,,,,0,,,,,,,,,,,,,,,,,,,0,,,,,,,,,,,,,,,,,,,0,,,,,,,,,,,,,,,,,,,0
25-112,"2021-09-01 12:51:21",1,1,0,0,1,2,1,,2,1,24,2,2021-09-01,7,2,,120,,,,1,0,1,1,0,1,1,1,1,0,1,0,0,120,,90,90,90,,90,120,120,,120,,,0,,,,1,1,,,,,,,,,,1,0,,0,0,0,1,0,0,,0,,,0,35,150,38.7,147,113,92,50,96,15,1,0,0,1,15.555555555555555,5,0,0,2,1,0,0,0,0,0,0,0,0,0,0,0,0,0,0,0,0,1,1,1,1,1,1,1,0,0,0,0,0,0,0,0,0,0,0,0,0,0,0,0,0,0,0,0,0,0,0,0,0,0,0,0,0,0,0,0,0,0,0,0,0,0,0,0,1,2,1,,2,3,,,1,,,,,,1,,,,2,2,1,,1,1,0,0,,0,0,0,0,0,0,1,1,0,0,2,0,0,0,0,0,0,0,0,0,0,0,0,0,0,0,0,0,,,,,,,,,,,,,,,,,,0,0,0,0,0,0,,0,0,0,2,,,,,,,,,,,,,,0,,,,,,,,,,,,,,,,,,,,,,,,0,25-112_cl_COT_ca_E.zip,1,2,1,0,2,4,4,4,4,4,0,0,0,0,3,4,4,3,4,0,,,,,,2,4,1,4,1,4,1,4,1,4,1,0,1,0,1,0,1,0,1,3,1,4,1,4,1,3,1,3,1,0,,,,,,2,,,,,,,,,,,,,,,,,,,,,0,1,0,0,0,2,1,0,2,0,0,1,0,0,0,0,2,2,2,1,1,0,1,0,1,0,1,0,1,0,1,0,1,0,1,0,1,2,,,,,,,,,,0,cl_ben_face_25-112.jpg,2,0,1,1,0,0,1,0,0,0,1,0,2,0,1,1,0,0,1,0,0,0,0,0,2,,0,0,0,0,0,0,0,0,0,0,0,,,,,0,1,2021-09-11,5,,2022-09-01,2,1,2021-10-02,5,,2021-09-01,2,2022-04-24,0,,,,,1,,,,,,,,,,,,,,,,,,,,,,,,,,,,,,,,,,,0,,,,,,,,,,,,,,,,,,,,,,,,,,,,,,,,,,,0,,,,,,,,,,,,,,,,,,,,,,,,,,,,,,,,,,,0,,,,,,,,,,,,,,,,,,,0,,,,,,,,,,,,,,,,,,,0,,,,,,,,,,,,,,,,,,,0
25-113,"2021-04-12 09:51:52",1,1,0,0,1,2,1,,2,2,46,2,2021-04-12,7,2,,14,,,,1,0,0,0,0,0,0,1,0,0,0,0,0,14,,,,,,,14,,,,,,0,,,,1,1,,,,,,,,,,1,0,,0,0,0,1,0,1,2021-03-07,0,,,0,84,173,36.4,78,132,88,24,,15,1,0,0,1,28.066423869825254,1,0,0,2,0,0,0,0,0,0,0,0,0,0,0,0,0,0,0,0,0,0,0,0,0,0,0,0,0,0,0,0,0,0,0,0,0,0,0,0,0,0,0,0,0,0,0,0,0,0,0,0,0,0,0,0,0,0,0,0,0,0,0,0,0,0,0,0,0,2,2,42.8,1,3,,,1,,,,,,,,,,2,1,,,13,0,,1,6,0,0,0,1,0,0,0,1,0,0,2,0,0,0,0,0,0,0,0,0,0,0,0,0,0,0,0,0,,,,,,,,,,,,,,,,,,0,0,0,0,0,0,,0,0,0,2,,,,,,,,,,,,,,0,,,,,,,,,,,,,,,,,,,,,,,,0,25-113_cl_COT_ca_E.zip,1,2,1,0,2,0,0,3,0,0,0,0,4,0,0,0,0,4,0,0,,,,,,2,0,1,0,1,3,1,0,1,0,1,0,1,0,1,0,0,0,1,0,1,0,1,0,1,0,1,0,1,0,,,,,,2,,,,,,,,,,,,,,,,,,,,,0,0,0,0,0,2,1,0,2,0,0,0,0,0,0,0,0,0,2,0,1,0,1,0,1,0,1,0,1,0,1,0,1,0,1,0,1,2,,,,,,,,,,0,cl_ben_face_25-113.jpg,2,0,0,1,0,0,1,0,0,0,0,0,2,1,0,0,0,0,0,0,0,0,0,0,2,,0,0,0,0,0,0,0,0,0,0,0,,,,,0,1,2021-04-19,2,,,2,1,2021-05-10,1,,,2,,,,,,,0,,,,,,,,,,,,,,,,,,,,,,,,,,,,,,,,,,,0,,,,,,,,,,,,,,,,,,,,,,,,,,,,,,,,,,,0,,,,,,,,,,,,,,,,,,,,,,,,,,,,,,,,,,,0,,,,,,,,,,,,,,,,,,,0,,,,,,,,,,,,,,,,,,,0,,,,,,,,,,,,,,,,,,,0
25-114,"2021-10-20 10:41:55",1,1,0,0,1,2,1,,2,1,50,2,2021-10-20,7,2,,15,,,,1,0,0,1,0,0,0,1,1,0,0,1,1,15,,,,15,,,15,15,,,15,15,0,,,,2,1,,,,,,,,,,1,0,,0,0,0,1,0,0,,0,,,0,48.2,160,36.5,103,149,108,30,99,15,1,0,0,1,18.828125,2,0,1,2,1,0,0,0,0,0,0,0,0,0,0,0,0,0,0,0,0,1,1,1,1,1,1,1,1,0,0,0,0,0,0,0,0,0,0,0,0,0,0,0,0,0,0,0,0,0,0,0,0,0,0,0,0,0,0,0,0,0,0,0,0,0,0,0,0,2,1,,1,3,,,2,2,,,,339,,,,,2,1,,,3,1,0,0,,0,0,0,0,0,0,0,1,0,0,2,0,0,0,0,0,0,0,0,0,0,0,0,0,0,0,0,0,,,,,,,,,,,,,,,,,,0,0,0,0,0,0,,0,0,0,2,,,,,,,,,,,,,,0,,,,,,,,,,,,,,,,,,,,,,,,0,25-114_cl_COT_ca_E.zip,1,2,1,0,2,3,0,3,3,3,0,3,3,0,3,0,4,3,3,0,,,,,,2,0,1,0,1,3,1,3,1,3,1,0,1,1,1,3,1,0,1,3,1,0,1,3,1,3,1,3,1,0,,,,,,2,,,,,,,,,,,,,,,,,,,,,0,1,0,0,1,2,1,0,2,1,0,0,0,0,0,0,0,0,2,1,1,0,1,0,1,0,1,0,1,0,1,0,1,0,1,0,1,2,,,,,,,,,,0,cl_ben_face_25-114.jpg,2,0,0,1,0,0,1,0,0,0,0,0,2,0,0,0,0,0,0,0,0,0,0,1,2,,0,0,0,0,0,0,0,0,0,0,0,,,,,0,1,2021-10-27,2,,,2,1,2021-11-17,2,,,2,2022-06-09,1,,,,,1,,,,,,,,,,,,,,,,,,,,,,,,,,,,,,,,,,,0,,,,,,,,,,,,,,,,,,,,,,,,,,,,,,,,,,,0,,,,,,,,,,,,,,,,,,,,,,,,,,,,,,,,,,,0,,,,,,,,,,,,,,,,,,,0,,,,,,,,,,,,,,,,,,,0,,,,,,,,,,,,,,,,,,,0
25-115,"2021-08-26 09:45:22",1,1,0,0,2,2,,,0,,,0,,,,,,,,,0,0,0,0,0,0,0,0,0,0,0,0,0,,,,,,,,,,,,,,,,,,,,,,,,,,,,,,,,,,,,,,,,,,,,,,,,,,,,,,,,,,,,0,,0,0,0,0,0,0,0,0,0,0,0,0,0,0,0,0,0,0,0,0,0,0,0,0,0,0,0,0,0,0,0,0,0,0,0,0,0,0,0,0,0,0,0,0,0,0,0,0,0,0,0,0,0,0,0,0,0,0,0,0,0,0,0,0,0,,,,,,,,,,,,,,,,,0,,,,,,,,,0,0,0,0,0,0,,0,0,0,0,,0,0,0,0,0,0,0,0,0,0,0,0,0,0,0,0,,,,,,,,,,,,,,,,,,0,0,0,0,0,0,,0,0,0,0,,,,,,,,,,,,,,0,,,,,,,,,,,,,,,,,,,,,,,,0,,0,0,,,0,,,,,,,,,,,,,,,,,,,,,0,,,,,,,,,,,,,,,,,,,,,,,,,,,,,,,,,,,0,,,,,,,,,,,,,,,,,,,,,0,,,,,0,,,0,,,,,,,,,,0,,,,,,,,,,,,,,,,,,,0,,,,,,,,,,0,,0,,0,0,0,0,0,0,0,0,0,0,0,,0,0,0,0,0,0,0,0,0,0,0,,0,0,0,0,0,0,0,0,0,0,0,,,,,0,,,,,,0,,,,,,0,,,,,,,0,,,,,,,,,,,,,,,,,,,,,,,,,,,,,,,,,,,0,,,,,,,,,,,,,,,,,,,,,,,,,,,,,,,,,,,0,,,,,,,,,,,,,,,,,,,,,,,,,,,,,,,,,,,0,,,,,,,,,,,,,,,,,,,0,,,,,,,,,,,,,,,,,,,0,,,,,,,,,,,,,,,,,,,0
25-116,"2021-09-03 09:45:54",1,1,0,0,2,2,,,0,,,0,,,,,,,,,0,0,0,0,0,0,0,0,0,0,0,0,0,,,,,,,,,,,,,,,,,,,,,,,,,,,,,,,,,,,,,,,,,,,,,,,,,,,,,,,,,,,,0,,0,0,0,0,0,0,0,0,0,0,0,0,0,0,0,0,0,0,0,0,0,0,0,0,0,0,0,0,0,0,0,0,0,0,0,0,0,0,0,0,0,0,0,0,0,0,0,0,0,0,0,0,0,0,0,0,0,0,0,0,0,0,0,0,0,,,,,,,,,,,,,,,,,0,,,,,,,,,0,0,0,0,0,0,,0,0,0,0,,0,0,0,0,0,0,0,0,0,0,0,0,0,0,0,0,,,,,,,,,,,,,,,,,,0,0,0,0,0,0,,0,0,0,0,,,,,,,,,,,,,,0,,,,,,,,,,,,,,,,,,,,,,,,0,,0,0,,,0,,,,,,,,,,,,,,,,,,,,,0,,,,,,,,,,,,,,,,,,,,,,,,,,,,,,,,,,,0,,,,,,,,,,,,,,,,,,,,,0,,,,,0,,,0,,,,,,,,,,0,,,,,,,,,,,,,,,,,,,0,,,,,,,,,,0,,0,,0,0,0,0,0,0,0,0,0,0,0,,0,0,0,0,0,0,0,0,0,0,0,,0,0,0,0,0,0,0,0,0,0,0,,,,,0,,,,,,0,,,,,,0,,,,,,,0,,,,,,,,,,,,,,,,,,,,,,,,,,,,,,,,,,,0,,,,,,,,,,,,,,,,,,,,,,,,,,,,,,,,,,,0,,,,,,,,,,,,,,,,,,,,,,,,,,,,,,,,,,,0,,,,,,,,,,,,,,,,,,,0,,,,,,,,,,,,,,,,,,,0,,,,,,,,,,,,,,,,,,,0
25-117,"2021-07-27 12:06:04",1,1,0,0,1,2,1,,2,2,29,2,2021-07-27,6,2,,14,,,,1,0,1,1,0,1,1,1,1,1,1,1,0,21,,10,14,14,,14,,21,14,14,14,,0,,,,2,1,,,,,,,,,,3,0,,0,0,0,1,0,0,,0,,,1,61.4,170,35.9,90,100,70,34,96,15,1,0,1,2,21.24567474048443,4,0,0,2,1,0,0,0,0,0,0,0,0,0,0,0,0,0,0,0,0,1,1,0,1,1,1,1,0,0,0,0,0,0,0,0,0,0,0,1,0,0,0,0,0,0,0,0,0,0,0,0,0,0,0,0,0,0,0,0,0,0,0,0,0,0,0,0,0,2,1,,1,3,,,1,,,,,,,,,,2,1,,,6,0,,1,10,0,0,0,1,0,1,0,1,0,0,2,0,0,0,0,0,0,0,0,0,0,0,0,0,0,0,0,0,,,,,,,,,,,,,,,,,,0,0,0,0,0,0,,0,0,0,2,,,,,,,,,,,,,,0,,,,,,,,,,,,,,,,,,,,,,,,0,25-117_cl_COT_ca_E.zip,1,2,1,0,2,3,3,3,4,3,3,3,4,3,3,2,0,3,3,0,,,,,,2,3,1,0,1,0,1,3,1,1,1,3,1,3,1,4,1,3,1,2,1,2,1,0,1,3,1,3,1,0,,,,,,2,,,,,,,,,,,,,,,,,,,,,0,1,0,0,0,2,1,0,2,0,0,0,0,0,2,0,0,0,2,0,1,0,1,0,1,0,1,0,1,0,1,0,1,0,1,0,1,2,,,,,,,,,,0,cl_ben_face_25-117.jpg,2,0,0,1,0,0,1,0,0,0,0,0,2,0,0,1,0,0,1,0,0,0,0,0,2,,0,0,0,0,0,0,0,0,0,0,0,,,,,0,1,2021-08-04,2,,,2,1,2021-08-24,1,,,2,,,,,,,0,,,,,,,,,,,,,,,,,,,,,,,,,,,,,,,,,,,0,,,,,,,,,,,,,,,,,,,,,,,,,,,,,,,,,,,0,,,,,,,,,,,,,,,,,,,,,,,,,,,,,,,,,,,0,,,,,,,,,,,,,,,,,,,0,,,,,,,,,,,,,,,,,,,0,,,,,,,,,,,,,,,,,,,0
25-118,"2021-09-11 14:05:22",1,1,0,0,1,2,1,,2,1,46,2,2021-09-11,6,2,,3,,,,1,0,0,1,1,1,0,0,0,0,0,0,0,14,,7,,1,1,,,,,,,,0,,,,2,1,,,,,,,,,,1,0,,0,0,0,1,0,0,,0,,,0,60,168,37.5,113,133,81,28,98,15,1,0,0,1,21.258503401360546,2,0,0,2,1,0,0,1,1,1,1,1,1,0,0,0,0,0,0,0,0,1,1,0,0,0,0,0,0,0,0,0,0,0,0,0,0,0,0,0,0,0,0,0,0,0,0,0,0,0,0,0,0,0,0,0,0,0,0,0,0,0,0,0,0,0,0,0,0,2,2,30.2,1,3,,,1,,,,,,,,,,2,1,,,9,0,,1,10,1,0,0,1,0,0,0,0,1,0,2,0,0,0,0,0,0,0,0,0,0,0,0,0,0,0,0,0,,,,,,,,,,,,,,,,,,0,0,0,0,0,0,,0,0,0,2,,,,,,,,,,,,,,0,,,,,,,,,,,,,,,,,,,,,,,,0,25-118_cl_COT_ca_E.zip,1,2,1,0,2,0,0,3,0,3,0,0,3,0,0,0,3,0,4,0,,,,,,2,0,1,0,1,0,1,0,1,3,1,0,1,0,1,0,1,0,1,0,1,0,1,1,1,0,1,3,1,0,,,,,,2,,,,,,,,,,,,,,,,,,,,,0,0,0,0,0,2,2,1,2,1,0,0,0,0,2,0,2,2,2,1,1,0,1,0,1,0,1,0,1,2,0,0,1,0,1,2,0,2,,,,,,,,,,0,cl_ben_face_25-118.jpg,2,0,0,0,0,0,1,1,0,0,0,0,2,1,0,0,0,0,0,0,0,0,0,0,2,,0,0,0,0,0,0,0,0,0,0,0,,,,,0,1,2021-09-18,2,,,2,1,2021-10-09,4,,,2,,,,,,,0,,,,,,,,,,,,,,,,,,,,,,,,,,,,,,,,,,,0,,,,,,,,,,,,,,,,,,,,,,,,,,,,,,,,,,,0,,,,,,,,,,,,,,,,,,,,,,,,,,,,,,,,,,,0,,,,,,,,,,,,,,,,,,,0,,,,,,,,,,,,,,,,,,,0,,,,,,,,,,,,,,,,,,,0
25-119,"2021-04-18 10:19:49",1,1,0,0,1,2,1,,2,2,51,2,2021-04-18,9,2,,5,,,,1,0,0,0,0,0,0,1,1,1,0,0,1,5,,,,,,,3,5,5,,,5,0,,,,1,1,,,,,,,,,,1,0,,1,0,,1,0,0,,0,,,0,65.2,185,35.5,82,104,73,22,97,15,1,0,0,1,19.050401753104456,2,0,0,2,1,1,1,1,1,0,0,0,0,0,0,0,0,0,0,0,0,0,0,0,0,0,0,0,0,0,0,0,0,0,0,0,0,0,0,0,0,0,0,0,0,0,0,0,0,0,0,0,0,0,0,0,0,0,0,0,0,0,0,0,0,0,0,0,0,2,2,25.2,1,2,,,1,,,,,,,,,,2,1,,,9,0,,1,6,0,0,0,1,0,0,0,0,1,0,2,0,0,0,0,0,0,0,0,0,0,0,0,0,0,0,0,0,,,,,,,,,,,,,,,,,,0,0,0,0,0,0,,0,0,0,2,,,,,,,,,,,,,,0,,,,,,,,,,,,,,,,,,,,,,,,0,25-119_cl_COT_ca_E.zip,1,2,1,0,2,0,0,3,0,0,0,0,0,0,3,0,0,0,0,0,,,,,,2,0,1,0,1,3,1,0,1,0,1,0,1,0,1,0,1,0,1,0,1,0,1,0,1,0,1,0,1,0,,,,,,2,,,,,,,,,,,,,,,,,,,,,0,0,0,0,0,2,1,0,2,0,2,0,0,0,0,2,0,0,2,0,1,2,1,0,1,0,1,0,1,0,1,0,1,0,1,0,1,2,,,,,,,,,,0,cl_ben_face_25-119.jpg,2,0,0,1,0,0,0,0,0,0,0,0,2,0,0,1,0,0,0,0,0,0,0,0,2,,0,0,0,0,0,0,0,0,0,0,0,,,,,0,1,2021-04-25,2,,,2,1,2021-05-16,1,,,2,,,,,,,0,,,,,,,,,,,,,,,,,,,,,,,,,,,,,,,,,,,0,,,,,,,,,,,,,,,,,,,,,,,,,,,,,,,,,,,0,,,,,,,,,,,,,,,,,,,,,,,,,,,,,,,,,,,0,,,,,,,,,,,,,,,,,,,0,,,,,,,,,,,,,,,,,,,0,,,,,,,,,,,,,,,,,,,0
25-120,"2021-06-19 11:06:18",1,1,0,0,1,2,1,,2,2,48,2,2021-06-19,9,2,,14,,,,1,0,0,0,0,1,1,1,1,0,1,0,0,14,,60,,,,14,14,14,,14,,,0,,,,3,1,,,,,,,,,,3,0,,0,0,0,1,0,0,,0,,,1,56.3,174,36.0,82,140,87,26,96,15,1,0,0,1,18.595587263839345,2,0,0,2,1,0,0,1,1,0,0,0,0,0,0,0,0,0,0,0,0,1,1,0,0,1,1,1,1,0,0,0,0,0,0,0,0,0,0,0,0,0,0,0,0,0,0,0,0,0,0,0,0,0,0,0,0,0,0,0,0,0,0,0,0,0,0,0,0,2,1,,2,3,,,1,,,,,,,,,,2,1,,,1,1,0,0,,0,0,0,0,0,0,0,1,0,0,2,0,0,0,0,0,0,0,0,0,0,0,0,0,0,0,0,0,,,,,,,,,,,,,,,,,,0,0,0,0,0,0,,0,0,0,2,,,,,,,,,,,,,,0,,,,,,,,,,,,,,,,,,,,,,,,0,25-120_cl_COT_ca_E.zip,1,2,1,0,2,3,3,3,0,3,3,3,3,3,3,0,3,3,0,0,,,,,,2,0,1,0,1,3,1,0,1,3,1,3,1,3,1,3,1,3,1,3,1,0,1,3,1,3,1,0,1,0,,,,,,2,,,,,,,,,,,,,,,,,,,,,0,1,0,0,0,2,1,0,2,2,0,0,0,0,0,0,0,0,2,1,1,0,1,0,1,0,1,0,1,0,1,0,1,0,1,0,1,2,,,,,,,,,,0,cl_ben_face_25-120.jpg,2,0,0,1,0,0,1,0,0,0,0,0,2,0,0,0,0,0,0,0,0,0,0,1,2,,0,0,0,0,0,0,0,0,0,0,0,,,,,0,1,2021-06-27,2,,,2,1,2021-06-27,2,,,2,2022-02-04,0,,,,,1,,,,,,,,,,,,,,,,,,,,,,,,,,,,,,,,,,,0,,,,,,,,,,,,,,,,,,,,,,,,,,,,,,,,,,,0,,,,,,,,,,,,,,,,,,,,,,,,,,,,,,,,,,,0,,,,,,,,,,,,,,,,,,,0,,,,,,,,,,,,,,,,,,,0,,,,,,,,,,,,,,,,,,,0
25-121,"2021-11-09 17:50:52",1,1,0,1,,2,,,0,,,0,,,,,,,,,0,0,0,0,0,0,0,0,0,0,0,0,0,,,,,,,,,,,,,,,,,,,,,,,,,,,,,,,,,,,,,,,,,,,,,,,,,,,,,,,,,,,,0,,0,0,0,0,0,0,0,0,0,0,0,0,0,0,0,0,0,0,0,0,0,0,0,0,0,0,0,0,0,0,0,0,0,0,0,0,0,0,0,0,0,0,0,0,0,0,0,0,0,0,0,0,0,0,0,0,0,0,0,0,0,0,0,0,0,,,,,,,,,,,,,,,,,0,,,,,,,,,0,0,0,0,0,0,,0,0,0,0,,0,0,0,0,0,0,0,0,0,0,0,0,0,0,0,0,,,,,,,,,,,,,,,,,,0,0,0,0,0,0,,0,0,0,0,,,,,,,,,,,,,,0,,,,,,,,,,,,,,,,,,,,,,,,0,,0,0,,,0,,,,,,,,,,,,,,,,,,,,,0,,,,,,,,,,,,,,,,,,,,,,,,,,,,,,,,,,,0,,,,,,,,,,,,,,,,,,,,,0,,,,,0,,,0,,,,,,,,,,0,,,,,,,,,,,,,,,,,,,0,,,,,,,,,,0,,0,,0,0,0,0,0,0,0,0,0,0,0,,0,0,0,0,0,0,0,0,0,0,0,,0,0,0,0,0,0,0,0,0,0,0,,,,,0,,,,,,0,,,,,,0,,,,,,,0,,,,,,,,,,,,,,,,,,,,,,,,,,,,,,,,,,,0,,,,,,,,,,,,,,,,,,,,,,,,,,,,,,,,,,,0,,,,,,,,,,,,,,,,,,,,,,,,,,,,,,,,,,,0,,,,,,,,,,,,,,,,,,,0,,,,,,,,,,,,,,,,,,,0,,,,,,,,,,,,,,,,,,,0
25-122,"2021-09-07 10:08:53",1,1,0,0,1,2,1,,2,2,38,2,2021-09-07,10,2,,75,,,,1,0,1,1,0,0,0,1,0,0,1,0,1,60,,,60,60,,,60,,,50,,,0,,,,1,2,2020,1,1,3,,3,,,,1,0,,0,0,0,1,0,0,,0,,,1,59.7,179,36.8,70,120,77,22,97,15,1,0,0,1,18.632377266627135,1,0,0,2,1,0,0,0,0,0,1,0,0,0,0,0,0,0,0,0,0,0,0,0,0,0,0,0,0,0,0,0,0,0,0,0,0,0,0,0,0,0,0,0,0,0,0,0,0,0,0,0,0,0,0,0,0,0,0,0,0,0,0,0,0,0,0,0,0,2,2,13.2,1,3,,,1,,,,,,,,,,2,1,,,12,0,,1,10,1,0,1,0,0,0,0,1,0,0,2,0,0,0,0,0,0,0,0,0,0,0,0,0,0,0,0,0,,,,,,,,,,,,,,,,,,0,0,0,0,0,0,,0,0,0,2,,,,,,,,,,,,,,0,,,,,,,,,,,,,,,,,,,,,,,,0,25-122_cl_COT_ca_E.zip,1,2,1,0,2,3,4,3,3,3,3,3,3,3,3,3,3,4,0,0,,,,,,2,3,1,3,1,3,1,3,1,3,1,0,1,3,1,0,1,3,1,3,1,3,1,3,1,3,1,0,1,0,,,,,,2,,,,,,,,,,,,,,,,,,,,,0,1,0,0,0,2,1,0,2,0,0,0,0,0,0,0,0,0,2,1,0,0,1,0,1,0,1,0,1,0,1,0,1,0,1,0,1,2,,,,,,,,,,0,cl_ben_face_25-122.jpg,2,0,0,1,0,0,1,1,0,0,0,1,2,0,0,0,0,0,0,0,0,0,0,1,2,,0,0,0,0,0,0,0,0,0,0,0,,,,,0,1,2021-09-28,5,,,2,1,2021-10-05,2,,,2,,,,,,,0,,,,,,,,,,,,,,,,,,,,,,,,,,,,,,,,,,,0,,,,,,,,,,,,,,,,,,,,,,,,,,,,,,,,,,,0,,,,,,,,,,,,,,,,,,,,,,,,,,,,,,,,,,,0,,,,,,,,,,,,,,,,,,,0,,,,,,,,,,,,,,,,,,,0,,,,,,,,,,,,,,,,,,,0
25-123,"2021-09-27 12:26:50",1,1,0,0,1,2,1,,2,2,52,2,2021-09-27,8,2,,21,,,,1,0,1,1,0,1,1,1,1,1,0,0,0,21,,14,21,14,,,14,14,14,,,,1,0,0,0,1,1,,,,,,,,,,1,0,,0,0,0,1,0,0,,0,,,1,44,172,36.2,145,97,76,26,96,15,1,0,1,2,14.872904272579772,4,0,0,2,1,0,0,0,0,0,1,0,0,0,0,0,0,0,0,0,0,1,1,0,0,0,0,0,0,0,0,0,0,0,0,0,0,0,0,0,0,0,0,0,0,0,0,0,0,0,0,0,0,0,0,0,0,0,0,0,0,0,0,0,0,0,0,0,0,2,2,18.8,1,3,,,2,2,,,,24,,,,,2,2,1,,3,1,1,1,,0,0,0,1,1,0,0,1,0,0,2,0,0,0,0,0,0,0,0,0,0,0,0,0,0,0,0,0,,,,,,,,,,,,,,,,,,0,0,0,0,0,0,,0,0,0,2,,,,,,,,,,,,,,0,,,,,,,,,,,,,,,,,,,,,,,,0,25-123_cl_COT_ca_E.zip,0,0,1,0,2,3,3,3,3,3,3,3,3,3,3,3,3,3,3,0,,,,,,2,3,1,3,1,3,1,3,1,2,1,0,1,0,1,0,1,0,1,0,1,3,1,3,1,3,1,3,1,0,,,,,,2,,,,,,,,,,,,,,,,,,,,,0,1,0,0,0,2,1,0,2,0,0,0,0,0,0,0,0,0,2,0,1,0,1,0,1,0,1,0,1,0,1,0,1,0,1,0,1,2,,,,,,,,,,0,cl_ben_face_25-123.jpg,2,0,0,1,0,0,1,0,0,0,1,0,2,0,0,1,0,0,1,0,0,0,0,0,2,,0,0,0,0,0,0,0,0,0,0,0,,,,,0,,,5,,2021-09-27,2,1,2021-10-25,2,,,2,2022-05-10,1,,,,,1,,,,,,,,,,,,,,,,,,,,,,,,,,,,,,,,,,,0,,,,,,,,,,,,,,,,,,,,,,,,,,,,,,,,,,,0,,,,,,,,,,,,,,,,,,,,,,,,,,,,,,,,,,,0,,,,,,,,,,,,,,,,,,,0,,,,,,,,,,,,,,,,,,,0,,,,,,,,,,,,,,,,,,,0
25-124,"2021-08-21 10:17:02",1,1,0,0,1,2,1,,2,1,55,2,2021-08-21,6,2,,90,,,,1,0,0,0,0,1,0,1,0,0,0,0,1,90,,7,,,,,90,,,,,90,0,,,,2,1,,,,,,,,,,1,0,,0,0,0,1,0,0,,0,,,1,42.1,165,38.1,148,115,85,44,96,15,1,0,0,1,15.463728191000918,2,0,0,2,1,0,0,0,0,0,0,0,0,0,0,0,0,0,0,0,0,1,1,1,1,1,1,1,1,0,0,0,0,0,0,0,0,0,0,0,0,0,0,0,0,0,0,0,0,0,0,0,0,0,0,0,0,0,0,0,0,0,0,0,0,0,0,0,0,2,2,18.0,2,3,,,1,,,,,,,,,,2,2,1,,1,1,1,0,,0,0,0,0,0,0,0,0,0,0,2,0,0,0,0,0,0,0,0,0,0,0,0,0,0,0,0,0,,,,,,,,,,,,,,,,,,0,0,0,0,0,0,,0,0,0,2,,,,,,,,,,,,,,0,,,,,,,,,,,,,,,,,,,,,,,,0,25-124_cl_COT_ca_E.zip,1,2,1,0,2,4,0,4,4,3,3,4,3,4,4,3,4,0,4,1,2,2,,2,,2,0,1,0,1,3,1,3,1,0,1,3,1,4,1,3,1,3,1,3,1,3,1,3,1,0,1,4,1,1,2,2,,2,,2,,,,,,,,,,,,,,,,,,,,,0,1,0,0,0,2,1,0,2,0,0,0,0,0,0,0,0,0,2,0,1,0,1,0,1,0,1,0,1,0,1,0,1,0,1,0,1,2,,,,,,,,,,0,cl_ben_face_25-124.jpg,2,0,1,1,0,1,1,0,0,0,0,0,2,0,1,1,0,0,1,0,0,0,0,0,2,,0,0,0,0,0,0,0,0,0,0,0,,,,,0,1,,5,,2021-08-21,2,0,2021-09-14,6,2021-09-14,,2,2022-04-02,6,,,,,1,,,,,,,,,,,,,,,,,,,,,,,,,,,,,,,,,,,0,,,,,,,,,,,,,,,,,,,,,,,,,,,,,,,,,,,0,,,,,,,,,,,,,,,,,,,,,,,,,,,,,,,,,,,0,,,,,,,,,,,,,,,,,,,0,,,,,,,,,,,,,,,,,,,0,,,,,,,,,,,,,,,,,,,0
25-125,"2021-11-23 12:05:12",1,1,0,1,,2,,,0,,,0,,,,,,,,,0,0,0,0,0,0,0,0,0,0,0,0,0,,,,,,,,,,,,,,,,,,,,,,,,,,,,,,,,,,,,,,,,,,,,,,,,,,,,,,,,,,,,0,,0,0,0,0,0,0,0,0,0,0,0,0,0,0,0,0,0,0,0,0,0,0,0,0,0,0,0,0,0,0,0,0,0,0,0,0,0,0,0,0,0,0,0,0,0,0,0,0,0,0,0,0,0,0,0,0,0,0,0,0,0,0,0,0,0,,,,,,,,,,,,,,,,,0,,,,,,,,,0,0,0,0,0,0,,0,0,0,0,,0,0,0,0,0,0,0,0,0,0,0,0,0,0,0,0,,,,,,,,,,,,,,,,,,0,0,0,0,0,0,,0,0,0,0,,,,,,,,,,,,,,0,,,,,,,,,,,,,,,,,,,,,,,,0,,0,0,,,0,,,,,,,,,,,,,,,,,,,,,0,,,,,,,,,,,,,,,,,,,,,,,,,,,,,,,,,,,0,,,,,,,,,,,,,,,,,,,,,0,,,,,0,,,0,,,,,,,,,,0,,,,,,,,,,,,,,,,,,,0,,,,,,,,,,0,,0,,0,0,0,0,0,0,0,0,0,0,0,,0,0,0,0,0,0,0,0,0,0,0,,0,0,0,0,0,0,0,0,0,0,0,,,,,0,,,,,,0,,,,,,0,,,,,,,0,,,,,,,,,,,,,,,,,,,,,,,,,,,,,,,,,,,0,,,,,,,,,,,,,,,,,,,,,,,,,,,,,,,,,,,0,,,,,,,,,,,,,,,,,,,,,,,,,,,,,,,,,,,0,,,,,,,,,,,,,,,,,,,0,,,,,,,,,,,,,,,,,,,0,,,,,,,,,,,,,,,,,,,0
25-126,"2021-10-25 12:05:47",1,1,0,0,3,2,,,0,,,0,,,,,,,,,0,0,0,0,0,0,0,0,0,0,0,0,0,,,,,,,,,,,,,,,,,,,,,,,,,,,,,,,,,,,,,,,,,,,,,,,,,,,,,,,,,,,,0,,0,0,0,0,0,0,0,0,0,0,0,0,0,0,0,0,0,0,0,0,0,0,0,0,0,0,0,0,0,0,0,0,0,0,0,0,0,0,0,0,0,0,0,0,0,0,0,0,0,0,0,0,0,0,0,0,0,0,0,0,0,0,0,0,0,,,,,,,,,,,,,,,,,0,,,,,,,,,0,0,0,0,0,0,,0,0,0,0,,0,0,0,0,0,0,0,0,0,0,0,0,0,0,0,0,,,,,,,,,,,,,,,,,,0,0,0,0,0,0,,0,0,0,0,,,,,,,,,,,,,,0,,,,,,,,,,,,,,,,,,,,,,,,0,,0,0,,,0,,,,,,,,,,,,,,,,,,,,,0,,,,,,,,,,,,,,,,,,,,,,,,,,,,,,,,,,,0,,,,,,,,,,,,,,,,,,,,,0,,,,,0,,,0,,,,,,,,,,0,,,,,,,,,,,,,,,,,,,0,,,,,,,,,,0,,0,,0,0,0,0,0,0,0,0,0,0,0,,0,0,0,0,0,0,0,0,0,0,0,,0,0,0,0,0,0,0,0,0,0,0,,,,,0,,,,,,0,,,,,,0,,,,,,,0,,,,,,,,,,,,,,,,,,,,,,,,,,,,,,,,,,,0,,,,,,,,,,,,,,,,,,,,,,,,,,,,,,,,,,,0,,,,,,,,,,,,,,,,,,,,,,,,,,,,,,,,,,,0,,,,,,,,,,,,,,,,,,,0,,,,,,,,,,,,,,,,,,,0,,,,,,,,,,,,,,,,,,,0
25-127,"2021-11-27 12:06:19",1,1,0,1,,2,,,0,,,0,,,,,,,,,0,0,0,0,0,0,0,0,0,0,0,0,0,,,,,,,,,,,,,,,,,,,,,,,,,,,,,,,,,,,,,,,,,,,,,,,,,,,,,,,,,,,,0,,0,0,0,0,0,0,0,0,0,0,0,0,0,0,0,0,0,0,0,0,0,0,0,0,0,0,0,0,0,0,0,0,0,0,0,0,0,0,0,0,0,0,0,0,0,0,0,0,0,0,0,0,0,0,0,0,0,0,0,0,0,0,0,0,0,,,,,,,,,,,,,,,,,0,,,,,,,,,0,0,0,0,0,0,,0,0,0,0,,0,0,0,0,0,0,0,0,0,0,0,0,0,0,0,0,,,,,,,,,,,,,,,,,,0,0,0,0,0,0,,0,0,0,0,,,,,,,,,,,,,,0,,,,,,,,,,,,,,,,,,,,,,,,0,,0,0,,,0,,,,,,,,,,,,,,,,,,,,,0,,,,,,,,,,,,,,,,,,,,,,,,,,,,,,,,,,,0,,,,,,,,,,,,,,,,,,,,,0,,,,,0,,,0,,,,,,,,,,0,,,,,,,,,,,,,,,,,,,0,,,,,,,,,,0,,0,,0,0,0,0,0,0,0,0,0,0,0,,0,0,0,0,0,0,0,0,0,0,0,,0,0,0,0,0,0,0,0,0,0,0,,,,,0,,,,,,0,,,,,,0,,,,,,,0,,,,,,,,,,,,,,,,,,,,,,,,,,,,,,,,,,,0,,,,,,,,,,,,,,,,,,,,,,,,,,,,,,,,,,,0,,,,,,,,,,,,,,,,,,,,,,,,,,,,,,,,,,,0,,,,,,,,,,,,,,,,,,,0,,,,,,,,,,,,,,,,,,,0,,,,,,,,,,,,,,,,,,,0
25-128,"2021-02-02 12:06:56",1,1,0,0,1,2,1,,2,2,47,2,2021-02-02,6,2,,12,,,,1,0,0,1,0,1,1,1,0,0,1,0,0,12,,6,,6,,6,6,,,4,,,0,,,,1,1,,,,,,,,,,4,0,,0,1,0,1,0,1,2021-01-26,0,,,1,47.7,160,36.9,109,180,97,48,97,15,1,0,0,1,18.6328125,4,0,0,2,1,0,0,0,0,1,1,0,0,0,0,0,0,0,0,0,0,1,1,1,1,0,0,0,1,0,0,0,0,0,0,0,0,0,0,0,0,0,0,0,0,0,0,0,0,0,0,0,0,0,0,0,0,0,0,0,0,0,0,0,0,0,0,0,0,2,1,,1,3,,,1,,,,,,,,,,2,3,,1,6,0,,1,21,1,1,0,1,0,0,0,1,0,0,2,0,0,0,0,0,0,0,0,0,0,0,0,0,0,0,0,0,,,,,,,,,,,,,,,,,,0,0,0,0,0,0,,0,0,0,2,,,,,,,,,,,,,,0,,,,,,,,,,,,,,,,,,,,,,,,0,25-128_cl_COT_ca_E.zip,1,2,1,0,2,3,0,0,0,3,0,0,3,3,3,3,0,0,4,1,2,1,,1,,2,3,1,0,1,0,1,0,1,3,1,0,1,0,1,3,1,0,1,3,1,0,1,0,1,0,1,3,1,0,,,,,,2,,,,,,,,,,,,,,,,,,,,,0,1,0,0,0,2,1,0,2,0,0,0,0,0,1,0,0,0,2,0,1,0,1,0,1,0,1,0,1,0,1,0,1,0,1,0,1,2,,,,,,,,,,0,cl_ben_face_25-128.jpg,2,0,0,1,0,1,1,1,0,0,1,0,2,0,0,1,0,0,1,0,0,0,1,0,2,,0,0,0,0,0,0,0,0,0,0,0,,,,,0,1,2021-02-09,2,,,2,1,2021-03-01,2,,,2,,,,,,,0,,,,,,,,,,,,,,,,,,,,,,,,,,,,,,,,,,,0,,,,,,,,,,,,,,,,,,,,,,,,,,,,,,,,,,,0,,,,,,,,,,,,,,,,,,,,,,,,,,,,,,,,,,,0,,,,,,,,,,,,,,,,,,,0,,,,,,,,,,,,,,,,,,,0,,,,,,,,,,,,,,,,,,,0
25-129,"2021-08-08 10:33:23",1,1,0,0,1,2,1,,2,1,58,2,2021-08-08,9,2,,10,,,,1,0,0,0,1,0,0,1,0,0,1,0,0,10,,,,,9,,9,,,10,,,0,,,,3,1,,,,,,,,,,1,0,,0,1,0,1,0,0,,0,,,0,76.2,164,36.8,80,169,112,18,95,15,0,0,0,0,28.331350386674597,1,0,0,2,1,0,0,0,0,0,0,0,0,0,0,0,0,0,0,0,0,1,1,1,1,0,0,0,0,0,0,0,0,0,0,0,0,0,0,0,0,0,0,0,0,0,0,0,0,0,0,0,0,0,0,0,0,0,0,0,0,0,0,0,0,0,0,0,0,2,1,,1,2,,,1,,,,,,,,,,2,1,,,9,0,,1,6,0,0,0,1,0,0,0,0,1,0,2,0,0,0,0,0,0,0,0,0,0,0,0,0,0,0,0,0,,,,,,,,,,,,,,,,,,0,0,0,0,0,0,,0,0,0,2,,,,,,,,,,,,,,0,,,,,,,,,,,,,,,,,,,,,,,,0,25-129_cl_COT_ca_E.zip,1,2,1,0,2,0,4,4,0,0,0,3,3,0,3,3,0,0,3,0,,,,,,2,0,1,3,1,3,1,0,1,0,1,0,1,3,1,0,1,0,1,3,1,0,1,0,1,0,1,3,1,0,,,,,,2,,,,,,,,,,,,,,,,,,,,,0,0,0,1,0,2,1,0,2,0,2,0,0,0,0,0,0,0,2,0,1,0,1,0,1,0,1,0,1,0,1,0,1,0,1,0,1,2,,,,,,,,,,0,cl_ben_face_25-129.jpg,2,0,0,1,0,0,1,0,0,0,0,0,2,0,0,1,0,0,0,0,0,0,1,0,2,,0,0,0,0,0,0,0,0,0,0,0,,,,,0,1,2021-08-15,3,,,2,1,2021-09-06,1,,,2,,,,,,,0,,,,,,,,,,,,,,,,,,,,,,,,,,,,,,,,,,,0,,,,,,,,,,,,,,,,,,,,,,,,,,,,,,,,,,,0,,,,,,,,,,,,,,,,,,,,,,,,,,,,,,,,,,,0,,,,,,,,,,,,,,,,,,,0,,,,,,,,,,,,,,,,,,,0,,,,,,,,,,,,,,,,,,,0
25-130,"2021-07-26 11:33:09",1,1,0,0,1,2,1,,2,1,50,2,2021-07-26,9,2,,30,,,,1,0,0,1,0,1,0,0,0,0,0,0,0,40,,21,,14,,,,,,,,,0,,,,2,1,,,,,,,,,,1,0,,0,0,0,1,0,0,,0,,,1,48.8,159,36.9,83,126,69,28,100,15,1,0,0,1,19.303033898975514,1,0,0,2,1,0,0,0,0,0,0,0,0,0,0,0,0,0,0,0,0,1,1,1,1,0,0,1,1,0,0,0,0,0,0,0,0,0,0,0,0,0,0,0,0,0,0,0,0,0,0,0,0,0,0,0,0,0,0,0,0,0,0,0,0,0,0,0,0,2,2,40.2,1,3,,,1,,,,,,,,,,2,1,,,13,0,,1,6,0,0,0,1,0,0,0,1,0,0,2,0,0,0,0,0,0,0,0,0,0,0,0,0,0,0,0,0,,,,,,,,,,,,,,,,,,0,0,0,0,0,0,,0,0,0,2,,,,,,,,,,,,,,0,,,,,,,,,,,,,,,,,,,,,,,,0,25-130_cl_COT_ca_E.zip,1,2,1,0,2,3,3,3,0,0,0,0,0,0,0,0,0,0,0,0,,,,,,2,0,1,0,1,0,1,0,1,0,1,0,1,0,1,0,1,0,1,0,1,0,1,0,1,0,1,0,1,0,,,,,,2,,,,,,,,,,,,,,,,,,,,,0,0,0,0,0,2,1,0,2,0,2,0,0,0,0,0,0,0,2,0,1,0,1,0,1,0,1,0,1,0,1,0,1,0,1,0,1,2,,,,,,,,,,0,cl_ben_face_25-130.jpg,2,1,0,0,0,0,0,0,0,0,0,0,2,1,0,0,0,0,0,0,0,0,0,0,2,,0,0,0,0,0,0,0,0,0,0,0,,,,,0,1,2021-08-02,2,,,2,1,2021-08-23,1,,,2,,,,,,,0,,,,,,,,,,,,,,,,,,,,,,,,,,,,,,,,,,,0,,,,,,,,,,,,,,,,,,,,,,,,,,,,,,,,,,,0,,,,,,,,,,,,,,,,,,,,,,,,,,,,,,,,,,,0,,,,,,,,,,,,,,,,,,,0,,,,,,,,,,,,,,,,,,,0,,,,,,,,,,,,,,,,,,,0
25-132,"2021-11-17 17:34:22",1,1,0,0,2,2,,,0,,,0,,,,,,,,,0,0,0,0,0,0,0,0,0,0,0,0,0,,,,,,,,,,,,,,,,,,,,,,,,,,,,,,,,,,,,,,,,,,,,,,,,,,,,,,,,,,,,0,,0,0,0,0,0,0,0,0,0,0,0,0,0,0,0,0,0,0,0,0,0,0,0,0,0,0,0,0,0,0,0,0,0,0,0,0,0,0,0,0,0,0,0,0,0,0,0,0,0,0,0,0,0,0,0,0,0,0,0,0,0,0,0,0,0,,,,,,,,,,,,,,,,,0,,,,,,,,,0,0,0,0,0,0,,0,0,0,0,,0,0,0,0,0,0,0,0,0,0,0,0,0,0,0,0,,,,,,,,,,,,,,,,,,0,0,0,0,0,0,,0,0,0,0,,,,,,,,,,,,,,0,,,,,,,,,,,,,,,,,,,,,,,,0,,0,0,,,0,,,,,,,,,,,,,,,,,,,,,0,,,,,,,,,,,,,,,,,,,,,,,,,,,,,,,,,,,0,,,,,,,,,,,,,,,,,,,,,0,,,,,0,,,0,,,,,,,,,,0,,,,,,,,,,,,,,,,,,,0,,,,,,,,,,0,,0,,0,0,0,0,0,0,0,0,0,0,0,,0,0,0,0,0,0,0,0,0,0,0,,0,0,0,0,0,0,0,0,0,0,0,,,,,0,,,,,,0,,,,,,0,,,,,,,0,,,,,,,,,,,,,,,,,,,,,,,,,,,,,,,,,,,0,,,,,,,,,,,,,,,,,,,,,,,,,,,,,,,,,,,0,,,,,,,,,,,,,,,,,,,,,,,,,,,,,,,,,,,0,,,,,,,,,,,,,,,,,,,0,,,,,,,,,,,,,,,,,,,0,,,,,,,,,,,,,,,,,,,0
25-133,"2021-08-12 17:35:15",1,1,0,0,3,2,,,0,,,0,,,,,,,,,0,0,0,0,0,0,0,0,0,0,0,0,0,,,,,,,,,,,,,,,,,,,,,,,,,,,,,,,,,,,,,,,,,,,,,,,,,,,,,,,,,,,,0,,0,0,0,0,0,0,0,0,0,0,0,0,0,0,0,0,0,0,0,0,0,0,0,0,0,0,0,0,0,0,0,0,0,0,0,0,0,0,0,0,0,0,0,0,0,0,0,0,0,0,0,0,0,0,0,0,0,0,0,0,0,0,0,0,0,,,,,,,,,,,,,,,,,0,,,,,,,,,0,0,0,0,0,0,,0,0,0,0,,0,0,0,0,0,0,0,0,0,0,0,0,0,0,0,0,,,,,,,,,,,,,,,,,,0,0,0,0,0,0,,0,0,0,0,,,,,,,,,,,,,,0,,,,,,,,,,,,,,,,,,,,,,,,0,,0,0,,,0,,,,,,,,,,,,,,,,,,,,,0,,,,,,,,,,,,,,,,,,,,,,,,,,,,,,,,,,,0,,,,,,,,,,,,,,,,,,,,,0,,,,,0,,,0,,,,,,,,,,0,,,,,,,,,,,,,,,,,,,0,,,,,,,,,,0,,0,,0,0,0,0,0,0,0,0,0,0,0,,0,0,0,0,0,0,0,0,0,0,0,,0,0,0,0,0,0,0,0,0,0,0,,,,,0,,,,,,0,,,,,,0,,,,,,,0,,,,,,,,,,,,,,,,,,,,,,,,,,,,,,,,,,,0,,,,,,,,,,,,,,,,,,,,,,,,,,,,,,,,,,,0,,,,,,,,,,,,,,,,,,,,,,,,,,,,,,,,,,,0,,,,,,,,,,,,,,,,,,,0,,,,,,,,,,,,,,,,,,,0,,,,,,,,,,,,,,,,,,,0
25-134,"2021-11-14 11:19:43",1,1,0,0,1,2,1,,2,2,45,2,2021-11-14,7,2,,15,,,,0,0,0,1,0,0,1,1,0,0,0,1,0,,,,,15,,20,20,,,,20,,0,,,,1,2,2020,1,1,3,,4,,,,1,0,,0,0,0,1,0,1,2021-10-09,0,,,1,55.7,168,36.7,84,114,76,34,95,15,1,0,0,1,19.73497732426304,1,0,0,2,1,0,0,0,0,0,0,0,0,0,0,0,0,0,0,0,0,1,1,0,0,1,1,0,0,0,0,0,0,0,0,0,0,0,0,0,0,0,0,0,0,0,0,0,0,0,0,0,0,0,0,0,0,0,0,0,0,0,0,0,0,0,0,0,0,2,2,41.9,2,3,,,1,,,,,,,,,,2,1,,,9,0,,0,,0,0,0,0,0,0,0,0,1,0,2,0,0,0,0,0,0,0,0,0,0,0,0,0,0,0,0,0,,,,,,,,,,,,,,,,,,0,0,0,0,0,0,,0,0,0,0,,,,,,,,,,,,,,0,,,,,,,,,,,,,,,,,,,,,,,,0,25-134_cl_COT_ca_E.zip,1,2,1,0,2,3,0,3,3,3,4,3,3,4,3,0,0,3,0,0,,,,,,2,3,1,0,1,3,1,3,1,3,1,4,1,0,1,3,1,4,1,0,1,0,1,0,1,0,1,0,1,0,,,,,,2,,,,,,,,,,,,,,,,,,,,,0,1,0,0,0,2,1,0,2,1,0,0,0,0,0,0,0,0,2,3,0,0,1,0,1,0,1,0,1,0,1,0,1,0,1,0,1,2,,,,,,,,,,0,cl_ben_face_25-134.jpg,2,0,0,1,0,0,1,0,0,0,0,1,2,0,0,1,0,0,1,0,0,0,0,1,2,,0,0,0,0,0,0,0,0,0,0,0,,,,,0,1,2021-12-10,2,,,2,1,2021-12-17,1,,,2,,,,,,,0,,,,,,,,,,,,,,,,,,,,,,,,,,,,,,,,,,,0,,,,,,,,,,,,,,,,,,,,,,,,,,,,,,,,,,,0,,,,,,,,,,,,,,,,,,,,,,,,,,,,,,,,,,,0,,,,,,,,,,,,,,,,,,,0,,,,,,,,,,,,,,,,,,,0,,,,,,,,,,,,,,,,,,,0
25-135,"2021-10-14 09:34:37",1,1,0,0,1,2,1,,2,1,60,0,2021-10-14,9,2,,30,,,,1,0,0,0,0,1,0,0,0,0,0,0,0,30,,30,,,,,,,,,,,0,,,,2,1,,,,,,,,,,1,0,,1,1,0,1,0,1,2022-08-30,0,,,,70.2,158,36,108,116,76,20,94,15,0,0,0,0,28.120493510655344,3,1,0,2,0,0,0,0,0,0,0,0,0,0,0,0,0,0,0,0,0,0,0,0,0,0,0,0,0,0,0,0,0,0,0,0,0,0,0,0,0,0,0,0,0,0,0,0,0,0,0,0,0,0,0,0,0,0,0,0,0,0,0,0,0,0,0,0,0,2,1,,1,3,,,1,,,,,,,,,,2,1,,,,,,,,0,0,0,0,0,0,,0,0,0,0,,0,0,0,0,0,0,0,0,0,0,0,0,0,0,0,0,,,,,,,,,,,,,,,,,,0,0,0,0,0,0,,0,0,0,0,,,,,,,,,,,,,,0,,,,,,,,,,,,,,,,,,,,,,,,0,25-135_cl_COT_ca_E.zip,1,2,1,0,2,3,3,3,0,0,0,0,3,0,0,0,0,0,0,0,,,,,,2,0,1,3,1,3,1,0,1,0,1,0,1,0,1,3,1,0,1,0,1,0,1,0,1,0,1,0,1,0,,,,,,2,,,,,,,,,,,,,,,,,,,,,0,0,0,0,0,2,2,0,2,0,0,0,0,0,0,0,0,0,2,2,0,0,1,0,1,0,1,0,1,0,1,0,1,0,1,0,1,2,,,,,,,,,,0,cl_ben_face_25-135.jpg,2,1,0,0,0,0,0,0,0,0,0,0,2,1,0,0,0,0,0,0,0,0,0,0,2,,0,0,0,0,0,0,0,0,0,0,0,,,,,0,,,,,,0,,,,,,0,,,,,,,0,,,,,,,,,,,,,,,,,,,,,,,,,,,,,,,,,,,0,,,,,,,,,,,,,,,,,,,,,,,,,,,,,,,,,,,0,,,,,,,,,,,,,,,,,,,,,,,,,,,,,,,,,,,0,,,,,,,,,,,,,,,,,,,0,,,,,,,,,,,,,,,,,,,0,,,,,,,,,,,,,,,,,,,0
25-136,"2021-09-26 14:11:43",1,1,0,0,2,2,,,0,,,0,,,,,,,,,0,0,0,0,0,0,0,0,0,0,0,0,0,,,,,,,,,,,,,,,,,,,,,,,,,,,,,,,,,,,,,,,,,,,,,,,,,,,,,,,,,,,,0,,0,0,0,0,0,0,0,0,0,0,0,0,0,0,0,0,0,0,0,0,0,0,0,0,0,0,0,0,0,0,0,0,0,0,0,0,0,0,0,0,0,0,0,0,0,0,0,0,0,0,0,0,0,0,0,0,0,0,0,0,0,0,0,0,0,,,,,,,,,,,,,,,,,0,,,,,,,,,0,0,0,0,0,0,,0,0,0,0,,0,0,0,0,0,0,0,0,0,0,0,0,0,0,0,0,,,,,,,,,,,,,,,,,,0,0,0,0,0,0,,0,0,0,0,,,,,,,,,,,,,,0,,,,,,,,,,,,,,,,,,,,,,,,0,,0,0,,,0,,,,,,,,,,,,,,,,,,,,,0,,,,,,,,,,,,,,,,,,,,,,,,,,,,,,,,,,,0,,,,,,,,,,,,,,,,,,,,,0,,,,,0,,,0,,,,,,,,,,0,,,,,,,,,,,,,,,,,,,0,,,,,,,,,,0,,0,,0,0,0,0,0,0,0,0,0,0,0,,0,0,0,0,0,0,0,0,0,0,0,,0,0,0,0,0,0,0,0,0,0,0,,,,,0,,,,,,0,,,,,,0,,,,,,,0,,,,,,,,,,,,,,,,,,,,,,,,,,,,,,,,,,,0,,,,,,,,,,,,,,,,,,,,,,,,,,,,,,,,,,,0,,,,,,,,,,,,,,,,,,,,,,,,,,,,,,,,,,,0,,,,,,,,,,,,,,,,,,,0,,,,,,,,,,,,,,,,,,,0,,,,,,,,,,,,,,,,,,,0
25-137,"2021-10-13 09:58:55",1,1,0,0,1,2,1,1,2,2,59,2,2021-10-13,9,2,,120,,,,1,0,1,1,1,1,1,1,1,0,1,1,0,120,,14,30,30,60,60,60,14,,14,14,,1,0,0,0,1,1,,,,,,,,,,3,0,,0,0,0,1,0,0,,0,,,1,61.5,190,36.9,119,109,90,54,97,15,1,0,0,1,17.03601108033241,4,0,0,2,1,0,0,0,1,1,1,0,0,0,0,0,0,0,0,0,0,1,1,1,0,0,0,1,1,0,0,0,0,0,0,0,0,0,0,0,0,0,0,0,0,0,0,0,0,0,0,0,0,0,0,0,0,0,0,0,0,0,0,0,0,0,0,0,0,2,1,,2,3,,,1,,,,,,1,11.6,72,10.1,2,2,1,,1,1,0,0,,0,0,0,0,0,0,0,1,0,0,2,0,0,0,0,0,0,0,0,0,0,0,0,0,0,0,0,0,,,,,,,,,,,,,,,,,,0,0,0,0,0,0,,0,0,0,2,1,"2021-10-13 09:25","2021-10-13 14:35",1,"2021-10-13 16:35",1,1,1,"2021-10-13 09:16","2021-10-13 16:35",1,"2021-10-13 11:45","2021-10-13 16:35",2,4,1,1,1,1,4,1,1,1,1,1,1,1,1,1,1,1,1,1,1,1,1,1,2,25-137_cl_COT_ca_E.zip,1,2,1,0,2,3,3,3,3,3,0,3,3,0,6,0,0,3,3,1,2,1,,1,,2,2,1,0,1,3,1,1,1,0,1,0,1,3,1,3,1,0,1,0,1,0,1,0,1,3,1,2,1,0,,,,,,2,,,,,,,,,,,,,,,,,,,,,0,0,0,0,0,2,1,0,2,0,0,0,0,0,2,0,0,0,2,0,1,0,1,0,1,0,1,0,1,0,1,0,1,0,1,0,1,2,,,,,,,,,,0,cl_ben_face_25-137.jpg,2,0,0,1,0,0,1,0,0,0,0,0,2,0,0,0,0,0,0,0,0,0,0,1,2,,0,0,0,0,0,0,0,0,0,0,0,,,,,0,1,2021-10-21,2,,,2,1,2021-11-15,2,,,2,2022-05-03,0,,,,,1,,,,,,,,,,,,,,,,,,,,,,,,,,,,,,,,,,,0,,,,,,,,,,,,,,,,,,,,,,,,,,,,,,,,,,,0,,,,,,,,,,,,,,,,,,,,,,,,,,,,,,,,,,,0,,,,,,,,,,,,,,,,,,,0,,,,,,,,,,,,,,,,,,,0,,,,,,,,,,,,,,,,,,,0
25-138,"2021-12-19 10:32:17",1,1,0,0,1,2,1,1,2,1,36,2,2021-12-19,10,2,,60,,,,1,0,1,1,0,1,1,1,1,1,1,0,0,60,,30,60,30,,30,30,60,3,30,,,1,1,1,1,2,1,,,,,,,,,,1,0,,0,0,0,1,0,0,,0,,,1,49.1,163,36.9,145,113,68,46,91,14,1,1,0,2,18.48018367270127,5,0,0,2,1,0,0,0,0,0,0,0,1,0,0,0,0,0,0,0,1,1,1,1,1,1,1,1,0,0,0,0,0,0,0,0,0,0,0,0,0,0,0,0,0,0,0,0,0,0,0,0,0,0,0,0,0,0,0,0,0,0,0,0,0,0,0,0,0,2,2,39.4,2,3,,,1,,,,,,1,6.4,80,11.7,2,2,1,,1,1,1,1,6,0,0,0,1,0,0,0,0,1,1,0,0,0,0,0,0,0,0,0,0,0,0,0,0,0,0,0,0,,,,,,,,,,,,,,,,,,0,0,0,0,0,0,,0,0,0,2,1,"2021-12-19 09:40","2021-12-19 13:21",1,"2021-12-19 14:12",1,1,1,"2021-12-19 09:35","2021-12-19 14:12",1,"2021-12-19 12:50","2021-12-19 14:12",2,4,2,2,2,2,4,2,2,2,2,1,1,2,2,1,2,2,1,2,2,1,2,2,2,25-138_cl_COT_ca_E.zip,1,2,1,0,2,4,4,3,4,4,3,4,3,4,3,4,4,0,0,0,,,,,,2,4,1,4,1,2,1,4,1,4,1,3,1,4,1,0,1,3,1,0,1,4,1,4,1,0,1,0,1,0,,,,,,2,,,,,,,,,,,,,,,,,,,,,0,1,0,0,0,2,1,0,2,1,0,0,0,0,0,0,0,0,2,1,1,0,1,0,1,0,1,0,1,0,1,0,1,0,1,0,1,2,,,,,,,,,,0,cl_ben_face_25-138.jpg,2,0,1,1,0,0,1,0,0,0,0,0,2,0,1,1,0,0,1,0,0,0,0,0,2,,0,0,0,0,0,0,0,0,0,0,0,,,,,0,1,2021-12-30,5,,2021-12-19,2,1,2022-01-20,5,,2021-12-19,2,2022-07-08,0,,,,,1,,,,,,,,,,,,,,,,,,,,,,,,,,,,,,,,,,,0,,,,,,,,,,,,,,,,,,,,,,,,,,,,,,,,,,,0,,,,,,,,,,,,,,,,,,,,,,,,,,,,,,,,,,,0,,,,,,,,,,,,,,,,,,,0,,,,,,,,,,,,,,,,,,,0,,,,,,,,,,,,,,,,,,,0
25-139,"2021-11-07 10:25:47",1,1,0,0,1,2,1,1,2,2,32,2,2021-11-07,7,2,,90,,,,1,0,1,1,1,1,1,1,1,0,0,1,1,60,,30,30,60,30,30,60,60,,,60,60,0,,,,3,1,,,,,,,,,,4,0,,0,0,0,1,0,0,,0,,,1,61.8,177,37.2,109,123,87,32,98,15,1,0,0,1,19.726132337450924,2,0,0,2,1,0,0,0,0,0,0,0,1,0,0,0,0,0,0,0,0,0,0,1,0,0,0,0,0,0,0,0,0,0,0,0,0,0,0,0,0,0,0,0,0,0,0,0,0,0,0,0,0,0,0,0,0,0,0,0,0,0,0,0,0,0,0,0,0,2,1,,2,3,,,1,,,,,,1,9.6,83,8.5,2,1,,,1,1,1,0,,0,0,0,0,0,0,0,1,0,0,2,0,0,0,0,0,0,0,0,0,0,0,0,0,0,0,0,0,,,,,,,,,,,,,,,,,,0,0,0,0,0,0,,0,0,0,2,1,"2021-11-07 09:20","2021-11-03 13:49",1,"2021-11-03 14:58",1,1,1,"2021-11-07 09:10","2021-11-03 14:58",1,"2021-10-25 12:54","2021-11-03 14:58",2,4,3,3,3,3,4,3,3,3,3,1,1,3,3,1,3,3,1,3,3,1,3,3,2,25-139_cl_COT_ca_E.zip,1,2,1,0,2,3,3,3,3,3,3,3,3,3,4,4,3,4,4,1,2,2,,1,,2,3,1,0,1,1,1,1,1,1,1,3,1,3,1,0,1,3,1,4,0,4,1,4,1,4,1,4,1,0,,,,,,2,,,,,,,,,,,,,,,,,,,,,0,0,1,0,0,2,1,0,2,2,0,0,0,0,1,0,0,0,2,1,1,0,1,0,1,0,1,0,1,0,1,0,1,0,1,0,1,2,,,,,,,,,,0,cl_ben_face_25-139.jpg,2,0,0,1,0,0,1,0,0,0,0,0,2,0,0,1,0,0,1,0,0,1,1,0,2,,0,0,0,0,0,0,0,0,0,0,0,,,,,0,1,2021-11-16,3,,,2,1,2021-12-05,2,,,2,2022-05-23,0,,,,,1,,,,,,,,,,,,,,,,,,,,,,,,,,,,,,,,,,,0,,,,,,,,,,,,,,,,,,,,,,,,,,,,,,,,,,,0,,,,,,,,,,,,,,,,,,,,,,,,,,,,,,,,,,,0,,,,,,,,,,,,,,,,,,,0,,,,,,,,,,,,,,,,,,,0,,,,,,,,,,,,,,,,,,,0
25-140,"2021-10-08 11:11:28",1,1,0,0,1,2,1,1,2,2,55,2,2021-10-08,7,2,,14,,,,0,0,1,0,0,0,0,1,0,0,0,1,1,,,,7,,,,14,,,,7,7,0,,,,2,2,2009,0,,3,,5,,,,2,0,,0,0,0,1,0,0,,0,,,1,90.1,184,36.6,106,186,118,28,95,15,1,0,0,1,26.612712665406427,1,0,0,2,1,0,0,0,0,0,0,0,0,1,1,1,0,1,0,1,0,0,0,0,0,0,0,0,1,0,0,0,0,0,0,0,0,0,0,0,0,0,0,0,0,0,0,0,0,0,0,0,0,0,0,0,0,0,0,0,0,0,0,0,0,0,0,0,0,2,1,,1,3,,,1,,,,,,1,14.4,78,8.3,2,1,,,12,0,,1,10,1,0,1,0,0,0,0,1,0,0,2,0,0,0,0,0,0,0,0,0,0,0,0,0,0,0,0,0,,,,,,,,,,,,,,,,,,0,0,0,0,0,0,,0,0,0,2,1,"2021-10-08 10:45","2021-10-08 13:33",1,"2021-10-08 14:54",1,1,1,"2021-10-08 10:35","2021-10-08 14:54",1,"2021-10-08 13:10","2021-10-08 14:54",2,4,4,4,4,4,4,4,4,4,4,1,1,4,4,1,4,4,1,4,4,1,4,4,2,25-140_cl_COT_ca_E.zip,1,2,2,1,2,0,0,0,0,0,0,3,3,3,3,0,0,0,0,0,,,,,,2,0,1,0,1,0,1,0,1,0,1,0,1,3,1,3,1,0,1,0,1,0,1,0,1,3,1,0,1,0,,,,,,2,,,,,,,,,,,,,,,,,,,,,0,0,0,0,0,2,2,1,2,0,2,0,0,0,0,0,0,0,2,0,1,2,0,0,1,0,1,0,1,0,1,0,1,0,1,0,1,2,,,,,,,,,,0,cl_ben_face_25-140.jpg,2,0,0,1,0,0,1,0,0,0,0,1,2,0,0,1,0,0,1,0,0,0,0,1,2,,0,0,0,0,0,0,0,0,0,0,0,,,,,0,1,2021-10-16,2,,,2,1,2021-11-04,1,,,2,,,,,,,0,,,,,,,,,,,,,,,,,,,,,,,,,,,,,,,,,,,0,,,,,,,,,,,,,,,,,,,,,,,,,,,,,,,,,,,0,,,,,,,,,,,,,,,,,,,,,,,,,,,,,,,,,,,0,,,,,,,,,,,,,,,,,,,0,,,,,,,,,,,,,,,,,,,0,,,,,,,,,,,,,,,,,,,0
25-141,"2021-05-06 10:00:31",1,1,0,0,1,2,1,1,2,1,50,2,2021-05-06,9,2,,90,,,,0,0,0,0,0,1,0,1,1,0,1,0,1,,,60,,,,,90,90,,30,,30,0,,,,2,1,,,,,,,,,,4,0,,0,1,0,1,0,0,,0,,,1,57.5,163,36.5,82,141,94,42,100,15,1,0,0,1,21.64176295682939,2,0,0,2,1,0,0,0,0,0,0,0,0,0,0,1,1,1,1,0,0,0,0,0,0,0,0,1,1,0,0,0,0,0,0,0,0,0,0,0,0,0,0,0,0,0,0,0,0,0,0,0,0,0,0,0,0,0,0,0,0,0,0,0,0,0,0,0,0,2,1,,1,3,,,2,2,,,,,1,8.6,78,4.5,0,1,,,6,0,,1,10,1,0,0,1,0,0,0,1,0,0,2,,0,0,0,0,0,0,0,0,0,0,0,0,0,0,0,0,,,,,,,,,,,,,,,,,,0,0,0,0,0,0,,0,0,0,0,1,"2021-05-06 09:05","2021-05-06 11:56",1,"2021-05-06 16:25",1,1,1,"2021-05-06 08:48","2021-05-06 16:25",1,"2021-05-06 11:36","2021-05-06 16:25",2,4,5,5,5,5,4,5,5,5,5,1,1,5,5,1,5,5,1,5,5,1,5,5,2,25-141_cl_COT_ca_E.zip,1,2,1,0,2,0,0,0,0,3,3,3,0,0,3,0,3,0,0,0,,,,,,2,0,0,0,0,1,0,0,1,0,1,0,1,3,1,0,1,0,1,0,1,0,1,0,1,0,1,0,1,0,,,,,,2,,,,,,,,,,,,,,,,,,,,,0,0,0,0,0,2,1,0,2,0,0,0,0,0,2,0,0,0,2,1,0,2,0,0,1,0,1,0,1,0,1,0,1,0,1,0,1,2,,,,,,,,,,0,cl_ben_face_25-141.jpg,2,1,0,0,0,0,0,0,0,0,0,0,2,0,0,1,0,0,0,0,0,0,0,0,2,,0,0,0,0,0,0,0,0,0,0,0,,,,,0,1,2021-05-13,3,,,2,1,2021-06-08,1,,,2,,,,,,,0,,,,,,,,,,,,,,,,,,,,,,,,,,,,,,,,,,,0,,,,,,,,,,,,,,,,,,,,,,,,,,,,,,,,,,,0,,,,,,,,,,,,,,,,,,,,,,,,,,,,,,,,,,,0,,,,,,,,,,,,,,,,,,,0,,,,,,,,,,,,,,,,,,,0,,,,,,,,,,,,,,,,,,,0
25-142,"2021-10-25 14:15:53",1,1,0,0,1,2,1,1,2,2,52,2,2021-10-25,9,2,,365,,,,0,0,1,0,0,1,0,1,1,0,1,0,0,,,180,120,,,,365,,,90,,,1,1,0,0,1,2,2010,0,,3,,5,,,,1,0,,0,0,0,1,0,0,,0,,,0,61.7,191,36.4,129,89,63,42,90,15,1,0,1,2,16.91291357144815,5,1,0,2,1,0,0,0,0,0,0,0,1,0,0,0,0,0,0,0,0,1,1,0,1,1,0,1,0,0,0,0,0,0,0,0,0,0,0,0,0,0,0,0,0,0,0,0,0,0,0,0,0,0,0,0,0,0,0,0,0,0,0,0,0,0,0,0,0,2,1,,1,3,,,1,,,,,,1,9.2,78,21.1,2,2,1,,6,0,,1,5,1,0,0,0,0,1,0,1,0,0,2,0,0,0,0,0,0,0,0,0,0,0,0,0,0,0,0,0,,,,,,,,,,,,,,,,,,0,0,0,0,0,0,,0,0,0,2,1,"2021-10-25 13:50","2021-10-25 15:20",1,"2021-10-25 16:25",1,1,1,"2021-10-25 13:45","2021-10-25 16:25",1,"2021-10-25 15:50","2021-10-25 16:25",2,4,6,6,6,6,4,6,6,6,6,1,1,6,6,1,6,6,1,6,6,1,6,6,2,25-142_cl_COT_ca_E.zip,1,2,1,0,2,3,3,4,0,3,0,0,3,0,4,0,0,0,0,1,1,,2,,1,2,0,1,3,1,4,1,0,1,3,1,0,1,0,1,3,1,0,1,3,1,0,1,0,1,0,1,0,1,1,1,,1,,1,2,,,,,,,,,,,,,,,,,,,,,0,0,0,0,0,2,1,0,2,2,0,1,0,0,0,0,0,2,2,2,1,0,1,1,1,0,1,0,1,0,1,0,1,0,1,2,0,2,,,,,,,,,,0,cl_ben_face_25-142.jpg,2,0,0,0,1,0,0,0,0,0,0,0,2,0,0,0,0,0,0,0,0,0,0,1,2,,0,0,0,0,0,0,0,0,0,0,0,,,,,0,1,2021-11-06,5,,2021-10-25,2,1,2021-11-27,2,,,2,,,,,,,0,,,,,,,,,,,,,,,,,,,,,,,,,,,,,,,,,,,0,,,,,,,,,,,,,,,,,,,,,,,,,,,,,,,,,,,0,,,,,,,,,,,,,,,,,,,,,,,,,,,,,,,,,,,0,,,,,,,,,,,,,,,,,,,0,,,,,,,,,,,,,,,,,,,0,,,,,,,,,,,,,,,,,,,0
25-143,"2021-09-26 10:05:15",1,1,0,1,,2,,,0,,,0,,,,,,,,,0,0,0,0,0,0,0,0,0,0,0,0,0,,,,,,,,,,,,,,,,,,,,,,,,,,,,,,,,,,,,,,,,,,,,,,,,,,,,,,,,,,,,0,,0,0,0,0,0,0,0,0,0,0,0,0,0,0,0,0,0,0,0,0,0,0,0,0,0,0,0,0,0,0,0,0,0,0,0,0,0,0,0,0,0,0,0,0,0,0,0,0,0,0,0,0,0,0,0,0,0,0,0,0,0,0,0,0,0,,,,,,,,,,,,,,,,,0,,,,,,,,,0,0,0,0,0,0,,0,0,0,0,,0,0,0,0,0,0,0,0,0,0,0,0,0,0,0,0,,,,,,,,,,,,,,,,,,0,0,0,0,0,0,,0,0,0,0,,,,,,,,,,,,,,0,,,,,,,,,,,,,,,,,,,,,,,,0,,0,0,,,0,,,,,,,,,,,,,,,,,,,,,0,,,,,,,,,,,,,,,,,,,,,,,,,,,,,,,,,,,0,,,,,,,,,,,,,,,,,,,,,0,,,,,0,,,0,,,,,,,,,,0,,,,,,,,,,,,,,,,,,,0,,,,,,,,,,0,,0,,0,0,0,0,0,0,0,0,0,0,0,,0,0,0,0,0,0,0,0,0,0,0,,0,0,0,0,0,0,0,0,0,0,0,,,,,0,,,,,,0,,,,,,0,,,,,,,0,,,,,,,,,,,,,,,,,,,,,,,,,,,,,,,,,,,0,,,,,,,,,,,,,,,,,,,,,,,,,,,,,,,,,,,0,,,,,,,,,,,,,,,,,,,,,,,,,,,,,,,,,,,0,,,,,,,,,,,,,,,,,,,0,,,,,,,,,,,,,,,,,,,0,,,,,,,,,,,,,,,,,,,0
25-144,"2021-12-12 10:05:51",1,1,0,0,1,2,1,1,2,1,54,2,2021-12-12,10,2,,4,,,,0,0,0,1,0,0,0,1,0,1,0,1,1,,,,,2,,,2,,4,,90,3,0,,,,3,1,,,,,,,,,,1,0,,0,1,0,1,0,0,,0,,,,60.1,162,34.7,69,162,90,20,98,15,0,0,0,0,22.900472488949855,1,0,0,2,1,0,1,0,1,0,0,0,0,0,0,0,0,0,0,0,0,0,0,0,0,0,0,0,0,0,0,0,0,0,0,0,0,0,0,0,0,0,0,0,0,0,0,0,0,0,0,0,0,0,0,0,0,0,0,0,0,0,0,0,0,0,0,0,0,2,1,,1,3,,,1,,,,,,1,11.9,81,5.2,2,1,,,6,0,,1,10,1,0,0,0,0,0,0,1,0,0,2,0,0,0,0,0,0,0,0,0,0,0,0,0,0,0,0,0,,,,,,,,,,,,,,,,,,0,0,0,0,0,0,,0,0,0,2,1,"2021-12-12 09:00","2021-12-12 12:41",1,"2021-12-12 13:35",1,1,1,"2021-12-12 08:48","2021-12-12 13:35",1,"2021-12-12 11:35","2021-12-12 13:35",2,4,7,7,7,7,4,7,7,7,7,1,1,7,7,1,7,7,1,7,7,1,7,7,2,25-144_cl_COT_ca_E.zip,1,2,1,0,2,0,0,0,0,3,0,0,0,0,0,0,0,0,0,0,,,,,,2,0,1,0,1,0,1,0,1,1,1,0,1,0,1,0,1,0,1,1,1,1,1,0,1,0,1,0,1,0,,,,,,2,,,,,,,,,,,,,,,,,,,,,0,0,0,0,0,2,1,0,2,0,0,0,0,0,0,0,0,0,2,0,1,0,1,0,1,0,1,0,1,0,1,0,1,0,1,0,1,2,,,,,,,,,,0,cl_ben_face_25-144.jpg,2,1,0,0,0,0,0,0,0,0,0,0,2,1,0,0,0,0,0,0,0,0,0,0,2,,0,0,0,0,0,0,0,0,0,0,0,,,,,0,1,2021-12-23,2,,,2,1,2022-01-13,1,,,2,,,,,,,0,,,,,,,,,,,,,,,,,,,,,,,,,,,,,,,,,,,0,,,,,,,,,,,,,,,,,,,,,,,,,,,,,,,,,,,0,,,,,,,,,,,,,,,,,,,,,,,,,,,,,,,,,,,0,,,,,,,,,,,,,,,,,,,0,,,,,,,,,,,,,,,,,,,0,,,,,,,,,,,,,,,,,,,0
25-145,"2021-11-26 10:37:07",1,1,0,0,1,2,1,1,2,2,55,2,2021-11-26,10,2,,12,,,,1,0,1,0,0,1,0,0,0,1,1,0,0,30,,30,3,,,,,,7,30,,,0,,,,2,1,,,,,,,,,,3,0,,0,0,0,1,0,0,,0,,,0,43.4,161,36.7,93,127,74,30,95,15,1,0,0,1,16.74318120442884,2,0,0,2,1,0,0,0,0,0,0,0,0,0,0,0,0,0,0,0,0,0,1,0,1,0,0,1,1,0,0,0,0,0,0,0,0,0,0,0,0,0,0,0,0,0,0,0,0,0,0,0,0,0,0,0,0,0,0,0,0,0,0,0,0,0,0,0,0,2,1,,1,3,,,1,,,,,,1,12.0,67,8.8,2,1,,,6,0,,1,10,1,0,0,1,0,0,0,1,0,0,2,0,0,0,0,0,0,0,0,0,0,0,0,0,0,0,0,0,,,,,,,,,,,,,,,,,,0,0,0,0,0,0,,0,0,0,2,1,"2021-11-26 10:24","2021-11-26 12:41",1,"2021-11-26 13:35",1,1,1,"2021-11-26 10:20","2021-11-26 13:35",1,"2021-11-26 12:13","2021-11-26 13:35",2,4,8,8,8,8,4,8,8,8,8,1,1,8,8,1,8,8,1,8,8,1,8,8,2,25-145_cl_COT_ca_E.zip,1,2,1,0,2,0,0,3,0,3,3,3,3,0,3,0,1,0,1,0,,,,,,2,0,1,0,1,3,1,1,1,3,1,3,1,1,1,1,1,0,1,1,1,0,1,1,1,0,1,3,1,0,,,,,,2,,,,,,,,,,,,,,,,,,,,,0,1,0,0,0,2,1,0,2,0,0,0,0,0,0,0,0,0,2,0,1,0,1,0,1,0,1,0,1,0,1,0,1,0,1,0,1,2,,,,,,,,,,0,cl_ben_face_25-145.jpg,2,1,0,0,0,0,0,0,0,0,0,0,2,0,0,0,0,0,0,0,1,0,0,0,2,,0,0,0,0,0,0,0,0,0,0,0,,,,,0,1,2021-12-07,2,,,2,1,2022-01-04,3,,,2,,,,,,,0,,,,,,,,,,,,,,,,,,,,,,,,,,,,,,,,,,,0,,,,,,,,,,,,,,,,,,,,,,,,,,,,,,,,,,,0,,,,,,,,,,,,,,,,,,,,,,,,,,,,,,,,,,,0,,,,,,,,,,,,,,,,,,,0,,,,,,,,,,,,,,,,,,,0,,,,,,,,,,,,,,,,,,,0
25-146,"2021-12-09 12:18:27",1,1,0,0,3,2,,,0,,,0,,,,,,,,,0,0,0,0,0,0,0,0,0,0,0,0,0,,,,,,,,,,,,,,,,,,,,,,,,,,,,,,,,,,,,,,,,,,,,,,,,,,,,,,,,,,,,0,,0,0,0,0,0,0,0,0,0,0,0,0,0,0,0,0,0,0,0,0,0,0,0,0,0,0,0,0,0,0,0,0,0,0,0,0,0,0,0,0,0,0,0,0,0,0,0,0,0,0,0,0,0,0,0,0,0,0,0,0,0,0,0,0,0,,,,,,,,,,,,,,,,,0,,,,,,,,,0,0,0,0,0,0,,0,0,0,0,,0,0,0,0,0,0,0,0,0,0,0,0,0,0,0,0,,,,,,,,,,,,,,,,,,0,0,0,0,0,0,,0,0,0,0,,,,,,,,,,,,,,0,,,,,,,,,,,,,,,,,,,,,,,,0,,0,0,,,0,,,,,,,,,,,,,,,,,,,,,0,,,,,,,,,,,,,,,,,,,,,,,,,,,,,,,,,,,0,,,,,,,,,,,,,,,,,,,,,0,,,,,0,,,0,,,,,,,,,,0,,,,,,,,,,,,,,,,,,,0,,,,,,,,,,0,,0,,0,0,0,0,0,0,0,0,0,0,0,,0,0,0,0,0,0,0,0,0,0,0,,0,0,0,0,0,0,0,0,0,0,0,,,,,0,,,,,,0,,,,,,0,,,,,,,0,,,,,,,,,,,,,,,,,,,,,,,,,,,,,,,,,,,0,,,,,,,,,,,,,,,,,,,,,,,,,,,,,,,,,,,0,,,,,,,,,,,,,,,,,,,,,,,,,,,,,,,,,,,0,,,,,,,,,,,,,,,,,,,0,,,,,,,,,,,,,,,,,,,0,,,,,,,,,,,,,,,,,,,0
25-147,"2021-09-11 09:40:33",1,1,0,0,1,2,1,1,2,2,73,2,2021-09-11,7,1,5,,,,,1,0,1,0,0,0,0,1,1,0,0,0,1,5,,,4,,,,4,3,,,,4,0,,,,1,1,,,,,,,,,,1,0,,0,1,0,2,0,0,,0,,,0,63,190,36.7,73,109,69,36,95,14,1,1,0,2,17.451523545706372,5,0,0,2,1,0,0,0,0,0,0,0,0,0,0,0,0,0,0,0,0,0,0,0,0,0,0,1,0,0,0,1,1,0,0,0,0,0,0,0,0,0,0,0,0,0,0,0,0,0,0,0,0,0,0,0,0,0,0,0,0,0,0,0,0,0,0,0,0,2,1,,1,3,,,2,2,,,,357,1,12.4,88,10.1,2,2,1,,6,0,,1,10,1,0,0,0,1,0,1,1,0,0,2,0,0,0,0,0,0,0,0,0,0,0,0,0,0,0,0,0,,,,,,,,,,,,,,,,,,0,0,0,0,0,0,,0,0,0,2,1,"2021-09-11 12:50","2021-09-11 15:20",1,"2021-09-11 15:20",1,1,1,"2021-09-11 12:50","2021-09-11 15:20",1,"2021-09-11 13:40","2021-09-11 15:20",2,4,9,9,9,9,4,9,9,9,9,1,1,9,9,1,9,9,1,9,9,1,9,9,2,25-147_cl_COT_ca_E.zip,1,2,1,0,2,3,3,3,3,4,0,0,4,3,3,3,4,3,4,0,,,,,,2,,,,,,,,,,,,,,,,,,,,,,,,,,,,,,,,,,,0,,,,,,,,,,,,,,,,,,,,,0,,,,,0,1,0,2,0,0,0,0,0,0,0,0,0,2,,,,,,,,,,,,,,,,,,,0,,,,,,,,,,0,,0,,0,0,0,0,0,0,0,0,0,0,0,,0,0,0,0,0,0,0,0,0,0,0,,0,0,0,0,0,0,0,0,0,0,0,,,,,0,1,2021-09-21,2,,,2,1,2021-10-14,1,,,2,,,,,,,0,,,,,,,,,,,,,,,,,,,,,,,,,,,,,,,,,,,0,,,,,,,,,,,,,,,,,,,,,,,,,,,,,,,,,,,0,,,,,,,,,,,,,,,,,,,,,,,,,,,,,,,,,,,0,,,,,,,,,,,,,,,,,,,0,,,,,,,,,,,,,,,,,,,0,,,,,,,,,,,,,,,,,,,0
25-148,"2021-09-05 10:08:37",1,1,0,0,1,2,1,1,2,2,58,2,2021-09-05,7,2,,365,,,,0,0,1,0,1,1,0,1,0,0,1,0,0,,,180,365,,20,,365,,,20,,,0,,,,1,2,2012,1,1,3,,5,,,,2,0,,0,0,0,1,0,1,2021-08-05,0,,,1,43.4,176,36.9,102,130,87,28,98,15,1,0,0,1,14.010847107438016,4,0,0,2,1,0,0,0,0,0,0,0,0,0,0,0,0,0,0,0,0,1,1,1,1,1,1,1,1,0,0,0,0,0,0,0,0,0,0,0,0,0,0,0,0,0,0,0,0,0,0,0,0,0,0,0,0,0,0,0,0,0,0,0,0,0,0,0,0,2,2,38.7,1,3,,,1,,,,,,1,12.5,77,4.3,2,2,1,,12,0,,1,6,1,0,0,1,0,0,0,1,0,0,2,0,0,0,0,0,0,0,0,0,0,0,0,0,0,0,0,0,,,,,,,,,,,,,,,,,,0,0,0,0,0,0,,0,0,0,2,1,"2021-09-05 09:30","2021-09-05 12:13",1,"2021-09-05 13:32",1,1,1,"2021-09-05 09:20","2021-09-05 13:32",1,"2021-09-05 12:10","2021-09-05 13:32",2,4,10,10,10,10,4,10,10,10,10,1,1,10,10,1,10,10,1,10,10,1,10,10,2,25-148_cl_COT_ca_E.zip,1,2,1,0,2,3,0,0,0,3,3,3,0,3,0,0,0,4,0,0,,,,,,2,,,,,,,,,,,,,,,,,,,,,,,,,,,,,,,,,,,0,,,,,,,,,,,,,,,,,,,,,0,,,,,0,1,0,2,0,0,0,0,0,0,0,0,0,2,,,,,,,,,,,,,,,,,,,0,,,,,,,,,,0,cl_ben_face_25-148.jpg,2,0,1,1,0,0,1,0,0,0,1,1,2,0,0,0,0,0,0,0,0,0,0,1,2,,0,0,0,0,0,0,0,0,0,0,0,,,,,0,1,2021-09-12,5,,2021-09-05,2,1,2021-10-05,2,,,2,,,,,,,0,,,,,,,,,,,,,,,,,,,,,,,,,,,,,,,,,,,0,,,,,,,,,,,,,,,,,,,,,,,,,,,,,,,,,,,0,,,,,,,,,,,,,,,,,,,,,,,,,,,,,,,,,,,0,,,,,,,,,,,,,,,,,,,0,,,,,,,,,,,,,,,,,,,0,,,,,,,,,,,,,,,,,,,0
25-149,"2021-11-21 12:51:51",1,1,0,0,1,2,1,1,2,1,18,2,2021-11-21,7,2,,13,,,,1,0,1,0,1,0,1,1,1,0,1,0,0,13,,,13,,5,13,13,13,,13,,,0,,,,3,1,,,,,,,,,,1,0,,0,0,0,1,1,0,,0,,,0,69.2,162,36.7,82,123,84,44,97,15,1,0,0,1,26.367931717725956,4,0,0,2,1,0,0,0,0,1,1,1,1,0,0,0,0,0,0,0,0,1,1,0,0,0,0,0,0,0,0,0,0,0,0,0,0,0,0,0,0,0,0,0,0,0,0,0,0,0,0,0,0,0,0,0,0,0,0,0,0,0,0,0,0,0,0,0,0,2,1,,1,3,,,1,,,,,,2,7.0,67,13.0,2,1,,,7,0,,1,6,1,0,0,0,0,0,0,1,0,0,2,0,0,0,0,0,0,0,0,0,0,0,0,0,0,0,0,0,,,,,,,,,,,,,,,,,,0,0,0,0,0,0,,0,0,0,2,1,"2021-11-21 09:56","2021-11-21 12:13",1,"2021-11-21 13:32",1,1,1,"2021-11-21 09:50","2021-11-21 13:32",1,"2021-11-21 13:17","2021-11-21 13:32",2,4,11,11,11,11,4,11,11,11,11,1,1,11,11,1,11,11,1,11,11,1,11,11,2,25-149_cl_COT_ca_E.zip,1,2,1,0,2,3,1,4,3,0,3,3,3,0,4,0,0,0,3,1,2,2,,1,,2,,,,,,,,,,,,,,,,,,,,,,,,,,,,,,,,,,,0,,,,,,,,,,,,,,,,,,,,,0,,,,,0,1,1,2,3,0,0,0,0,1,0,2,0,2,,,,,,,,,,,,,,,,,,,0,,,,,,,,,,0,cl_ben_face_25-149.jpg,2,0,0,0,0,0,1,0,0,0,0,0,2,0,0,0,0,0,0,0,1,0,0,0,2,,0,0,0,0,0,0,0,0,0,0,0,,,,,0,1,2021-11-28,1,,,2,1,2021-12-21,1,,,2,,,,,,,0,,,,,,,,,,,,,,,,,,,,,,,,,,,,,,,,,,,0,,,,,,,,,,,,,,,,,,,,,,,,,,,,,,,,,,,0,,,,,,,,,,,,,,,,,,,,,,,,,,,,,,,,,,,0,,,,,,,,,,,,,,,,,,,0,,,,,,,,,,,,,,,,,,,0,,,,,,,,,,,,,,,,,,,0
25-150,"2021-09-25 09:33:41",1,1,0,0,1,2,1,1,2,1,46,2,2021-09-25,6,3,,,30,,,1,1,1,0,0,1,1,0,0,0,1,1,0,120,30,120,120,,,120,,,,3,14,,1,1,1,1,3,1,,,,,,,,,,1,0,,0,1,0,1,0,0,,0,,,1,47.4,151,37,104,171,87,36,99,15,1,0,0,1,20.7885619051796,2,0,0,2,1,0,0,0,0,0,0,0,0,0,0,0,0,0,0,0,0,1,1,1,1,1,1,0,0,0,0,0,0,0,0,0,0,0,0,0,0,0,0,0,0,0,0,0,0,0,0,0,0,0,0,0,0,0,0,0,0,0,0,0,0,0,0,0,0,2,2,25.9,1,3,,,1,,,,,,1,10.0,75,9.8,2,1,,,13,0,,1,10,1,0,0,1,0,0,0,0,1,0,2,0,0,0,0,0,0,0,0,0,0,0,0,0,0,0,0,0,,,,,,,,,,,,,,,,,,0,0,0,0,0,0,,0,0,0,2,1,"2021-09-25 08:50","2021-09-25 12:07",1,"2021-09-25 13:45",1,1,1,"2021-09-25 08:20","2021-09-25 13:45",1,"2021-09-25 09:26","2021-09-25 13:45",2,4,12,12,12,12,4,12,12,12,12,1,1,12,12,1,12,12,1,12,12,1,12,12,2,25-150_cl_COT_ca_E.zip,1,2,1,0,2,0,3,0,0,0,0,3,0,0,0,0,0,3,0,0,,,,,,2,,,,,,,,,,,,,,,,,,,,,,,,,,,,,,,,,,,0,,,,,,,,,,,,,,,,,,,,,0,,,,,0,1,0,2,0,0,0,0,0,0,0,0,0,2,,,,,,,,,,,,,,,,,,,0,,,,,,,,,,0,cl_ben_face_25-150.jpg,2,0,0,0,0,0,1,0,0,0,0,0,2,0,0,0,0,0,0,0,1,0,0,0,2,,0,0,0,0,0,0,0,0,0,0,0,,,,,0,1,2021-10-02,2,,,2,1,2021-11-05,1,,,2,,,,,,,0,,,,,,,,,,,,,,,,,,,,,,,,,,,,,,,,,,,0,,,,,,,,,,,,,,,,,,,,,,,,,,,,,,,,,,,0,,,,,,,,,,,,,,,,,,,,,,,,,,,,,,,,,,,0,,,,,,,,,,,,,,,,,,,0,,,,,,,,,,,,,,,,,,,0,,,,,,,,,,,,,,,,,,,0
25-151,"2021-09-24 10:30:57",1,1,0,0,1,2,1,1,2,2,29,2,2021-09-24,9,2,,365,,,,1,0,0,0,0,1,0,1,0,0,0,0,0,365,,14,,,,,21,,,,,,0,,,,1,1,,,,,,,,,,3,0,,0,0,0,1,0,1,2021-09-04,0,,,0,43.9,158,36.9,88,110,75,26,,15,1,0,0,1,17.585322864925494,1,0,0,2,1,0,0,1,1,0,0,0,0,0,0,0,0,0,0,0,0,1,0,0,0,0,0,0,0,0,0,0,0,0,0,0,0,0,0,0,0,0,0,0,0,0,0,0,0,0,0,0,0,0,0,0,0,0,0,0,0,0,0,0,0,0,0,0,0,2,1,,2,3,,,1,,,,,,2,12.4,77,8.0,2,1,,,1,1,1,0,,0,0,0,0,0,0,0,1,0,0,2,0,0,0,0,0,0,0,0,0,0,0,0,0,0,0,0,0,,,,,,,,,,,,,,,,,,0,0,0,0,0,0,,0,0,0,2,1,"2021-09-24 08:41","2021-09-24 12:06",1,"2021-09-24 13:43",1,1,1,"2021-09-22 08:20","2021-09-24 13:43",1,"2021-09-24 12:20","2021-09-24 13:43",2,4,14,14,14,14,4,14,14,14,14,1,1,14,14,1,14,14,1,14,14,1,14,14,2,25-151_cl_COT_ca_E.zip,1,2,1,0,2,3,0,0,0,3,3,0,0,3,0,0,0,3,0,0,,,,,,2,,,,,,,,,,,,,,,,,,,,,,,,,,,,,,,,,,,0,,,,,,,,,,,,,,,,,,,,,0,,,,,0,1,0,2,2,0,0,0,0,0,0,0,0,2,,,,,,,,,,,,,,,,,,,0,,,,,,,,,,0,cl_ben_face_25-151.jpg,2,0,0,1,0,1,1,0,0,0,0,0,2,0,1,1,0,0,1,0,0,0,0,0,2,,0,0,0,0,0,0,0,0,0,0,0,,,,,0,1,2021-10-20,2,,,2,1,2021-10-27,2,,,2,,,,,,,0,,,,,,,,,,,,,,,,,,,,,,,,,,,,,,,,,,,0,,,,,,,,,,,,,,,,,,,,,,,,,,,,,,,,,,,0,,,,,,,,,,,,,,,,,,,,,,,,,,,,,,,,,,,0,,,,,,,,,,,,,,,,,,,0,,,,,,,,,,,,,,,,,,,0,,,,,,,,,,,,,,,,,,,0
25-152,"2021-08-08 11:10:17",1,1,0,0,1,2,1,1,2,2,24,2,2021-08-08,9,2,,120,,,,1,0,1,1,0,1,1,1,1,0,1,1,0,90,,120,60,120,,60,120,120,,120,120,,1,0,0,1,1,1,,,,,,,,,,1,0,,0,0,0,1,0,0,,0,,,1,39.1,169,36.7,117,87,63,50,92,15,1,0,1,2,13.68999684884983,5,0,0,2,1,0,0,0,0,0,0,0,0,0,0,0,0,0,0,0,0,1,1,1,0,1,1,0,0,0,0,0,0,0,0,0,0,0,0,0,0,0,0,0,0,0,0,0,0,0,0,0,0,0,0,0,0,0,0,0,0,0,0,0,0,0,0,0,0,2,1,,1,3,,,1,,,,,,2,7.5,73,17.2,2,2,1,,6,0,,1,,1,1,0,0,0,0,0,1,0,0,2,0,0,0,0,0,0,0,0,0,0,0,0,0,0,0,0,0,,,,,,,,,,,,,,,,,,0,0,0,0,0,0,,0,0,0,2,1,"2021-08-08 10:30","2021-08-08 12:06",1,"2021-08-08 13:43",1,1,1,"2021-08-08 10:25","2021-08-08 13:43",1,"2021-08-03 13:40","2021-08-08 13:43",2,4,15,15,15,15,4,15,15,15,15,1,1,15,15,1,15,15,1,15,15,1,15,15,2,25-152_cl_COT_ca_E.zip,1,2,1,0,2,0,3,4,0,3,3,3,4,3,4,3,0,3,4,0,,,,,,2,,,,,,,,,,,,,,,,,,,,,,,,,,,,,,,,,,,0,,,,,,,,,,,,,,,,,,,,,0,,,,,0,1,0,2,1,1,0,0,0,0,0,0,0,2,,,,,,,,,,,,,,,,,,,0,,,,,,,,,,0,cl_ben_face_25-152.jpg,2,0,0,1,0,0,1,1,0,0,0,0,2,0,1,1,0,0,1,0,0,0,0,0,2,,0,0,0,0,0,0,0,0,0,0,0,,,,,0,1,2021-08-15,2,,,2,1,2021-09-10,1,,,2,,,,,,,0,,,,,,,,,,,,,,,,,,,,,,,,,,,,,,,,,,,0,,,,,,,,,,,,,,,,,,,,,,,,,,,,,,,,,,,0,,,,,,,,,,,,,,,,,,,,,,,,,,,,,,,,,,,0,,,,,,,,,,,,,,,,,,,0,,,,,,,,,,,,,,,,,,,0,,,,,,,,,,,,,,,,,,,0
25-153,"2021-12-17 10:13:15",1,1,0,0,1,2,1,1,2,1,22,2,2021-12-17,10,2,,4,,,,1,0,1,1,0,1,0,1,1,1,1,0,0,3,,1,3,3,,,3,3,3,1,,,0,,,,3,1,,,,,,,,,,4,0,,0,0,0,1,0,0,,0,,,0,34.5,153,35.6,86,118,83,36,100,15,1,0,0,1,14.737921312315777,4,0,0,2,1,0,0,0,0,0,0,0,0,0,0,0,0,0,0,0,0,1,0,1,0,0,0,0,0,0,0,0,0,0,0,0,0,0,0,0,0,0,0,0,0,0,0,0,0,0,0,0,0,0,0,0,0,0,0,0,0,0,0,0,0,0,0,0,0,2,1,,1,3,,,1,,,,,,2,11.7,81,5.7,2,1,,,,,,,,0,0,0,0,0,0,,0,0,0,0,,0,0,0,0,0,0,0,0,0,0,0,0,0,0,0,0,,,,,,,,,,,,,,,,,,0,0,0,0,0,0,,0,0,0,0,1,"2021-12-17 09:41","2021-12-17 13:14",1,"2021-12-17 14:07",1,1,1,"2021-12-17 09:20","2021-12-17 14:07",1,"2021-12-17 10:26","2021-12-17 14:07",2,4,16,16,16,16,4,16,16,16,16,1,1,16,16,1,16,16,1,16,16,1,16,16,2,25-153_cl_COT_ca_E.zip,1,2,1,0,2,3,0,3,0,3,3,3,3,0,3,0,0,0,0,0,,,,,,2,,,,,,,,,,,,,,,,,,,,,,,,,,,,,,,,,,,0,,,,,,,,,,,,,,,,,,,,,0,,,,,0,1,0,2,0,0,0,0,0,0,0,0,0,2,,,,,,,,,,,,,,,,,,,0,,,,,,,,,,0,cl_ben_face_25-153.jpg,2,1,0,0,0,0,0,0,0,0,0,0,2,0,0,0,0,0,0,0,1,0,0,0,2,,0,0,0,0,0,0,0,0,0,0,0,,,,,0,,,,,,0,,,,,,0,,,,,,,0,,,,,,,,,,,,,,,,,,,,,,,,,,,,,,,,,,,0,,,,,,,,,,,,,,,,,,,,,,,,,,,,,,,,,,,0,,,,,,,,,,,,,,,,,,,,,,,,,,,,,,,,,,,0,,,,,,,,,,,,,,,,,,,0,,,,,,,,,,,,,,,,,,,0,,,,,,,,,,,,,,,,,,,0
25-154,"2021-10-17 09:01:54",1,1,0,0,3,2,,,0,,,0,,,,,,,,,0,0,0,0,0,0,0,0,0,0,0,0,0,,,,,,,,,,,,,,,,,,,,,,,,,,,,,,,,,,,,,,,,,,,,,,,,,,,,,,,,,,,,0,,0,0,0,0,0,0,0,0,0,0,0,0,0,0,0,0,0,0,0,0,0,0,0,0,0,0,0,0,0,0,0,0,0,0,0,0,0,0,0,0,0,0,0,0,0,0,0,0,0,0,0,0,0,0,0,0,0,0,0,0,0,0,0,0,0,,,,,,,,,,,,,,,,,0,,,,,,,,,0,0,0,0,0,0,,0,0,0,0,,0,0,0,0,0,0,0,0,0,0,0,0,0,0,0,0,,,,,,,,,,,,,,,,,,0,0,0,0,0,0,,0,0,0,0,,,,,,,,,,,,,,0,,,,,,,,,,,,,,,,,,,,,,,,0,,0,0,,,0,,,,,,,,,,,,,,,,,,,,,0,,,,,,,,,,,,,,,,,,,,,,,,,,,,,,,,,,,0,,,,,,,,,,,,,,,,,,,,,0,,,,,0,,,0,,,,,,,,,,0,,,,,,,,,,,,,,,,,,,0,,,,,,,,,,0,,0,,0,0,0,0,0,0,0,0,0,0,0,,0,0,0,0,0,0,0,0,0,0,0,,0,0,0,0,0,0,0,0,0,0,0,,,,,0,,,,,,0,,,,,,0,,,,,,,0,,,,,,,,,,,,,,,,,,,,,,,,,,,,,,,,,,,0,,,,,,,,,,,,,,,,,,,,,,,,,,,,,,,,,,,0,,,,,,,,,,,,,,,,,,,,,,,,,,,,,,,,,,,0,,,,,,,,,,,,,,,,,,,0,,,,,,,,,,,,,,,,,,,0,,,,,,,,,,,,,,,,,,,0
25-155,"2021-06-22 10:00:44",1,1,0,0,1,2,1,1,2,2,70,2,2021-06-22,7,2,,690,,,,1,0,1,1,1,1,0,1,0,0,0,0,0,690,,690,690,690,60,,690,,,,,,1,1,0,1,1,2,2017,0,,4,,,2,4,,4,0,,0,0,0,1,0,0,,0,,,1,50.1,166,36.5,108,159,103,34,100,15,1,0,0,1,18.181158368413413,4,0,0,2,1,0,0,0,0,0,0,0,1,0,0,0,0,0,0,0,0,0,0,0,0,0,0,0,0,0,0,0,0,0,0,0,0,0,0,0,0,0,0,0,0,0,0,0,0,0,0,0,0,0,0,0,0,0,0,0,0,0,0,0,0,0,0,0,0,2,1,,1,3,,,1,,,,,,1,8.6,82,7.4,2,1,,,12,0,,1,10,1,0,0,1,0,0,0,1,0,0,2,0,0,0,0,0,0,0,0,0,0,0,0,0,0,0,0,0,,,,,,,,,,,,,,,,,,0,0,0,0,0,0,,0,0,0,2,1,"2021-06-22 09:09","2021-06-22 15:11",1,"2021-06-22 15:11",1,1,1,"2021-06-22 08:48","2021-06-22 15:11",1,"2021-06-22 12:36","2021-06-22 15:11",2,4,17,17,17,17,4,17,17,17,17,1,1,17,17,1,17,17,1,17,17,1,17,17,2,25-155_cl_COT_ca_E.zip,1,2,1,1,2,3,4,3,4,3,5,4,5,4,4,3,3,5,4,0,,,,,,2,,,,,,,,,,,,,,,,,,,,,,,,,,,,,,,,,,,0,,,,,,,,,,,,,,,,,,,,,0,,,,,0,1,0,2,1,0,0,0,0,0,0,0,0,2,,,,,,,,,,,,,,,,,,,0,,,,,,,,,,0,cl_ben_face_25-155.jpg,2,0,0,1,0,1,1,0,0,0,0,1,2,,0,0,0,0,0,0,0,0,0,0,0,,0,0,0,0,0,0,0,0,0,0,0,,,,,0,1,2021-07-13,2,,,2,1,2021-07-20,2,,,2,,,,,,,0,,,,,,,,,,,,,,,,,,,,,,,,,,,,,,,,,,,0,,,,,,,,,,,,,,,,,,,,,,,,,,,,,,,,,,,0,,,,,,,,,,,,,,,,,,,,,,,,,,,,,,,,,,,0,,,,,,,,,,,,,,,,,,,0,,,,,,,,,,,,,,,,,,,0,,,,,,,,,,,,,,,,,,,0
25-156,"2021-10-07 11:50:34",1,1,0,0,1,2,1,1,2,2,46,2,2021-10-07,7,2,,1035,,,,1,0,1,1,0,1,1,1,1,0,1,1,0,90,,1035,90,90,,90,90,60,,90,90,,1,0,0,0,1,1,,,,,,,,,,3,0,,0,0,0,1,0,0,,0,,,1,56,170,36.7,106,97,71,40,98,15,1,0,1,2,19.377162629757784,4,0,0,2,1,0,0,0,0,0,0,0,0,0,0,0,0,0,0,0,0,1,1,1,1,1,1,1,0,0,0,0,0,0,0,0,0,0,0,0,0,0,0,0,0,0,0,0,0,0,0,0,0,0,0,0,0,0,0,0,0,0,0,0,0,0,0,0,0,2,1,,2,3,,,2,2,,,,176,1,6.3,82,3.6,2,2,1,,1,1,1,1,21,0,0,0,1,1,0,0,1,0,0,2,0,0,0,0,0,0,0,0,0,0,0,0,0,0,0,0,0,,,,,,,,,,,,,,,,,,0,0,0,0,0,0,,0,0,0,2,1,"2021-10-07 10:03","2021-10-07 12:34",1,"2021-10-07 15:11",1,1,1,"2021-10-07 09:55","2021-10-07 15:11",1,"2021-10-07 13:16","2021-10-07 15:11",2,4,18,18,18,18,4,18,18,18,18,1,1,18,18,1,18,18,1,18,18,1,18,18,2,25-156_cl_COT_ca_E.zip,1,2,1,0,2,3,0,1,0,3,0,3,4,0,3,0,0,4,3,0,,,,,,2,,,,,,,,,,,,,,,,,,,,,,,,,,,,,,,,,,,0,,,,,,,,,,,,,,,,,,,,,0,,,,,0,1,0,2,2,2,0,0,0,0,0,0,0,2,,,,,,,,,,,,,,,,,,,0,,,,,,,,,,0,cl_ben_face_25-156.jpg,2,0,0,1,0,0,1,0,0,0,0,0,2,,0,0,0,0,0,0,0,0,0,0,0,,0,0,0,0,0,0,0,0,0,0,0,,,,,0,1,2021-10-14,5,,2021-10-07,2,1,2021-11-04,5,,2021-10-07,2,2023-01-07,6,,,,,1,,,,,,,,,,,,,,,,,,,,,,,,,,,,,,,,,,,0,,,,,,,,,,,,,,,,,,,,,,,,,,,,,,,,,,,0,,,,,,,,,,,,,,,,,,,,,,,,,,,,,,,,,,,0,,,,,,,,,,,,,,,,,,,0,,,,,,,,,,,,,,,,,,,0,,,,,,,,,,,,,,,,,,,0
25-157,"2021-10-06 12:01:42",1,1,0,0,1,2,1,1,2,2,18,2,2021-10-06,6,2,,365,,,,1,0,0,1,1,0,0,0,0,0,0,0,0,365,,,,365,365,,,,,,,,0,,,,1,1,,,,,,,,,,4,0,,0,0,0,1,0,0,,0,,,1,50.9,165,36.6,63,126,74,28,99,15,1,0,0,1,18.69605142332415,1,0,0,2,1,0,0,0,0,0,0,0,0,1,1,0,0,0,0,1,1,0,0,0,0,0,0,0,0,0,0,0,0,0,0,0,0,0,0,0,0,0,0,0,0,0,0,0,0,0,0,0,0,0,0,0,0,0,0,0,0,0,0,0,0,0,0,0,0,2,1,,1,3,,,1,,,,,,1,13.9,87,5.3,2,1,,,11,0,,1,6,0,0,0,1,0,0,0,1,0,0,2,0,0,0,0,0,0,0,0,0,0,0,0,0,0,0,0,0,,,,,,,,,,,,,,,,,,0,0,0,0,0,0,,0,0,0,2,1,"2021-10-06 11:59","2021-10-06 13:49",1,"2021-10-06 14:37",1,1,1,"2021-10-06 14:00","2021-10-06 14:37",1,"2021-10-06 14:00","2021-10-06 14:37",2,4,19,19,19,19,4,19,19,19,19,1,1,19,19,1,19,19,1,19,19,1,19,19,2,25-157_cl_COT_ca_E.zip,1,2,1,0,2,0,0,3,0,0,0,0,3,0,0,0,0,0,0,0,,,,,,2,,,,,,,,,,,,,,,,,,,,,,,,,,,,,,,,,,,0,,,,,,,,,,,,,,,,,,,,,0,,,,,0,1,0,2,0,0,0,0,0,0,0,0,0,2,,,,,,,,,,,,,,,,,,,0,,,,,,,,,,0,cl_ben_face_25-157.jpg,2,1,0,0,0,0,0,0,0,0,0,0,2,,0,0,0,0,0,0,0,0,0,0,0,,0,0,0,0,0,0,0,0,0,0,0,,,,,0,1,2021-10-19,2,,,2,1,2021-11-04,1,,,2,,,,,,,0,,,,,,,,,,,,,,,,,,,,,,,,,,,,,,,,,,,0,,,,,,,,,,,,,,,,,,,,,,,,,,,,,,,,,,,0,,,,,,,,,,,,,,,,,,,,,,,,,,,,,,,,,,,0,,,,,,,,,,,,,,,,,,,0,,,,,,,,,,,,,,,,,,,0,,,,,,,,,,,,,,,,,,,0
25-158,"2021-09-21 10:14:24",1,1,0,0,1,2,1,1,2,2,22,2,2021-09-21,10,2,,30,,,,1,0,1,1,0,1,1,1,1,1,1,1,0,30,,7,14,30,,14,14,30,30,14,30,,0,,,,3,1,,,,,,,,,,4,0,,0,0,0,1,0,0,,0,,,1,58.1,179,35.5,70,104,68,16,97,15,0,0,0,0,18.133017071876658,4,0,0,2,1,0,0,0,0,0,0,0,0,0,0,0,0,0,0,0,0,1,1,1,1,0,0,0,0,0,0,0,0,0,0,0,0,0,0,0,0,0,0,0,0,0,0,0,0,0,0,0,0,0,0,0,0,0,0,0,0,0,0,0,0,0,0,0,0,2,1,,1,2,,,1,,,,,,1,14.8,87,7.7,2,1,,,6,0,,1,6,0,0,0,1,0,1,0,1,0,0,2,0,0,0,0,0,0,0,0,0,0,0,0,0,0,0,0,0,,,,,,,,,,,,,,,,,,0,0,0,0,0,0,,0,0,0,2,1,"2021-09-21 09:43","2021-09-21 12:12",1,"2021-09-21 14:55",1,1,1,"2021-09-21 09:35","2021-09-21 14:55",1,"2021-09-21 11:38","2021-09-21 14:55",2,4,20,20,20,20,4,20,20,20,20,1,1,20,20,1,20,20,1,20,20,1,20,20,2,25-158_cl_COT_ca_E.zip,0,0,1,0,2,0,0,3,0,3,0,0,3,0,3,0,3,0,0,0,,,,,,2,,,,,,,,,,,,,,,,,,,,,,,,,,,,,,,,,,,0,,,,,,,,,,,,,,,,,,,,,0,,,,,0,1,0,2,0,0,0,0,0,0,0,0,0,2,,,,,,,,,,,,,,,,,,,0,,,,,,,,,,0,cl_ben_face_25-158.jpg,2,1,0,0,0,0,0,0,0,0,0,0,2,,0,0,0,0,0,0,0,0,0,0,0,,0,0,0,0,0,0,0,0,0,0,0,,,,,0,1,2021-10-03,1,,,2,1,2021-10-19,1,,,2,,,,,,,0,,,,,,,,,,,,,,,,,,,,,,,,,,,,,,,,,,,0,,,,,,,,,,,,,,,,,,,,,,,,,,,,,,,,,,,0,,,,,,,,,,,,,,,,,,,,,,,,,,,,,,,,,,,0,,,,,,,,,,,,,,,,,,,0,,,,,,,,,,,,,,,,,,,0,,,,,,,,,,,,,,,,,,,0
25-159,"2022-01-09 11:32:31",1,1,0,0,1,2,1,1,2,1,60,2,2022-01-09,10,2,,60,,,,0,0,1,1,1,1,0,1,1,1,0,1,0,,,60,60,60,14,,60,60,60,,,,1,0,0,1,1,1,,,,,,,,,,1,0,,0,1,0,1,0,0,,0,,,1,53.5,170,36.4,83,133,79,30,96,15,1,0,0,1,18.5121107266436,4,0,0,2,1,0,0,0,0,0,0,0,0,0,0,0,0,0,0,0,0,1,1,0,0,0,0,1,1,0,0,0,0,0,0,0,0,0,0,0,0,0,0,0,0,0,0,0,0,0,0,0,0,0,0,0,0,0,0,0,0,0,0,0,0,0,0,0,0,2,1,,1,3,,,1,,,,,,1,10.0,88,8.8,2,1,,,7,0,,1,6,1,0,0,1,0,0,0,1,0,0,2,0,0,0,0,0,0,0,0,0,0,0,0,0,0,0,0,0,,,,,,,,,,,,,,,,,,0,0,0,0,0,0,,0,0,0,2,1,"2022-01-09 10:05","2022-01-09 12:12",1,"2022-01-09 14:55",1,1,1,"2022-01-09 10:05","2022-01-09 14:55",1,"2022-01-09 13:13","2022-01-09 14:55",2,4,21,21,21,21,4,21,21,21,21,1,1,21,21,1,21,21,1,21,21,1,21,21,2,25-159_cl_COT_ca_E.zip,1,2,1,0,2,3,3,3,0,3,0,0,3,0,0,0,4,0,3,0,,,,,,2,,,,,,,,,,,,,,,,,,,,,,,,,,,,,,,,,,,0,,,,,,,,,,,,,,,,,,,,,0,,,,,0,1,0,2,0,0,0,0,0,0,0,0,0,2,,,,,,,,,,,,,,,,,,,0,,,,,,,,,,0,cl_ben_face_25-159.jpg,2,0,0,1,0,0,0,0,0,0,0,0,2,,0,0,0,0,0,0,0,0,0,0,0,,0,0,0,0,0,0,0,0,0,0,0,,,,,0,1,2022-01-21,2,,,2,1,2022-02-06,2,,,2,,,,,,,0,,,,,,,,,,,,,,,,,,,,,,,,,,,,,,,,,,,0,,,,,,,,,,,,,,,,,,,,,,,,,,,,,,,,,,,0,,,,,,,,,,,,,,,,,,,,,,,,,,,,,,,,,,,0,,,,,,,,,,,,,,,,,,,0,,,,,,,,,,,,,,,,,,,0,,,,,,,,,,,,,,,,,,,0
25-160,"2022-01-08 10:09:44",1,1,0,0,1,2,1,1,2,2,40,2,2022-01-08,6,2,,30,,,,1,0,1,1,1,1,1,1,1,1,1,1,0,30,,14,14,30,5,14,14,14,14,7,14,,0,,,,1,1,,,,,,,,,,3,0,,0,0,0,1,0,0,,0,,,1,56.1,183,35.3,89,100,64,28,95,15,1,0,1,2,16.751769237660127,4,1,0,2,1,0,0,0,0,0,0,0,0,0,0,0,0,0,0,0,0,1,1,0,0,0,0,1,0,0,0,0,0,0,0,0,0,0,0,0,0,0,0,0,0,0,0,0,0,0,0,0,0,0,0,0,0,0,0,0,0,0,0,0,0,0,0,0,0,2,1,,1,3,,,1,,,,,,1,10.2,86,7.1,2,2,1,,6,0,,1,,1,1,0,0,0,0,0,1,0,0,2,0,0,0,0,0,0,0,0,0,0,0,0,0,0,0,0,0,,,,,,,,,,,,,,,,,,0,0,0,0,0,0,,0,0,0,2,1,"2022-01-08 09:20",,1,"2022-01-08 15:24",1,1,1,"2022-01-08 09:20","2022-01-08 15:24",1,"2022-01-08 11:25","2022-01-08 15:24",2,4,22,22,22,22,4,22,22,22,22,1,1,22,22,1,22,22,1,22,22,1,22,22,2,25-160_cl_COT_ca_E.zip,1,2,1,0,2,4,3,3,4,0,3,0,0,0,3,4,0,0,3,0,,,,,,2,,,,,,,,,,,,,,,,,,,,,,,,,,,,,,,,,,,0,,,,,,,,,,,,,,,,,,,,,0,,,,,0,1,0,2,2,0,0,0,0,0,0,0,0,2,,,,,,,,,,,,,,,,,,,0,,,,,,,,,,0,cl_ben_face_25-160.jpeg,2,0,0,1,0,0,0,0,0,0,1,0,2,,0,0,0,0,0,0,0,0,0,0,0,,0,0,0,0,0,0,0,0,0,0,0,,,,,0,1,2022-01-26,2,,,2,1,2022-02-09,4,,,2,,,,,,,0,,,,,,,,,,,,,,,,,,,,,,,,,,,,,,,,,,,0,,,,,,,,,,,,,,,,,,,,,,,,,,,,,,,,,,,0,,,,,,,,,,,,,,,,,,,,,,,,,,,,,,,,,,,0,,,,,,,,,,,,,,,,,,,0,,,,,,,,,,,,,,,,,,,0,,,,,,,,,,,,,,,,,,,0
25-161,"2022-01-08 12:48:05",1,1,0,0,1,2,1,1,2,2,55,2,2022-01-08,6,2,,90,,,,1,0,1,1,0,1,1,1,1,0,0,1,0,90,,60,90,120,,90,90,90,,,90,,1,1,0,1,2,1,,,,,,,,,,2,0,,0,0,0,1,0,0,,0,,,1,49.4,170,38.8,105,122,78,26,94,15,1,0,0,1,17.093425605536332,4,0,0,2,1,0,0,0,0,0,0,0,0,0,0,0,0,0,0,0,0,1,1,1,1,1,1,1,1,0,0,0,0,0,0,0,0,0,0,0,0,0,0,0,0,0,0,0,0,0,0,0,0,0,0,0,0,0,0,0,0,0,0,0,0,0,0,0,0,2,1,,2,3,,,1,,,,,,1,11.9,78,8.3,2,1,,,1,1,0,0,,0,0,0,0,0,0,0,1,0,0,2,0,0,0,0,0,0,0,0,0,0,0,0,0,0,0,0,0,,,,,,,,,,,,,,,,,,0,0,0,0,0,0,,0,0,0,2,1,"2022-01-08 11:35","2021-12-25 13:33",1,"2022-01-08 15:24",1,1,1,"2022-01-08 11:28","2022-01-08 15:24",1,"2022-01-08 14:42","2022-01-08 15:24",2,4,23,23,23,23,4,23,23,23,23,1,1,23,23,1,23,23,1,23,23,1,23,23,2,25-161_cl_COT_ca_E.zip,1,2,1,0,2,3,3,3,4,4,4,3,4,4,3,4,3,3,3,1,2,1,,1,,2,,,,,,,,,,,,,,,,,,,,,,,,,,,,,,,,,,,0,,,,,,,,,,,,,,,,,,,,,0,,,,,0,1,0,2,1,0,0,0,2,0,0,2,0,2,,,,,,,,,,,,,,,,,,,0,,,,,,,,,,0,cl_ben_face_25-161.jpg,2,0,0,1,0,0,1,0,0,0,0,0,2,,0,0,0,0,0,0,0,0,0,0,0,,0,0,0,0,0,0,0,0,0,0,0,,,,,0,,2022-02-16,,,,0,,,,,,0,2023-04-09,0,,,,,1,,,,,,,,,,,,,,,,,,,,,,,,,,,,,,,,,,,0,,,,,,,,,,,,,,,,,,,,,,,,,,,,,,,,,,,0,,,,,,,,,,,,,,,,,,,,,,,,,,,,,,,,,,,0,,,,,,,,,,,,,,,,,,,0,,,,,,,,,,,,,,,,,,,0,,,,,,,,,,,,,,,,,,,0
25-162,"2021-11-27 11:17:19",1,1,0,0,1,2,1,1,2,2,38,2,2021-12-01,7,2,,7,,,,0,0,0,1,0,0,0,0,0,0,0,0,1,,,,,7,,,,,,,,2,0,,,,2,2,2020,0,,3,,3,,,,4,0,,0,0,0,1,0,1,2021-09-17,0,,,0,59.3,166,35.6,100,141,92,24,95,15,1,0,0,1,21.519814196545216,1,0,0,2,1,0,0,0,0,0,0,0,0,0,0,0,0,0,0,0,0,0,1,0,1,0,0,1,0,0,0,0,0,0,0,0,0,0,0,0,0,0,0,0,0,0,0,0,0,0,0,0,0,0,0,0,0,0,0,0,0,0,0,0,0,0,0,0,0,2,2,41.0,1,1,,,1,,,,,,1,15.3,90,8.0,2,1,,,12,0,,1,10,1,0,0,1,0,0,0,0,1,0,2,0,0,0,0,0,0,0,0,0,0,0,0,0,0,0,0,0,,,,,,,,,,,,,,,,,,0,0,0,0,0,0,,0,0,0,2,1,"2021-12-01 09:17","2021-12-01 12:20",1,"2021-12-01 15:00",1,1,1,"2021-12-01 08:54","2021-12-01 15:00",1,"2021-12-01 12:20","2021-12-01 15:00",2,4,24,24,24,24,4,24,24,24,24,1,1,24,24,1,24,24,1,24,24,1,24,24,2,,,0,1,0,2,3,3,0,0,3,3,0,0,3,3,3,0,3,0,0,,,,,,2,,,,,,,,,,,,,,,,,,,,,,,,,,,,,,,,,,,0,,,,,,,,,,,,,,,,,,,,,0,,,,,0,1,0,2,0,0,0,0,0,0,0,0,0,2,,,,,,,,,,,,,,,,,,,0,,,,,,,,,,0,cl_ben_face_25-162.jpg,2,0,0,0,0,0,0,0,0,0,0,1,2,,0,0,0,0,0,0,0,0,0,0,0,,0,0,0,0,0,0,0,0,0,0,0,,,,,0,1,2021-12-08,2,,,2,1,2022-01-01,1,,,2,,,,,,,0,,,,,,,,,,,,,,,,,,,,,,,,,,,,,,,,,,,0,,,,,,,,,,,,,,,,,,,,,,,,,,,,,,,,,,,0,,,,,,,,,,,,,,,,,,,,,,,,,,,,,,,,,,,0,,,,,,,,,,,,,,,,,,,0,,,,,,,,,,,,,,,,,,,0,,,,,,,,,,,,,,,,,,,0
25-163,"2021-09-28 10:37:58",1,1,0,0,1,2,1,1,2,2,31,2,2021-09-28,7,2,,28,,,,0,0,0,0,0,0,0,0,0,1,0,0,0,,,,,,,,,,28,,,,0,,,,2,1,,,,,,,,,,1,0,,0,0,0,1,0,1,2021-01-28,0,,,0,58.3,164,36.7,77,149,110,26,98,15,1,0,0,1,21.67608566329566,1,0,0,2,1,1,1,1,0,0,0,1,1,0,0,0,0,0,0,0,0,0,0,0,0,0,0,0,0,0,0,0,0,0,0,0,0,0,0,0,0,0,0,0,0,0,0,0,0,0,0,0,0,0,0,0,0,0,0,0,0,0,0,0,0,0,0,0,0,2,1,,1,1,0,,1,,,,,,1,14.6,83,6.3,2,1,,,11,0,,0,,0,0,0,0,0,0,0,1,0,0,2,0,0,0,0,0,0,0,0,0,0,0,0,0,0,0,0,0,,,,,,,,,,,,,,,,,,0,0,0,0,0,0,,0,0,0,2,1,"2021-09-28 09:47","2021-09-28 12:20",1,"2021-09-28 15:00",1,1,1,"2021-09-28 09:40","2021-09-28 15:00",1,"2021-09-28 13:11","2021-09-28 15:00",2,4,25,25,25,25,4,25,25,2.25,25,1,1,25,25,1,25,25,1,25,25,1,25,25,2,25-163_cl_COT_ca_E.zip,1,2,1,0,2,3,3,3,0,0,0,3,3,0,0,0,0,0,0,0,,,,,,2,,,,,,,,,,,,,,,,,,,,,,,,,,,,,,,,,,,0,,,,,,,,,,,,,,,,,,,,,0,,,,,0,1,0,2,3,0,0,0,0,0,0,0,0,2,,,,,,,,,,,,,,,,,,,0,,,,,,,,,,0,cl_ben_face_25-163.jpg,2,1,0,0,0,0,0,0,0,0,0,0,2,,0,0,0,0,0,0,0,0,0,0,0,,0,0,0,0,0,0,0,0,0,0,0,,,,,0,1,2021-10-05,2,,,2,1,2021-10-26,2,,,2,,,,,,,0,,,,,,,,,,,,,,,,,,,,,,,,,,,,,,,,,,,0,,,,,,,,,,,,,,,,,,,,,,,,,,,,,,,,,,,0,,,,,,,,,,,,,,,,,,,,,,,,,,,,,,,,,,,0,,,,,,,,,,,,,,,,,,,0,,,,,,,,,,,,,,,,,,,0,,,,,,,,,,,,,,,,,,,0
25-164,"2021-12-11 09:45:59",1,1,0,0,1,2,1,1,2,1,30,2,2021-12-11,6,2,,6,,,,0,0,0,1,1,0,1,1,1,0,0,0,0,,,,,6,3,6,6,6,,,,,0,,,,2,1,,,,,,,,,,1,0,,0,0,0,1,0,1,2021-11-11,0,,,1,66.7,160,36.5,75,132,89,40,97,15,1,0,0,1,26.0546875,1,0,0,2,1,0,0,0,0,0,0,0,0,0,0,0,0,0,0,0,0,1,1,0,1,0,0,1,1,0,0,0,0,0,0,0,0,0,0,0,0,0,0,0,0,0,0,0,0,0,0,0,0,0,0,0,0,0,0,0,0,0,0,0,0,0,0,0,0,2,1,,1,1,,,2,2,,,,,1,12.9,87,5.0,0,1,,,10,0,,1,,0,0,0,1,1,0,0,1,0,0,2,0,0,0,0,0,0,0,0,0,0,0,0,0,0,0,0,0,,,,,,,,,,,,,,,,,,0,0,0,0,0,0,,0,0,0,2,1,"2021-12-11 09:00","2021-12-11 13:15",1,"2021-12-11 15:11",1,1,1,"2021-12-11 08:12","2021-12-11 15:11",1,"2021-11-15 11:44","2021-12-11 15:11",2,4,26,26,26,26,4,26,26,26,26,1,1,26,26,1,26,26,1,26,26,1,26,26,2,25-164_cl_COT_ca_E.zip,1,2,1,0,2,0,0,3,0,1,0,0,1,3,0,0,0,0,0,0,,,,,,2,,,,,,,,,,,,,,,,,,,,,,,,,,,,,,,,,,,0,,,,,,,,,,,,,,,,,,,,,0,,,,,0,1,0,2,0,0,0,0,0,0,0,0,0,2,,,,,,,,,,,,,,,,,,,0,,,,,,,,,,0,cl_ben_face_25-164.jpeg,2,1,0,0,0,0,0,0,0,0,0,0,2,,0,0,0,0,0,0,0,0,0,0,0,,0,0,0,0,0,0,0,0,0,0,0,,,,,0,1,2021-12-17,2,,,2,1,2022-01-10,1,,,2,,,,,,,0,,,,,,,,,,,,,,,,,,,,,,,,,,,,,,,,,,,0,,,,,,,,,,,,,,,,,,,,,,,,,,,,,,,,,,,0,,,,,,,,,,,,,,,,,,,,,,,,,,,,,,,,,,,0,,,,,,,,,,,,,,,,,,,0,,,,,,,,,,,,,,,,,,,0,,,,,,,,,,,,,,,,,,,0
25-165,"2022-01-20 11:41:06",1,1,0,0,1,2,1,1,2,2,39,2,2022-01-20,6,3,,,40,,,1,0,0,1,0,1,0,1,1,1,0,0,0,28,,30,,60,,,40,60,60,,,,0,,,,1,1,,,,,,,,,,3,0,,0,0,0,1,0,0,,0,,,1,44.3,163,37,105,111,80,38,96,15,1,0,0,1,16.673566938913773,2,0,0,2,1,0,0,0,0,0,0,0,0,0,0,0,0,0,1,0,0,1,1,0,0,0,0,0,1,0,0,0,0,0,0,0,0,0,0,0,0,0,0,0,0,0,0,0,0,0,0,0,0,0,0,0,0,0,0,0,0,0,0,0,0,0,0,0,0,2,1,,2,3,,,1,,,,,,1,11.0,83,9.4,2,1,,,1,1,0,0,,0,0,0,0,0,0,0,1,0,0,2,0,0,0,0,0,0,0,0,0,0,0,0,0,0,0,0,0,,,,,,,,,,,,,,,,,,0,0,0,0,0,0,,0,0,0,2,1,"2022-01-20 09:45","2022-01-20 12:20",1,"2022-01-20 15:11",1,1,1,"2022-01-20 09:21","2022-01-20 15:11",1,"2022-01-20 13:38","2022-01-20 15:11",2,4,27,27,27,27,4,27,27,27,27,1,1,27,27,1,27,27,1,27,27,1,27,27,2,25-165_cl_COT_ca_E.zip,1,2,1,0,2,4,0,3,4,3,3,4,4,3,3,4,0,0,0,0,,,,,,2,,,,,,,,,,,,,,,,,,,,,,,,,,,,,,,,,,,0,,,,,,,,,,,,,,,,,,,,,0,,,,,0,1,0,2,0,0,0,0,0,0,0,0,0,2,,,,,,,,,,,,,,,,,,,0,,,,,,,,,,0,cl_ben_face_25-165.jpeg,2,0,1,1,0,0,1,0,0,0,0,0,2,,0,0,0,0,0,0,0,0,0,0,0,,0,0,0,0,0,0,0,0,0,0,0,,,,,0,1,2022-01-28,2,,,2,1,2022-02-27,2,,,2,,,,,,,0,,,,,,,,,,,,,,,,,,,,,,,,,,,,,,,,,,,0,,,,,,,,,,,,,,,,,,,,,,,,,,,,,,,,,,,0,,,,,,,,,,,,,,,,,,,,,,,,,,,,,,,,,,,0,,,,,,,,,,,,,,,,,,,0,,,,,,,,,,,,,,,,,,,0,,,,,,,,,,,,,,,,,,,0
25-166,"2021-10-10 16:23:30",0,1,0,1,,2,,,0,,,0,,,,,,,,,0,0,0,0,0,0,0,0,0,0,0,0,0,,,,,,,,,,,,,,,,,,,,,,,,,,,,,,,,,,,,,,,,,,,,,,,,,,,,,,,,,,,,0,,0,0,0,0,0,0,0,0,0,0,0,0,0,0,0,0,0,0,0,0,0,0,0,0,0,0,0,0,0,0,0,0,0,0,0,0,0,0,0,0,0,0,0,0,0,0,0,0,0,0,0,0,0,0,0,0,0,0,0,0,0,0,0,0,0,,,,,,,,,,,,,,,,,0,,,,,,,,,0,0,0,0,0,0,,0,0,0,0,,0,0,0,0,0,0,0,0,0,0,0,0,0,0,0,0,,,,,,,,,,,,,,,,,,0,0,0,0,0,0,,0,0,0,0,,,,,,,,,,,,,,0,,,,,,,,,,,,,,,,,,,,,,,,0,,,0,,,0,,,,,,,,,,,,,,,,,,,,,0,,,,,,,,,,,,,,,,,,,,,,,,,,,,,,,,,,,0,,,,,,,,,,,,,,,,,,,,,0,,,,,0,,,0,,,,,,,,,,0,,,,,,,,,,,,,,,,,,,0,,,,,,,,,,0,,0,,0,0,0,0,0,0,0,0,0,0,0,,0,0,0,0,0,0,0,0,0,0,0,,0,0,0,0,0,0,0,0,0,0,0,,,,,0,,,,,,0,,,,,,0,,,,,,,0,,,,,,,,,,,,,,,,,,,,,,,,,,,,,,,,,,,0,,,,,,,,,,,,,,,,,,,,,,,,,,,,,,,,,,,0,,,,,,,,,,,,,,,,,,,,,,,,,,,,,,,,,,,0,,,,,,,,,,,,,,,,,,,0,,,,,,,,,,,,,,,,,,,0,,,,,,,,,,,,,,,,,,,0
25-167,"2021-10-23 16:24:10",1,1,0,0,2,2,,,0,,,0,,,,,,,,,0,0,0,0,0,0,0,0,0,0,0,0,0,,,,,,,,,,,,,,,,,,,,,,,,,,,,,,,,,,,,,,,,,,,,,,,,,,,,,,,,,,,,0,,0,0,0,0,0,0,0,0,0,0,0,0,0,0,0,0,0,0,0,0,0,0,0,0,0,0,0,0,0,0,0,0,0,0,0,0,0,0,0,0,0,0,0,0,0,0,0,0,0,0,0,0,0,0,0,0,0,0,0,0,0,0,0,0,0,,,,,,,,,,,,,,,,,0,,,,,,,,,0,0,0,0,0,0,,0,0,0,0,,0,0,0,0,0,0,0,0,0,0,0,0,0,0,0,0,,,,,,,,,,,,,,,,,,0,0,0,0,0,0,,0,0,0,0,,,,,,,,,,,,,,0,,,,,,,,,,,,,,,,,,,,,,,,0,,,0,,,0,,,,,,,,,,,,,,,,,,,,,0,,,,,,,,,,,,,,,,,,,,,,,,,,,,,,,,,,,0,,,,,,,,,,,,,,,,,,,,,0,,,,,0,,,0,,,,,,,,,,0,,,,,,,,,,,,,,,,,,,0,,,,,,,,,,0,,0,,0,0,0,0,0,0,0,0,0,0,0,,0,0,0,0,0,0,0,0,0,0,0,,0,0,0,0,0,0,0,0,0,0,0,,,,,0,,,,,,0,,,,,,0,,,,,,,0,,,,,,,,,,,,,,,,,,,,,,,,,,,,,,,,,,,0,,,,,,,,,,,,,,,,,,,,,,,,,,,,,,,,,,,0,,,,,,,,,,,,,,,,,,,,,,,,,,,,,,,,,,,0,,,,,,,,,,,,,,,,,,,0,,,,,,,,,,,,,,,,,,,0,,,,,,,,,,,,,,,,,,,0
25-168,"2022-01-16 16:24:59",1,1,0,0,2,2,,,0,,,0,,,,,,,,,0,0,0,0,0,0,0,0,0,0,0,0,0,,,,,,,,,,,,,,,,,,,,,,,,,,,,,,,,,,,,,,,,,,,,,,,,,,,,,,,,,,,,0,,0,0,0,0,0,0,0,0,0,0,0,0,0,0,0,0,0,0,0,0,0,0,0,0,0,0,0,0,0,0,0,0,0,0,0,0,0,0,0,0,0,0,0,0,0,0,0,0,0,0,0,0,0,0,0,0,0,0,0,0,0,0,0,0,0,,,,,,,,,,,,,,,,,0,,,,,,,,,0,0,0,0,0,0,,0,0,0,0,,0,0,0,0,0,0,0,0,0,0,0,0,0,0,0,0,,,,,,,,,,,,,,,,,,0,0,0,0,0,0,,0,0,0,0,,,,,,,,,,,,,,0,,,,,,,,,,,,,,,,,,,,,,,,0,,,0,,,0,,,,,,,,,,,,,,,,,,,,,0,,,,,,,,,,,,,,,,,,,,,,,,,,,,,,,,,,,0,,,,,,,,,,,,,,,,,,,,,0,,,,,0,,,0,,,,,,,,,,0,,,,,,,,,,,,,,,,,,,0,,,,,,,,,,0,,0,,0,0,0,0,0,0,0,0,0,0,0,,0,0,0,0,0,0,0,0,0,0,0,,0,0,0,0,0,0,0,0,0,0,0,,,,,0,,,,,,0,,,,,,0,,,,,,,0,,,,,,,,,,,,,,,,,,,,,,,,,,,,,,,,,,,0,,,,,,,,,,,,,,,,,,,,,,,,,,,,,,,,,,,0,,,,,,,,,,,,,,,,,,,,,,,,,,,,,,,,,,,0,,,,,,,,,,,,,,,,,,,0,,,,,,,,,,,,,,,,,,,0,,,,,,,,,,,,,,,,,,,0
25-169,"2021-10-13 16:25:22",1,1,0,0,2,2,,,0,,,0,,,,,,,,,0,0,0,0,0,0,0,0,0,0,0,0,0,,,,,,,,,,,,,,,,,,,,,,,,,,,,,,,,,,,,,,,,,,,,,,,,,,,,,,,,,,,,0,,0,0,0,0,0,0,0,0,0,0,0,0,0,0,0,0,0,0,0,0,0,0,0,0,0,0,0,0,0,0,0,0,0,0,0,0,0,0,0,0,0,0,0,0,0,0,0,0,0,0,0,0,0,0,0,0,0,0,0,0,0,0,0,0,0,,,,,,,,,,,,,,,,,0,,,,,,,,,0,0,0,0,0,0,,0,0,0,0,,0,0,0,0,0,0,0,0,0,0,0,0,0,0,0,0,,,,,,,,,,,,,,,,,,0,0,0,0,0,0,,0,0,0,0,,,,,,,,,,,,,,0,,,,,,,,,,,,,,,,,,,,,,,,0,,,0,,,0,,,,,,,,,,,,,,,,,,,,,0,,,,,,,,,,,,,,,,,,,,,,,,,,,,,,,,,,,0,,,,,,,,,,,,,,,,,,,,,0,,,,,0,,,0,,,,,,,,,,0,,,,,,,,,,,,,,,,,,,0,,,,,,,,,,0,,0,,0,0,0,0,0,0,0,0,0,0,0,,0,0,0,0,0,0,0,0,0,0,0,,0,0,0,0,0,0,0,0,0,0,0,,,,,0,,,,,,0,,,,,,0,,,,,,,0,,,,,,,,,,,,,,,,,,,,,,,,,,,,,,,,,,,0,,,,,,,,,,,,,,,,,,,,,,,,,,,,,,,,,,,0,,,,,,,,,,,,,,,,,,,,,,,,,,,,,,,,,,,0,,,,,,,,,,,,,,,,,,,0,,,,,,,,,,,,,,,,,,,0,,,,,,,,,,,,,,,,,,,0
25-170,"2021-10-30 16:25:46",1,1,0,0,2,2,,,0,,,0,,,,,,,,,0,0,0,0,0,0,0,0,0,0,0,0,0,,,,,,,,,,,,,,,,,,,,,,,,,,,,,,,,,,,,,,,,,,,,,,,,,,,,,,,,,,,,0,,0,0,0,0,0,0,0,0,0,0,0,0,0,0,0,0,0,0,0,0,0,0,0,0,0,0,0,0,0,0,0,0,0,0,0,0,0,0,0,0,0,0,0,0,0,0,0,0,0,0,0,0,0,0,0,0,0,0,0,0,0,0,0,0,0,,,,,,,,,,,,,,,,,0,,,,,,,,,0,0,0,0,0,0,,0,0,0,0,,0,0,0,0,0,0,0,0,0,0,0,0,0,0,0,0,,,,,,,,,,,,,,,,,,0,0,0,0,0,0,,0,0,0,0,,,,,,,,,,,,,,0,,,,,,,,,,,,,,,,,,,,,,,,0,,,0,,,0,,,,,,,,,,,,,,,,,,,,,0,,,,,,,,,,,,,,,,,,,,,,,,,,,,,,,,,,,0,,,,,,,,,,,,,,,,,,,,,0,,,,,0,,,0,,,,,,,,,,0,,,,,,,,,,,,,,,,,,,0,,,,,,,,,,0,,0,,0,0,0,0,0,0,0,0,0,0,0,,0,0,0,0,0,0,0,0,0,0,0,,0,0,0,0,0,0,0,0,0,0,0,,,,,0,,,,,,0,,,,,,0,,,,,,,0,,,,,,,,,,,,,,,,,,,,,,,,,,,,,,,,,,,0,,,,,,,,,,,,,,,,,,,,,,,,,,,,,,,,,,,0,,,,,,,,,,,,,,,,,,,,,,,,,,,,,,,,,,,0,,,,,,,,,,,,,,,,,,,0,,,,,,,,,,,,,,,,,,,0,,,,,,,,,,,,,,,,,,,0
25-171,"2021-05-22 16:26:09",1,1,0,0,2,2,,,0,,,0,,,,,,,,,0,0,0,0,0,0,0,0,0,0,0,0,0,,,,,,,,,,,,,,,,,,,,,,,,,,,,,,,,,,,,,,,,,,,,,,,,,,,,,,,,,,,,0,,0,0,0,0,0,0,0,0,0,0,0,0,0,0,0,0,0,0,0,0,0,0,0,0,0,0,0,0,0,0,0,0,0,0,0,0,0,0,0,0,0,0,0,0,0,0,0,0,0,0,0,0,0,0,0,0,0,0,0,0,0,0,0,0,0,,,,,,,,,,,,,,,,,0,,,,,,,,,0,0,0,0,0,0,,0,0,0,0,,0,0,0,0,0,0,0,0,0,0,0,0,0,0,0,0,,,,,,,,,,,,,,,,,,0,0,0,0,0,0,,0,0,0,0,,,,,,,,,,,,,,0,,,,,,,,,,,,,,,,,,,,,,,,0,,,0,,,0,,,,,,,,,,,,,,,,,,,,,0,,,,,,,,,,,,,,,,,,,,,,,,,,,,,,,,,,,0,,,,,,,,,,,,,,,,,,,,,0,,,,,0,,,0,,,,,,,,,,0,,,,,,,,,,,,,,,,,,,0,,,,,,,,,,0,,0,,0,0,0,0,0,0,0,0,0,0,0,,0,0,0,0,0,0,0,0,0,0,0,,0,0,0,0,0,0,0,0,0,0,0,,,,,0,,,,,,0,,,,,,0,,,,,,,0,,,,,,,,,,,,,,,,,,,,,,,,,,,,,,,,,,,0,,,,,,,,,,,,,,,,,,,,,,,,,,,,,,,,,,,0,,,,,,,,,,,,,,,,,,,,,,,,,,,,,,,,,,,0,,,,,,,,,,,,,,,,,,,0,,,,,,,,,,,,,,,,,,,0,,,,,,,,,,,,,,,,,,,0
25-172,"2021-12-25 16:26:28",1,1,0,0,2,2,,,0,,,0,,,,,,,,,0,0,0,0,0,0,0,0,0,0,0,0,0,,,,,,,,,,,,,,,,,,,,,,,,,,,,,,,,,,,,,,,,,,,,,,,,,,,,,,,,,,,,0,,0,0,0,0,0,0,0,0,0,0,0,0,0,0,0,0,0,0,0,0,0,0,0,0,0,0,0,0,0,0,0,0,0,0,0,0,0,0,0,0,0,0,0,0,0,0,0,0,0,0,0,0,0,0,0,0,0,0,0,0,0,0,0,0,0,,,,,,,,,,,,,,,,,0,,,,,,,,,0,0,0,0,0,0,,0,0,0,0,,0,0,0,0,0,0,0,0,0,0,0,0,0,0,0,0,,,,,,,,,,,,,,,,,,0,0,0,0,0,0,,0,0,0,0,,,,,,,,,,,,,,0,,,,,,,,,,,,,,,,,,,,,,,,0,,,0,,,0,,,,,,,,,,,,,,,,,,,,,0,,,,,,,,,,,,,,,,,,,,,,,,,,,,,,,,,,,0,,,,,,,,,,,,,,,,,,,,,0,,,,,0,,,0,,,,,,,,,,0,,,,,,,,,,,,,,,,,,,0,,,,,,,,,,0,,0,,0,0,0,0,0,0,0,0,0,0,0,,0,0,0,0,0,0,0,0,0,0,0,,0,0,0,0,0,0,0,0,0,0,0,,,,,0,,,,,,0,,,,,,0,,,,,,,0,,,,,,,,,,,,,,,,,,,,,,,,,,,,,,,,,,,0,,,,,,,,,,,,,,,,,,,,,,,,,,,,,,,,,,,0,,,,,,,,,,,,,,,,,,,,,,,,,,,,,,,,,,,0,,,,,,,,,,,,,,,,,,,0,,,,,,,,,,,,,,,,,,,0,,,,,,,,,,,,,,,,,,,0
25-173,"2021-10-30 10:05:53",1,1,0,0,1,2,1,1,2,2,52,2,2021-10-30,9,2,,14,,,,1,0,1,1,0,1,0,1,1,0,0,1,0,14,,7,14,14,,,7,14,,,7,,0,,,,2,1,,,,,,,,,,4,0,,0,1,0,1,0,0,,0,,,1,60.4,182,36.5,64,192,114,28,99,15,1,0,0,1,18.234512740007247,3,0,0,2,1,0,0,0,0,0,0,0,0,0,0,0,0,0,0,0,0,1,1,1,0,0,0,0,0,0,0,0,0,0,0,0,0,0,0,0,0,0,0,0,0,0,0,0,0,0,0,0,0,0,0,0,0,0,0,0,0,0,0,0,0,0,0,0,0,2,1,,1,3,,,1,,,,,,1,9.9,78,2.6,2,1,,,6,0,,1,6,1,0,0,0,0,0,0,1,0,0,2,0,0,0,0,0,0,0,0,0,0,0,0,0,0,0,0,0,,,,,,,,,,,,,,,,,,0,0,0,0,0,0,,0,0,0,2,1,"2021-10-30 09:34","2021-10-30 12:05",1,"2021-10-29 13:05",1,1,1,"2021-10-30 08:36","2021-10-30 13:05",1,"2021-10-29 12:15","2021-10-30 13:05",2,4,28,28,28,28,4,28,28,28,28,1,1,28,28,1,28,28,1,28,28,1,28,28,2,25-173_cl_COT_ca_E.zip,1,2,1,0,2,0,0,3,0,3,0,0,3,0,3,0,0,0,0,0,,,,,,2,,,,,,,,,,,,,,,,,,,,,,,,,,,,,,,,,,,0,,,,,,,,,,,,,,,,,,,,,0,,,,,0,1,0,2,0,0,0,0,0,0,0,0,0,2,,,,,,,,,,,,,,,,,,,0,,,,,,,,,,0,cl_ben_face_25-173.jpeg,2,0,0,0,0,0,0,0,0,0,1,0,2,,0,0,0,0,0,0,0,0,0,0,0,,0,0,0,0,0,0,0,0,0,0,0,,,,,0,1,2021-11-06,2,,,2,1,2021-11-28,2,,,0,,,,,,,0,,,,,,,,,,,,,,,,,,,,,,,,,,,,,,,,,,,0,,,,,,,,,,,,,,,,,,,,,,,,,,,,,,,,,,,0,,,,,,,,,,,,,,,,,,,,,,,,,,,,,,,,,,,0,,,,,,,,,,,,,,,,,,,0,,,,,,,,,,,,,,,,,,,0,,,,,,,,,,,,,,,,,,,0
25-174,"2021-10-16 10:19:25",1,1,0,0,1,2,1,1,2,2,49,2,2021-10-16,6,4,,,,14,,1,1,1,0,0,1,0,0,0,0,0,0,0,14,14,14,14,,,,,,,,,,0,,,,1,2,2002,1,1,3,,5,,,,1,0,,0,0,0,1,0,1,2021-05-01,0,,,1,49.1,179,36.9,89,116,83,20,91,15,0,0,0,0,15.324115976405231,2,0,0,2,0,0,0,0,0,0,0,0,0,0,0,0,0,0,0,0,0,0,0,0,0,0,0,0,0,0,0,0,0,0,0,0,0,0,0,0,0,0,0,0,0,0,0,0,0,0,0,0,0,0,0,0,0,0,0,0,0,0,0,0,0,0,0,0,0,2,1,,1,3,,,1,,,,,,1,12.5,81,3.6,2,1,,,12,0,,1,10,1,0,0,1,0,0,0,1,0,0,2,0,0,0,0,0,0,0,0,0,0,0,0,0,0,0,0,0,,,,,,,,,,,,,,,,,,0,0,0,0,0,0,,0,0,0,2,1,"2021-10-16 09:45","2021-10-16 12:05",1,"2021-10-16 13:05",1,1,1,"2021-10-16 09:20","2021-10-16 14:07",1,"2021-10-16 12:15","2021-10-16 13:05",2,4,29,29,29,29,4,29,29,29,29,1,1,29,29,1,29,29,1,29,29,1,29,29,2,,,0,1,1,2,3,3,0,,0,4,3,3,3,3,4,5,3,5,,,,,,,2,,,,,,,,,,,,,,,,,,,,,,,,,,,,,,,,,,,0,,,,,,,,,,,,,,,,,,,,,0,,,,,0,1,1,2,0,0,0,0,0,0,0,0,0,2,,,,,,,,,,,,,,,,,,,0,,,,,,,,,,0,cl_ben_face_25-174.jpeg,2,0,0,0,0,0,0,0,0,0,0,1,2,,0,0,0,0,0,0,0,0,0,0,0,,0,0,0,0,0,0,0,0,0,0,0,,,,,0,1,2021-10-23,2,,,2,1,2021-11-14,1,,,2,,,,,,,0,,,,,,,,,,,,,,,,,,,,,,,,,,,,,,,,,,,0,,,,,,,,,,,,,,,,,,,,,,,,,,,,,,,,,,,0,,,,,,,,,,,,,,,,,,,,,,,,,,,,,,,,,,,0,,,,,,,,,,,,,,,,,,,0,,,,,,,,,,,,,,,,,,,0,,,,,,,,,,,,,,,,,,,0
25-175,"2021-11-14 16:16:42",1,1,0,1,,2,,,0,,,0,,,,,,,,,0,0,0,0,0,0,0,0,0,0,0,0,0,,,,,,,,,,,,,,,,,,,,,,,,,,,,,,,,,,,,,,,,,,,,,,,,,,,,,,,,,,,,0,,0,0,0,0,0,0,0,0,0,0,0,0,0,0,0,0,0,0,0,0,0,0,0,0,0,0,0,0,0,0,0,0,0,0,0,0,0,0,0,0,0,0,0,0,0,0,0,0,0,0,0,0,0,0,0,0,0,0,0,0,0,0,0,0,0,,,,,,,,,,,,,,,,,0,,,,,,,,,0,0,0,0,0,0,,0,0,0,0,,0,0,0,0,0,0,0,0,0,0,0,0,0,0,0,0,,,,,,,,,,,,,,,,,,0,0,0,0,0,0,,0,0,0,0,,,,,,,,,,,,,,0,,,,,,,,,,,,,,,,,,,,,,,,0,,,0,,,0,,,,,,,,,,,,,,,,,,,,,0,,,,,,,,,,,,,,,,,,,,,,,,,,,,,,,,,,,0,,,,,,,,,,,,,,,,,,,,,0,,,,,0,,,0,,,,,,,,,,0,,,,,,,,,,,,,,,,,,,0,,,,,,,,,,0,,0,,0,0,0,0,0,0,0,0,0,0,0,,0,0,0,0,0,0,0,0,0,0,0,,0,0,0,0,0,0,0,0,0,0,0,,,,,0,,,,,,0,,,,,,0,,,,,,,0,,,,,,,,,,,,,,,,,,,,,,,,,,,,,,,,,,,0,,,,,,,,,,,,,,,,,,,,,,,,,,,,,,,,,,,0,,,,,,,,,,,,,,,,,,,,,,,,,,,,,,,,,,,0,,,,,,,,,,,,,,,,,,,0,,,,,,,,,,,,,,,,,,,0,,,,,,,,,,,,,,,,,,,0
25-176,"2021-08-04 16:17:04",1,1,0,1,,2,,,0,,,0,,,,,,,,,0,0,0,0,0,0,0,0,0,0,0,0,0,,,,,,,,,,,,,,,,,,,,,,,,,,,,,,,,,,,,,,,,,,,,,,,,,,,,,,,,,,,,0,,0,0,0,0,0,0,0,0,0,0,0,0,0,0,0,0,0,0,0,0,0,0,0,0,0,0,0,0,0,0,0,0,0,0,0,0,0,0,0,0,0,0,0,0,0,0,0,0,0,0,0,0,0,0,0,0,0,0,0,0,0,0,0,0,0,,,,,,,,,,,,,,,,,0,,,,,,,,,0,0,0,0,0,0,,0,0,0,0,,0,0,0,0,0,0,0,0,0,0,0,0,0,0,0,0,,,,,,,,,,,,,,,,,,0,0,0,0,0,0,,0,0,0,0,,,,,,,,,,,,,,0,,,,,,,,,,,,,,,,,,,,,,,,0,,,0,,,0,,,,,,,,,,,,,,,,,,,,,0,,,,,,,,,,,,,,,,,,,,,,,,,,,,,,,,,,,0,,,,,,,,,,,,,,,,,,,,,0,,,,,0,,,0,,,,,,,,,,0,,,,,,,,,,,,,,,,,,,0,,,,,,,,,,0,,0,,0,0,0,0,0,0,0,0,0,0,0,,0,0,0,0,0,0,0,0,0,0,0,,0,0,0,0,0,0,0,0,0,0,0,,,,,0,,,,,,0,,,,,,0,,,,,,,0,,,,,,,,,,,,,,,,,,,,,,,,,,,,,,,,,,,0,,,,,,,,,,,,,,,,,,,,,,,,,,,,,,,,,,,0,,,,,,,,,,,,,,,,,,,,,,,,,,,,,,,,,,,0,,,,,,,,,,,,,,,,,,,0,,,,,,,,,,,,,,,,,,,0,,,,,,,,,,,,,,,,,,,0
25-177,"2021-10-10 10:38:09",1,1,0,0,1,2,1,1,2,1,47,2,2021-10-10,10,2,,30,,,,1,0,0,1,0,0,1,1,1,1,1,1,0,30,,,,30,,30,30,40,3,30,30,,0,,,,2,1,,,,,,,,,,1,0,,0,0,0,1,0,0,,0,,,1,64.5,166,36.6,87,100,77,18,95,15,0,0,1,1,23.406880534184932,2,0,0,2,1,0,0,0,0,0,0,0,0,0,0,0,0,0,0,0,0,0,0,0,0,0,0,1,0,0,0,0,0,0,0,0,0,0,0,0,0,0,0,0,0,0,0,0,0,0,0,0,0,0,0,0,0,0,0,0,0,0,0,0,0,0,0,0,0,2,1,,1,3,,,2,2,,,,454,2,10.2,81,4.5,2,1,,,6,0,,1,10,1,0,0,1,0,0,0,1,0,0,2,0,0,0,0,0,0,0,0,0,0,0,0,0,0,0,0,0,,,,,,,,,,,,,,,,,,0,0,0,0,0,0,,0,0,0,2,1,"2021-10-10 09:47","2021-10-10 12:34",1,"2021-10-10 14:45",1,1,1,"2021-10-10 09:35","2021-10-10 14:45",1,"2021-10-10 13:38","2021-10-10 14:45",2,4,30,30,30,30,4,30,30,30,30,1,1,30,30,1,30,30,1,30,30,1,30,30,2,25-177_cl_COT_ca_E.zip,1,2,1,0,2,0,0,3,3,3,0,0,0,0,0,0,3,0,0,0,,,,,,2,,,,,,,,,,,,,,,,,,,,,,,,,,,,,,,,,,,0,,,,,,,,,,,,,,,,,,,,,0,,,,,0,1,0,2,1,0,0,0,0,0,0,0,0,2,,,,,,,,,,,,,,,,,,,0,,,,,,,,,,0,cl_ben_face_25-177.jpeg,2,1,0,0,0,0,0,0,0,0,0,0,2,,0,0,0,0,0,0,0,0,0,0,0,,0,0,0,0,0,0,0,0,0,0,0,,,,,0,1,2021-10-21,2,,,2,1,2021-11-07,1,,,2,,,,,,,0,,,,,,,,,,,,,,,,,,,,,,,,,,,,,,,,,,,0,,,,,,,,,,,,,,,,,,,,,,,,,,,,,,,,,,,0,,,,,,,,,,,,,,,,,,,,,,,,,,,,,,,,,,,0,,,,,,,,,,,,,,,,,,,0,,,,,,,,,,,,,,,,,,,0,,,,,,,,,,,,,,,,,,,0
25-178,"2021-12-10 11:31:00",1,1,0,0,1,2,1,1,2,2,28,2,2021-12-10,10,2,,1460,,,,0,0,0,1,1,0,1,1,0,0,0,0,0,,,,,21,730,,21,,,,,,0,,,,2,1,,,,,,,,,,3,0,,0,0,0,1,0,0,,0,,,1,90,184,36.3,59,137,80,22,98,15,1,0,0,1,26.583175803402646,1,0,0,2,1,0,0,0,0,0,0,0,0,0,0,0,0,0,0,0,0,0,0,1,0,0,0,0,0,0,0,0,0,0,0,0,0,0,0,0,0,0,0,0,0,0,0,0,0,0,0,0,0,0,0,0,0,0,0,0,0,0,0,0,0,0,0,0,0,2,1,,1,3,,,1,,,,,,1,16.1,81,3.7,2,1,,,6,0,,1,10,1,0,0,1,0,0,0,1,0,0,2,0,0,0,0,0,0,0,0,0,0,0,0,0,0,0,0,0,,,,,,,,,,,,,,,,,,0,0,0,0,0,0,,0,0,0,2,1,"2021-12-10 10:23","2021-11-12 12:20",1,"2021-12-10 14:45",1,1,1,"2021-12-10 09:55","2021-12-10 14:45",1,"2021-12-10 13:38","2021-12-10 13:43",2,4,31,31,31,31,4,31,31,31,31,1,1,31,31,1,31,31,1,31,31,1,31,31,2,25-178_cl_COT_ca_E.zip,1,2,1,0,2,0,0,0,0,0,0,0,,0,0,0,0,0,0,0,,,,,,2,,,,,,,,,,,,,,,,,,,,,,,,,,,,,,,,,,,0,,,,,,,,,,,,,,,,,,,,,0,,,,,0,1,0,2,0,0,0,0,0,0,0,0,0,2,,,,,,,,,,,,,,,,,,,0,,,,,,,,,,0,cl_ben_face_25-178.jpeg,2,1,0,0,0,0,0,0,0,0,0,0,2,,0,0,0,0,0,0,0,0,0,0,0,,0,0,0,0,0,0,0,0,0,0,0,,,,,0,1,2021-12-21,3,,,2,1,2022-01-15,2,,,2,,,,,,,0,,,,,,,,,,,,,,,,,,,,,,,,,,,,,,,,,,,0,,,,,,,,,,,,,,,,,,,,,,,,,,,,,,,,,,,0,,,,,,,,,,,,,,,,,,,,,,,,,,,,,,,,,,,0,,,,,,,,,,,,,,,,,,,0,,,,,,,,,,,,,,,,,,,0,,,,,,,,,,,,,,,,,,,0
25-179,"2021-12-09 18:41:34",1,1,0,0,2,2,,,0,,,0,,,,,,,,,0,0,0,0,0,0,0,0,0,0,0,0,0,,,,,,,,,,,,,,,,,,,,,,,,,,,,,,,,,,,,,,,,,,,,,,,,,,,,,,,,,,,,0,,0,0,0,0,0,0,0,0,0,0,0,0,0,0,0,0,0,0,0,0,0,0,0,0,0,0,0,0,0,0,0,0,0,0,0,0,0,0,0,0,0,0,0,0,0,0,0,0,0,0,0,0,0,0,0,0,0,0,0,0,0,0,0,0,0,,,,,,,,,,,,,,,,,0,,,,,,,,,0,0,0,0,0,0,,0,0,0,0,,0,0,0,0,0,0,0,0,0,0,0,0,0,0,0,0,,,,,,,,,,,,,,,,,,0,0,0,0,0,0,,0,0,0,0,,,,,,,,,,,,,,0,,,,,,,,,,,,,,,,,,,,,,,,0,,,0,,,0,,,,,,,,,,,,,,,,,,,,,0,,,,,,,,,,,,,,,,,,,,,,,,,,,,,,,,,,,0,,,,,,,,,,,,,,,,,,,,,0,,,,,0,,,0,,,,,,,,,,0,,,,,,,,,,,,,,,,,,,0,,,,,,,,,,0,,0,,0,0,0,0,0,0,0,0,0,0,0,,0,0,0,0,0,0,0,0,0,0,0,,0,0,0,0,0,0,0,0,0,0,0,,,,,0,,,,,,0,,,,,,0,,,,,,,0,,,,,,,,,,,,,,,,,,,,,,,,,,,,,,,,,,,0,,,,,,,,,,,,,,,,,,,,,,,,,,,,,,,,,,,0,,,,,,,,,,,,,,,,,,,,,,,,,,,,,,,,,,,0,,,,,,,,,,,,,,,,,,,0,,,,,,,,,,,,,,,,,,,0,,,,,,,,,,,,,,,,,,,0
25-180,"2022-01-21 18:41:57",1,1,0,0,2,2,,,0,,,0,,,,,,,,,0,0,0,0,0,0,0,0,0,0,0,0,0,,,,,,,,,,,,,,,,,,,,,,,,,,,,,,,,,,,,,,,,,,,,,,,,,,,,,,,,,,,,0,,0,0,0,0,0,0,0,0,0,0,0,0,0,0,0,0,0,0,0,0,0,0,0,0,0,0,0,0,0,0,0,0,0,0,0,0,0,0,0,0,0,0,0,0,0,0,0,0,0,0,0,0,0,0,0,0,0,0,0,0,0,0,0,0,0,,,,,,,,,,,,,,,,,0,,,,,,,,,0,0,0,0,0,0,,0,0,0,0,,0,0,0,0,0,0,0,0,0,0,0,0,0,0,0,0,,,,,,,,,,,,,,,,,,0,0,0,0,0,0,,0,0,0,0,,,,,,,,,,,,,,0,,,,,,,,,,,,,,,,,,,,,,,,0,,,0,,,0,,,,,,,,,,,,,,,,,,,,,0,,,,,,,,,,,,,,,,,,,,,,,,,,,,,,,,,,,0,,,,,,,,,,,,,,,,,,,,,0,,,,,0,,,0,,,,,,,,,,0,,,,,,,,,,,,,,,,,,,0,,,,,,,,,,0,,0,,0,0,0,0,0,0,0,0,0,0,0,,0,0,0,0,0,0,0,0,0,0,0,,0,0,0,0,0,0,0,0,0,0,0,,,,,0,,,,,,0,,,,,,0,,,,,,,0,,,,,,,,,,,,,,,,,,,,,,,,,,,,,,,,,,,0,,,,,,,,,,,,,,,,,,,,,,,,,,,,,,,,,,,0,,,,,,,,,,,,,,,,,,,,,,,,,,,,,,,,,,,0,,,,,,,,,,,,,,,,,,,0,,,,,,,,,,,,,,,,,,,0,,,,,,,,,,,,,,,,,,,0
25-181,"2021-07-25 10:43:28",1,1,0,0,1,2,1,1,2,1,38,2,2021-07-25,7,2,,30,,,,1,0,1,0,0,1,0,1,0,0,1,0,0,30,,14,14,,,,14,,,14,,,0,,,,1,1,,,,,,,,,,1,0,,0,0,,1,0,0,,0,,,0,51.1,161,36.3,122,118,86,52,96,15,1,0,0,1,19.713745611666216,5,0,0,2,1,0,0,0,0,0,0,0,0,0,0,0,0,0,0,0,0,1,1,1,1,1,1,1,1,0,0,0,0,0,0,0,0,0,0,0,0,0,0,0,0,0,0,0,0,0,0,0,0,0,0,0,0,0,0,0,0,0,0,0,0,0,0,0,0,2,1,,1,3,,,2,2,,,,70,1,6.4,65,5.8,2,2,1,,3,1,1,1,6,0,0,0,1,0,0,0,0,0,1,2,0,0,0,0,0,0,0,0,0,0,0,0,0,0,0,0,0,,,,,,,,,,,,,,,,,,0,0,0,0,0,0,,0,0,0,2,1,"2021-07-25 10:25","2021-07-24 14:23",1,"2021-07-24 15:05",1,1,1,"2021-07-24 10:16","2021-07-24 15:05",1,"2021-07-24 13:50","2021-07-24 15:50",2,4,32,32,32,32,4,32,32,32,32,1,1,32,32,1,32,32,1,32,32,1,32,32,2,25-181_cl_COT_ca_E.zip,1,2,1,0,2,1,3,3,3,4,3,3,3,3,2,3,3,0,3,0,,,,,,2,,,,,,,,,,,,,,,,,,,,,,,,,,,,,,,,,,,0,,,,,,,,,,,,,,,,,,,,,0,,,,,0,1,0,2,0,0,0,0,0,0,0,0,0,2,,,,,,,,,,,,,,,,,,,0,,,,,,,,,,0,cl_ben_face_25-181.jpeg,2,0,0,1,1,0,1,0,0,0,0,0,2,,0,0,0,0,0,0,0,0,0,0,0,,0,0,0,0,0,0,0,0,0,0,0,,,,,0,1,2021-08-04,2,,,2,1,2021-08-29,1,,,2,,,,,,,0,,,,,,,,,,,,,,,,,,,,,,,,,,,,,,,,,,,0,,,,,,,,,,,,,,,,,,,,,,,,,,,,,,,,,,,0,,,,,,,,,,,,,,,,,,,,,,,,,,,,,,,,,,,0,,,,,,,,,,,,,,,,,,,0,,,,,,,,,,,,,,,,,,,0,,,,,,,,,,,,,,,,,,,0
25-182,"2021-12-25 11:45:31",1,1,0,0,1,2,1,1,2,1,66,2,2021-12-25,8,2,,90,,,,0,0,1,0,0,1,0,1,0,0,0,0,0,,,60,90,,,,90,,,,,,0,,,,2,1,,,,,,,,,,1,0,,0,1,0,1,0,0,,0,,,1,102.1,175,36.4,70,166,108,,96,15,0,0,0,0,33.33877551020408,2,1,0,2,1,0,0,0,0,0,0,0,0,0,0,0,0,0,0,0,0,0,0,0,0,0,0,0,1,0,0,0,0,0,0,0,0,0,0,0,0,0,0,0,0,0,0,0,0,0,0,0,0,0,0,0,0,0,0,0,0,0,0,0,0,0,0,0,0,2,1,,1,3,,,1,,,,,,1,15.4,87,4.4,2,1,,,,0,,0,,0,0,0,0,0,0,0,1,0,0,2,0,0,0,0,0,0,0,0,0,0,0,0,0,0,0,0,0,,,,,,,,,,,,,,,,,,0,0,0,0,0,0,,0,0,0,2,1,"2021-12-24 12:25","2021-12-24 14:23",1,"2021-12-24 15:05",1,1,1,"2021-12-24 12:30","2021-12-24 15:05",1,"2021-12-24 13:00","2021-12-24 15:05",2,4,33,33,33,33,4,33,33,33,33,1,1,33,33,1,33,33,1,33,33,1,33,33,2,25-182_cl_COT_ca_E.zip,1,2,2,1,2,3,3,0,3,3,3,3,3,3,3,0,3,0,0,0,,,,,,2,,,,,,,,,,,,,,,,,,,,,,,,,,,,,,,,,,,0,,,,,,,,,,,,,,,,,,,,,0,,,,,0,3,1,2,0,0,0,0,0,0,0,0,2,2,,,,,,,,,,,,,,,,,,,0,,,,,,,,,,0,cl_ben_face_25-182.jpeg,2,0,0,0,0,0,0,0,1,0,1,0,2,,0,0,0,0,0,0,0,0,0,0,0,,0,0,0,0,0,0,0,0,0,0,0,,,,,0,1,2022-01-04,3,,,2,1,2022-01-29,3,,,2,,,,,,,0,,,,,,,,,,,,,,,,,,,,,,,,,,,,,,,,,,,0,,,,,,,,,,,,,,,,,,,,,,,,,,,,,,,,,,,0,,,,,,,,,,,,,,,,,,,,,,,,,,,,,,,,,,,0,,,,,,,,,,,,,,,,,,,0,,,,,,,,,,,,,,,,,,,0,,,,,,,,,,,,,,,,,,,0
25-183,"2021-07-09 10:16:56",1,1,0,0,1,2,1,1,2,2,67,2,2021-07-09,7,2,,90,,,,0,0,1,1,0,0,0,0,0,1,0,0,0,,,,90,90,,,,,,,,,0,,,,1,1,,,,,,,,,,1,0,,1,0,0,1,0,0,,0,,,1,51.4,159,36.1,114,212,157,24,99,15,1,0,0,1,20.331474229658635,3,0,0,2,1,0,0,0,0,0,0,0,0,0,0,0,1,1,1,1,0,0,0,0,0,0,0,0,0,0,0,0,0,0,0,0,0,0,0,0,0,0,0,0,0,0,0,0,0,0,0,0,0,0,0,0,0,0,0,0,0,0,0,0,0,0,0,0,0,2,1,,1,3,,,1,,,,,,1,20.0,87,6.7,2,1,,,,0,,0,,0,0,0,0,0,0,0,1,0,0,2,0,0,0,0,0,0,0,0,0,0,0,0,0,0,0,0,0,,,,,,,,,,,,,,,,,,0,0,0,0,0,0,,0,0,0,2,1,"2021-07-09 09:50","2021-07-09 13:48",1,"2021-07-09 15:18",1,1,1,"2021-07-09 09:07","2021-07-09 15:18",1,"2021-07-09 12:05","2021-07-09 15:18",2,4,34,34,34,34,4,34,34,34,34,1,1,34,34,1,34,34,1,34,34,1,34,34,2,25-183_cl_COT_ca_E.zip,0,0,1,0,2,0,0,3,0,0,0,3,0,0,0,0,0,0,0,0,,,,,,2,,,,,,,,,,,,,,,,,,,,,,,,,,,,,,,,,,,0,,,,,,,,,,,,,,,,,,,,,0,,,,,0,1,0,2,0,0,0,0,0,2,2,0,0,2,,,,,,,,,,,,,,,,,,,0,,,,,,,,,,0,cl_ben_face_25-183.png,2,0,0,0,0,0,0,0,0,0,0,0,2,,0,0,0,0,0,0,0,0,0,0,0,,0,0,0,0,0,0,0,0,0,0,0,,,,,0,1,2021-07-16,2,,,2,1,2021-08-10,6,2021-08-02,,2,,,,,,,0,,,,,,,,,,,,,,,,,,,,,,,,,,,,,,,,,,,0,,,,,,,,,,,,,,,,,,,,,,,,,,,,,,,,,,,0,,,,,,,,,,,,,,,,,,,,,,,,,,,,,,,,,,,0,,,,,,,,,,,,,,,,,,,0,,,,,,,,,,,,,,,,,,,0,,,,,,,,,,,,,,,,,,,0
25-184,"2022-01-24 12:05:33",1,1,0,0,1,2,1,1,2,2,60,2,2022-01-24,7,2,,365,,,,1,0,1,1,0,1,0,1,1,0,0,0,0,7,,14,90,180,,,90,30,,,,,0,,,,1,1,,,,,,,,,,1,0,,0,1,0,1,0,0,,0,,,1,51.4,151,36.4,,,,34,97,15,1,0,0,1,22.54287092671374,3,0,0,2,1,0,0,0,0,0,0,0,0,0,0,0,0,0,0,0,0,1,1,1,0,0,0,1,0,0,0,0,0,0,0,0,0,0,0,0,0,0,0,0,0,0,0,0,0,0,0,0,0,0,0,0,0,0,0,0,0,0,0,0,0,0,0,0,0,2,1,,2,3,,,2,2,,,,,1,10,79,9.2,0,1,,,1,1,0,0,,0,0,0,0,0,0,0,1,0,0,2,0,0,0,0,0,0,0,0,0,0,0,0,0,0,0,0,0,,,,,,,,,,,,,,,,,,0,0,0,0,0,0,,0,0,0,2,1,"2022-01-24 10:09","2022-01-24 13:48",1,"2022-01-24 15:18",1,1,1,"2022-01-24 10:00","2022-01-24 15:18",1,"2022-01-24 12:05","2022-01-24 15:18",2,4,35,35,35,35,4,35,35,35,35,0,1,35,35,1,35,35,1,34,35,1,35,35,2,25-184_cl_COT_ca_E.zip,1,2,1,0,2,0,3,3,0,0,0,3,3,0,4,0,3,3,4,0,,,,,,2,,,,,,,,,,,,,,,,,,,,,,,,,,,,,,,,,,,0,,,,,,,,,,,,,,,,,,,,,0,,,,,0,1,0,2,0,0,0,0,0,0,0,0,2,2,,,,,,,,,,,,,,,,,,,0,,,,,,,,,,0,cl_ben_face_25-184.jpeg,2,0,0,1,0,0,1,0,0,0,0,0,2,,0,0,0,0,0,0,0,0,0,0,0,,0,0,0,0,0,0,0,0,0,0,0,,,,,0,1,2022-01-31,2,,,2,1,2022-06-08,2,,,2,2023-04-07,0,,,,,1,,,,,,,,,,,,,,,,,,,,,,,,,,,,,,,,,,,0,,,,,,,,,,,,,,,,,,,,,,,,,,,,,,,,,,,0,,,,,,,,,,,,,,,,,,,,,,,,,,,,,,,,,,,0,,,,,,,,,,,,,,,,,,,0,,,,,,,,,,,,,,,,,,,0,,,,,,,,,,,,,,,,,,,0
25-185,"2022-01-12 16:45:09",1,1,0,0,2,2,,,0,,,0,,,,,,,,,0,0,0,0,0,0,0,0,0,0,0,0,0,,,,,,,,,,,,,,,,,,,,,,,,,,,,,,,,,,,,,,,,,,,,,,,,,,,,,,,,,,,,0,,0,0,0,0,0,0,0,0,0,0,0,0,0,0,0,0,0,0,0,0,0,0,0,0,0,0,0,0,0,0,0,0,0,0,0,0,0,0,0,0,0,0,0,0,0,0,0,0,0,0,0,0,0,0,0,0,0,0,0,0,0,0,0,0,0,,,,,,,,,,,,,,,,,0,,,,,,,,,0,0,0,0,0,0,,0,0,0,0,,0,0,0,0,0,0,0,0,0,0,0,0,0,0,0,0,,,,,,,,,,,,,,,,,,0,0,0,0,0,0,,0,0,0,0,,,,,,,,,,,,,,0,,,,,,,,,,,,,,,,,,,,,,,,0,,,0,,,0,,,,,,,,,,,,,,,,,,,,,0,,,,,,,,,,,,,,,,,,,,,,,,,,,,,,,,,,,0,,,,,,,,,,,,,,,,,,,,,0,,,,,0,,,0,,,,,,,,,,0,,,,,,,,,,,,,,,,,,,0,,,,,,,,,,0,,0,,0,0,0,0,0,0,0,0,0,0,0,,0,0,0,0,0,0,0,0,0,0,0,,0,0,0,0,0,0,0,0,0,0,0,,,,,0,,,,,,0,,,,,,0,,,,,,,0,,,,,,,,,,,,,,,,,,,,,,,,,,,,,,,,,,,0,,,,,,,,,,,,,,,,,,,,,,,,,,,,,,,,,,,0,,,,,,,,,,,,,,,,,,,,,,,,,,,,,,,,,,,0,,,,,,,,,,,,,,,,,,,0,,,,,,,,,,,,,,,,,,,0,,,,,,,,,,,,,,,,,,,0
25-186,"2021-11-04 16:46:27",1,1,0,0,2,2,,,0,,,0,,,,,,,,,0,0,0,0,0,0,0,0,0,0,0,0,0,,,,,,,,,,,,,,,,,,,,,,,,,,,,,,,,,,,,,,,,,,,,,,,,,,,,,,,,,,,,0,,0,0,0,0,0,0,0,0,0,0,0,0,0,0,0,0,0,0,0,0,0,0,0,0,0,0,0,0,0,0,0,0,0,0,0,0,0,0,0,0,0,0,0,0,0,0,0,0,0,0,0,0,0,0,0,0,0,0,0,0,0,0,0,0,0,,,,,,,,,,,,,,,,,0,,,,,,,,,0,0,0,0,0,0,,0,0,0,0,,0,0,0,0,0,0,0,0,0,0,0,0,0,0,0,0,,,,,,,,,,,,,,,,,,0,0,0,0,0,0,,0,0,0,0,,,,,,,,,,,,,,0,,,,,,,,,,,,,,,,,,,,,,,,0,,,0,,,0,,,,,,,,,,,,,,,,,,,,,0,,,,,,,,,,,,,,,,,,,,,,,,,,,,,,,,,,,0,,,,,,,,,,,,,,,,,,,,,0,,,,,0,,,0,,,,,,,,,,0,,,,,,,,,,,,,,,,,,,0,,,,,,,,,,0,,0,,0,0,0,0,0,0,0,0,0,0,0,,0,0,0,0,0,0,0,0,0,0,0,,0,0,0,0,0,0,0,0,0,0,0,,,,,0,,,,,,0,,,,,,0,,,,,,,0,,,,,,,,,,,,,,,,,,,,,,,,,,,,,,,,,,,0,,,,,,,,,,,,,,,,,,,,,,,,,,,,,,,,,,,0,,,,,,,,,,,,,,,,,,,,,,,,,,,,,,,,,,,0,,,,,,,,,,,,,,,,,,,0,,,,,,,,,,,,,,,,,,,0,,,,,,,,,,,,,,,,,,,0
25-187,"2021-12-02 16:46:54",1,1,0,0,2,2,,,0,,,0,,,,,,,,,0,0,0,0,0,0,0,0,0,0,0,0,0,,,,,,,,,,,,,,,,,,,,,,,,,,,,,,,,,,,,,,,,,,,,,,,,,,,,,,,,,,,,0,,0,0,0,0,0,0,0,0,0,0,0,0,0,0,0,0,0,0,0,0,0,0,0,0,0,0,0,0,0,0,0,0,0,0,0,0,0,0,0,0,0,0,0,0,0,0,0,0,0,0,0,0,0,0,0,0,0,0,0,0,0,0,0,0,0,,,,,,,,,,,,,,,,,0,,,,,,,,,0,0,0,0,0,0,,0,0,0,0,,0,0,0,0,0,0,0,0,0,0,0,0,0,0,0,0,,,,,,,,,,,,,,,,,,0,0,0,0,0,0,,0,0,0,0,,,,,,,,,,,,,,0,,,,,,,,,,,,,,,,,,,,,,,,0,,,0,,,0,,,,,,,,,,,,,,,,,,,,,0,,,,,,,,,,,,,,,,,,,,,,,,,,,,,,,,,,,0,,,,,,,,,,,,,,,,,,,,,0,,,,,0,,,0,,,,,,,,,,0,,,,,,,,,,,,,,,,,,,0,,,,,,,,,,0,,0,,0,0,0,0,0,0,0,0,0,0,0,,0,0,0,0,0,0,0,0,0,0,0,,0,0,0,0,0,0,0,0,0,0,0,,,,,0,,,,,,0,,,,,,0,,,,,,,0,,,,,,,,,,,,,,,,,,,,,,,,,,,,,,,,,,,0,,,,,,,,,,,,,,,,,,,,,,,,,,,,,,,,,,,0,,,,,,,,,,,,,,,,,,,,,,,,,,,,,,,,,,,0,,,,,,,,,,,,,,,,,,,0,,,,,,,,,,,,,,,,,,,0,,,,,,,,,,,,,,,,,,,0
25-188,"2021-10-19 16:47:22",1,1,0,0,2,2,,,0,,,0,,,,,,,,,0,0,0,0,0,0,0,0,0,0,0,0,0,,,,,,,,,,,,,,,,,,,,,,,,,,,,,,,,,,,,,,,,,,,,,,,,,,,,,,,,,,,,0,,0,0,0,0,0,0,0,0,0,0,0,0,0,0,0,0,0,0,0,0,0,0,0,0,0,0,0,0,0,0,0,0,0,0,0,0,0,0,0,0,0,0,0,0,0,0,0,0,0,0,0,0,0,0,0,0,0,0,0,0,0,0,0,0,0,,,,,,,,,,,,,,,,,0,,,,,,,,,0,0,0,0,0,0,,0,0,0,0,,0,0,0,0,0,0,0,0,0,0,0,0,0,0,0,0,,,,,,,,,,,,,,,,,,0,0,0,0,0,0,,0,0,0,0,,,,,,,,,,,,,,0,,,,,,,,,,,,,,,,,,,,,,,,0,,,0,,,0,,,,,,,,,,,,,,,,,,,,,0,,,,,,,,,,,,,,,,,,,,,,,,,,,,,,,,,,,0,,,,,,,,,,,,,,,,,,,,,0,,,,,0,,,0,,,,,,,,,,0,,,,,,,,,,,,,,,,,,,0,,,,,,,,,,0,,0,,0,0,0,0,0,0,0,0,0,0,0,,0,0,0,0,0,0,0,0,0,0,0,,0,0,0,0,0,0,0,0,0,0,0,,,,,0,,,,,,0,,,,,,0,,,,,,,0,,,,,,,,,,,,,,,,,,,,,,,,,,,,,,,,,,,0,,,,,,,,,,,,,,,,,,,,,,,,,,,,,,,,,,,0,,,,,,,,,,,,,,,,,,,,,,,,,,,,,,,,,,,0,,,,,,,,,,,,,,,,,,,0,,,,,,,,,,,,,,,,,,,0,,,,,,,,,,,,,,,,,,,0
25-189,"2021-09-12 16:47:42",1,1,0,0,2,2,,,0,,,0,,,,,,,,,0,0,0,0,0,0,0,0,0,0,0,0,0,,,,,,,,,,,,,,,,,,,,,,,,,,,,,,,,,,,,,,,,,,,,,,,,,,,,,,,,,,,,0,,0,0,0,0,0,0,0,0,0,0,0,0,0,0,0,0,0,0,0,0,0,0,0,0,0,0,0,0,0,0,0,0,0,0,0,0,0,0,0,0,0,0,0,0,0,0,0,0,0,0,0,0,0,0,0,0,0,0,0,0,0,0,0,0,0,,,,,,,,,,,,,,,,,0,,,,,,,,,0,0,0,0,0,0,,0,0,0,0,,0,0,0,0,0,0,0,0,0,0,0,0,0,0,0,0,,,,,,,,,,,,,,,,,,0,0,0,0,0,0,,0,0,0,0,,,,,,,,,,,,,,0,,,,,,,,,,,,,,,,,,,,,,,,0,,,0,,,0,,,,,,,,,,,,,,,,,,,,,0,,,,,,,,,,,,,,,,,,,,,,,,,,,,,,,,,,,0,,,,,,,,,,,,,,,,,,,,,0,,,,,0,,,0,,,,,,,,,,0,,,,,,,,,,,,,,,,,,,0,,,,,,,,,,0,,0,,0,0,0,0,0,0,0,0,0,0,0,,0,0,0,0,0,0,0,0,0,0,0,,0,0,0,0,0,0,0,0,0,0,0,,,,,0,,,,,,0,,,,,,0,,,,,,,0,,,,,,,,,,,,,,,,,,,,,,,,,,,,,,,,,,,0,,,,,,,,,,,,,,,,,,,,,,,,,,,,,,,,,,,0,,,,,,,,,,,,,,,,,,,,,,,,,,,,,,,,,,,0,,,,,,,,,,,,,,,,,,,0,,,,,,,,,,,,,,,,,,,0,,,,,,,,,,,,,,,,,,,0
25-190,"2021-10-09 10:03:18",1,1,0,0,1,2,1,1,2,1,22,2,2021-10-09,6,2,,90,,,,1,0,1,1,0,1,1,1,1,1,1,0,0,150,,,90,90,,90,90,90,90,90,,,1,1,1,0,3,1,,,,,,,,,,1,0,,0,0,0,1,0,0,,0,,,1,29.9,165,38.9,,,,36,97,15,1,0,0,1,10.982552800734618,5,0,0,2,1,0,0,0,0,0,0,0,0,0,0,0,0,0,0,0,0,1,1,0,1,0,1,0,1,0,0,0,0,0,0,0,0,0,0,0,0,0,0,0,0,0,0,0,0,0,0,0,0,0,0,0,0,0,0,0,0,0,0,0,0,0,0,0,0,2,1,,2,3,,,1,,,,,,1,4.7,63,18.0,2,2,1,,1,1,,0,,0,0,0,0,0,0,0,1,0,0,0,0,0,0,0,0,0,0,0,0,0,0,0,0,0,0,0,0,,,,,,,,,,,,,,,,,,0,0,0,0,0,0,,0,0,0,2,1,"2021-10-09 09:40","2021-10-09 12:43",1,"2021-10-09 15:22",1,1,1,"2021-10-09 08:12","2021-10-09 15:22",1,"2021-10-09 13:00","2021-10-09 15:22",2,4,36,36,36,36,4,36,36,36,36,1,1,36,36,1,36,36,1,36,36,1,36,36,2,25-190_cl_COT_ca_E.zip,1,2,1,0,2,4,3,3,3,0,4,4,3,3,3,3,3,4,3,0,,,,,,2,,,,,,,,,,,,,,,,,,,,,,,,,,,,,,,,,,,0,,,,,,,,,,,,,,,,,,,,,0,,,,,0,1,0,2,0,0,0,0,0,0,0,0,0,2,,,,,,,,,,,,,,,,,,,0,,,,,,,,,,0,cl_ben_face_25-190.jpeg,2,0,0,1,0,0,1,1,0,0,0,0,2,,0,0,0,0,0,0,0,0,0,0,0,,0,0,0,0,0,0,0,0,0,0,0,,,,,0,1,2021-10-16,5,,2021-10-09,2,1,2021-11-09,5,,2021-10-16,2,2022-12-20,0,,,,,1,,,,,,,,,,,,,,,,,,,,,,,,,,,,,,,,,,,0,,,,,,,,,,,,,,,,,,,,,,,,,,,,,,,,,,,0,,,,,,,,,,,,,,,,,,,,,,,,,,,,,,,,,,,0,,,,,,,,,,,,,,,,,,,0,,,,,,,,,,,,,,,,,,,0,,,,,,,,,,,,,,,,,,,0
25-191,"2021-10-19 12:30:17",1,1,0,0,1,2,1,1,2,2,45,2,2021-10-19,6,2,,14,,,,1,0,0,1,0,1,1,1,1,0,1,1,0,9,,60,,60,,30,60,90,,60,60,,0,,,,2,2,2007,0,,3,,5,,,,3,0,,0,0,0,1,0,0,,0,,,1,49,174,35.8,109,103,72,28,95,15,1,0,0,1,16.1844365173735,3,0,0,2,1,0,0,0,0,0,0,0,0,0,0,0,0,0,0,0,0,0,1,0,1,0,0,0,0,0,0,0,0,0,0,0,0,0,0,0,0,0,0,0,0,0,0,0,0,0,0,0,0,0,0,0,0,0,0,0,0,0,0,0,0,0,0,0,0,2,1,,1,3,,,1,,,,,,1,13.7,84,10.3,2,1,,,6,0,,1,10,1,0,0,0,0,0,0,1,0,0,2,0,0,0,0,0,0,0,0,0,0,0,0,0,0,0,0,0,,,,,,,,,,,,,,,,,,0,0,0,0,0,0,,0,0,0,2,1,"2021-10-19 10:20","2021-10-19 12:43",1,"2021-10-19 15:22",1,1,1,"2021-10-19 09:25","2021-10-19 15:22",1,"2021-10-19 14:48","2021-10-19 14:58",2,4,37,37,37,37,4,37,37,37,37,1,1,37,37,1,37,37,1,37,37,1,37,37,2,25-191_cl_COT_ca_E.zip,1,2,1,0,2,0,0,3,3,1,0,0,0,3,0,3,0,0,3,1,1,,1,,1,2,,,,,,,,,,,,,,,,,,,,,,,,,,,,,,,,,,,0,,,,,,,,,,,,,,,,,,,,,0,,,,,0,1,0,2,0,0,0,0,0,0,0,0,0,2,,,,,,,,,,,,,,,,,,,0,,,,,,,,,,0,cl_ben_face_25-191.jpeg,2,0,0,0,1,0,0,0,0,0,0,0,2,,0,0,0,0,0,0,0,0,0,0,0,,0,0,0,0,0,0,0,0,0,0,0,,,,,0,1,2021-10-26,2,,,2,1,2021-11-19,1,,,2,,,,,,,0,,,,,,,,,,,,,,,,,,,,,,,,,,,,,,,,,,,0,,,,,,,,,,,,,,,,,,,,,,,,,,,,,,,,,,,0,,,,,,,,,,,,,,,,,,,,,,,,,,,,,,,,,,,0,,,,,,,,,,,,,,,,,,,0,,,,,,,,,,,,,,,,,,,0,,,,,,,,,,,,,,,,,,,0
25-192,"2021-11-16 15:43:13",1,1,0,0,2,2,,,0,,,0,,,,,,,,,0,0,0,0,0,0,0,0,0,0,0,0,0,,,,,,,,,,,,,,,,,,,,,,,,,,,,,,,,,,,,,,,,,,,,,,,,,,,,,,,,,,,,0,,0,0,0,0,0,0,0,0,0,0,0,0,0,0,0,0,0,0,0,0,0,0,0,0,0,0,0,0,0,0,0,0,0,0,0,0,0,0,0,0,0,0,0,0,0,0,0,0,0,0,0,0,0,0,0,0,0,0,0,0,0,0,0,0,0,,,,,,,,,,,,,,,,,0,,,,,,,,,0,0,0,0,0,0,,0,0,0,0,,0,0,0,0,0,0,0,0,0,0,0,0,0,0,0,0,,,,,,,,,,,,,,,,,,0,0,0,0,0,0,,0,0,0,0,,,,,,,,,,,,,,0,,,,,,,,,,,,,,,,,,,,,,,,0,,,0,,,0,,,,,,,,,,,,,,,,,,,,,0,,,,,,,,,,,,,,,,,,,,,,,,,,,,,,,,,,,0,,,,,,,,,,,,,,,,,,,,,0,,,,,0,,,0,,,,,,,,,,0,,,,,,,,,,,,,,,,,,,0,,,,,,,,,,0,,0,,0,0,0,0,0,0,0,0,0,0,0,,0,0,0,0,0,0,0,0,0,0,0,,0,0,0,0,0,0,0,0,0,0,0,,,,,0,,,,,,0,,,,,,0,,,,,,,0,,,,,,,,,,,,,,,,,,,,,,,,,,,,,,,,,,,0,,,,,,,,,,,,,,,,,,,,,,,,,,,,,,,,,,,0,,,,,,,,,,,,,,,,,,,,,,,,,,,,,,,,,,,0,,,,,,,,,,,,,,,,,,,0,,,,,,,,,,,,,,,,,,,0,,,,,,,,,,,,,,,,,,,0
25-193,"2021-12-17 15:43:37",1,0,0,0,,2,,,0,,,0,,,,,,,,,0,0,0,0,0,0,0,0,0,0,0,0,0,,,,,,,,,,,,,,,,,,,,,,,,,,,,,,,,,,,,,,,,,,,,,,,,,,,,,,,,,,,,0,,0,0,0,0,0,0,0,0,0,0,0,0,0,0,0,0,0,0,0,0,0,0,0,0,0,0,0,0,0,0,0,0,0,0,0,0,0,0,0,0,0,0,0,0,0,0,0,0,0,0,0,0,0,0,0,0,0,0,0,0,0,0,0,0,0,,,,,,,,,,,,,,,,,0,,,,,,,,,0,0,0,0,0,0,,0,0,0,0,,0,0,0,0,0,0,0,0,0,0,0,0,0,0,0,0,,,,,,,,,,,,,,,,,,0,0,0,0,0,0,,0,0,0,0,,,,,,,,,,,,,,0,,,,,,,,,,,,,,,,,,,,,,,,0,,,0,,,0,,,,,,,,,,,,,,,,,,,,,0,,,,,,,,,,,,,,,,,,,,,,,,,,,,,,,,,,,0,,,,,,,,,,,,,,,,,,,,,0,,,,,0,,,0,,,,,,,,,,0,,,,,,,,,,,,,,,,,,,0,,,,,,,,,,0,,0,,0,0,0,0,0,0,0,0,0,0,0,,0,0,0,0,0,0,0,0,0,0,0,,0,0,0,0,0,0,0,0,0,0,0,,,,,0,,,,,,0,,,,,,0,,,,,,,0,,,,,,,,,,,,,,,,,,,,,,,,,,,,,,,,,,,0,,,,,,,,,,,,,,,,,,,,,,,,,,,,,,,,,,,0,,,,,,,,,,,,,,,,,,,,,,,,,,,,,,,,,,,0,,,,,,,,,,,,,,,,,,,0,,,,,,,,,,,,,,,,,,,0,,,,,,,,,,,,,,,,,,,0
25-194,"2021-10-07 15:44:52",1,1,0,0,2,2,,,0,,,0,,,,,,,,,0,0,0,0,0,0,0,0,0,0,0,0,0,,,,,,,,,,,,,,,,,,,,,,,,,,,,,,,,,,,,,,,,,,,,,,,,,,,,,,,,,,,,0,,0,0,0,0,0,0,0,0,0,0,0,0,0,0,0,0,0,0,0,0,0,0,0,0,0,0,0,0,0,0,0,0,0,0,0,0,0,0,0,0,0,0,0,0,0,0,0,0,0,0,0,0,0,0,0,0,0,0,0,0,0,0,0,0,0,,,,,,,,,,,,,,,,,0,,,,,,,,,0,0,0,0,0,0,,0,0,0,0,,0,0,0,0,0,0,0,0,0,0,0,0,0,0,0,0,,,,,,,,,,,,,,,,,,0,0,0,0,0,0,,0,0,0,0,,,,,,,,,,,,,,0,,,,,,,,,,,,,,,,,,,,,,,,0,,,0,,,0,,,,,,,,,,,,,,,,,,,,,0,,,,,,,,,,,,,,,,,,,,,,,,,,,,,,,,,,,0,,,,,,,,,,,,,,,,,,,,,0,,,,,0,,,0,,,,,,,,,,0,,,,,,,,,,,,,,,,,,,0,,,,,,,,,,0,,0,,0,0,0,0,0,0,0,0,0,0,0,,0,0,0,0,0,0,0,0,0,0,0,,0,0,0,0,0,0,0,0,0,0,0,,,,,0,,,,,,0,,,,,,0,,,,,,,0,,,,,,,,,,,,,,,,,,,,,,,,,,,,,,,,,,,0,,,,,,,,,,,,,,,,,,,,,,,,,,,,,,,,,,,0,,,,,,,,,,,,,,,,,,,,,,,,,,,,,,,,,,,0,,,,,,,,,,,,,,,,,,,0,,,,,,,,,,,,,,,,,,,0,,,,,,,,,,,,,,,,,,,0
25-195,"2021-03-29 09:21:31",1,1,0,0,1,2,1,1,2,2,57,2,2021-03-29,9,2,,90,,,,1,0,1,1,1,1,1,1,0,0,1,0,0,90,,30,90,60,150,30,30,,,150,,,0,,,,1,1,,,,,,,,,,2,0,,0,0,0,1,0,1,2020-07-29,0,,,1,66.2,178,36.8,103,129,80,28,98,15,1,0,0,1,20.893826537053403,2,0,0,2,1,0,0,0,0,0,0,0,0,0,0,0,0,0,0,0,0,0,0,1,1,0,0,1,1,0,0,0,0,0,0,0,0,0,0,0,0,0,0,0,0,0,0,0,0,0,0,0,0,0,0,0,0,0,0,0,0,0,0,0,0,0,0,0,0,2,1,,2,3,,,1,,,,,,1,9.6,75,7.9,2,1,,,1,1,0,0,,0,0,0,0,0,0,0,1,0,0,2,0,0,0,0,0,0,0,0,0,0,0,0,0,0,0,0,0,,,,,,,,,,,,,,,,,,0,0,0,0,0,0,,0,0,0,2,1,"2021-03-29 08:54","2021-03-29 12:45",1,"2021-03-29 13:43",1,1,1,"2021-03-29 08:13","2021-03-29 13:43",1,"2021-03-29 10:21","2021-03-29 13:43",2,4,38,38,38,38,4,38,38,38,38,1,1,38,38,1,38,38,1,38,38,1,38,38,2,25-195_cl_COT_ca_E.zip,1,2,1,0,2,3,3,4,0,0,0,0,0,0,0,4,0,3,0,0,,,,,,2,,,,,,,,,,,,,,,,,,,,,,,,,,,,,,,,,,,0,,,,,,,,,,,,,,,,,,,,,0,,,,,0,1,0,2,0,0,0,0,0,0,0,0,0,2,,,,,,,,,,,,,,,,,,,0,,,,,,,,,,0,cl_ben_face_25-195.jpeg,2,0,0,1,0,0,0,0,0,0,0,0,2,,0,0,0,0,0,0,0,0,0,0,0,,0,0,0,0,0,0,0,0,0,0,0,,,,,0,1,2021-04-05,2,,,2,1,2021-04-28,2,,,2,2022-06-08,0,,,,,1,,,,,,,,,,,,,,,,,,,,,,,,,,,,,,,,,,,0,,,,,,,,,,,,,,,,,,,,,,,,,,,,,,,,,,,0,,,,,,,,,,,,,,,,,,,,,,,,,,,,,,,,,,,0,,,,,,,,,,,,,,,,,,,0,,,,,,,,,,,,,,,,,,,0,,,,,,,,,,,,,,,,,,,0
25-196,"2021-10-31 16:42:46",1,1,0,1,,2,,,0,,,0,,,,,,,,,0,0,0,0,0,0,0,0,0,0,0,0,0,,,,,,,,,,,,,,,,,,,,,,,,,,,,,,,,,,,,,,,,,,,,,,,,,,,,,,,,,,,,0,,0,0,0,0,0,0,0,0,0,0,0,0,0,0,0,0,0,0,0,0,0,0,0,0,0,0,0,0,0,0,0,0,0,0,0,0,0,0,0,0,0,0,0,0,0,0,0,0,0,0,0,0,0,0,0,0,0,0,0,0,0,0,0,0,0,,,,,,,,,,,,,,,,,0,,,,,,,,,0,0,0,0,0,0,,0,0,0,0,,0,0,0,0,0,0,0,0,0,0,0,0,0,0,0,0,,,,,,,,,,,,,,,,,,0,0,0,0,0,0,,0,0,0,0,,,,,,,,,,,,,,0,,,,,,,,,,,,,,,,,,,,,,,,0,,,0,,,0,,,,,,,,,,,,,,,,,,,,,0,,,,,,,,,,,,,,,,,,,,,,,,,,,,,,,,,,,0,,,,,,,,,,,,,,,,,,,,,0,,,,,0,,,0,,,,,,,,,,0,,,,,,,,,,,,,,,,,,,0,,,,,,,,,,0,,0,,0,0,0,0,0,0,0,0,0,0,0,,0,0,0,0,0,0,0,0,0,0,0,,0,0,0,0,0,0,0,0,0,0,0,,,,,0,,,,,,0,,,,,,0,,,,,,,0,,,,,,,,,,,,,,,,,,,,,,,,,,,,,,,,,,,0,,,,,,,,,,,,,,,,,,,,,,,,,,,,,,,,,,,0,,,,,,,,,,,,,,,,,,,,,,,,,,,,,,,,,,,0,,,,,,,,,,,,,,,,,,,0,,,,,,,,,,,,,,,,,,,0,,,,,,,,,,,,,,,,,,,0
25-197,"2021-09-04 16:43:31",1,1,0,1,,2,,,0,,,0,,,,,,,,,0,0,0,0,0,0,0,0,0,0,0,0,0,,,,,,,,,,,,,,,,,,,,,,,,,,,,,,,,,,,,,,,,,,,,,,,,,,,,,,,,,,,,0,,0,0,0,0,0,0,0,0,0,0,0,0,0,0,0,0,0,0,0,0,0,0,0,0,0,0,0,0,0,0,0,0,0,0,0,0,0,0,0,0,0,0,0,0,0,0,0,0,0,0,0,0,0,0,0,0,0,0,0,0,0,0,0,0,0,,,,,,,,,,,,,,,,,0,,,,,,,,,0,0,0,0,0,0,,0,0,0,0,,0,0,0,0,0,0,0,0,0,0,0,0,0,0,0,0,,,,,,,,,,,,,,,,,,0,0,0,0,0,0,,0,0,0,0,,,,,,,,,,,,,,0,,,,,,,,,,,,,,,,,,,,,,,,0,,,0,,,0,,,,,,,,,,,,,,,,,,,,,0,,,,,,,,,,,,,,,,,,,,,,,,,,,,,,,,,,,0,,,,,,,,,,,,,,,,,,,,,0,,,,,0,,,0,,,,,,,,,,0,,,,,,,,,,,,,,,,,,,0,,,,,,,,,,0,,0,,0,0,0,0,0,0,0,0,0,0,0,,0,0,0,0,0,0,0,0,0,0,0,,0,0,0,0,0,0,0,0,0,0,0,,,,,0,,,,,,0,,,,,,0,,,,,,,0,,,,,,,,,,,,,,,,,,,,,,,,,,,,,,,,,,,0,,,,,,,,,,,,,,,,,,,,,,,,,,,,,,,,,,,0,,,,,,,,,,,,,,,,,,,,,,,,,,,,,,,,,,,0,,,,,,,,,,,,,,,,,,,0,,,,,,,,,,,,,,,,,,,0,,,,,,,,,,,,,,,,,,,0
25-198,"2021-12-04 10:05:32",1,1,0,0,1,2,1,1,2,2,48,2,2021-12-04,10,2,,90,,,,1,0,1,1,0,1,0,1,0,1,1,0,0,14,,90,150,21,,,30,,21,90,,,0,,,,2,4,,,,,,,,,3,3,0,,0,0,0,1,0,0,,0,,,1,44.8,175,36.9,91,119,83,36,96,15,1,0,0,1,14.628571428571428,5,0,0,2,1,0,0,0,0,0,0,0,0,0,0,0,0,0,0,0,0,1,1,1,1,1,0,1,1,0,0,0,0,0,0,0,0,0,0,0,0,0,0,0,0,0,0,0,0,0,0,0,0,0,0,0,0,0,0,0,0,0,0,0,0,0,0,0,0,2,1,,1,3,,,1,,,,,,1,9.4,76,11.3,2,1,,,12,0,,1,10,1,0,1,0,0,0,0,1,0,0,2,0,0,0,0,0,0,0,0,0,0,0,0,0,0,0,0,0,,,,,,,,,,,,,,,,,,0,0,0,0,0,0,,0,0,0,2,1,"2021-12-04 09:38","2021-12-04 12:18",1,"2021-12-04 13:46",1,1,1,"2021-12-04 08:56","2021-12-04 13:46",1,"2021-12-04 12:25","2021-12-04 13:46",2,4,39,39,39,39,4,39,39,39,39,1,1,39,39,1,39,39,1,39,39,1,39,39,2,25-198_cl_COT_ca_E.zip,1,2,1,0,2,4,4,3,0,3,0,0,3,0,3,4,4,0,3,0,,,,,,2,,,,,,,,,,,,,,,,,,,,,,,,,,,,,,,,,,,0,,,,,,,,,,,,,,,,,,,,,0,,,,,0,1,0,2,0,0,0,0,0,0,0,0,0,2,,,,,,,,,,,,,,,,,,,0,,,,,,,,,,0,cl_ben_face_25-198.jpeg,2,0,0,1,0,0,1,0,0,0,0,1,2,,0,0,0,0,0,0,0,0,0,0,0,,0,0,0,0,0,0,0,0,0,0,0,,,,,0,1,2021-12-12,2,,,2,,,,,,0,,,,,,,0,,,,,,,,,,,,,,,,,,,,,,,,,,,,,,,,,,,0,,,,,,,,,,,,,,,,,,,,,,,,,,,,,,,,,,,0,,,,,,,,,,,,,,,,,,,,,,,,,,,,,,,,,,,0,,,,,,,,,,,,,,,,,,,0,,,,,,,,,,,,,,,,,,,0,,,,,,,,,,,,,,,,,,,0
25-199,"2021-11-27 08:59:05",1,1,0,0,1,2,1,1,2,1,69,2,2021-11-27,10,2,,60,,,,0,0,0,1,0,0,0,0,0,0,0,0,0,,,,,60,,,,,,,,,0,,,,1,1,,,,,,,,,,1,1,2,0,0,0,1,0,1,2021-04-20,0,,,,56,163,36.4,66,168,86,30,96,15,1,0,0,1,21.077195227520797,1,0,0,2,1,0,0,0,0,0,0,0,0,0,0,0,0,0,1,1,1,1,1,1,1,0,0,0,0,0,0,0,0,0,0,0,0,0,0,0,0,0,0,0,0,0,0,0,0,0,0,0,0,0,0,0,0,0,0,0,0,0,0,0,0,0,0,0,0,2,1,,1,3,,,2,2,,,,1415,1,12.9,83,5.2,2,1,,,11,0,,1,10,0,0,0,1,0,0,0,1,0,0,2,0,0,0,0,0,0,0,0,0,0,0,0,0,0,0,0,0,,,,,,,,,,,,,,,,,,0,0,0,0,0,0,,0,0,0,2,1,"2021-11-26 10:26","2021-11-26 12:18",1,"2021-11-26 13:46",1,1,1,"2021-11-26 09:14","2021-11-26 13:46",1,"2021-11-26 12:05","2021-11-26 13:46",2,4,40,40,40,40,4,40,40,40,40,1,1,40,40,1,40,40,1,40,40,1,40,40,2,25-199_cl_COT_ca_E.zip,1,2,1,0,2,0,3,0,0,0,0,0,0,0,0,0,0,0,0,0,,,,,,2,,,,,,,,,,,,,,,,,,,,,,,,,,,,,,,,,,,0,,,,,,,,,,,,,,,,,,,,,0,,,,,0,1,0,2,2,2,0,0,0,0,2,0,0,2,,,,,,,,,,,,,,,,,,,0,,,,,,,,,,0,cl_ben_face_25-199.jpeg,2,1,0,0,0,0,0,0,0,0,0,0,2,,0,0,0,0,0,0,0,0,0,0,0,,0,0,0,0,0,0,0,0,0,0,0,,,,,0,1,2021-12-07,1,,,2,1,2021-12-25,1,,,2,,,,,,,0,,,,,,,,,,,,,,,,,,,,,,,,,,,,,,,,,,,0,,,,,,,,,,,,,,,,,,,,,,,,,,,,,,,,,,,0,,,,,,,,,,,,,,,,,,,,,,,,,,,,,,,,,,,0,,,,,,,,,,,,,,,,,,,0,,,,,,,,,,,,,,,,,,,0,,,,,,,,,,,,,,,,,,,0
25-200,"2021-12-08 10:53:11",1,1,0,0,1,2,1,1,2,2,28,2,2021-12-08,7,2,,90,,,,1,0,1,1,0,1,1,1,0,0,0,0,0,30,,,30,30,,30,30,,,,,,1,0,1,0,1,1,,,,,,,,,,1,0,,0,0,0,1,0,0,,0,,,0,35,170,37.6,143,106,75,32,100,14,1,1,0,2,12.110726643598616,5,0,0,2,1,0,0,0,0,0,0,0,0,0,0,0,0,0,0,0,0,1,1,1,1,0,0,0,0,0,0,0,0,0,0,0,0,0,0,0,0,0,0,0,0,0,0,0,0,0,0,0,0,0,0,0,0,0,0,0,0,0,0,0,0,0,0,0,0,2,1,,1,3,,,1,,,,,,1,9.3,72.3,7.69,2,2,1,,7,0,,1,,1,0,0,0,0,1,1,1,0,0,2,0,0,0,0,0,0,0,0,0,0,0,0,0,0,0,0,0,,,,,,,,,,,,,,,,,,0,0,0,0,0,0,,0,0,0,2,1,"2021-12-08 12:45","2021-12-08 13:53",1,"2021-12-08 14:48",1,1,1,"2021-12-08 14:25","2021-12-08 14:48",1,"2021-12-08 14:25","2021-12-08 14:48",2,4,41,41,41,41,4,41,41,41,41,1,1,41,41,1,41,41,1,41,41,1,41,41,2,25-200_cl_COT_ca_E.zip,0,0,1,1,2,4,4,4,4,6,0,0,3,0,0,,,,,1,1,,1,,1,2,,,,,,,,,,,,,,,,,,,,,,,,,,,,,,,,,,,0,,,,,,,,,,,,,,,,,,,,,0,,,,,0,1,1,2,3,0,0,0,0,0,0,0,2,2,,,,,,,,,,,,,,,,,,,0,,,,,,,,,,0,cl_ben_face_25-200.jpg,2,0,0,0,1,0,0,0,0,0,1,0,2,,0,0,0,0,0,0,0,0,0,0,0,,0,0,0,0,0,0,0,0,0,0,0,,,,,0,1,2021-12-15,5,,2021-12-08,2,1,2022-01-05,2,,,2,,,,,,,0,,,,,,,,,,,,,,,,,,,,,,,,,,,,,,,,,,,0,,,,,,,,,,,,,,,,,,,,,,,,,,,,,,,,,,,0,,,,,,,,,,,,,,,,,,,,,,,,,,,,,,,,,,,0,,,,,,,,,,,,,,,,,,,0,,,,,,,,,,,,,,,,,,,0,,,,,,,,,,,,,,,,,,,0
25-201,"2021-10-24 12:52:46",1,1,0,0,2,2,,,0,,,0,,,,,,,,,0,0,0,0,0,0,0,0,0,0,0,0,0,,,,,,,,,,,,,,,,,,,,,,,,,,,,,,,,,,,,,,,,,,,,,,,,,,,,,,,,,,,,0,,0,0,0,0,0,0,0,0,0,0,0,0,0,0,0,0,0,0,0,0,0,0,0,0,0,0,0,0,0,0,0,0,0,0,0,0,0,0,0,0,0,0,0,0,0,0,0,0,0,0,0,0,0,0,0,0,0,0,0,0,0,0,0,0,0,,,,,,,,,,,,,,,,,0,,,,,,,,,0,0,0,0,0,0,,0,0,0,0,,0,0,0,0,0,0,0,0,0,0,0,0,0,0,0,0,,,,,,,,,,,,,,,,,,0,0,0,0,0,0,,0,0,0,0,,,,,,,,,,,,,,0,,,,,,,,,,,,,,,,,,,,,,,,0,,,0,,,0,,,,,,,,,,,,,,,,,,,,,0,,,,,,,,,,,,,,,,,,,,,,,,,,,,,,,,,,,0,,,,,,,,,,,,,,,,,,,,,0,,,,,0,,,0,,,,,,,,,,0,,,,,,,,,,,,,,,,,,,0,,,,,,,,,,0,,0,,0,0,0,0,0,0,0,0,0,0,0,,0,0,0,0,0,0,0,0,0,0,0,,0,0,0,0,0,0,0,0,0,0,0,,,,,0,,,,,,0,,,,,,0,,,,,,,0,,,,,,,,,,,,,,,,,,,,,,,,,,,,,,,,,,,0,,,,,,,,,,,,,,,,,,,,,,,,,,,,,,,,,,,0,,,,,,,,,,,,,,,,,,,,,,,,,,,,,,,,,,,0,,,,,,,,,,,,,,,,,,,0,,,,,,,,,,,,,,,,,,,0,,,,,,,,,,,,,,,,,,,0
25-202,"2021-09-25 10:28:16",1,1,0,0,1,2,1,1,2,2,60,2,2021-09-25,7,2,,90,,,,0,0,1,1,0,1,0,1,0,1,0,0,0,,,21,60,90,,,60,,60,,,,1,1,1,1,2,1,,,,,,,,,,3,0,,0,0,0,1,0,1,2021-06-14,0,,,1,39.6,154,35.6,57,138,90,26,93,15,1,0,0,1,16.697588126159555,1,0,0,2,0,0,0,0,0,0,0,0,0,0,0,0,0,0,0,0,0,0,0,0,0,0,0,0,0,0,0,0,0,0,0,0,0,0,0,0,0,0,0,0,0,0,0,0,0,0,0,0,0,0,0,0,0,0,0,0,0,0,0,0,0,0,0,0,0,2,1,,1,3,,,1,,,,,,1,13.7,96,7.2,2,1,,,15,0,,1,10,1,0,0,1,0,0,0,1,0,0,2,0,0,0,0,0,0,0,0,0,0,0,0,0,0,0,0,0,,,,,,,,,,,,,,,,,,0,0,0,0,0,0,,0,0,0,2,1,"2021-09-25 09:40","2021-09-25 13:12",1,"2021-09-25 14:20",1,1,1,"2021-09-25 09:30","2021-09-25 14:20",1,"2021-09-25 12:14","2021-09-25 14:20",2,4,42,42,42,42,4,42,42,42,42,1,1,42,42,1,42,42,1,42,42,1,42,42,2,25-202_cl_COT_ca_E.zip,1,2,1,0,2,0,3,3,3,3,0,0,0,0,3,0,3,0,3,0,,,,,,2,,,,,,,,,,,,,,,,,,,,,,,,,,,,,,,,,,,0,,,,,,,,,,,,,,,,,,,,,0,,,,,0,1,0,2,0,0,0,0,0,0,2,2,0,2,,,,,,,,,,,,,,,,,,,0,,,,,,,,,,0,cl_ben_face_25-202.jpeg,2,0,0,1,0,0,0,0,0,0,0,0,2,,0,0,0,0,0,0,0,0,0,0,0,,0,0,0,0,0,0,0,0,0,0,0,,,,,0,1,2021-10-09,2,,,2,1,2021-10-30,2,,,2,,,,,,,0,,,,,,,,,,,,,,,,,,,,,,,,,,,,,,,,,,,0,,,,,,,,,,,,,,,,,,,,,,,,,,,,,,,,,,,0,,,,,,,,,,,,,,,,,,,,,,,,,,,,,,,,,,,0,,,,,,,,,,,,,,,,,,,0,,,,,,,,,,,,,,,,,,,0,,,,,,,,,,,,,,,,,,,0
25-203,"2021-11-10 10:48:48",1,1,0,0,1,2,1,1,2,2,29,2,2021-11-10,6,3,,,14,,,0,1,0,1,0,1,1,1,1,0,0,0,0,,14,14,,14,,14,14,14,,,,,0,,,,2,1,,,,,,,,,,1,0,,0,0,0,1,0,1,2020-12-28,1,2020-01-29,2,0,67.4,176,36.6,118,137,89,36,95,15,1,0,0,1,21.758780991735538,5,0,0,2,1,0,0,0,0,0,0,0,0,0,0,0,0,0,0,0,0,0,1,0,0,0,1,0,0,0,0,0,0,0,0,0,0,0,0,0,0,0,0,0,0,0,0,0,0,0,0,0,0,0,0,0,0,0,0,1,1,0,0,0,0,0,0,0,0,2,1,,1,3,,,1,,,,,,1,12.2,79,21.5,2,,,,6,0,,1,6,1,0,0,1,0,0,0,1,0,0,2,0,0,0,0,0,0,0,0,0,0,0,0,0,0,0,0,0,,,,,,,,,,,,,,,,,,0,0,0,0,0,0,,0,0,0,2,1,"2021-11-10 10:20","2021-11-10 13:12",1,"2021-11-10 14:20",1,1,1,"2021-11-10 09:30","2021-11-10 14:20",1,"2021-11-10 14:20","2021-11-10 14:20",2,4,43,43,43,43,4,43,43,43,43,1,1,43,43,1,43,43,1,43,43,1,43,43,2,,,0,1,0,2,0,3,3,0,3,0,0,4,3,4,3,4,4,4,0,,,,,,2,,,,,,,,,,,,,,,,,,,,,,,,,,,,,,,,,,,0,,,,,,,,,,,,,,,,,,,,,0,,,,,0,1,0,2,3,0,0,0,0,0,2,0,0,2,,,,,,,,,,,,,,,,,,,0,,,,,,,,,,0,cl_ben_face_25-203.jpeg,2,0,0,1,0,0,1,0,0,0,0,0,2,,0,0,0,0,0,0,0,0,0,0,0,,0,0,0,0,0,0,0,0,0,0,0,,,,,0,1,2021-11-17,1,,,2,1,2021-12-15,1,,,2,,,,,,,0,,,,,,,,,,,,,,,,,,,,,,,,,,,,,,,,,,,0,,,,,,,,,,,,,,,,,,,,,,,,,,,,,,,,,,,0,,,,,,,,,,,,,,,,,,,,,,,,,,,,,,,,,,,0,,,,,,,,,,,,,,,,,,,0,,,,,,,,,,,,,,,,,,,0,,,,,,,,,,,,,,,,,,,0
25-204,"2021-12-19 15:02:43",1,1,0,0,2,2,,,0,,,0,,,,,,,,,0,0,0,0,0,0,0,0,0,0,0,0,0,,,,,,,,,,,,,,,,,,,,,,,,,,,,,,,,,,,,,,,,,,,,,,,,,,,,,,,,,,,,0,,0,0,0,0,0,0,0,0,0,0,0,0,0,0,0,0,0,0,0,0,0,0,0,0,0,0,0,0,0,0,0,0,0,0,0,0,0,0,0,0,0,0,0,0,0,0,0,0,0,0,0,0,0,0,0,0,0,0,0,0,0,0,0,0,0,,,,,,,,,,,,,,,,,0,,,,,,,,,0,0,0,0,0,0,,0,0,0,0,,0,0,0,0,0,0,0,0,0,0,0,0,0,0,0,0,,,,,,,,,,,,,,,,,,0,0,0,0,0,0,,0,0,0,0,,,,,,,,,,,,,,0,,,,,,,,,,,,,,,,,,,,,,,,0,,,0,,,0,,,,,,,,,,,,,,,,,,,,,0,,,,,,,,,,,,,,,,,,,,,,,,,,,,,,,,,,,0,,,,,,,,,,,,,,,,,,,,,0,,,,,0,,,0,,,,,,,,,,0,,,,,,,,,,,,,,,,,,,0,,,,,,,,,,0,,0,,0,0,0,0,0,0,0,0,0,0,0,,0,0,0,0,0,0,0,0,0,0,0,,0,0,0,0,0,0,0,0,0,0,0,,,,,0,,,,,,0,,,,,,0,,,,,,,0,,,,,,,,,,,,,,,,,,,,,,,,,,,,,,,,,,,0,,,,,,,,,,,,,,,,,,,,,,,,,,,,,,,,,,,0,,,,,,,,,,,,,,,,,,,,,,,,,,,,,,,,,,,0,,,,,,,,,,,,,,,,,,,0,,,,,,,,,,,,,,,,,,,0,,,,,,,,,,,,,,,,,,,0
25-205,"2021-10-26 15:03:08",1,1,0,0,2,2,,,0,,,0,,,,,,,,,0,0,0,0,0,0,0,0,0,0,0,0,0,,,,,,,,,,,,,,,,,,,,,,,,,,,,,,,,,,,,,,,,,,,,,,,,,,,,,,,,,,,,0,,0,0,0,0,0,0,0,0,0,0,0,0,0,0,0,0,0,0,0,0,0,0,0,0,0,0,0,0,0,0,0,0,0,0,0,0,0,0,0,0,0,0,0,0,0,0,0,0,0,0,0,0,0,0,0,0,0,0,0,0,0,0,0,0,0,,,,,,,,,,,,,,,,,0,,,,,,,,,0,0,0,0,0,0,,0,0,0,0,,0,0,0,0,0,0,0,0,0,0,0,0,0,0,0,0,,,,,,,,,,,,,,,,,,0,0,0,0,0,0,,0,0,0,0,,,,,,,,,,,,,,0,,,,,,,,,,,,,,,,,,,,,,,,0,,,0,,,0,,,,,,,,,,,,,,,,,,,,,0,,,,,,,,,,,,,,,,,,,,,,,,,,,,,,,,,,,0,,,,,,,,,,,,,,,,,,,,,0,,,,,0,,,0,,,,,,,,,,0,,,,,,,,,,,,,,,,,,,0,,,,,,,,,,0,,0,,0,0,0,0,0,0,0,0,0,0,0,,0,0,0,0,0,0,0,0,0,0,0,,0,0,0,0,0,0,0,0,0,0,0,,,,,0,,,,,,0,,,,,,0,,,,,,,0,,,,,,,,,,,,,,,,,,,,,,,,,,,,,,,,,,,0,,,,,,,,,,,,,,,,,,,,,,,,,,,,,,,,,,,0,,,,,,,,,,,,,,,,,,,,,,,,,,,,,,,,,,,0,,,,,,,,,,,,,,,,,,,0,,,,,,,,,,,,,,,,,,,0,,,,,,,,,,,,,,,,,,,0
25-206,"2022-01-12 15:03:33",1,1,0,0,2,2,,,0,,,0,,,,,,,,,0,0,0,0,0,0,0,0,0,0,0,0,0,,,,,,,,,,,,,,,,,,,,,,,,,,,,,,,,,,,,,,,,,,,,,,,,,,,,,,,,,,,,0,,0,0,0,0,0,0,0,0,0,0,0,0,0,0,0,0,0,0,0,0,0,0,0,0,0,0,0,0,0,0,0,0,0,0,0,0,0,0,0,0,0,0,0,0,0,0,0,0,0,0,0,0,0,0,0,0,0,0,0,0,0,0,0,0,0,,,,,,,,,,,,,,,,,0,,,,,,,,,0,0,0,0,0,0,,0,0,0,0,,0,0,0,0,0,0,0,0,0,0,0,0,0,0,0,0,,,,,,,,,,,,,,,,,,0,0,0,0,0,0,,0,0,0,0,,,,,,,,,,,,,,0,,,,,,,,,,,,,,,,,,,,,,,,0,,,0,,,0,,,,,,,,,,,,,,,,,,,,,0,,,,,,,,,,,,,,,,,,,,,,,,,,,,,,,,,,,0,,,,,,,,,,,,,,,,,,,,,0,,,,,0,,,0,,,,,,,,,,0,,,,,,,,,,,,,,,,,,,0,,,,,,,,,,0,,0,,0,0,0,0,0,0,0,0,0,0,0,,0,0,0,0,0,0,0,0,0,0,0,,0,0,0,0,0,0,0,0,0,0,0,,,,,0,,,,,,0,,,,,,0,,,,,,,0,,,,,,,,,,,,,,,,,,,,,,,,,,,,,,,,,,,0,,,,,,,,,,,,,,,,,,,,,,,,,,,,,,,,,,,0,,,,,,,,,,,,,,,,,,,,,,,,,,,,,,,,,,,0,,,,,,,,,,,,,,,,,,,0,,,,,,,,,,,,,,,,,,,0,,,,,,,,,,,,,,,,,,,0
25-207,"2022-01-19 15:03:55",1,1,0,0,2,2,,,0,,,0,,,,,,,,,0,0,0,0,0,0,0,0,0,0,0,0,0,,,,,,,,,,,,,,,,,,,,,,,,,,,,,,,,,,,,,,,,,,,,,,,,,,,,,,,,,,,,0,,0,0,0,0,0,0,0,0,0,0,0,0,0,0,0,0,0,0,0,0,0,0,0,0,0,0,0,0,0,0,0,0,0,0,0,0,0,0,0,0,0,0,0,0,0,0,0,0,0,0,0,0,0,0,0,0,0,0,0,0,0,0,0,0,0,,,,,,,,,,,,,,,,,0,,,,,,,,,0,0,0,0,0,0,,0,0,0,0,,0,0,0,0,0,0,0,0,0,0,0,0,0,0,0,0,,,,,,,,,,,,,,,,,,0,0,0,0,0,0,,0,0,0,0,,,,,,,,,,,,,,0,,,,,,,,,,,,,,,,,,,,,,,,0,,,0,,,0,,,,,,,,,,,,,,,,,,,,,0,,,,,,,,,,,,,,,,,,,,,,,,,,,,,,,,,,,0,,,,,,,,,,,,,,,,,,,,,0,,,,,0,,,0,,,,,,,,,,0,,,,,,,,,,,,,,,,,,,0,,,,,,,,,,0,,0,,0,0,0,0,0,0,0,0,0,0,0,,0,0,0,0,0,0,0,0,0,0,0,,0,0,0,0,0,0,0,0,0,0,0,,,,,0,,,,,,0,,,,,,0,,,,,,,0,,,,,,,,,,,,,,,,,,,,,,,,,,,,,,,,,,,0,,,,,,,,,,,,,,,,,,,,,,,,,,,,,,,,,,,0,,,,,,,,,,,,,,,,,,,,,,,,,,,,,,,,,,,0,,,,,,,,,,,,,,,,,,,0,,,,,,,,,,,,,,,,,,,0,,,,,,,,,,,,,,,,,,,0
25-208,"2021-10-18 15:04:36",1,1,0,0,2,2,,,0,,,0,,,,,,,,,0,0,0,0,0,0,0,0,0,0,0,0,0,,,,,,,,,,,,,,,,,,,,,,,,,,,,,,,,,,,,,,,,,,,,,,,,,,,,,,,,,,,,0,,0,0,0,0,0,0,0,0,0,0,0,0,0,0,0,0,0,0,0,0,0,0,0,0,0,0,0,0,0,0,0,0,0,0,0,0,0,0,0,0,0,0,0,0,0,0,0,0,0,0,0,0,0,0,0,0,0,0,0,0,0,0,0,0,0,,,,,,,,,,,,,,,,,0,,,,,,,,,0,0,0,0,0,0,,0,0,0,0,,0,0,0,0,0,0,0,0,0,0,0,0,0,0,0,0,,,,,,,,,,,,,,,,,,0,0,0,0,0,0,,0,0,0,0,,,,,,,,,,,,,,0,,,,,,,,,,,,,,,,,,,,,,,,0,,,0,,,0,,,,,,,,,,,,,,,,,,,,,0,,,,,,,,,,,,,,,,,,,,,,,,,,,,,,,,,,,0,,,,,,,,,,,,,,,,,,,,,0,,,,,0,,,0,,,,,,,,,,0,,,,,,,,,,,,,,,,,,,0,,,,,,,,,,0,,0,,0,0,0,0,0,0,0,0,0,0,0,,0,0,0,0,0,0,0,0,0,0,0,,0,0,0,0,0,0,0,0,0,0,0,,,,,0,,,,,,0,,,,,,0,,,,,,,0,,,,,,,,,,,,,,,,,,,,,,,,,,,,,,,,,,,0,,,,,,,,,,,,,,,,,,,,,,,,,,,,,,,,,,,0,,,,,,,,,,,,,,,,,,,,,,,,,,,,,,,,,,,0,,,,,,,,,,,,,,,,,,,0,,,,,,,,,,,,,,,,,,,0,,,,,,,,,,,,,,,,,,,0
25-209,"2021-11-21 15:05:03",1,1,0,0,2,2,,,0,,,0,,,,,,,,,0,0,0,0,0,0,0,0,0,0,0,0,0,,,,,,,,,,,,,,,,,,,,,,,,,,,,,,,,,,,,,,,,,,,,,,,,,,,,,,,,,,,,0,,0,0,0,0,0,0,0,0,0,0,0,0,0,0,0,0,0,0,0,0,0,0,0,0,0,0,0,0,0,0,0,0,0,0,0,0,0,0,0,0,0,0,0,0,0,0,0,0,0,0,0,0,0,0,0,0,0,0,0,0,0,0,0,0,0,,,,,,,,,,,,,,,,,0,,,,,,,,,0,0,0,0,0,0,,0,0,0,0,,0,0,0,0,0,0,0,0,0,0,0,0,0,0,0,0,,,,,,,,,,,,,,,,,,0,0,0,0,0,0,,0,0,0,0,,,,,,,,,,,,,,0,,,,,,,,,,,,,,,,,,,,,,,,0,,,0,,,0,,,,,,,,,,,,,,,,,,,,,0,,,,,,,,,,,,,,,,,,,,,,,,,,,,,,,,,,,0,,,,,,,,,,,,,,,,,,,,,0,,,,,0,,,0,,,,,,,,,,0,,,,,,,,,,,,,,,,,,,0,,,,,,,,,,0,,0,,0,0,0,0,0,0,0,0,0,0,0,,0,0,0,0,0,0,0,0,0,0,0,,0,0,0,0,0,0,0,0,0,0,0,,,,,0,,,,,,0,,,,,,0,,,,,,,0,,,,,,,,,,,,,,,,,,,,,,,,,,,,,,,,,,,0,,,,,,,,,,,,,,,,,,,,,,,,,,,,,,,,,,,0,,,,,,,,,,,,,,,,,,,,,,,,,,,,,,,,,,,0,,,,,,,,,,,,,,,,,,,0,,,,,,,,,,,,,,,,,,,0,,,,,,,,,,,,,,,,,,,0
25-210,"2022-01-16 10:55:30",1,1,0,0,1,2,1,1,2,2,40,2,2022-01-16,6,2,,60,,,,1,0,1,1,0,1,0,1,1,0,1,0,0,60,,10,60,7,,,60,15,,4,,,1,1,0,0,1,1,,,,,,,,,,1,0,,0,0,0,1,0,0,,0,,,1,45.4,171,37,117,99,74,40,94,15,1,0,1,2,15.52614479668958,4,0,0,2,1,0,0,0,0,0,0,0,0,0,0,0,0,0,0,0,0,1,1,1,1,1,1,1,1,0,0,0,0,0,0,0,0,0,0,0,0,0,0,0,0,0,0,0,0,0,0,0,0,0,0,0,0,0,0,0,0,0,0,0,0,0,0,0,0,2,1,,2,3,,,1,,,,,,1,7.2,77,12.4,2,1,,,1,1,1,0,,0,0,0,0,0,0,0,1,0,0,2,0,0,0,0,0,0,0,0,0,0,0,0,0,0,0,0,0,,,,,,,,,,,,,,,,,,0,0,0,0,0,0,,0,0,0,2,1,"2022-01-16 10:01","2022-01-16 13:28",1,"2022-01-16 14:14",1,1,1,"2022-01-16 09:20","2022-01-16 14:14",1,"2022-01-16 12:55","2022-01-16 14:14",2,4,44,44,44,44,4,44,44,44,44,1,1,44,44,1,44,44,1,44,44,1,44,44,2,25-210_cl_COT_ca_E.zip,1,2,1,0,2,4,3,0,4,6,0,4,4,3,4,0,0,3,0,1,1,,2,,2,2,,,,,,,,,,,,,,,,,,,,,,,,,,,,,,,,,,,0,,,,,,,,,,,,,,,,,,,,,0,,,,,0,1,0,2,1,0,1,0,0,0,0,0,0,2,,,,,,,,,,,,,,,,,,,0,,,,,,,,,,0,cl_ben_face_25-210.jpeg,2,0,0,1,1,1,1,0,0,0,0,0,2,,0,0,0,0,0,0,0,0,0,0,0,,0,0,0,0,0,0,0,0,0,0,0,,,,,0,1,2022-01-24,2,,,2,1,2022-02-19,2,,,2,2023-03-22,0,,,,,1,,,,,,,,,,,,,,,,,,,,,,,,,,,,,,,,,,,0,,,,,,,,,,,,,,,,,,,,,,,,,,,,,,,,,,,0,,,,,,,,,,,,,,,,,,,,,,,,,,,,,,,,,,,0,,,,,,,,,,,,,,,,,,,0,,,,,,,,,,,,,,,,,,,0,,,,,,,,,,,,,,,,,,,0
25-211,"2022-01-01 12:53:19",1,1,0,0,1,2,1,1,2,1,40,2,2022-01-01,6,2,,270,,,,1,0,1,1,0,1,1,1,1,1,0,0,0,,,270,270,270,,270,270,270,,,,,0,,,,1,1,,,,,,,,,,1,0,,0,0,0,1,0,0,,0,,,1,46.8,164,36.1,101,105,79,38,97,15,1,0,0,1,17.400356930398573,2,0,0,2,1,0,0,0,0,0,0,0,0,0,0,0,0,0,0,0,0,1,1,1,0,1,1,1,1,0,0,0,0,0,0,0,0,0,0,0,0,0,0,0,0,0,0,0,0,0,0,0,0,0,0,0,0,0,0,0,0,0,0,0,0,0,0,0,0,2,1,,1,3,,,2,2,,,,,1,10.4,95,5.3,0,1,,,10,0,,1,,0,0,0,1,1,0,0,1,0,0,2,,0,0,0,0,0,0,0,0,0,0,0,0,0,0,0,0,,,,,,,,,,,,,,,,,,0,0,0,0,0,0,,0,0,0,0,1,"2022-01-01 10:11","2022-01-01 13:28",1,"2022-01-01 14:14",1,1,1,"2022-01-01 09:45","2022-01-01 14:14",1,"2022-01-02 12:31","2022-01-01 14:14",2,4,45,45,45,45,4,45,45,45,45,1,1,45,45,1,45,45,1,45,45,1,45,45,2,25-211_cl_COT_ca_E.zip,1,2,1,0,2,3,3,3,0,3,3,3,3,3,3,0,3,3,3,0,,,,,,2,,,,,,,,,,,,,,,,,,,,,,,,,,,,,,,,,,,0,,,,,,,,,,,,,,,,,,,,,0,,,,,0,1,0,2,0,0,0,0,0,0,0,0,0,2,,,,,,,,,,,,,,,,,,,0,,,,,,,,,,0,cl_ben_face_25-211.png,2,0,0,1,0,0,1,0,0,0,0,0,2,,0,0,0,0,0,0,0,0,0,0,0,,0,0,0,0,0,0,0,0,0,0,0,,,,,0,1,2022-01-09,2,,,2,1,2022-03-18,2,,,2,,,,,,,0,,,,,,,,,,,,,,,,,,,,,,,,,,,,,,,,,,,0,,,,,,,,,,,,,,,,,,,,,,,,,,,,,,,,,,,0,,,,,,,,,,,,,,,,,,,,,,,,,,,,,,,,,,,0,,,,,,,,,,,,,,,,,,,0,,,,,,,,,,,,,,,,,,,0,,,,,,,,,,,,,,,,,,,0
25-212,"2022-02-02 10:04:15",1,1,0,0,1,2,1,1,2,1,32,2,2022-02-02,9,2,,10,,,,0,0,1,1,1,0,0,0,0,1,0,0,0,,,,10,2,5,,,,10,,,,0,,,,1,1,,,,,,,,,,1,1,2,0,0,1,1,0,1,2021-08-20,0,,,1,54.9,175,36.1,76,123,88,18,99,15,0,0,0,0,17.926530612244896,1,0,0,2,1,1,1,0,1,0,0,1,1,0,0,0,0,0,0,0,0,0,0,0,0,0,0,0,0,0,0,0,0,0,0,0,0,0,0,0,0,0,0,0,0,0,0,0,0,0,0,0,0,0,0,0,0,0,0,0,0,0,0,0,0,0,0,0,0,2,1,,1,3,,,1,,,,,,1,13.1,82,8.1,2,1,,,11,0,,1,6,1,0,0,1,0,0,0,1,0,0,2,0,0,0,0,0,0,0,0,0,0,0,0,0,0,0,0,0,,,,,,,,,,,,,,,,,,0,0,0,0,0,0,,0,0,0,2,1,"2022-02-02 09:33","2022-02-02 14:00",1,"2022-02-02 14:55",1,1,1,"2022-02-02 08:53","2022-02-02 14:55",1,"2022-02-02 12:15","2022-02-02 14:55",2,4,47,47,47,47,4,47,47,47,47,1,1,47,47,1,47,47,1,47,46,1,47,47,2,25-212_cl_COT_ca_E.zip,1,2,1,0,2,0,0,0,0,3,0,0,0,0,0,0,0,0,0,0,,,,,,2,,,,,,,,,,,,,,,,,,,,,,,,,,,,,,,,,,,0,,,,,,,,,,,,,,,,,,,,,0,,,,,0,1,0,2,0,0,0,0,0,0,0,0,0,2,,,,,,,,,,,,,,,,,,,0,,,,,,,,,,0,cl_ben_face_25-212.png,2,1,0,0,0,0,0,0,0,0,0,0,2,,0,0,0,0,0,0,0,0,0,0,0,,0,0,0,0,0,0,0,0,0,0,0,,,,,0,1,2022-02-09,2,,,2,1,2022-03-07,1,,,2,,,,,,,0,,,,,,,,,,,,,,,,,,,,,,,,,,,,,,,,,,,0,,,,,,,,,,,,,,,,,,,,,,,,,,,,,,,,,,,0,,,,,,,,,,,,,,,,,,,,,,,,,,,,,,,,,,,0,,,,,,,,,,,,,,,,,,,0,,,,,,,,,,,,,,,,,,,0,,,,,,,,,,,,,,,,,,,0
25-213,"2021-10-28 10:52:12",1,1,0,0,1,2,1,1,2,1,34,2,2021-10-28,9,2,,90,,,,0,0,1,1,1,1,1,1,1,1,1,0,0,,,60,90,90,5,60,90,60,60,14,,,1,0,1,1,1,1,,,,,,,,,,1,0,,1,1,,1,0,0,,0,,,1,72.8,167,36.2,104,123,99,42,99,15,1,0,0,1,26.10348165943562,4,0,0,2,1,0,0,1,1,0,0,1,1,0,0,0,0,0,0,0,0,1,1,0,0,1,1,0,0,0,0,0,0,0,0,0,0,0,0,0,0,0,0,0,0,0,0,0,0,0,0,0,0,0,0,0,0,0,0,0,0,0,0,0,0,0,0,0,0,2,2,35.3,1,3,,,1,,,,,,1,11.3,80,5.3,2,1,,,9,0,,1,6,0,0,0,1,0,0,0,1,0,0,2,0,0,0,0,0,0,0,0,0,0,0,0,0,0,0,0,0,,,,,,,,,,,,,,,,,,0,0,0,0,0,0,,0,0,0,2,1,"2021-10-28 10:45","2021-10-28 14:00",1,"2021-10-28 14:55",1,1,1,"2021-10-28 08:24","2021-10-28 14:55",1,"2021-10-28 14:05","2021-10-28 14:55",2,4,46,46,46,46,4,46,46,46,46,1,1,46,46,1,46,46,1,46,46,1,46,46,2,25-213_cl_COT_ca_E.zip,1,2,1,0,2,3,3,3,0,3,3,3,3,3,3,0,3,3,3,0,,,,,,2,,,,,,,,,,,,,,,,,,,,,,,,,,,,,,,,,,,0,,,,,,,,,,,,,,,,,,,,,0,,,,,0,1,0,2,1,0,0,0,0,0,0,0,1,2,,,,,,,,,,,,,,,,,,,0,,,,,,,,,,0,cl_ben_face_25-213.jpeg,2,0,0,1,0,0,1,0,1,0,0,0,2,,0,0,0,0,0,0,0,0,0,0,0,,0,0,0,0,0,0,0,0,0,0,0,,,,,0,1,2021-11-09,2,,,2,1,2021-11-30,2,,,2,,,,,,,0,,,,,,,,,,,,,,,,,,,,,,,,,,,,,,,,,,,0,,,,,,,,,,,,,,,,,,,,,,,,,,,,,,,,,,,0,,,,,,,,,,,,,,,,,,,,,,,,,,,,,,,,,,,0,,,,,,,,,,,,,,,,,,,0,,,,,,,,,,,,,,,,,,,0,,,,,,,,,,,,,,,,,,,0
25-214,"2021-11-14 15:14:23",1,1,0,1,,2,,,0,,,0,,,,,,,,,0,0,0,0,0,0,0,0,0,0,0,0,0,,,,,,,,,,,,,,,,,,,,,,,,,,,,,,,,,,,,,,,,,,,,,,,,,,,,,,,,,,,,0,,0,0,0,0,0,0,0,0,0,0,0,0,0,0,0,0,0,0,0,0,0,0,0,0,0,0,0,0,0,0,0,0,0,0,0,0,0,0,0,0,0,0,0,0,0,0,0,0,0,0,0,0,0,0,0,0,0,0,0,0,0,0,0,0,0,,,,,,,,,,,,,,,,,0,,,,,,,,,0,0,0,0,0,0,,0,0,0,0,,0,0,0,0,0,0,0,0,0,0,0,0,0,0,0,0,,,,,,,,,,,,,,,,,,0,0,0,0,0,0,,0,0,0,0,,,,,,,,,,,,,,0,,,,,,,,,,,,,,,,,,,,,,,,0,,,0,,,0,,,,,,,,,,,,,,,,,,,,,0,,,,,,,,,,,,,,,,,,,,,,,,,,,,,,,,,,,0,,,,,,,,,,,,,,,,,,,,,0,,,,,0,,,0,,,,,,,,,,0,,,,,,,,,,,,,,,,,,,0,,,,,,,,,,0,,0,,0,0,0,0,0,0,0,0,0,0,0,,0,0,0,0,0,0,0,0,0,0,0,,0,0,0,0,0,0,0,0,0,0,0,,,,,0,,,,,,0,,,,,,0,,,,,,,0,,,,,,,,,,,,,,,,,,,,,,,,,,,,,,,,,,,0,,,,,,,,,,,,,,,,,,,,,,,,,,,,,,,,,,,0,,,,,,,,,,,,,,,,,,,,,,,,,,,,,,,,,,,0,,,,,,,,,,,,,,,,,,,0,,,,,,,,,,,,,,,,,,,0,,,,,,,,,,,,,,,,,,,0
25-215,"2022-01-23 15:15:00",1,1,0,0,2,2,,,0,,,0,,,,,,,,,0,0,0,0,0,0,0,0,0,0,0,0,0,,,,,,,,,,,,,,,,,,,,,,,,,,,,,,,,,,,,,,,,,,,,,,,,,,,,,,,,,,,,0,,0,0,0,0,0,0,0,0,0,0,0,0,0,0,0,0,0,0,0,0,0,0,0,0,0,0,0,0,0,0,0,0,0,0,0,0,0,0,0,0,0,0,0,0,0,0,0,0,0,0,0,0,0,0,0,0,0,0,0,0,0,0,0,0,0,,,,,,,,,,,,,,,,,0,,,,,,,,,0,0,0,0,0,0,,0,0,0,0,,0,0,0,0,0,0,0,0,0,0,0,0,0,0,0,0,,,,,,,,,,,,,,,,,,0,0,0,0,0,0,,0,0,0,0,,,,,,,,,,,,,,0,,,,,,,,,,,,,,,,,,,,,,,,0,,,0,,,0,,,,,,,,,,,,,,,,,,,,,0,,,,,,,,,,,,,,,,,,,,,,,,,,,,,,,,,,,0,,,,,,,,,,,,,,,,,,,,,0,,,,,0,,,0,,,,,,,,,,0,,,,,,,,,,,,,,,,,,,0,,,,,,,,,,0,,0,,0,0,0,0,0,0,0,0,0,0,0,,0,0,0,0,0,0,0,0,0,0,0,,0,0,0,0,0,0,0,0,0,0,0,,,,,0,,,,,,0,,,,,,0,,,,,,,0,,,,,,,,,,,,,,,,,,,,,,,,,,,,,,,,,,,0,,,,,,,,,,,,,,,,,,,,,,,,,,,,,,,,,,,0,,,,,,,,,,,,,,,,,,,,,,,,,,,,,,,,,,,0,,,,,,,,,,,,,,,,,,,0,,,,,,,,,,,,,,,,,,,0,,,,,,,,,,,,,,,,,,,0
25-216,"2021-12-08 09:47:00",1,1,0,0,1,2,1,1,2,1,44,2,2021-12-08,10,2,,90,,,,0,0,1,1,0,0,1,1,0,0,0,0,0,,,,60,7,,7,7,,,,,,0,,,,2,2,1996,0,,3,,5,,,,1,1,2,0,0,0,1,0,1,2021-08-24,0,,,1,92.8,170,36,95,112,78,36,96,15,1,0,0,1,32.11072664359862,2,0,0,2,1,0,0,1,0,0,1,0,1,0,0,0,0,0,0,0,0,0,0,0,0,0,0,0,0,0,0,0,0,0,0,0,0,0,0,0,0,0,0,0,0,0,0,0,0,0,0,0,0,0,0,0,0,0,0,0,0,0,0,0,0,0,0,0,0,2,1,,1,3,,,1,,,,,,1,11.3,76,9.9,2,1,,,12,0,,1,10,1,0,1,0,0,0,0,1,0,0,2,0,0,0,0,0,0,0,0,0,0,0,0,0,0,0,0,0,,,,,,,,,,,,,,,,,,0,0,0,0,0,0,,0,0,0,2,1,"2021-12-08 09:25","2021-12-08 13:18",1,"2021-12-08 14:45",1,1,1,"2021-12-08 08:47","2021-12-08 14:45",1,"2021-12-08 11:48","2021-12-08 14:45",2,4,49,49,49,49,4,49,49,49,49,1,1,49,49,1,49,49,1,49,49,1,49,49,2,25-216_cl_COT_ca_E.zip,1,2,1,0,2,0,0,0,0,3,0,0,3,3,3,0,0,0,0,0,,,,,,2,,,,,,,,,,,,,,,,,,,,,,,,,,,,,,,,,,,0,,,,,,,,,,,,,,,,,,,,,0,,,,,0,1,0,2,0,0,0,0,0,0,0,0,0,2,,,,,,,,,,,,,,,,,,,0,,,,,,,,,,0,cl_ben_face_25-216.png,2,0,0,0,0,0,0,0,0,0,0,1,2,,0,0,0,0,0,0,0,0,0,0,0,,0,0,0,0,0,0,0,0,0,0,0,,,,,0,1,2021-12-19,2,,,2,1,2022-01-09,2,,,2,,,,,,,0,,,,,,,,,,,,,,,,,,,,,,,,,,,,,,,,,,,0,,,,,,,,,,,,,,,,,,,,,,,,,,,,,,,,,,,0,,,,,,,,,,,,,,,,,,,,,,,,,,,,,,,,,,,0,,,,,,,,,,,,,,,,,,,0,,,,,,,,,,,,,,,,,,,0,,,,,,,,,,,,,,,,,,,0
25-217,"2021-05-06 10:47:57",1,1,1,1,,2,1,1,2,2,51,2,2021-05-06,10,2,,90,,,,0,0,0,1,0,0,0,1,0,1,0,0,0,,,,,90,,,90,,90,,,,0,,,,1,1,,,,,,,,,,1,0,,0,0,0,1,0,0,,0,,,1,56.2,169,35.8,94,140,96,22,100,15,1,0,0,1,19.677182171492596,2,0,0,2,1,0,0,0,0,0,0,0,0,0,0,0,0,0,0,0,0,0,0,0,0,0,0,1,1,0,0,0,0,0,0,0,0,0,0,0,0,0,0,0,0,0,0,0,0,0,0,0,0,0,0,0,0,0,0,0,0,0,0,0,0,0,0,0,0,2,1,,1,3,,,1,,,,,,2,13.0,78,5.3,2,,,,,,,,,0,0,0,0,0,0,,0,0,0,0,,0,0,0,0,0,0,0,0,0,0,0,0,0,0,0,0,,,,,,,,,,,,,,,,,,0,0,0,0,0,0,,0,0,0,0,1,"2021-05-05 09:11","2021-05-05 13:18",1,"2021-05-05 14:45",1,1,1,"2021-05-05 08:47","2021-05-05 14:45",1,"2021-05-05 11:48","2021-05-05 14:45",2,4,48,48,48,48,4,48,48,48,48,1,1,48,48,1,48,48,1,48,48,1,48,48,2,,,0,1,0,2,0,0,3,0,0,0,0,0,0,0,0,0,0,0,0,,,,,,2,,,,,,,,,,,,,,,,,,,,,,,,,,,,,,,,,,,0,,,,,,,,,,,,,,,,,,,,,0,,,,,0,1,0,2,0,0,0,0,0,0,0,0,0,2,,,,,,,,,,,,,,,,,,,0,,,,,,,,,,0,cl_ben_face_25-217.jpg,2,1,0,0,0,0,0,0,0,0,0,0,2,,0,0,0,0,0,0,0,0,0,0,0,,0,0,0,0,0,0,0,0,0,0,0,,,,,0,1,2021-05-16,,,,0,1,2021-06-06,3,,,2,,,,,,,0,,,,,,,,,,,,,,,,,,,,,,,,,,,,,,,,,,,0,,,,,,,,,,,,,,,,,,,,,,,,,,,,,,,,,,,0,,,,,,,,,,,,,,,,,,,,,,,,,,,,,,,,,,,0,,,,,,,,,,,,,,,,,,,0,,,,,,,,,,,,,,,,,,,0,,,,,,,,,,,,,,,,,,,0
25-218,"2022-02-08 15:58:32",1,1,0,0,2,2,,,0,,,0,,,,,,,,,0,0,0,0,0,0,0,0,0,0,0,0,0,,,,,,,,,,,,,,,,,,,,,,,,,,,,,,,,,,,,,,,,,,,,,,,,,,,,,,,,,,,,0,,0,0,0,0,0,0,0,0,0,0,0,0,0,0,0,0,0,0,0,0,0,0,0,0,0,0,0,0,0,0,0,0,0,0,0,0,0,0,0,0,0,0,0,0,0,0,0,0,0,0,0,0,0,0,0,0,0,0,0,0,0,0,0,0,0,,,,,,,,,,,,,,,,,0,,,,,,,,,0,0,0,0,0,0,,0,0,0,0,,0,0,0,0,0,0,0,0,0,0,0,0,0,0,0,0,,,,,,,,,,,,,,,,,,0,0,0,0,0,0,,0,0,0,0,,,,,,,,,,,,,,0,,,,,,,,,,,,,,,,,,,,,,,,0,,,0,,,0,,,,,,,,,,,,,,,,,,,,,0,,,,,,,,,,,,,,,,,,,,,,,,,,,,,,,,,,,0,,,,,,,,,,,,,,,,,,,,,0,,,,,0,,,0,,,,,,,,,,0,,,,,,,,,,,,,,,,,,,0,,,,,,,,,,0,,0,,0,0,0,0,0,0,0,0,0,0,0,,0,0,0,0,0,0,0,0,0,0,0,,0,0,0,0,0,0,0,0,0,0,0,,,,,0,,,,,,0,,,,,,0,,,,,,,0,,,,,,,,,,,,,,,,,,,,,,,,,,,,,,,,,,,0,,,,,,,,,,,,,,,,,,,,,,,,,,,,,,,,,,,0,,,,,,,,,,,,,,,,,,,,,,,,,,,,,,,,,,,0,,,,,,,,,,,,,,,,,,,0,,,,,,,,,,,,,,,,,,,0,,,,,,,,,,,,,,,,,,,0
25-219,"2022-01-14 15:58:54",1,1,0,0,2,2,,,0,,,0,,,,,,,,,0,0,0,0,0,0,0,0,0,0,0,0,0,,,,,,,,,,,,,,,,,,,,,,,,,,,,,,,,,,,,,,,,,,,,,,,,,,,,,,,,,,,,0,,0,0,0,0,0,0,0,0,0,0,0,0,0,0,0,0,0,0,0,0,0,0,0,0,0,0,0,0,0,0,0,0,0,0,0,0,0,0,0,0,0,0,0,0,0,0,0,0,0,0,0,0,0,0,0,0,0,0,0,0,0,0,0,0,0,,,,,,,,,,,,,,,,,0,,,,,,,,,0,0,0,0,0,0,,0,0,0,0,,0,0,0,0,0,0,0,0,0,0,0,0,0,0,0,0,,,,,,,,,,,,,,,,,,0,0,0,0,0,0,,0,0,0,0,,,,,,,,,,,,,,0,,,,,,,,,,,,,,,,,,,,,,,,0,,,0,,,0,,,,,,,,,,,,,,,,,,,,,0,,,,,,,,,,,,,,,,,,,,,,,,,,,,,,,,,,,0,,,,,,,,,,,,,,,,,,,,,0,,,,,0,,,0,,,,,,,,,,0,,,,,,,,,,,,,,,,,,,0,,,,,,,,,,0,,0,,0,0,0,0,0,0,0,0,0,0,0,,0,0,0,0,0,0,0,0,0,0,0,,0,0,0,0,0,0,0,0,0,0,0,,,,,0,,,,,,0,,,,,,0,,,,,,,0,,,,,,,,,,,,,,,,,,,,,,,,,,,,,,,,,,,0,,,,,,,,,,,,,,,,,,,,,,,,,,,,,,,,,,,0,,,,,,,,,,,,,,,,,,,,,,,,,,,,,,,,,,,0,,,,,,,,,,,,,,,,,,,0,,,,,,,,,,,,,,,,,,,0,,,,,,,,,,,,,,,,,,,0
25-220,"2022-01-12 10:55:49",1,1,0,0,1,2,1,1,2,2,46,2,2022-01-12,7,2,,90,,,,1,0,0,0,0,1,0,1,0,0,1,0,0,120,,60,,,,,90,,,60,,,0,,,,3,1,,,,,,,,,,3,0,,0,0,0,1,0,1,2021-09-24,0,,,1,41.9,174,36.2,137,86,70,36,,15,1,0,1,2,13.839344695468357,4,0,0,2,1,0,0,0,0,0,0,0,0,0,0,1,1,0,0,0,0,0,0,0,0,0,0,0,0,0,0,0,0,0,0,0,0,0,0,0,0,0,0,0,0,0,0,0,0,0,0,0,0,0,0,0,0,0,0,0,0,0,0,0,0,0,0,0,0,2,1,,2,1,,,1,,,,,,1,9.7,83,14.0,2,2,1,,1,1,1,0,,0,0,0,0,0,0,0,1,0,0,2,0,0,0,0,0,0,0,0,0,0,0,0,0,0,0,0,0,,,,,,,,,,,,,,,,,,0,0,0,0,0,0,,0,0,0,2,1,"2022-01-12 10:49","2022-01-12 14:28",1,"2022-01-12 14:28",1,1,1,"2022-01-12 10:11","2022-01-12 14:28",1,"2022-01-12 13:04","2022-01-12 14:28",2,4,50,50,50,50,4,50,50,50,50,1,1,50,50,1,50,50,1,50,50,1,50,50,2,25-220_cl_COT_ca_E.zip,1,2,1,0,2,3,3,4,0,6,0,0,4,0,3,3,0,4,0,1,1,,1,,1,2,,,,,,,,,,,,,,,,,,,,,,,,,,,,,,,,,,,0,,,,,,,,,,,,,,,,,,,,,0,,,,,0,1,0,2,0,0,0,0,0,0,0,0,0,2,,,,,,,,,,,,,,,,,,,0,,,,,,,,,,0,cl_ben_face_25-220.jpg,2,0,0,1,0,0,1,0,0,0,0,0,2,,0,0,0,0,0,0,0,0,0,0,0,,0,0,0,0,0,0,0,0,0,0,0,,,,,0,1,2022-01-19,5,,2022-01-13,2,1,2022-02-09,5,,2022-01-13,2,2023-03-12,6,,,,,1,,,,,,,,,,,,,,,,,,,,,,,,,,,,,,,,,,,0,,,,,,,,,,,,,,,,,,,,,,,,,,,,,,,,,,,0,,,,,,,,,,,,,,,,,,,,,,,,,,,,,,,,,,,0,,,,,,,,,,,,,,,,,,,0,,,,,,,,,,,,,,,,,,,0,,,,,,,,,,,,,,,,,,,0
25-221,"2021-06-04 13:18:43",1,1,0,1,,2,,,0,,,0,,,,,,,,,0,0,0,0,0,0,0,0,0,0,0,0,0,,,,,,,,,,,,,,,,,,,,,,,,,,,,,,,,,,,,,,,,,,,,,,,,,,,,,,,,,,,,0,,0,0,0,0,0,0,0,0,0,0,0,0,0,0,0,0,0,0,0,0,0,0,0,0,0,0,0,0,0,0,0,0,0,0,0,0,0,0,0,0,0,0,0,0,0,0,0,0,0,0,0,0,0,0,0,0,0,0,0,0,0,0,0,0,0,,,,,,,,,,,,,,,,,0,,,,,,,,,0,0,0,0,0,0,,0,0,0,0,,0,0,0,0,0,0,0,0,0,0,0,0,0,0,0,0,,,,,,,,,,,,,,,,,,0,0,0,0,0,0,,0,0,0,0,,,,,,,,,,,,,,0,,,,,,,,,,,,,,,,,,,,,,,,0,,,0,,,0,,,,,,,,,,,,,,,,,,,,,0,,,,,,,,,,,,,,,,,,,,,,,,,,,,,,,,,,,0,,,,,,,,,,,,,,,,,,,,,0,,,,,0,,,0,,,,,,,,,,0,,,,,,,,,,,,,,,,,,,0,,,,,,,,,,0,,0,,0,0,0,0,0,0,0,0,0,0,0,,0,0,0,0,0,0,0,0,0,0,0,,0,0,0,0,0,0,0,0,0,0,0,,,,,0,,,,,,0,,,,,,0,,,,,,,0,,,,,,,,,,,,,,,,,,,,,,,,,,,,,,,,,,,0,,,,,,,,,,,,,,,,,,,,,,,,,,,,,,,,,,,0,,,,,,,,,,,,,,,,,,,,,,,,,,,,,,,,,,,0,,,,,,,,,,,,,,,,,,,0,,,,,,,,,,,,,,,,,,,0,,,,,,,,,,,,,,,,,,,0
25-222,"2021-12-11 13:19:30",1,1,0,1,,2,,,0,,,0,,,,,,,,,0,0,0,0,0,0,0,0,0,0,0,0,0,,,,,,,,,,,,,,,,,,,,,,,,,,,,,,,,,,,,,,,,,,,,,,,,,,,,,,,,,,,,0,,0,0,0,0,0,0,0,0,0,0,0,0,0,0,0,0,0,0,0,0,0,0,0,0,0,0,0,0,0,0,0,0,0,0,0,0,0,0,0,0,0,0,0,0,0,0,0,0,0,0,0,0,0,0,0,0,0,0,0,0,0,0,0,0,0,,,,,,,,,,,,,,,,,0,,,,,,,,,0,0,0,0,0,0,,0,0,0,0,,0,0,0,0,0,0,0,0,0,0,0,0,0,0,0,0,,,,,,,,,,,,,,,,,,0,0,0,0,0,0,,0,0,0,0,,,,,,,,,,,,,,0,,,,,,,,,,,,,,,,,,,,,,,,0,,,0,,,0,,,,,,,,,,,,,,,,,,,,,0,,,,,,,,,,,,,,,,,,,,,,,,,,,,,,,,,,,0,,,,,,,,,,,,,,,,,,,,,0,,,,,0,,,0,,,,,,,,,,0,,,,,,,,,,,,,,,,,,,0,,,,,,,,,,0,,0,,0,0,0,0,0,0,0,0,0,0,0,,0,0,0,0,0,0,0,0,0,0,0,,0,0,0,0,0,0,0,0,0,0,0,,,,,0,,,,,,0,,,,,,0,,,,,,,0,,,,,,,,,,,,,,,,,,,,,,,,,,,,,,,,,,,0,,,,,,,,,,,,,,,,,,,,,,,,,,,,,,,,,,,0,,,,,,,,,,,,,,,,,,,,,,,,,,,,,,,,,,,0,,,,,,,,,,,,,,,,,,,0,,,,,,,,,,,,,,,,,,,0,,,,,,,,,,,,,,,,,,,0
25-223,"2021-10-25 13:19:49",1,1,0,1,,2,,,0,,,0,,,,,,,,,0,0,0,0,0,0,0,0,0,0,0,0,0,,,,,,,,,,,,,,,,,,,,,,,,,,,,,,,,,,,,,,,,,,,,,,,,,,,,,,,,,,,,0,,0,0,0,0,0,0,0,0,0,0,0,0,0,0,0,0,0,0,0,0,0,0,0,0,0,0,0,0,0,0,0,0,0,0,0,0,0,0,0,0,0,0,0,0,0,0,0,0,0,0,0,0,0,0,0,0,0,0,0,0,0,0,0,0,0,,,,,,,,,,,,,,,,,0,,,,,,,,,0,0,0,0,0,0,,0,0,0,0,,0,0,0,0,0,0,0,0,0,0,0,0,0,0,0,0,,,,,,,,,,,,,,,,,,0,0,0,0,0,0,,0,0,0,0,,,,,,,,,,,,,,0,,,,,,,,,,,,,,,,,,,,,,,,0,,,0,,,0,,,,,,,,,,,,,,,,,,,,,0,,,,,,,,,,,,,,,,,,,,,,,,,,,,,,,,,,,0,,,,,,,,,,,,,,,,,,,,,0,,,,,0,,,0,,,,,,,,,,0,,,,,,,,,,,,,,,,,,,0,,,,,,,,,,0,,0,,0,0,0,0,0,0,0,0,0,0,0,,0,0,0,0,0,0,0,0,0,0,0,,0,0,0,0,0,0,0,0,0,0,0,,,,,0,,,,,,0,,,,,,0,,,,,,,0,,,,,,,,,,,,,,,,,,,,,,,,,,,,,,,,,,,0,,,,,,,,,,,,,,,,,,,,,,,,,,,,,,,,,,,0,,,,,,,,,,,,,,,,,,,,,,,,,,,,,,,,,,,0,,,,,,,,,,,,,,,,,,,0,,,,,,,,,,,,,,,,,,,0,,,,,,,,,,,,,,,,,,,0
25-224,"2021-12-14 13:20:18",1,1,0,1,,2,,,0,,,0,,,,,,,,,0,0,0,0,0,0,0,0,0,0,0,0,0,,,,,,,,,,,,,,,,,,,,,,,,,,,,,,,,,,,,,,,,,,,,,,,,,,,,,,,,,,,,0,,0,0,0,0,0,0,0,0,0,0,0,0,0,0,0,0,0,0,0,0,0,0,0,0,0,0,0,0,0,0,0,0,0,0,0,0,0,0,0,0,0,0,0,0,0,0,0,0,0,0,0,0,0,0,0,0,0,0,0,0,0,0,0,0,0,,,,,,,,,,,,,,,,,0,,,,,,,,,0,0,0,0,0,0,,0,0,0,0,,0,0,0,0,0,0,0,0,0,0,0,0,0,0,0,0,,,,,,,,,,,,,,,,,,0,0,0,0,0,0,,0,0,0,0,,,,,,,,,,,,,,0,,,,,,,,,,,,,,,,,,,,,,,,0,,,0,,,0,,,,,,,,,,,,,,,,,,,,,0,,,,,,,,,,,,,,,,,,,,,,,,,,,,,,,,,,,0,,,,,,,,,,,,,,,,,,,,,0,,,,,0,,,0,,,,,,,,,,0,,,,,,,,,,,,,,,,,,,0,,,,,,,,,,0,,0,,0,0,0,0,0,0,0,0,0,0,0,,0,0,0,0,0,0,0,0,0,0,0,,0,0,0,0,0,0,0,0,0,0,0,,,,,0,,,,,,0,,,,,,0,,,,,,,0,,,,,,,,,,,,,,,,,,,,,,,,,,,,,,,,,,,0,,,,,,,,,,,,,,,,,,,,,,,,,,,,,,,,,,,0,,,,,,,,,,,,,,,,,,,,,,,,,,,,,,,,,,,0,,,,,,,,,,,,,,,,,,,0,,,,,,,,,,,,,,,,,,,0,,,,,,,,,,,,,,,,,,,0
25-225,"2021-12-19 13:20:41",1,1,0,1,,2,,,0,,,0,,,,,,,,,0,0,0,0,0,0,0,0,0,0,0,0,0,,,,,,,,,,,,,,,,,,,,,,,,,,,,,,,,,,,,,,,,,,,,,,,,,,,,,,,,,,,,0,,0,0,0,0,0,0,0,0,0,0,0,0,0,0,0,0,0,0,0,0,0,0,0,0,0,0,0,0,0,0,0,0,0,0,0,0,0,0,0,0,0,0,0,0,0,0,0,0,0,0,0,0,0,0,0,0,0,0,0,0,0,0,0,0,0,,,,,,,,,,,,,,,,,0,,,,,,,,,0,0,0,0,0,0,,0,0,0,0,,0,0,0,0,0,0,0,0,0,0,0,0,0,0,0,0,,,,,,,,,,,,,,,,,,0,0,0,0,0,0,,0,0,0,0,,,,,,,,,,,,,,0,,,,,,,,,,,,,,,,,,,,,,,,0,,,0,,,0,,,,,,,,,,,,,,,,,,,,,0,,,,,,,,,,,,,,,,,,,,,,,,,,,,,,,,,,,0,,,,,,,,,,,,,,,,,,,,,0,,,,,0,,,0,,,,,,,,,,0,,,,,,,,,,,,,,,,,,,0,,,,,,,,,,0,,0,,0,0,0,0,0,0,0,0,0,0,0,,0,0,0,0,0,0,0,0,0,0,0,,0,0,0,0,0,0,0,0,0,0,0,,,,,0,,,,,,0,,,,,,0,,,,,,,0,,,,,,,,,,,,,,,,,,,,,,,,,,,,,,,,,,,0,,,,,,,,,,,,,,,,,,,,,,,,,,,,,,,,,,,0,,,,,,,,,,,,,,,,,,,,,,,,,,,,,,,,,,,0,,,,,,,,,,,,,,,,,,,0,,,,,,,,,,,,,,,,,,,0,,,,,,,,,,,,,,,,,,,0
25-226,"2021-12-08 12:06:36",1,1,0,0,1,2,1,1,2,2,45,2,2021-12-08,6,2,,60,,,,0,0,0,1,0,1,0,1,0,0,1,0,0,,,30,,3,,,60,,,60,,,0,,,,2,1,,,,,,,,,,1,0,,0,0,0,1,0,0,,0,,,0,41.3,157,35.7,100,105,81,28,97,15,1,0,0,1,16.75524362043085,1,0,0,2,1,1,0,1,0,0,1,0,1,0,0,0,0,0,0,0,0,0,0,0,0,0,0,0,0,0,0,0,0,0,0,0,0,0,0,0,0,0,0,0,0,0,0,0,0,0,0,0,0,0,0,0,0,0,0,0,0,0,0,0,0,0,0,0,0,2,1,,2,3,,,1,,,,,,1,8.5,74,7.6,2,1,,,1,1,1,0,,0,0,0,0,0,0,0,1,0,0,2,0,0,0,0,0,0,0,0,0,0,0,0,0,0,0,0,0,,,,,,,,,,,,,,,,,,0,0,0,0,0,0,,0,0,0,2,1,"2021-12-08 11:19","2021-12-08 13:58",1,"2021-12-08 15:56",1,1,1,"2021-12-08 10:48","2021-12-08 15:56",1,"2021-12-08 14:24","2021-12-08 15:56",2,4,51,51,51,51,4,51,51,51,51,1,1,51,51,1,51,51,1,51,51,1,51,51,2,25-226_cl_COT_ca_E.zip,1,2,1,0,2,4,3,3,4,3,3,0,0,3,3,4,3,3,0,0,,,,,,2,,,,,,,,,,,,,,,,,,,,,,,,,,,,,,,,,,,0,,,,,,,,,,,,,,,,,,,,,0,,,,,0,1,0,2,0,0,0,0,0,0,0,0,0,2,,,,,,,,,,,,,,,,,,,0,,,,,,,,,,0,cl_ben_face_25-226.jpg,2,0,1,1,0,0,1,0,0,0,0,1,2,,0,0,0,0,0,0,0,0,0,0,0,,0,0,0,0,0,0,0,0,0,0,0,,,,,0,1,2021-12-17,2,,,2,1,2022-01-05,2,,,2,2023-02-04,0,,,,,1,,,,,,,,,,,,,,,,,,,,,,,,,,,,,,,,,,,0,,,,,,,,,,,,,,,,,,,,,,,,,,,,,,,,,,,0,,,,,,,,,,,,,,,,,,,,,,,,,,,,,,,,,,,0,,,,,,,,,,,,,,,,,,,0,,,,,,,,,,,,,,,,,,,0,,,,,,,,,,,,,,,,,,,0
25-227,"2021-12-01 12:32:10",1,1,0,0,1,2,1,1,2,2,22,2,2021-12-01,6,2,,21,,,,1,0,1,0,0,1,1,1,0,1,0,1,1,14,,10,14,,,14,14,,7,,21,14,0,,,,3,1,,,,,,,,,,1,0,,0,0,0,1,0,1,2021-11-03,0,,,1,56.8,173,35.9,75,120,70,22,97,15,1,0,0,1,18.978248521500884,4,0,0,2,1,0,0,0,0,0,0,0,0,0,0,0,0,0,0,0,0,0,0,0,0,1,0,0,0,0,0,0,0,0,0,0,0,0,0,0,0,0,0,0,0,0,0,0,0,0,0,0,0,0,0,0,0,0,0,0,0,0,0,0,0,0,0,0,0,2,1,,1,3,,,1,,,,,,1,11.4,75,6.8,2,1,,,6,0,,1,6,1,0,0,1,0,0,0,1,0,0,2,0,0,0,0,0,0,0,0,0,0,0,0,0,0,0,0,0,,,,,,,,,,,,,,,,,,0,0,0,0,0,0,,0,0,0,2,1,"2021-12-01 11:29","2021-12-01 13:58",1,"2021-12-01 15:56",1,1,1,"2021-12-01 10:59","2021-12-01 15:56",1,"2021-12-01 15:44","2021-12-01 15:56",2,4,52,52,52,52,4,52,52,52,52,1,1,52,52,1,52,52,1,52,52,1,52,52,2,25-227_cl_COT_ca_E.zip,1,2,1,0,2,0,3,2,3,0,0,3,3,0,3,0,0,3,0,0,,,,,,2,,,,,,,,,,,,,,,,,,,,,,,,,,,,,,,,,,,0,,,,,,,,,,,,,,,,,,,,,0,,,,,0,1,0,2,0,0,0,0,0,0,0,0,0,2,,,,,,,,,,,,,,,,,,,0,,,,,,,,,,0,cl_ben_face_25-227.jpg,2,0,0,1,0,0,0,0,0,0,0,0,2,,0,0,0,0,0,0,0,0,0,0,0,,0,0,0,0,0,0,0,0,0,0,0,,,,,0,1,2021-12-10,2,,,2,1,2021-12-29,1,,,2,,,,,,,0,,,,,,,,,,,,,,,,,,,,,,,,,,,,,,,,,,,0,,,,,,,,,,,,,,,,,,,,,,,,,,,,,,,,,,,0,,,,,,,,,,,,,,,,,,,,,,,,,,,,,,,,,,,0,,,,,,,,,,,,,,,,,,,0,,,,,,,,,,,,,,,,,,,0,,,,,,,,,,,,,,,,,,,0
25-228,"2021-12-16 16:19:52",1,1,0,0,3,2,,,0,,,0,,,,,,,,,0,0,0,0,0,0,0,0,0,0,0,0,0,,,,,,,,,,,,,,,,,,,,,,,,,,,,,,,,,,,,,,,,,,,,,,,,,,,,,,,,,,,,0,,0,0,0,0,0,0,0,0,0,0,0,0,0,0,0,0,0,0,0,0,0,0,0,0,0,0,0,0,0,0,0,0,0,0,0,0,0,0,0,0,0,0,0,0,0,0,0,0,0,0,0,0,0,0,0,0,0,0,0,0,0,0,0,0,0,,,,,,,,,,,,,,,,,0,,,,,,,,,0,0,0,0,0,0,,0,0,0,0,,0,0,0,0,0,0,0,0,0,0,0,0,0,0,0,0,,,,,,,,,,,,,,,,,,0,0,0,0,0,0,,0,0,0,0,,,,,,,,,,,,,,0,,,,,,,,,,,,,,,,,,,,,,,,0,,,0,,,0,,,,,,,,,,,,,,,,,,,,,0,,,,,,,,,,,,,,,,,,,,,,,,,,,,,,,,,,,0,,,,,,,,,,,,,,,,,,,,,0,,,,,0,,,0,,,,,,,,,,0,,,,,,,,,,,,,,,,,,,0,,,,,,,,,,0,,0,,0,0,0,0,0,0,0,0,0,0,0,,0,0,0,0,0,0,0,0,0,0,0,,0,0,0,0,0,0,0,0,0,0,0,,,,,0,,,,,,0,,,,,,0,,,,,,,0,,,,,,,,,,,,,,,,,,,,,,,,,,,,,,,,,,,0,,,,,,,,,,,,,,,,,,,,,,,,,,,,,,,,,,,0,,,,,,,,,,,,,,,,,,,,,,,,,,,,,,,,,,,0,,,,,,,,,,,,,,,,,,,0,,,,,,,,,,,,,,,,,,,0,,,,,,,,,,,,,,,,,,,0
25-229,"2022-02-13 16:20:15",1,1,0,0,3,2,,,0,,,0,,,,,,,,,0,0,0,0,0,0,0,0,0,0,0,0,0,,,,,,,,,,,,,,,,,,,,,,,,,,,,,,,,,,,,,,,,,,,,,,,,,,,,,,,,,,,,0,,0,0,0,0,0,0,0,0,0,0,0,0,0,0,0,0,0,0,0,0,0,0,0,0,0,0,0,0,0,0,0,0,0,0,0,0,0,0,0,0,0,0,0,0,0,0,0,0,0,0,0,0,0,0,0,0,0,0,0,0,0,0,0,0,0,,,,,,,,,,,,,,,,,0,,,,,,,,,0,0,0,0,0,0,,0,0,0,0,,0,0,0,0,0,0,0,0,0,0,0,0,0,0,0,0,,,,,,,,,,,,,,,,,,0,0,0,0,0,0,,0,0,0,0,,,,,,,,,,,,,,0,,,,,,,,,,,,,,,,,,,,,,,,0,,,0,,,0,,,,,,,,,,,,,,,,,,,,,0,,,,,,,,,,,,,,,,,,,,,,,,,,,,,,,,,,,0,,,,,,,,,,,,,,,,,,,,,0,,,,,0,,,0,,,,,,,,,,0,,,,,,,,,,,,,,,,,,,0,,,,,,,,,,0,,0,,0,0,0,0,0,0,0,0,0,0,0,,0,0,0,0,0,0,0,0,0,0,0,,0,0,0,0,0,0,0,0,0,0,0,,,,,0,,,,,,0,,,,,,0,,,,,,,0,,,,,,,,,,,,,,,,,,,,,,,,,,,,,,,,,,,0,,,,,,,,,,,,,,,,,,,,,,,,,,,,,,,,,,,0,,,,,,,,,,,,,,,,,,,,,,,,,,,,,,,,,,,0,,,,,,,,,,,,,,,,,,,0,,,,,,,,,,,,,,,,,,,0,,,,,,,,,,,,,,,,,,,0
25-230,"2021-11-12 16:20:34",1,1,0,0,2,2,,,0,,,0,,,,,,,,,0,0,0,0,0,0,0,0,0,0,0,0,0,,,,,,,,,,,,,,,,,,,,,,,,,,,,,,,,,,,,,,,,,,,,,,,,,,,,,,,,,,,,0,,0,0,0,0,0,0,0,0,0,0,0,0,0,0,0,0,0,0,0,0,0,0,0,0,0,0,0,0,0,0,0,0,0,0,0,0,0,0,0,0,0,0,0,0,0,0,0,0,0,0,0,0,0,0,0,0,0,0,0,0,0,0,0,0,0,,,,,,,,,,,,,,,,,0,,,,,,,,,0,0,0,0,0,0,,0,0,0,0,,0,0,0,0,0,0,0,0,0,0,0,0,0,0,0,0,,,,,,,,,,,,,,,,,,0,0,0,0,0,0,,0,0,0,0,,,,,,,,,,,,,,0,,,,,,,,,,,,,,,,,,,,,,,,0,,,0,,,0,,,,,,,,,,,,,,,,,,,,,0,,,,,,,,,,,,,,,,,,,,,,,,,,,,,,,,,,,0,,,,,,,,,,,,,,,,,,,,,0,,,,,0,,,0,,,,,,,,,,0,,,,,,,,,,,,,,,,,,,0,,,,,,,,,,0,,0,,0,0,0,0,0,0,0,0,0,0,0,,0,0,0,0,0,0,0,0,0,0,0,,0,0,0,0,0,0,0,0,0,0,0,,,,,0,,,,,,0,,,,,,0,,,,,,,0,,,,,,,,,,,,,,,,,,,,,,,,,,,,,,,,,,,0,,,,,,,,,,,,,,,,,,,,,,,,,,,,,,,,,,,0,,,,,,,,,,,,,,,,,,,,,,,,,,,,,,,,,,,0,,,,,,,,,,,,,,,,,,,0,,,,,,,,,,,,,,,,,,,0,,,,,,,,,,,,,,,,,,,0
25-231,"2021-12-20 16:20:58",1,1,0,1,,2,,,0,,,0,,,,,,,,,0,0,0,0,0,0,0,0,0,0,0,0,0,,,,,,,,,,,,,,,,,,,,,,,,,,,,,,,,,,,,,,,,,,,,,,,,,,,,,,,,,,,,0,,0,0,0,0,0,0,0,0,0,0,0,0,0,0,0,0,0,0,0,0,0,0,0,0,0,0,0,0,0,0,0,0,0,0,0,0,0,0,0,0,0,0,0,0,0,0,0,0,0,0,0,0,0,0,0,0,0,0,0,0,0,0,0,0,0,,,,,,,,,,,,,,,,,0,,,,,,,,,0,0,0,0,0,0,,0,0,0,0,,0,0,0,0,0,0,0,0,0,0,0,0,0,0,0,0,,,,,,,,,,,,,,,,,,0,0,0,0,0,0,,0,0,0,0,,,,,,,,,,,,,,0,,,,,,,,,,,,,,,,,,,,,,,,0,,,0,,,0,,,,,,,,,,,,,,,,,,,,,0,,,,,,,,,,,,,,,,,,,,,,,,,,,,,,,,,,,0,,,,,,,,,,,,,,,,,,,,,0,,,,,0,,,0,,,,,,,,,,0,,,,,,,,,,,,,,,,,,,0,,,,,,,,,,0,,0,,0,0,0,0,0,0,0,0,0,0,0,,0,0,0,0,0,0,0,0,0,0,0,,0,0,0,0,0,0,0,0,0,0,0,,,,,0,,,,,,0,,,,,,0,,,,,,,0,,,,,,,,,,,,,,,,,,,,,,,,,,,,,,,,,,,0,,,,,,,,,,,,,,,,,,,,,,,,,,,,,,,,,,,0,,,,,,,,,,,,,,,,,,,,,,,,,,,,,,,,,,,0,,,,,,,,,,,,,,,,,,,0,,,,,,,,,,,,,,,,,,,0,,,,,,,,,,,,,,,,,,,0
25-232,"2021-12-12 10:03:47",1,1,0,0,1,2,1,1,2,2,50,2,2021-12-12,9,2,,150,,,,0,0,1,0,0,1,0,1,1,0,0,0,1,,,150,60,,,,120,150,,,,90,0,,,,2,2,2003,0,,3,,5,,,,2,0,,0,0,0,1,0,0,,0,,,1,45.5,177,35.5,94,142,103,30,99,15,1,0,0,1,14.52328513517827,3,0,0,2,1,0,0,0,0,0,0,0,0,0,0,0,0,0,0,0,0,1,1,1,1,0,1,0,0,0,0,0,0,0,0,0,0,0,0,0,0,0,0,0,0,0,0,0,0,0,0,0,0,0,0,0,0,0,0,0,0,0,0,0,0,0,0,0,0,2,1,,1,3,,,1,,,,,,1,12.9,74,10.4,2,,,,,,,,,0,0,0,0,0,0,,0,0,0,0,,0,0,0,0,0,0,0,0,0,0,0,0,0,0,0,0,,,,,,,,,,,,,,,,,,0,0,0,0,0,0,,0,0,0,0,1,"2021-12-12 09:02","2021-12-12 13:44",1,"2021-12-12 15:17",1,1,1,"2021-12-12 08:40","2021-12-12 15:17",1,"2021-12-12 11:38","2021-12-12 15:17",2,4,53,53,53,53,4,53,53,53,53,1,1,53,53,1,53,53,1,53,53,1,53,53,2,25-232_cl_COT_ca_E.zip,1,2,1,0,2,3,3,0,3,0,0,3,0,3,0,3,0,3,3,0,,,,,,2,,,,,,,,,,,,,,,,,,,,,,,,,,,,,,,,,,,0,,,,,,,,,,,,,,,,,,,,,0,,,,,0,1,0,2,0,0,0,0,0,0,0,0,0,2,,,,,,,,,,,,,,,,,,,0,,,,,,,,,,0,cl_ben_face_25-232.jpg,2,0,0,0,0,0,0,0,0,0,0,1,2,,0,0,0,0,0,0,0,0,0,0,0,,0,0,0,0,0,0,0,0,0,0,0,,,,,0,1,2021-12-20,3,,,2,1,2022-02-18,1,,,2,,,,,,,0,,,,,,,,,,,,,,,,,,,,,,,,,,,,,,,,,,,0,,,,,,,,,,,,,,,,,,,,,,,,,,,,,,,,,,,0,,,,,,,,,,,,,,,,,,,,,,,,,,,,,,,,,,,0,,,,,,,,,,,,,,,,,,,0,,,,,,,,,,,,,,,,,,,0,,,,,,,,,,,,,,,,,,,0
25-233,"2022-01-30 11:26:54",1,1,0,0,1,2,1,1,2,2,52,2,2022-01-30,9,2,,120,,,,0,0,1,0,0,1,0,1,1,0,0,0,1,,,120,120,,,,120,,,,,90,1,0,0,1,1,1,,,,,,,,,,2,0,,0,0,0,1,0,0,,0,,,0,45.4,162,34.1,142,84,72,46,96,15,1,0,1,2,17.299192196311537,4,0,0,2,1,0,0,0,0,0,0,0,0,0,0,0,0,0,0,0,0,1,1,1,0,0,1,0,1,0,0,0,0,0,0,0,0,0,0,0,0,0,0,0,0,0,0,0,0,0,0,0,0,0,0,0,0,0,0,0,0,0,0,0,0,0,0,0,0,2,1,,2,3,,,1,,,,,,1,9.9,73,17.9,2,2,1,,1,1,1,0,,0,0,0,0,0,0,0,1,0,0,2,0,0,0,0,0,0,0,0,0,0,0,0,0,0,0,0,0,,,,,,,,,,,,,,,,,,0,0,0,0,0,0,,0,0,0,2,1,"2022-01-30 09:54","2022-01-30 13:14",1,"2022-01-30 15:17",1,1,1,"2022-01-30 09:35","2022-01-30 15:17",1,"2022-01-30 11:35","2022-01-30 15:17",2,4,54,54,54,54,4,54,54,54,54,1,1,54,54,1,54,54,1,54,54,1,54,54,2,25-233_cl_COT_ca_E.zip,1,2,1,0,2,3,0,3,3,3,3,4,4,4,4,3,4,0,4,1,2,2,,1,,2,,,,,,,,,,,,,,,,,,,,,,,,,,,,,,,,,,,0,,,,,,,,,,,,,,,,,,,,,0,,,,,0,1,0,2,1,2,0,0,0,1,0,0,2,2,,,,,,,,,,,,,,,,,,,0,,,,,,,,,,0,cl_ben_face_25-233.jpg,2,0,0,1,0,1,1,0,0,0,0,0,2,,0,0,0,0,0,0,0,0,0,0,0,,0,0,0,0,0,0,0,0,0,0,0,,,,,0,,,6,2022-02-01,,2,,,6,2022-02-01,,2,2023-03-28,6,,,,,1,,,,,,,,,,,,,,,,,,,,,,,,,,,,,,,,,,,0,,,,,,,,,,,,,,,,,,,,,,,,,,,,,,,,,,,0,,,,,,,,,,,,,,,,,,,,,,,,,,,,,,,,,,,0,,,,,,,,,,,,,,,,,,,0,,,,,,,,,,,,,,,,,,,0,,,,,,,,,,,,,,,,,,,0
25-234,"2021-10-20 15:29:56",1,1,0,1,,2,,,0,,,0,,,,,,,,,0,0,0,0,0,0,0,0,0,0,0,0,0,,,,,,,,,,,,,,,,,,,,,,,,,,,,,,,,,,,,,,,,,,,,,,,,,,,,,,,,,,,,0,,0,0,0,0,0,0,0,0,0,0,0,0,0,0,0,0,0,0,0,0,0,0,0,0,0,0,0,0,0,0,0,0,0,0,0,0,0,0,0,0,0,0,0,0,0,0,0,0,0,0,0,0,0,0,0,0,0,0,0,0,0,0,0,0,0,,,,,,,,,,,,,,,,,0,,,,,,,,,0,0,0,0,0,0,,0,0,0,0,,0,0,0,0,0,0,0,0,0,0,0,0,0,0,0,0,,,,,,,,,,,,,,,,,,0,0,0,0,0,0,,0,0,0,0,,,,,,,,,,,,,,0,,,,,,,,,,,,,,,,,,,,,,,,0,,,0,,,0,,,,,,,,,,,,,,,,,,,,,0,,,,,,,,,,,,,,,,,,,,,,,,,,,,,,,,,,,0,,,,,,,,,,,,,,,,,,,,,0,,,,,0,,,0,,,,,,,,,,0,,,,,,,,,,,,,,,,,,,0,,,,,,,,,,0,,0,,0,0,0,0,0,0,0,0,0,0,0,,0,0,0,0,0,0,0,0,0,0,0,,0,0,0,0,0,0,0,0,0,0,0,,,,,0,,,,,,0,,,,,,0,,,,,,,0,,,,,,,,,,,,,,,,,,,,,,,,,,,,,,,,,,,0,,,,,,,,,,,,,,,,,,,,,,,,,,,,,,,,,,,0,,,,,,,,,,,,,,,,,,,,,,,,,,,,,,,,,,,0,,,,,,,,,,,,,,,,,,,0,,,,,,,,,,,,,,,,,,,0,,,,,,,,,,,,,,,,,,,0
25-235,"2021-12-03 15:30:40",1,1,0,0,2,2,,,0,,,0,,,,,,,,,0,0,0,0,0,0,0,0,0,0,0,0,0,,,,,,,,,,,,,,,,,,,,,,,,,,,,,,,,,,,,,,,,,,,,,,,,,,,,,,,,,,,,0,,0,0,0,0,0,0,0,0,0,0,0,0,0,0,0,0,0,0,0,0,0,0,0,0,0,0,0,0,0,0,0,0,0,0,0,0,0,0,0,0,0,0,0,0,0,0,0,0,0,0,0,0,0,0,0,0,0,0,0,0,0,0,0,0,0,,,,,,,,,,,,,,,,,0,,,,,,,,,0,0,0,0,0,0,,0,0,0,0,,0,0,0,0,0,0,0,0,0,0,0,0,0,0,0,0,,,,,,,,,,,,,,,,,,0,0,0,0,0,0,,0,0,0,0,,,,,,,,,,,,,,0,,,,,,,,,,,,,,,,,,,,,,,,0,,,0,,,0,,,,,,,,,,,,,,,,,,,,,0,,,,,,,,,,,,,,,,,,,,,,,,,,,,,,,,,,,0,,,,,,,,,,,,,,,,,,,,,0,,,,,0,,,0,,,,,,,,,,0,,,,,,,,,,,,,,,,,,,0,,,,,,,,,,0,,0,,0,0,0,0,0,0,0,0,0,0,0,,0,0,0,0,0,0,0,0,0,0,0,,0,0,0,0,0,0,0,0,0,0,0,,,,,0,,,,,,0,,,,,,0,,,,,,,0,,,,,,,,,,,,,,,,,,,,,,,,,,,,,,,,,,,0,,,,,,,,,,,,,,,,,,,,,,,,,,,,,,,,,,,0,,,,,,,,,,,,,,,,,,,,,,,,,,,,,,,,,,,0,,,,,,,,,,,,,,,,,,,0,,,,,,,,,,,,,,,,,,,0,,,,,,,,,,,,,,,,,,,0
25-236,"2022-02-04 15:30:59",1,1,0,0,2,2,,,0,,,0,,,,,,,,,0,0,0,0,0,0,0,0,0,0,0,0,0,,,,,,,,,,,,,,,,,,,,,,,,,,,,,,,,,,,,,,,,,,,,,,,,,,,,,,,,,,,,0,,0,0,0,0,0,0,0,0,0,0,0,0,0,0,0,0,0,0,0,0,0,0,0,0,0,0,0,0,0,0,0,0,0,0,0,0,0,0,0,0,0,0,0,0,0,0,0,0,0,0,0,0,0,0,0,0,0,0,0,0,0,0,0,0,0,,,,,,,,,,,,,,,,,0,,,,,,,,,0,0,0,0,0,0,,0,0,0,0,,0,0,0,0,0,0,0,0,0,0,0,0,0,0,0,0,,,,,,,,,,,,,,,,,,0,0,0,0,0,0,,0,0,0,0,,,,,,,,,,,,,,0,,,,,,,,,,,,,,,,,,,,,,,,0,,,0,,,0,,,,,,,,,,,,,,,,,,,,,0,,,,,,,,,,,,,,,,,,,,,,,,,,,,,,,,,,,0,,,,,,,,,,,,,,,,,,,,,0,,,,,0,,,0,,,,,,,,,,0,,,,,,,,,,,,,,,,,,,0,,,,,,,,,,0,,0,,0,0,0,0,0,0,0,0,0,0,0,,0,0,0,0,0,0,0,0,0,0,0,,0,0,0,0,0,0,0,0,0,0,0,,,,,0,,,,,,0,,,,,,0,,,,,,,0,,,,,,,,,,,,,,,,,,,,,,,,,,,,,,,,,,,0,,,,,,,,,,,,,,,,,,,,,,,,,,,,,,,,,,,0,,,,,,,,,,,,,,,,,,,,,,,,,,,,,,,,,,,0,,,,,,,,,,,,,,,,,,,0,,,,,,,,,,,,,,,,,,,0,,,,,,,,,,,,,,,,,,,0
25-237,"2021-10-18 15:31:26",1,1,0,0,2,2,,,0,,,0,,,,,,,,,0,0,0,0,0,0,0,0,0,0,0,0,0,,,,,,,,,,,,,,,,,,,,,,,,,,,,,,,,,,,,,,,,,,,,,,,,,,,,,,,,,,,,0,,0,0,0,0,0,0,0,0,0,0,0,0,0,0,0,0,0,0,0,0,0,0,0,0,0,0,0,0,0,0,0,0,0,0,0,0,0,0,0,0,0,0,0,0,0,0,0,0,0,0,0,0,0,0,0,0,0,0,0,0,0,0,0,0,0,,,,,,,,,,,,,,,,,0,,,,,,,,,0,0,0,0,0,0,,0,0,0,0,,0,0,0,0,0,0,0,0,0,0,0,0,0,0,0,0,,,,,,,,,,,,,,,,,,0,0,0,0,0,0,,0,0,0,0,,,,,,,,,,,,,,0,,,,,,,,,,,,,,,,,,,,,,,,0,,,0,,,0,,,,,,,,,,,,,,,,,,,,,0,,,,,,,,,,,,,,,,,,,,,,,,,,,,,,,,,,,0,,,,,,,,,,,,,,,,,,,,,0,,,,,0,,,0,,,,,,,,,,0,,,,,,,,,,,,,,,,,,,0,,,,,,,,,,0,,0,,0,0,0,0,0,0,0,0,0,0,0,,0,0,0,0,0,0,0,0,0,0,0,,0,0,0,0,0,0,0,0,0,0,0,,,,,0,,,,,,0,,,,,,0,,,,,,,0,,,,,,,,,,,,,,,,,,,,,,,,,,,,,,,,,,,0,,,,,,,,,,,,,,,,,,,,,,,,,,,,,,,,,,,0,,,,,,,,,,,,,,,,,,,,,,,,,,,,,,,,,,,0,,,,,,,,,,,,,,,,,,,0,,,,,,,,,,,,,,,,,,,0,,,,,,,,,,,,,,,,,,,0
25-238,"2021-09-22 10:42:17",1,1,0,0,1,2,1,1,2,2,61,2,2021-09-22,7,2,,14,,,,1,0,0,1,0,0,1,1,1,0,1,1,0,14,,,,7,,9,14,14,,14,14,,0,,,,1,1,,,,,,,,,,2,0,,0,0,0,1,0,1,2021-02-14,0,,,0,41.5,173,36.6,120,114,88,28,95,15,1,0,0,1,13.866149888068428,3,0,0,2,1,0,0,0,0,0,0,0,0,0,0,0,0,0,0,0,0,0,1,0,1,1,0,1,0,0,0,0,0,0,0,0,0,0,0,0,0,0,0,0,0,0,0,0,0,0,0,0,0,0,0,0,0,0,0,0,0,0,0,0,0,0,0,0,0,2,1,,2,3,,,1,,,,,,1,10.1,81,4.5,2,1,,,1,1,1,0,,0,0,0,0,0,0,0,1,0,0,2,0,0,0,0,0,0,0,0,0,0,0,0,0,0,0,0,0,,,,,,,,,,,,,,,,,,0,0,0,0,0,0,,0,0,0,2,1,"2021-09-22 11:19","2021-09-22 12:18",1,"2021-09-22 13:26",1,1,1,"2021-09-22 11:28","2021-09-22 13:26",1,"2021-09-22 11:25","2021-09-22 13:26",2,4,55,55,55,55,4,55,55,55,55,1,1,55,55,1,55,55,1,55,55,1,55,55,2,25-238_cl_COT_ca_E.zip,1,2,1,0,2,3,0,0,0,0,3,4,4,3,3,0,0,4,3,0,,,,,,2,,,,,,,,,,,,,,,,,,,,,,,,,,,,,,,,,,,0,,,,,,,,,,,,,,,,,,,,,0,,,,,0,1,0,2,0,0,0,0,0,0,0,0,2,2,,,,,,,,,,,,,,,,,,,0,,,,,,,,,,0,cl_ben_face_25-238.jpg,2,0,0,1,0,0,1,0,0,0,0,0,2,,0,0,0,0,0,0,0,0,0,0,0,,0,0,0,0,0,0,0,0,0,0,0,,,,,0,1,2021-10-06,2,,,2,1,2021-10-23,2,,,2,2022-11-16,0,,,,,1,,,,,,,,,,,,,,,,,,,,,,,,,,,,,,,,,,,0,,,,,,,,,,,,,,,,,,,,,,,,,,,,,,,,,,,0,,,,,,,,,,,,,,,,,,,,,,,,,,,,,,,,,,,0,,,,,,,,,,,,,,,,,,,0,,,,,,,,,,,,,,,,,,,0,,,,,,,,,,,,,,,,,,,0
25-239,"2022-01-15 10:13:05",1,1,0,0,1,2,1,1,2,2,38,2,2022-01-15,7,2,,210,,,,1,0,1,1,1,1,0,1,1,0,0,1,0,30,,690,90,210,180,,90,90,,,120,,0,,,,2,1,,,,,,,,,,1,0,,0,1,0,,0,0,,0,,,0,50.8,164,36.7,98,106,70,38,100,15,1,0,0,1,18.887566924449732,3,1,0,2,1,0,0,0,0,0,0,0,0,0,0,0,0,0,0,0,0,1,1,1,1,0,0,1,1,0,0,0,0,0,0,0,0,0,0,0,0,0,0,0,0,0,0,0,0,0,0,0,0,0,0,0,0,0,0,0,0,0,0,0,0,0,0,0,0,2,2,44.2,1,3,,,2,2,,,,107,1,9.9,85,3.5,2,1,,,3,1,1,0,,0,0,0,0,0,0,0,1,0,0,2,0,0,0,0,0,0,0,0,0,0,0,0,0,0,0,0,0,,,,,,,,,,,,,,,,,,0,0,0,0,0,0,,0,0,0,2,1,"2022-01-15 09:51","2022-01-15 12:09",1,"2022-01-15 13:13",1,1,1,"2022-01-15 09:27","2022-01-15 13:13",1,"2022-01-15 12:45","2022-01-15 13:13",2,4,56,56,56,56,4,56,56,56,56,1,1,56,56,1,56,56,1,56,56,1,56,56,2,25-239_cl_COT_ca_E.zip,1,2,1,0,2,3,3,3,3,3,3,3,0,0,3,0,3,3,3,0,,,,,,2,,,,,,,,,,,,,,,,,,,,,,,,,,,,,,,,,,,0,,,,,,,,,,,,,,,,,,,,,0,,,,,0,1,0,2,0,0,0,0,0,0,0,0,0,2,,,,,,,,,,,,,,,,,,,0,,,,,,,,,,0,cl_ben_face_25-239.jpg,2,0,0,1,0,0,1,0,0,0,0,0,2,,0,0,0,0,0,0,0,0,0,0,0,,0,0,0,0,0,0,0,0,0,0,0,,,,,0,1,2022-01-29,5,,2022-01-29,2,1,2022-02-12,5,,2022-01-29,2,,,,,,,0,,,,,,,,,,,,,,,,,,,,,,,,,,,,,,,,,,,0,,,,,,,,,,,,,,,,,,,,,,,,,,,,,,,,,,,0,,,,,,,,,,,,,,,,,,,,,,,,,,,,,,,,,,,0,,,,,,,,,,,,,,,,,,,0,,,,,,,,,,,,,,,,,,,0,,,,,,,,,,,,,,,,,,,0
25-240,"2021-11-20 10:20:07",1,1,0,0,1,2,1,1,2,1,50,2,2021-11-20,7,2,,14,,,,1,0,1,1,0,1,0,1,1,0,0,0,0,7,,90,14,14,,,90,90,,,,,0,,,,1,1,,,,,,,,,,1,0,,0,1,1,1,0,0,,0,,,1,41.5,156,37.1,112,119,81,40,96,15,1,0,0,1,17.05292570677186,4,0,0,2,1,0,0,0,0,0,1,0,1,0,0,0,0,0,0,0,0,0,1,0,1,1,0,1,0,0,0,0,0,0,0,0,0,0,0,0,0,0,0,0,0,0,0,0,0,0,0,0,0,0,0,0,0,0,0,0,0,0,0,0,0,0,0,0,0,2,1,,1,3,,,2,2,,,,11,1,9.9,75,5.3,2,1,,,3,1,0,1,,0,0,0,1,1,0,0,1,0,0,2,0,0,0,0,0,0,0,0,0,0,0,0,0,0,0,0,0,,,,,,,,,,,,,,,,,,0,0,0,0,0,0,,0,0,0,2,1,"2021-11-20 09:58","2021-11-20 12:09",1,"2021-11-20 13:13",1,1,1,"2021-11-20 09:45","2021-11-20 13:13",1,"2021-11-20 13:00","2021-11-20 13:13",2,4,57,57,57,57,4,57,57,57,57,1,1,57,57,1,57,57,1,57,57,1,57,57,2,25-240_cl_COT_ca_E.zip,1,2,1,0,2,3,0,3,0,3,0,3,3,3,3,0,0,0,0,0,,,,,,2,,,,,,,,,,,,,,,,,,,,,,,,,,,,,,,,,,,0,,,,,,,,,,,,,,,,,,,,,0,,,,,0,1,0,2,0,0,0,0,0,0,0,0,0,2,,,,,,,,,,,,,,,,,,,0,,,,,,,,,,0,cl_ben_face_25-240.jpg,2,1,0,0,0,0,0,0,0,0,0,0,2,,0,0,0,0,0,0,0,0,0,0,0,,0,0,0,0,0,0,0,0,0,0,0,,,,,0,1,2021-12-01,2,,,2,1,2021-12-18,2,,,2,,,,,,,0,,,,,,,,,,,,,,,,,,,,,,,,,,,,,,,,,,,0,,,,,,,,,,,,,,,,,,,,,,,,,,,,,,,,,,,0,,,,,,,,,,,,,,,,,,,,,,,,,,,,,,,,,,,0,,,,,,,,,,,,,,,,,,,0,,,,,,,,,,,,,,,,,,,0,,,,,,,,,,,,,,,,,,,0
25-241,"2022-02-13 16:05:37",1,1,0,0,2,2,,,0,,,0,,,,,,,,,0,0,0,0,0,0,0,0,0,0,0,0,0,,,,,,,,,,,,,,,,,,,,,,,,,,,,,,,,,,,,,,,,,,,,,,,,,,,,,,,,,,,,0,,0,0,0,0,0,0,0,0,0,0,0,0,0,0,0,0,0,0,0,0,0,0,0,0,0,0,0,0,0,0,0,0,0,0,0,0,0,0,0,0,0,0,0,0,0,0,0,0,0,0,0,0,0,0,0,0,0,0,0,0,0,0,0,0,0,,,,,,,,,,,,,,,,,0,,,,,,,,,0,0,0,0,0,0,,0,0,0,0,,0,0,0,0,0,0,0,0,0,0,0,0,0,0,0,0,,,,,,,,,,,,,,,,,,0,0,0,0,0,0,,0,0,0,0,,,,,,,,,,,,,,0,,,,,,,,,,,,,,,,,,,,,,,,0,,,0,,,0,,,,,,,,,,,,,,,,,,,,,0,,,,,,,,,,,,,,,,,,,,,,,,,,,,,,,,,,,0,,,,,,,,,,,,,,,,,,,,,0,,,,,0,,,0,,,,,,,,,,0,,,,,,,,,,,,,,,,,,,0,,,,,,,,,,0,,0,,0,0,0,0,0,0,0,0,0,0,0,,0,0,0,0,0,0,0,0,0,0,0,,0,0,0,0,0,0,0,0,0,0,0,,,,,0,,,,,,0,,,,,,0,,,,,,,0,,,,,,,,,,,,,,,,,,,,,,,,,,,,,,,,,,,0,,,,,,,,,,,,,,,,,,,,,,,,,,,,,,,,,,,0,,,,,,,,,,,,,,,,,,,,,,,,,,,,,,,,,,,0,,,,,,,,,,,,,,,,,,,0,,,,,,,,,,,,,,,,,,,0,,,,,,,,,,,,,,,,,,,0
25-242,"2022-01-11 16:05:57",1,1,0,0,2,2,,,0,,,0,,,,,,,,,0,0,0,0,0,0,0,0,0,0,0,0,0,,,,,,,,,,,,,,,,,,,,,,,,,,,,,,,,,,,,,,,,,,,,,,,,,,,,,,,,,,,,0,,0,0,0,0,0,0,0,0,0,0,0,0,0,0,0,0,0,0,0,0,0,0,0,0,0,0,0,0,0,0,0,0,0,0,0,0,0,0,0,0,0,0,0,0,0,0,0,0,0,0,0,0,0,0,0,0,0,0,0,0,0,0,0,0,0,,,,,,,,,,,,,,,,,0,,,,,,,,,0,0,0,0,0,0,,0,0,0,0,,0,0,0,0,0,0,0,0,0,0,0,0,0,0,0,0,,,,,,,,,,,,,,,,,,0,0,0,0,0,0,,0,0,0,0,,,,,,,,,,,,,,0,,,,,,,,,,,,,,,,,,,,,,,,0,,,0,,,0,,,,,,,,,,,,,,,,,,,,,0,,,,,,,,,,,,,,,,,,,,,,,,,,,,,,,,,,,0,,,,,,,,,,,,,,,,,,,,,0,,,,,0,,,0,,,,,,,,,,0,,,,,,,,,,,,,,,,,,,0,,,,,,,,,,0,,0,,0,0,0,0,0,0,0,0,0,0,0,,0,0,0,0,0,0,0,0,0,0,0,,0,0,0,0,0,0,0,0,0,0,0,,,,,0,,,,,,0,,,,,,0,,,,,,,0,,,,,,,,,,,,,,,,,,,,,,,,,,,,,,,,,,,0,,,,,,,,,,,,,,,,,,,,,,,,,,,,,,,,,,,0,,,,,,,,,,,,,,,,,,,,,,,,,,,,,,,,,,,0,,,,,,,,,,,,,,,,,,,0,,,,,,,,,,,,,,,,,,,0,,,,,,,,,,,,,,,,,,,0
25-243,"2022-01-22 16:06:23",1,1,0,0,2,2,,,0,,,0,,,,,,,,,0,0,0,0,0,0,0,0,0,0,0,0,0,,,,,,,,,,,,,,,,,,,,,,,,,,,,,,,,,,,,,,,,,,,,,,,,,,,,,,,,,,,,0,,0,0,0,0,0,0,0,0,0,0,0,0,0,0,0,0,0,0,0,0,0,0,0,0,0,0,0,0,0,0,0,0,0,0,0,0,0,0,0,0,0,0,0,0,0,0,0,0,0,0,0,0,0,0,0,0,0,0,0,0,0,0,0,0,0,,,,,,,,,,,,,,,,,0,,,,,,,,,0,0,0,0,0,0,,0,0,0,0,,0,0,0,0,0,0,0,0,0,0,0,0,0,0,0,0,,,,,,,,,,,,,,,,,,0,0,0,0,0,0,,0,0,0,0,,,,,,,,,,,,,,0,,,,,,,,,,,,,,,,,,,,,,,,0,,,0,,,0,,,,,,,,,,,,,,,,,,,,,0,,,,,,,,,,,,,,,,,,,,,,,,,,,,,,,,,,,0,,,,,,,,,,,,,,,,,,,,,0,,,,,0,,,0,,,,,,,,,,0,,,,,,,,,,,,,,,,,,,0,,,,,,,,,,0,,0,,0,0,0,0,0,0,0,0,0,0,0,,0,0,0,0,0,0,0,0,0,0,0,,0,0,0,0,0,0,0,0,0,0,0,,,,,0,,,,,,0,,,,,,0,,,,,,,0,,,,,,,,,,,,,,,,,,,,,,,,,,,,,,,,,,,0,,,,,,,,,,,,,,,,,,,,,,,,,,,,,,,,,,,0,,,,,,,,,,,,,,,,,,,,,,,,,,,,,,,,,,,0,,,,,,,,,,,,,,,,,,,0,,,,,,,,,,,,,,,,,,,0,,,,,,,,,,,,,,,,,,,0
25-244,"2022-01-03 16:06:41",1,1,0,0,2,2,,,0,,,0,,,,,,,,,0,0,0,0,0,0,0,0,0,0,0,0,0,,,,,,,,,,,,,,,,,,,,,,,,,,,,,,,,,,,,,,,,,,,,,,,,,,,,,,,,,,,,0,,0,0,0,0,0,0,0,0,0,0,0,0,0,0,0,0,0,0,0,0,0,0,0,0,0,0,0,0,0,0,0,0,0,0,0,0,0,0,0,0,0,0,0,0,0,0,0,0,0,0,0,0,0,0,0,0,0,0,0,0,0,0,0,0,0,,,,,,,,,,,,,,,,,0,,,,,,,,,0,0,0,0,0,0,,0,0,0,0,,0,0,0,0,0,0,0,0,0,0,0,0,0,0,0,0,,,,,,,,,,,,,,,,,,0,0,0,0,0,0,,0,0,0,0,,,,,,,,,,,,,,0,,,,,,,,,,,,,,,,,,,,,,,,0,,,0,,,0,,,,,,,,,,,,,,,,,,,,,0,,,,,,,,,,,,,,,,,,,,,,,,,,,,,,,,,,,0,,,,,,,,,,,,,,,,,,,,,0,,,,,0,,,0,,,,,,,,,,0,,,,,,,,,,,,,,,,,,,0,,,,,,,,,,0,,0,,0,0,0,0,0,0,0,0,0,0,0,,0,0,0,0,0,0,0,0,0,0,0,,0,0,0,0,0,0,0,0,0,0,0,,,,,0,,,,,,0,,,,,,0,,,,,,,0,,,,,,,,,,,,,,,,,,,,,,,,,,,,,,,,,,,0,,,,,,,,,,,,,,,,,,,,,,,,,,,,,,,,,,,0,,,,,,,,,,,,,,,,,,,,,,,,,,,,,,,,,,,0,,,,,,,,,,,,,,,,,,,0,,,,,,,,,,,,,,,,,,,0,,,,,,,,,,,,,,,,,,,0
25-245,"2021-12-10 16:06:59",1,1,0,0,2,2,,,0,,,0,,,,,,,,,0,0,0,0,0,0,0,0,0,0,0,0,0,,,,,,,,,,,,,,,,,,,,,,,,,,,,,,,,,,,,,,,,,,,,,,,,,,,,,,,,,,,,0,,0,0,0,0,0,0,0,0,0,0,0,0,0,0,0,0,0,0,0,0,0,0,0,0,0,0,0,0,0,0,0,0,0,0,0,0,0,0,0,0,0,0,0,0,0,0,0,0,0,0,0,0,0,0,0,0,0,0,0,0,0,0,0,0,0,,,,,,,,,,,,,,,,,0,,,,,,,,,0,0,0,0,0,0,,0,0,0,0,,0,0,0,0,0,0,0,0,0,0,0,0,0,0,0,0,,,,,,,,,,,,,,,,,,0,0,0,0,0,0,,0,0,0,0,,,,,,,,,,,,,,0,,,,,,,,,,,,,,,,,,,,,,,,0,,,0,,,0,,,,,,,,,,,,,,,,,,,,,0,,,,,,,,,,,,,,,,,,,,,,,,,,,,,,,,,,,0,,,,,,,,,,,,,,,,,,,,,0,,,,,0,,,0,,,,,,,,,,0,,,,,,,,,,,,,,,,,,,0,,,,,,,,,,0,,0,,0,0,0,0,0,0,0,0,0,0,0,,0,0,0,0,0,0,0,0,0,0,0,,0,0,0,0,0,0,0,0,0,0,0,,,,,0,,,,,,0,,,,,,0,,,,,,,0,,,,,,,,,,,,,,,,,,,,,,,,,,,,,,,,,,,0,,,,,,,,,,,,,,,,,,,,,,,,,,,,,,,,,,,0,,,,,,,,,,,,,,,,,,,,,,,,,,,,,,,,,,,0,,,,,,,,,,,,,,,,,,,0,,,,,,,,,,,,,,,,,,,0,,,,,,,,,,,,,,,,,,,0
25-246,"2021-11-28 16:07:18",1,1,0,0,2,2,,,0,,,0,,,,,,,,,0,0,0,0,0,0,0,0,0,0,0,0,0,,,,,,,,,,,,,,,,,,,,,,,,,,,,,,,,,,,,,,,,,,,,,,,,,,,,,,,,,,,,0,,0,0,0,0,0,0,0,0,0,0,0,0,0,0,0,0,0,0,0,0,0,0,0,0,0,0,0,0,0,0,0,0,0,0,0,0,0,0,0,0,0,0,0,0,0,0,0,0,0,0,0,0,0,0,0,0,0,0,0,0,0,0,0,0,0,,,,,,,,,,,,,,,,,0,,,,,,,,,0,0,0,0,0,0,,0,0,0,0,,0,0,0,0,0,0,0,0,0,0,0,0,0,0,0,0,,,,,,,,,,,,,,,,,,0,0,0,0,0,0,,0,0,0,0,,,,,,,,,,,,,,0,,,,,,,,,,,,,,,,,,,,,,,,0,,,0,,,0,,,,,,,,,,,,,,,,,,,,,0,,,,,,,,,,,,,,,,,,,,,,,,,,,,,,,,,,,0,,,,,,,,,,,,,,,,,,,,,0,,,,,0,,,0,,,,,,,,,,0,,,,,,,,,,,,,,,,,,,0,,,,,,,,,,0,,0,,0,0,0,0,0,0,0,0,0,0,0,,0,0,0,0,0,0,0,0,0,0,0,,0,0,0,0,0,0,0,0,0,0,0,,,,,0,,,,,,0,,,,,,0,,,,,,,0,,,,,,,,,,,,,,,,,,,,,,,,,,,,,,,,,,,0,,,,,,,,,,,,,,,,,,,,,,,,,,,,,,,,,,,0,,,,,,,,,,,,,,,,,,,,,,,,,,,,,,,,,,,0,,,,,,,,,,,,,,,,,,,0,,,,,,,,,,,,,,,,,,,0,,,,,,,,,,,,,,,,,,,0
25-247,"2022-01-03 16:07:43",1,1,0,0,2,2,,,0,,,0,,,,,,,,,0,0,0,0,0,0,0,0,0,0,0,0,0,,,,,,,,,,,,,,,,,,,,,,,,,,,,,,,,,,,,,,,,,,,,,,,,,,,,,,,,,,,,0,,0,0,0,0,0,0,0,0,0,0,0,0,0,0,0,0,0,0,0,0,0,0,0,0,0,0,0,0,0,0,0,0,0,0,0,0,0,0,0,0,0,0,0,0,0,0,0,0,0,0,0,0,0,0,0,0,0,0,0,0,0,0,0,0,0,,,,,,,,,,,,,,,,,0,,,,,,,,,0,0,0,0,0,0,,0,0,0,0,,0,0,0,0,0,0,0,0,0,0,0,0,0,0,0,0,,,,,,,,,,,,,,,,,,0,0,0,0,0,0,,0,0,0,0,,,,,,,,,,,,,,0,,,,,,,,,,,,,,,,,,,,,,,,0,,,0,,,0,,,,,,,,,,,,,,,,,,,,,0,,,,,,,,,,,,,,,,,,,,,,,,,,,,,,,,,,,0,,,,,,,,,,,,,,,,,,,,,0,,,,,0,,,0,,,,,,,,,,0,,,,,,,,,,,,,,,,,,,0,,,,,,,,,,0,,0,,0,0,0,0,0,0,0,0,0,0,0,,0,0,0,0,0,0,0,0,0,0,0,,0,0,0,0,0,0,0,0,0,0,0,,,,,0,,,,,,0,,,,,,0,,,,,,,0,,,,,,,,,,,,,,,,,,,,,,,,,,,,,,,,,,,0,,,,,,,,,,,,,,,,,,,,,,,,,,,,,,,,,,,0,,,,,,,,,,,,,,,,,,,,,,,,,,,,,,,,,,,0,,,,,,,,,,,,,,,,,,,0,,,,,,,,,,,,,,,,,,,0,,,,,,,,,,,,,,,,,,,0
25-248,"2021-12-26 16:08:07",1,1,0,0,2,2,,,0,,,0,,,,,,,,,0,0,0,0,0,0,0,0,0,0,0,0,0,,,,,,,,,,,,,,,,,,,,,,,,,,,,,,,,,,,,,,,,,,,,,,,,,,,,,,,,,,,,0,,0,0,0,0,0,0,0,0,0,0,0,0,0,0,0,0,0,0,0,0,0,0,0,0,0,0,0,0,0,0,0,0,0,0,0,0,0,0,0,0,0,0,0,0,0,0,0,0,0,0,0,0,0,0,0,0,0,0,0,0,0,0,0,0,0,,,,,,,,,,,,,,,,,0,,,,,,,,,0,0,0,0,0,0,,0,0,0,0,,0,0,0,0,0,0,0,0,0,0,0,0,0,0,0,0,,,,,,,,,,,,,,,,,,0,0,0,0,0,0,,0,0,0,0,,,,,,,,,,,,,,0,,,,,,,,,,,,,,,,,,,,,,,,0,,,0,,,0,,,,,,,,,,,,,,,,,,,,,0,,,,,,,,,,,,,,,,,,,,,,,,,,,,,,,,,,,0,,,,,,,,,,,,,,,,,,,,,0,,,,,0,,,0,,,,,,,,,,0,,,,,,,,,,,,,,,,,,,0,,,,,,,,,,0,,0,,0,0,0,0,0,0,0,0,0,0,0,,0,0,0,0,0,0,0,0,0,0,0,,0,0,0,0,0,0,0,0,0,0,0,,,,,0,,,,,,0,,,,,,0,,,,,,,0,,,,,,,,,,,,,,,,,,,,,,,,,,,,,,,,,,,0,,,,,,,,,,,,,,,,,,,,,,,,,,,,,,,,,,,0,,,,,,,,,,,,,,,,,,,,,,,,,,,,,,,,,,,0,,,,,,,,,,,,,,,,,,,0,,,,,,,,,,,,,,,,,,,0,,,,,,,,,,,,,,,,,,,0
25-249,"2021-11-25 09:58:52",1,1,0,0,1,2,1,1,2,1,45,2,2021-11-25,8,2,,90,,,,1,0,1,1,1,1,0,1,1,0,1,1,0,90,,390,90,90,390,,90,90,,90,390,,0,,,,1,1,,,,,,,,,,1,0,,0,0,0,1,0,0,,0,,,1,42.5,149,35.8,89,118,87,28,99,15,1,0,0,1,19.143281834151615,2,0,0,2,1,0,0,0,0,0,0,0,0,0,0,0,0,0,0,0,0,1,1,1,1,1,1,1,0,0,0,0,0,0,0,0,0,0,0,0,0,0,0,0,0,0,0,0,0,0,0,0,0,0,0,0,0,0,0,0,0,0,0,0,0,0,0,0,0,2,1,,1,3,,,2,2,,,,358,1,8.4,96,5.1,2,1,,,3,1,1,1,,0,0,0,1,1,0,0,1,0,0,2,0,0,0,0,0,0,0,0,0,0,0,0,0,0,0,0,0,,,,,,,,,,,,,,,,,,0,0,0,0,0,0,,0,0,0,2,1,"2021-11-25 09:27","2021-11-25 12:52",1,"2021-11-25 14:17",1,1,1,"2021-11-25 08:58","2021-11-25 14:17",1,"2021-11-25 12:23","2021-11-25 14:17",2,4,58,58,58,58,4,58,58,58,58,1,1,58,58,1,58,58,1,58,58,1,58,58,2,25-249_cl_COT_ca_E.zip,1,2,1,0,2,0,3,3,3,3,0,3,3,0,0,2,3,0,0,1,1,,1,,1,2,,,,,,,,,,,,,,,,,,,,,,,,,,,,,,,,,,,0,,,,,,,,,,,,,,,,,,,,,0,,,,,0,1,0,2,0,0,1,0,0,0,0,0,0,2,,,,,,,,,,,,,,,,,,,0,,,,,,,,,,0,cl_ben_face_25-249.jpg,2,0,0,1,0,0,0,0,0,0,0,0,2,,0,0,0,0,0,0,0,0,0,0,0,,0,0,0,0,0,0,0,0,0,0,0,,,,,0,1,2021-12-05,2,,,2,1,2021-12-24,2,,,2,,,,,,,0,,,,,,,,,,,,,,,,,,,,,,,,,,,,,,,,,,,0,,,,,,,,,,,,,,,,,,,,,,,,,,,,,,,,,,,0,,,,,,,,,,,,,,,,,,,,,,,,,,,,,,,,,,,0,,,,,,,,,,,,,,,,,,,0,,,,,,,,,,,,,,,,,,,0,,,,,,,,,,,,,,,,,,,0
25-250,"2021-11-22 11:44:08",1,1,0,0,1,2,1,1,2,1,32,2,2021-11-22,8,1,90,,,,,1,0,1,1,0,1,0,1,1,1,1,0,0,120,,30,90,60,,,90,30,30,60,,,0,,,,1,1,,,,,,,,,,4,0,,0,0,0,1,0,0,,0,,,1,50.4,164,36.6,121,106,88,30,97,15,1,0,0,1,18.738845925044615,4,0,0,2,1,0,0,0,0,0,0,0,0,0,0,0,0,0,0,0,0,0,0,0,0,1,1,1,1,0,0,0,0,0,0,0,0,0,0,0,0,0,0,0,0,0,0,0,0,0,0,0,0,0,0,0,0,0,0,0,0,0,0,0,0,0,0,0,0,2,1,,2,,,,1,,,,,,1,10.7,80,7.5,2,1,,,1,1,1,1,6,0,0,0,1,1,0,0,1,0,0,2,0,0,0,0,0,0,0,0,0,0,0,0,0,0,0,0,0,,,,,,,,,,,,,,,,,,0,0,0,0,0,0,,0,0,0,2,1,"2021-11-22 09:37","2021-11-22 12:52",1,"2021-11-22 14:17",1,1,1,"2021-11-22 09:05","2021-11-22 14:17",1,"2021-11-22 13:48","2021-11-22 14:17",2,4,59,59,59,59,4,59,59,59,59,1,1,59,59,1,59,59,1,59,59,1,59,59,2,25-250_cl_COT_ca_E.zip,1,2,1,0,2,3,3,3,3,3,4,4,0,4,0,0,0,4,0,0,,,,,,2,,,,,,,,,,,,,,,,,,,,,,,,,,,,,,,,,,,0,,,,,,,,,,,,,,,,,,,,,0,,,,,0,1,0,2,2,0,0,0,0,0,0,0,0,2,,,,,,,,,,,,,,,,,,,0,,,,,,,,,,0,cl_ben_face_25-250.jpg,2,0,0,0,0,1,1,0,0,0,0,0,2,,0,0,0,0,0,0,0,0,0,0,0,,0,0,0,0,0,0,0,0,0,0,0,,,,,0,1,2021-12-02,2,,,2,1,2021-12-20,2,,,2,2023-01-12,0,,,,,1,,,,,,,,,,,,,,,,,,,,,,,,,,,,,,,,,,,0,,,,,,,,,,,,,,,,,,,,,,,,,,,,,,,,,,,0,,,,,,,,,,,,,,,,,,,,,,,,,,,,,,,,,,,0,,,,,,,,,,,,,,,,,,,0,,,,,,,,,,,,,,,,,,,0,,,,,,,,,,,,,,,,,,,0
25-251,"2022-02-05 10:28:14",1,1,0,0,1,2,1,1,2,2,32,2,2022-02-05,9,2,,150,,,,1,0,1,1,0,1,1,1,1,1,1,1,0,90,,120,90,90,,90,120,90,30,30,90,,0,,,,1,1,,,,,,,,,,3,0,,0,0,0,1,0,0,,0,,,1,52.4,181,38.3,120,110,65,32,95,15,1,0,0,1,15.994627758615428,4,0,0,2,1,0,0,0,0,0,0,1,1,0,0,0,0,0,0,0,0,1,1,1,1,1,1,0,0,0,0,0,0,0,0,0,0,0,0,0,0,0,0,0,0,0,0,0,0,0,0,0,0,0,0,0,0,0,0,0,0,0,0,0,0,0,0,0,0,2,1,,2,3,,,1,,,,,,1,8.3,84,15.2,2,1,,,1,1,0,0,,0,0,0,0,0,0,0,1,0,0,2,0,0,0,0,0,0,0,0,0,0,0,0,0,0,0,0,0,,,,,,,,,,,,,,,,,,0,0,0,0,0,0,,0,0,0,2,1,"2022-02-05 10:06","2022-02-05 12:01",1,"2022-02-05 14:10",1,1,1,"2022-02-05 09:20","2022-02-05 14:10",1,"2022-02-05 11:59","2022-02-05 14:10",2,4,60,60,60,60,4,60,60,60,60,1,1,60,60,1,60,60,1,60,60,1,60,60,2,25-251_cl_COT_ca_E.zip,1,2,1,0,2,4,3,3,4,3,4,4,3,4,4,4,3,4,0,0,,,,,,2,,,,,,,,,,,,,,,,,,,,,,,,,,,,,,,,,,,0,,,,,,,,,,,,,,,,,,,,,0,,,,,0,1,0,2,1,0,0,0,0,0,0,0,0,2,,,,,,,,,,,,,,,,,,,0,,,,,,,,,,0,cl_ben_face_25-251.jpg,2,0,1,1,0,1,1,0,0,0,0,0,2,,0,0,0,0,0,0,0,0,0,0,0,,0,0,0,0,0,0,0,0,0,0,0,,,,,0,1,2022-02-14,3,,,2,1,2022-03-05,5,,2022-03-04,2,,,,,,,0,,,,,,,,,,,,,,,,,,,,,,,,,,,,,,,,,,,0,,,,,,,,,,,,,,,,,,,,,,,,,,,,,,,,,,,0,,,,,,,,,,,,,,,,,,,,,,,,,,,,,,,,,,,0,,,,,,,,,,,,,,,,,,,0,,,,,,,,,,,,,,,,,,,0,,,,,,,,,,,,,,,,,,,0
25-252,"2021-06-13 10:56:29",1,1,0,0,1,2,1,1,2,2,33,2,2021-06-13,9,2,,21,,,,1,0,1,1,1,1,0,1,1,0,0,1,0,21,,30,21,21,2,,21,21,,,2,,0,,,,2,1,,,,,,,,,,4,0,,0,0,0,1,0,1,2021-02-14,0,,,1,56.5,173,37.1,101,88,59,30,95,15,1,0,1,2,18.878011293394366,3,0,0,2,1,0,1,0,1,1,0,1,0,0,0,0,0,0,0,0,0,0,0,0,0,0,0,0,0,0,0,0,0,0,0,0,0,0,0,0,0,0,0,0,0,0,0,0,0,0,0,0,0,0,0,0,0,0,0,0,0,0,0,0,0,0,0,0,0,2,1,,2,1,,,1,,,,,,1,11.6,77,6.0,2,1,,,1,1,1,0,,0,0,0,0,0,0,0,1,0,0,2,0,0,0,0,0,0,0,0,0,0,0,0,0,0,0,0,0,,,,,,,,,,,,,,,,,,0,0,0,0,0,0,,0,0,0,2,1,"2021-06-13 09:50","2021-06-13 12:01",1,"2021-06-13 14:10",1,1,1,"2021-06-13 08:25","2021-06-13 14:10",1,"2021-06-13 13:40","2021-06-13 13:45",2,4,61,61,61,61,4,61,61,61,61,1,1,61,61,1,61,61,1,61,61,1,61,61,2,25-252_cl_COT_ca_E.zip,0,0,1,0,2,3,0,0,2,0,3,3,3,3,2,0,0,2,4,0,,,,,,2,,,,,,,,,,,,,,,,,,,,,,,,,,,,,,,,,,,0,,,,,,,,,,,,,,,,,,,,,0,,,,,0,1,0,2,1,0,0,0,0,0,0,0,0,2,,,,,,,,,,,,,,,,,,,0,,,,,,,,,,0,cl_ben_face_25-252.jpg,2,0,0,1,0,1,1,0,0,0,0,0,2,,0,0,0,0,0,0,0,0,0,0,0,,0,0,0,0,0,0,0,0,0,0,0,,,,,0,1,2021-06-22,2,,,2,1,2021-07-11,2,,,2,2022-08-02,0,,,,,1,,,,,,,,,,,,,,,,,,,,,,,,,,,,,,,,,,,0,,,,,,,,,,,,,,,,,,,,,,,,,,,,,,,,,,,0,,,,,,,,,,,,,,,,,,,,,,,,,,,,,,,,,,,0,,,,,,,,,,,,,,,,,,,0,,,,,,,,,,,,,,,,,,,0,,,,,,,,,,,,,,,,,,,0
25-253,"2021-10-30 12:07:32",1,1,0,0,2,2,,,0,,,0,,,,,,,,,0,0,0,0,0,0,0,0,0,0,0,0,0,,,,,,,,,,,,,,,,,,,,,,,,,,,,,,,,,,,,,,,,,,,,,,,,,,,,,,,,,,,,0,,0,0,0,0,0,0,0,0,0,0,0,0,0,0,0,0,0,0,0,0,0,0,0,0,0,0,0,0,0,0,0,0,0,0,0,0,0,0,0,0,0,0,0,0,0,0,0,0,0,0,0,0,0,0,0,0,0,0,0,0,0,0,0,0,0,,,,,,,,,,,,,,,,,0,,,,,,,,,0,0,0,0,0,0,,0,0,0,0,,0,0,0,0,0,0,0,0,0,0,0,0,0,0,0,0,,,,,,,,,,,,,,,,,,0,0,0,0,0,0,,0,0,0,0,,,,,,,,,,,,,,0,,,,,,,,,,,,,,,,,,,,,,,,0,,,0,,,0,,,,,,,,,,,,,,,,,,,,,0,,,,,,,,,,,,,,,,,,,,,,,,,,,,,,,,,,,0,,,,,,,,,,,,,,,,,,,,,0,,,,,0,,,0,,,,,,,,,,0,,,,,,,,,,,,,,,,,,,0,,,,,,,,,,0,,0,,0,0,0,0,0,0,0,0,0,0,0,,0,0,0,0,0,0,0,0,0,0,0,,0,0,0,0,0,0,0,0,0,0,0,,,,,0,,,,,,0,,,,,,0,,,,,,,0,,,,,,,,,,,,,,,,,,,,,,,,,,,,,,,,,,,0,,,,,,,,,,,,,,,,,,,,,,,,,,,,,,,,,,,0,,,,,,,,,,,,,,,,,,,,,,,,,,,,,,,,,,,0,,,,,,,,,,,,,,,,,,,0,,,,,,,,,,,,,,,,,,,0,,,,,,,,,,,,,,,,,,,0
25-254,"2021-10-14 10:08:00",1,1,0,0,1,2,1,1,2,1,50,0,2021-10-14,10,2,,21,,,,1,0,1,1,0,1,0,1,1,0,0,1,0,14,,21,14,21,,,21,3,,,21,,0,,,,2,1,,,,,,,,,,1,0,,0,1,0,1,0,1,2021-05-17,0,,,1,48.8,163,37.1,132,89,67,38,97,15,1,0,1,2,18.36727012683955,1,0,0,2,1,1,0,0,0,0,1,0,0,0,0,0,0,0,0,0,0,0,1,0,1,1,0,1,1,0,0,0,0,0,0,0,0,0,0,0,0,0,0,0,0,0,0,0,0,0,0,0,0,0,0,0,0,0,0,0,0,0,0,0,0,0,0,0,0,2,1,,1,3,,,2,2,,,,,1,10.3,79,6.4,0,1,,,10,0,,1,,1,0,0,1,1,0,0,1,0,0,2,,0,0,0,0,0,0,0,0,0,0,0,0,0,0,0,0,,,,,,,,,,,,,,,,,,0,0,0,0,0,0,,0,0,0,0,1,"2021-10-14 09:05","2021-10-14 12:01",1,"2021-10-14 14:12",1,1,1,"2021-10-14 08:47","2021-10-14 14:12",1,"2021-10-14 11:35","2021-10-14 14:12",2,4,62,62,62,62,4,62,62,62,62,1,1,62,62,1,62,62,1,62,62,1,62,62,2,25-254_cl_COT_ca_E.zip,1,2,1,0,2,0,0,0,3,4,0,0,3,3,4,0,0,0,0,0,,,,,,2,,,,,,,,,,,,,,,,,,,,,,,,,,,,,,,,,,,0,,,,,,,,,,,,,,,,,,,,,0,,,,,0,1,0,2,1,0,0,0,0,0,0,0,0,2,,,,,,,,,,,,,,,,,,,0,,,,,,,,,,0,cl_ben_face_25-254.jpg,2,0,0,1,0,0,1,0,0,0,0,0,2,,0,0,0,0,0,0,0,0,0,0,0,,0,0,0,0,0,0,0,0,0,0,0,,,,,0,1,2021-11-03,2,,,2,,,,,,0,,,,,,,0,,,,,,,,,,,,,,,,,,,,,,,,,,,,,,,,,,,0,,,,,,,,,,,,,,,,,,,,,,,,,,,,,,,,,,,0,,,,,,,,,,,,,,,,,,,,,,,,,,,,,,,,,,,0,,,,,,,,,,,,,,,,,,,0,,,,,,,,,,,,,,,,,,,0,,,,,,,,,,,,,,,,,,,0
25-255,"2021-06-21 10:52:36",1,1,0,0,1,2,1,1,2,2,40,2,2021-06-21,9,2,,365,,,,1,0,1,1,0,1,1,1,1,0,1,1,0,365,,150,150,150,,150,150,150,,150,150,,1,1,1,1,2,1,,,,,,,,,,2,0,,0,0,0,1,0,1,2021-05-08,0,,,1,57.6,177,35.5,72,103,112,24,99,15,1,0,0,1,18.385521401896007,4,0,0,2,1,0,0,0,0,1,1,1,0,0,0,0,0,0,0,0,0,0,0,0,0,0,0,0,0,0,0,0,0,0,0,0,0,0,0,0,0,0,0,0,0,0,0,0,0,0,0,0,0,0,0,0,0,0,0,0,0,0,0,0,0,0,0,0,0,2,1,,1,3,,,2,2,,,,,1,12.9,92,2.9,0,,,,,,,,,0,0,0,0,0,0,,0,0,0,0,,0,0,0,0,0,0,0,0,0,0,0,0,0,0,0,0,,,,,,,,,,,,,,,,,,0,0,0,0,0,0,,0,0,0,0,1,"2021-06-21 09:18","2021-06-21 12:01",1,"2021-06-21 14:12",1,1,1,"2021-06-21 09:05","2021-06-21 09:05",1,"2021-06-21 13:41","2021-06-21 14:12",2,4,63,63,63,63,4,63,63,63,63,1,1,63,63,1,63,63,1,63,63,1,63,63,2,25-255_cl_COT_ca_E.zip,1,2,1,0,2,0,3,0,0,3,0,0,0,0,0,0,3,0,0,0,,,,,,2,,,,,,,,,,,,,,,,,,,,,,,,,,,,,,,,,,,0,,,,,,,,,,,,,,,,,,,,,0,,,,,0,1,0,2,2,0,0,0,0,0,0,0,0,2,,,,,,,,,,,,,,,,,,,0,,,,,,,,,,0,cl_ben_face_25-255.jpg,2,1,0,0,0,0,0,0,0,0,0,0,2,,0,0,0,0,0,0,0,0,0,0,0,,0,0,0,0,0,0,0,0,0,0,0,,,,,0,1,2021-06-29,2,,,2,1,2021-07-30,2,,,2,,,,,,,0,,,,,,,,,,,,,,,,,,,,,,,,,,,,,,,,,,,0,,,,,,,,,,,,,,,,,,,,,,,,,,,,,,,,,,,0,,,,,,,,,,,,,,,,,,,,,,,,,,,,,,,,,,,0,,,,,,,,,,,,,,,,,,,0,,,,,,,,,,,,,,,,,,,0,,,,,,,,,,,,,,,,,,,0
25-256,"2022-01-08 11:12:07",1,1,0,0,1,2,1,1,2,2,53,2,2022-01-08,6,2,,600,,,,1,0,0,1,0,1,1,0,0,0,0,0,0,600,,600,,60,,600,,,,,,,0,,,,1,1,,,,,,,,,,1,0,,0,0,0,1,0,1,2021-08-10,0,,,1,44.6,168,36,84,155,106,26,96,15,1,0,0,1,15.802154195011338,3,0,0,2,1,0,0,0,0,0,1,0,1,0,0,0,0,0,0,0,0,0,0,0,0,0,0,0,0,0,0,0,0,0,0,0,0,0,0,0,0,0,0,0,0,0,0,0,0,0,0,0,0,0,0,0,0,0,0,0,0,0,0,0,0,0,0,0,0,2,1,,1,3,,,1,,,,,,2,12,73,8.1,2,,,,,,,,,0,0,0,0,0,0,,0,0,0,0,,0,0,0,0,0,0,0,0,0,0,0,0,0,0,0,0,,,,,,,,,,,,,,,,,,0,0,0,0,0,0,,0,0,0,0,1,"2022-01-08 10:09","2022-01-08 12:46",1,"2022-01-08 14:47",1,1,1,"2022-01-08 08:45","2022-01-08 14:47",1,"2022-01-08 12:56","2022-01-08 14:47",2,4,64,64,64,64,4,64,64,64,64,1,1,64,64,1,64,64,1,64,64,1,64,64,2,25-256_cl_COT_ca_E.zip,0,0,1,0,2,0,3,3,0,3,0,0,3,0,4,0,3,0,3,0,,,,,,2,,,,,,,,,,,,,,,,,,,,,,,,,,,,,,,,,,,0,,,,,,,,,,,,,,,,,,,,,0,,,,,0,1,0,2,1,0,0,0,0,0,0,0,0,2,,,,,,,,,,,,,,,,,,,0,,,,,,,,,,0,cl_ben_face_25-256.jpg,2,0,0,1,0,0,1,0,0,0,0,0,2,,0,0,0,0,0,0,0,0,0,0,0,,0,0,0,0,0,0,0,0,0,0,0,,,,,0,1,2022-01-15,2,,,2,1,2022-02-05,4,,,2,,,,,,,0,,,,,,,,,,,,,,,,,,,,,,,,,,,,,,,,,,,0,,,,,,,,,,,,,,,,,,,,,,,,,,,,,,,,,,,0,,,,,,,,,,,,,,,,,,,,,,,,,,,,,,,,,,,0,,,,,,,,,,,,,,,,,,,0,,,,,,,,,,,,,,,,,,,0,,,,,,,,,,,,,,,,,,,0
25-257,"2022-02-02 12:51:20",1,1,0,0,1,2,1,1,2,2,21,2,2022-02-02,6,2,,40,,,,1,0,1,1,1,1,0,1,1,1,1,1,0,60,,60,60,30,7,,30,30,30,30,30,,1,1,0,0,1,1,,,,,,,,,,1,0,,0,0,0,1,0,0,,0,,,1,44.6,159,38.6,151,83,56,28,96,15,1,0,1,2,17.641707210948933,3,0,0,2,1,0,0,0,0,0,0,0,0,0,0,0,0,0,0,0,0,0,1,0,1,1,0,1,0,0,0,0,0,0,0,0,0,0,0,0,0,0,0,0,0,0,0,0,0,0,0,0,0,0,0,0,0,0,0,0,0,0,0,0,0,0,0,0,0,2,1,,3,3,,,1,,,,,,1,8.9,75,6.6,2,1,,,1,1,0,1,,0,0,0,1,0,0,0,1,0,0,2,0,0,0,0,0,0,0,0,0,0,0,0,0,0,0,0,0,,,,,,,,,,,,,,,,,,0,0,0,0,0,0,,0,0,0,2,1,"2022-02-02 10:40","2022-02-02 12:46",1,"2022-02-02 14:47",1,1,1,"2022-02-02 10:00","2022-02-02 14:47",1,"2022-02-02 14:17","2022-02-02 14:47",2,4,65,65,64,65,4,65,65,65,65,1,1,65,65,1,65,65,1,65,65,1,65,65,2,25-257_cl_COT_ca_E.zip,0,0,1,0,2,0,0,0,0,1,0,0,0,0,1,0,0,0,0,0,,,,,,2,,,,,,,,,,,,,,,,,,,,,,,,,,,,,,,,,,,0,,,,,,,,,,,,,,,,,,,,,0,,,,,0,1,0,2,0,0,0,0,0,0,0,0,0,2,,,,,,,,,,,,,,,,,,,0,,,,,,,,,,0,cl_ben_face_25-257.png,2,1,0,0,0,0,0,0,0,0,0,0,2,,0,0,0,0,0,0,0,0,0,0,0,,0,0,0,0,0,0,0,0,0,0,0,,,,,0,1,2022-02-09,2,,,2,1,2022-03-08,2,,,2,,,,,,,0,,,,,,,,,,,,,,,,,,,,,,,,,,,,,,,,,,,0,,,,,,,,,,,,,,,,,,,,,,,,,,,,,,,,,,,0,,,,,,,,,,,,,,,,,,,,,,,,,,,,,,,,,,,0,,,,,,,,,,,,,,,,,,,0,,,,,,,,,,,,,,,,,,,0,,,,,,,,,,,,,,,,,,,0
25-258,"2021-10-04 15:32:53",1,1,0,0,2,2,,,0,,,0,,,,,,,,,0,0,0,0,0,0,0,0,0,0,0,0,0,,,,,,,,,,,,,,,,,,,,,,,,,,,,,,,,,,,,,,,,,,,,,,,,,,,,,,,,,,,,0,,0,0,0,0,0,0,0,0,0,0,0,0,0,0,0,0,0,0,0,0,0,0,0,0,0,0,0,0,0,0,0,0,0,0,0,0,0,0,0,0,0,0,0,0,0,0,0,0,0,0,0,0,0,0,0,0,0,0,0,0,0,0,0,0,0,,,,,,,,,,,,,,,,,0,,,,,,,,,0,0,0,0,0,0,,0,0,0,0,,0,0,0,0,0,0,0,0,0,0,0,0,0,0,0,0,,,,,,,,,,,,,,,,,,0,0,0,0,0,0,,0,0,0,0,,,,,,,,,,,,,,0,,,,,,,,,,,,,,,,,,,,,,,,0,,,0,,,0,,,,,,,,,,,,,,,,,,,,,0,,,,,,,,,,,,,,,,,,,,,,,,,,,,,,,,,,,0,,,,,,,,,,,,,,,,,,,,,0,,,,,0,,,0,,,,,,,,,,0,,,,,,,,,,,,,,,,,,,0,,,,,,,,,,0,,0,,0,0,0,0,0,0,0,0,0,0,0,,0,0,0,0,0,0,0,0,0,0,0,,0,0,0,0,0,0,0,0,0,0,0,,,,,0,,,,,,0,,,,,,0,,,,,,,0,,,,,,,,,,,,,,,,,,,,,,,,,,,,,,,,,,,0,,,,,,,,,,,,,,,,,,,,,,,,,,,,,,,,,,,0,,,,,,,,,,,,,,,,,,,,,,,,,,,,,,,,,,,0,,,,,,,,,,,,,,,,,,,0,,,,,,,,,,,,,,,,,,,0,,,,,,,,,,,,,,,,,,,0
25-259,"2021-12-29 15:33:24",1,1,0,0,2,2,,,0,,,0,,,,,,,,,0,0,0,0,0,0,0,0,0,0,0,0,0,,,,,,,,,,,,,,,,,,,,,,,,,,,,,,,,,,,,,,,,,,,,,,,,,,,,,,,,,,,,0,,0,0,0,0,0,0,0,0,0,0,0,0,0,0,0,0,0,0,0,0,0,0,0,0,0,0,0,0,0,0,0,0,0,0,0,0,0,0,0,0,0,0,0,0,0,0,0,0,0,0,0,0,0,0,0,0,0,0,0,0,0,0,0,0,0,,,,,,,,,,,,,,,,,0,,,,,,,,,0,0,0,0,0,0,,0,0,0,0,,0,0,0,0,0,0,0,0,0,0,0,0,0,0,0,0,,,,,,,,,,,,,,,,,,0,0,0,0,0,0,,0,0,0,0,,,,,,,,,,,,,,0,,,,,,,,,,,,,,,,,,,,,,,,0,,,0,,,0,,,,,,,,,,,,,,,,,,,,,0,,,,,,,,,,,,,,,,,,,,,,,,,,,,,,,,,,,0,,,,,,,,,,,,,,,,,,,,,0,,,,,0,,,0,,,,,,,,,,0,,,,,,,,,,,,,,,,,,,0,,,,,,,,,,0,,0,,0,0,0,0,0,0,0,0,0,0,0,,0,0,0,0,0,0,0,0,0,0,0,,0,0,0,0,0,0,0,0,0,0,0,,,,,0,,,,,,0,,,,,,0,,,,,,,0,,,,,,,,,,,,,,,,,,,,,,,,,,,,,,,,,,,0,,,,,,,,,,,,,,,,,,,,,,,,,,,,,,,,,,,0,,,,,,,,,,,,,,,,,,,,,,,,,,,,,,,,,,,0,,,,,,,,,,,,,,,,,,,0,,,,,,,,,,,,,,,,,,,0,,,,,,,,,,,,,,,,,,,0
25-260,"2021-12-27 15:33:44",1,1,0,0,2,2,,,0,,,0,,,,,,,,,0,0,0,0,0,0,0,0,0,0,0,0,0,,,,,,,,,,,,,,,,,,,,,,,,,,,,,,,,,,,,,,,,,,,,,,,,,,,,,,,,,,,,0,,0,0,0,0,0,0,0,0,0,0,0,0,0,0,0,0,0,0,0,0,0,0,0,0,0,0,0,0,0,0,0,0,0,0,0,0,0,0,0,0,0,0,0,0,0,0,0,0,0,0,0,0,0,0,0,0,0,0,0,0,0,0,0,0,0,,,,,,,,,,,,,,,,,0,,,,,,,,,0,0,0,0,0,0,,0,0,0,0,,0,0,0,0,0,0,0,0,0,0,0,0,0,0,0,0,,,,,,,,,,,,,,,,,,0,0,0,0,0,0,,0,0,0,0,,,,,,,,,,,,,,0,,,,,,,,,,,,,,,,,,,,,,,,0,,,0,,,0,,,,,,,,,,,,,,,,,,,,,0,,,,,,,,,,,,,,,,,,,,,,,,,,,,,,,,,,,0,,,,,,,,,,,,,,,,,,,,,0,,,,,0,,,0,,,,,,,,,,0,,,,,,,,,,,,,,,,,,,0,,,,,,,,,,0,,0,,0,0,0,0,0,0,0,0,0,0,0,,0,0,0,0,0,0,0,0,0,0,0,,0,0,0,0,0,0,0,0,0,0,0,,,,,0,,,,,,0,,,,,,0,,,,,,,0,,,,,,,,,,,,,,,,,,,,,,,,,,,,,,,,,,,0,,,,,,,,,,,,,,,,,,,,,,,,,,,,,,,,,,,0,,,,,,,,,,,,,,,,,,,,,,,,,,,,,,,,,,,0,,,,,,,,,,,,,,,,,,,0,,,,,,,,,,,,,,,,,,,0,,,,,,,,,,,,,,,,,,,0
25-261,"2022-01-24 15:34:03",1,1,0,0,2,2,,,0,,,0,,,,,,,,,0,0,0,0,0,0,0,0,0,0,0,0,0,,,,,,,,,,,,,,,,,,,,,,,,,,,,,,,,,,,,,,,,,,,,,,,,,,,,,,,,,,,,0,,0,0,0,0,0,0,0,0,0,0,0,0,0,0,0,0,0,0,0,0,0,0,0,0,0,0,0,0,0,0,0,0,0,0,0,0,0,0,0,0,0,0,0,0,0,0,0,0,0,0,0,0,0,0,0,0,0,0,0,0,0,0,0,0,0,,,,,,,,,,,,,,,,,0,,,,,,,,,0,0,0,0,0,0,,0,0,0,0,,0,0,0,0,0,0,0,0,0,0,0,0,0,0,0,0,,,,,,,,,,,,,,,,,,0,0,0,0,0,0,,0,0,0,0,,,,,,,,,,,,,,0,,,,,,,,,,,,,,,,,,,,,,,,0,,,0,,,0,,,,,,,,,,,,,,,,,,,,,0,,,,,,,,,,,,,,,,,,,,,,,,,,,,,,,,,,,0,,,,,,,,,,,,,,,,,,,,,0,,,,,0,,,0,,,,,,,,,,0,,,,,,,,,,,,,,,,,,,0,,,,,,,,,,0,,0,,0,0,0,0,0,0,0,0,0,0,0,,0,0,0,0,0,0,0,0,0,0,0,,0,0,0,0,0,0,0,0,0,0,0,,,,,0,,,,,,0,,,,,,0,,,,,,,0,,,,,,,,,,,,,,,,,,,,,,,,,,,,,,,,,,,0,,,,,,,,,,,,,,,,,,,,,,,,,,,,,,,,,,,0,,,,,,,,,,,,,,,,,,,,,,,,,,,,,,,,,,,0,,,,,,,,,,,,,,,,,,,0,,,,,,,,,,,,,,,,,,,0,,,,,,,,,,,,,,,,,,,0
25-262,"2022-01-12 15:34:28",1,1,0,0,2,0,,,0,,,0,,,,,,,,,0,0,0,0,0,0,0,0,0,0,0,0,0,,,,,,,,,,,,,,,,,,,,,,,,,,,,,,,,,,,,,,,,,,,,,,,,,,,,,,,,,,,,0,,0,0,0,0,0,0,0,0,0,0,0,0,0,0,0,0,0,0,0,0,0,0,0,0,0,0,0,0,0,0,0,0,0,0,0,0,0,0,0,0,0,0,0,0,0,0,0,0,0,0,0,0,0,0,0,0,0,0,0,0,0,0,0,0,0,,,,,,,,,,,,,,,,,0,,,,,,,,,0,0,0,0,0,0,,0,0,0,0,,0,0,0,0,0,0,0,0,0,0,0,0,0,0,0,0,,,,,,,,,,,,,,,,,,0,0,0,0,0,0,,0,0,0,0,,,,,,,,,,,,,,0,,,,,,,,,,,,,,,,,,,,,,,,0,,,0,,,0,,,,,,,,,,,,,,,,,,,,,0,,,,,,,,,,,,,,,,,,,,,,,,,,,,,,,,,,,0,,,,,,,,,,,,,,,,,,,,,0,,,,,0,,,0,,,,,,,,,,0,,,,,,,,,,,,,,,,,,,0,,,,,,,,,,0,,0,,0,0,0,0,0,0,0,0,0,0,0,,0,0,0,0,0,0,0,0,0,0,0,,0,0,0,0,0,0,0,0,0,0,0,,,,,0,,,,,,0,,,,,,0,,,,,,,0,,,,,,,,,,,,,,,,,,,,,,,,,,,,,,,,,,,0,,,,,,,,,,,,,,,,,,,,,,,,,,,,,,,,,,,0,,,,,,,,,,,,,,,,,,,,,,,,,,,,,,,,,,,0,,,,,,,,,,,,,,,,,,,0,,,,,,,,,,,,,,,,,,,0,,,,,,,,,,,,,,,,,,,0
25-263,"2022-01-07 10:51:07",1,1,0,0,1,2,1,1,2,2,31,2,2022-01-07,9,2,,90,,,,1,0,0,1,1,1,1,1,0,0,1,0,0,90,,7,,60,7,90,7,,,90,,,0,,,,3,1,,,,,,,,,,1,0,,0,0,0,1,0,1,2021-09-19,0,,,1,54.6,170,37.2,98,120,63,26,95,15,1,0,0,1,18.89273356401384,2,0,0,2,1,0,0,0,0,0,0,0,0,0,0,0,0,0,0,0,0,1,1,1,1,1,1,1,1,0,0,0,0,0,0,0,0,0,0,0,0,0,0,0,0,0,0,0,0,0,0,0,0,0,0,0,0,0,0,0,0,0,0,0,0,0,0,0,0,2,1,,2,3,,,1,,,,,,1,,,,0,1,,,1,1,0,0,,0,0,0,0,0,0,0,1,0,0,2,0,0,0,0,0,0,0,0,0,0,0,0,0,0,0,0,0,,,,,,,,,,,,,,,,,,0,0,0,0,0,0,,0,0,0,2,1,"2022-01-07 10:25","2022-01-07 11:48",1,"2022-01-07 15:04",1,1,1,"2022-01-07 10:19","2022-01-07 15:04",1,"2022-01-07 13:45","2022-01-07 15:04",2,4,66,66,66,66,4,66,66,66,66,1,1,66,66,1,66,66,1,66,66,1,66,66,2,25-263_cl_COT_ca_E.zip,1,2,1,0,2,4,3,3,4,3,4,3,3,4,1,4,1,0,3,0,,,,,,2,,,,,,,,,,,,,,,,,,,,,,,,,,,,,,,,,,,0,,,,,,,,,,,,,,,,,,,,,0,,,,,0,1,0,2,0,0,0,0,0,0,0,0,0,2,,,,,,,,,,,,,,,,,,,0,,,,,,,,,,0,cl_ben_face_25-263.png,2,0,1,1,0,1,1,0,0,0,0,0,2,,0,0,0,0,0,0,0,0,0,0,0,,0,0,0,0,0,0,0,0,0,0,0,,,,,0,1,2022-01-14,5,,2022-01-13,2,1,2022-02-09,2,,,2,,,,,,,0,,,,,,,,,,,,,,,,,,,,,,,,,,,,,,,,,,,0,,,,,,,,,,,,,,,,,,,,,,,,,,,,,,,,,,,0,,,,,,,,,,,,,,,,,,,,,,,,,,,,,,,,,,,0,,,,,,,,,,,,,,,,,,,0,,,,,,,,,,,,,,,,,,,0,,,,,,,,,,,,,,,,,,,0
25-264,"2022-01-28 11:23:42",1,1,0,1,,2,,,0,,,0,,,,,,,,,0,0,0,0,0,0,0,0,0,0,0,0,0,,,,,,,,,,,,,,,,,,,,,,,,,,,,,,,,,,,,,,,,,,,,,,,,,,,,,,,,,,,,0,,0,0,0,0,0,0,0,0,0,0,0,0,0,0,0,0,0,0,0,0,0,0,0,0,0,0,0,0,0,0,0,0,0,0,0,0,0,0,0,0,0,0,0,0,0,0,0,0,0,0,0,0,0,0,0,0,0,0,0,0,0,0,0,0,0,,,,,,,,,,,,,,,,,0,,,,,,,,,0,0,0,0,0,0,,0,0,0,0,,0,0,0,0,0,0,0,0,0,0,0,0,0,0,0,0,,,,,,,,,,,,,,,,,,0,0,0,0,0,0,,0,0,0,0,,,,,,,,,,,,,,0,,,,,,,,,,,,,,,,,,,,,,,,0,,,0,,,0,,,,,,,,,,,,,,,,,,,,,0,,,,,,,,,,,,,,,,,,,,,,,,,,,,,,,,,,,0,,,,,,,,,,,,,,,,,,,,,0,,,,,0,,,0,,,,,,,,,,0,,,,,,,,,,,,,,,,,,,0,,,,,,,,,,0,,0,,0,0,0,0,0,0,0,0,0,0,0,,0,0,0,0,0,0,0,0,0,0,0,,0,0,0,0,0,0,0,0,0,0,0,,,,,0,,,,,,0,,,,,,0,,,,,,,0,,,,,,,,,,,,,,,,,,,,,,,,,,,,,,,,,,,0,,,,,,,,,,,,,,,,,,,,,,,,,,,,,,,,,,,0,,,,,,,,,,,,,,,,,,,,,,,,,,,,,,,,,,,0,,,,,,,,,,,,,,,,,,,0,,,,,,,,,,,,,,,,,,,0,,,,,,,,,,,,,,,,,,,0
25-265,"2022-01-05 11:24:04",1,1,0,1,,2,,,0,,,0,,,,,,,,,0,0,0,0,0,0,0,0,0,0,0,0,0,,,,,,,,,,,,,,,,,,,,,,,,,,,,,,,,,,,,,,,,,,,,,,,,,,,,,,,,,,,,0,,0,0,0,0,0,0,0,0,0,0,0,0,0,0,0,0,0,0,0,0,0,0,0,0,0,0,0,0,0,0,0,0,0,0,0,0,0,0,0,0,0,0,0,0,0,0,0,0,0,0,0,0,0,0,0,0,0,0,0,0,0,0,0,0,0,,,,,,,,,,,,,,,,,0,,,,,,,,,0,0,0,0,0,0,,0,0,0,0,,0,0,0,0,0,0,0,0,0,0,0,0,0,0,0,0,,,,,,,,,,,,,,,,,,0,0,0,0,0,0,,0,0,0,0,,,,,,,,,,,,,,0,,,,,,,,,,,,,,,,,,,,,,,,0,,,0,,,0,,,,,,,,,,,,,,,,,,,,,0,,,,,,,,,,,,,,,,,,,,,,,,,,,,,,,,,,,0,,,,,,,,,,,,,,,,,,,,,0,,,,,0,,,0,,,,,,,,,,0,,,,,,,,,,,,,,,,,,,0,,,,,,,,,,0,,0,,0,0,0,0,0,0,0,0,0,0,0,,0,0,0,0,0,0,0,0,0,0,0,,0,0,0,0,0,0,0,0,0,0,0,,,,,0,,,,,,0,,,,,,0,,,,,,,0,,,,,,,,,,,,,,,,,,,,,,,,,,,,,,,,,,,0,,,,,,,,,,,,,,,,,,,,,,,,,,,,,,,,,,,0,,,,,,,,,,,,,,,,,,,,,,,,,,,,,,,,,,,0,,,,,,,,,,,,,,,,,,,0,,,,,,,,,,,,,,,,,,,0,,,,,,,,,,,,,,,,,,,0
25-266,"2022-02-24 11:24:27",1,1,0,0,3,2,,,0,,,0,,,,,,,,,0,0,0,0,0,0,0,0,0,0,0,0,0,,,,,,,,,,,,,,,,,,,,,,,,,,,,,,,,,,,,,,,,,,,,,,,,,,,,,,,,,,,,0,,0,0,0,0,0,0,0,0,0,0,0,0,0,0,0,0,0,0,0,0,0,0,0,0,0,0,0,0,0,0,0,0,0,0,0,0,0,0,0,0,0,0,0,0,0,0,0,0,0,0,0,0,0,0,0,0,0,0,0,0,0,0,0,0,0,,,,,,,,,,,,,,,,,0,,,,,,,,,0,0,0,0,0,0,,0,0,0,0,,0,0,0,0,0,0,0,0,0,0,0,0,0,0,0,0,,,,,,,,,,,,,,,,,,0,0,0,0,0,0,,0,0,0,0,,,,,,,,,,,,,,0,,,,,,,,,,,,,,,,,,,,,,,,0,,,0,,,0,,,,,,,,,,,,,,,,,,,,,0,,,,,,,,,,,,,,,,,,,,,,,,,,,,,,,,,,,0,,,,,,,,,,,,,,,,,,,,,0,,,,,0,,,0,,,,,,,,,,0,,,,,,,,,,,,,,,,,,,0,,,,,,,,,,0,,0,,0,0,0,0,0,0,0,0,0,0,0,,0,0,0,0,0,0,0,0,0,0,0,,0,0,0,0,0,0,0,0,0,0,0,,,,,0,,,,,,0,,,,,,0,,,,,,,0,,,,,,,,,,,,,,,,,,,,,,,,,,,,,,,,,,,0,,,,,,,,,,,,,,,,,,,,,,,,,,,,,,,,,,,0,,,,,,,,,,,,,,,,,,,,,,,,,,,,,,,,,,,0,,,,,,,,,,,,,,,,,,,0,,,,,,,,,,,,,,,,,,,0,,,,,,,,,,,,,,,,,,,0
25-267,"2021-05-28 11:24:53",1,1,0,1,,2,,,0,,,0,,,,,,,,,0,0,0,0,0,0,0,0,0,0,0,0,0,,,,,,,,,,,,,,,,,,,,,,,,,,,,,,,,,,,,,,,,,,,,,,,,,,,,,,,,,,,,0,,0,0,0,0,0,0,0,0,0,0,0,0,0,0,0,0,0,0,0,0,0,0,0,0,0,0,0,0,0,0,0,0,0,0,0,0,0,0,0,0,0,0,0,0,0,0,0,0,0,0,0,0,0,0,0,0,0,0,0,0,0,0,0,0,0,,,,,,,,,,,,,,,,,0,,,,,,,,,0,0,0,0,0,0,,0,0,0,0,,0,0,0,0,0,0,0,0,0,0,0,0,0,0,0,0,,,,,,,,,,,,,,,,,,0,0,0,0,0,0,,0,0,0,0,,,,,,,,,,,,,,0,,,,,,,,,,,,,,,,,,,,,,,,0,,,0,,,0,,,,,,,,,,,,,,,,,,,,,0,,,,,,,,,,,,,,,,,,,,,,,,,,,,,,,,,,,0,,,,,,,,,,,,,,,,,,,,,0,,,,,0,,,0,,,,,,,,,,0,,,,,,,,,,,,,,,,,,,0,,,,,,,,,,0,,0,,0,0,0,0,0,0,0,0,0,0,0,,0,0,0,0,0,0,0,0,0,0,0,,0,0,0,0,0,0,0,0,0,0,0,,,,,0,,,,,,0,,,,,,0,,,,,,,0,,,,,,,,,,,,,,,,,,,,,,,,,,,,,,,,,,,0,,,,,,,,,,,,,,,,,,,,,,,,,,,,,,,,,,,0,,,,,,,,,,,,,,,,,,,,,,,,,,,,,,,,,,,0,,,,,,,,,,,,,,,,,,,0,,,,,,,,,,,,,,,,,,,0,,,,,,,,,,,,,,,,,,,0
25-268,"2021-12-30 15:18:26",1,1,0,1,,2,,,0,,,0,,,,,,,,,0,0,0,0,0,0,0,0,0,0,0,0,0,,,,,,,,,,,,,,,,,,,,,,,,,,,,,,,,,,,,,,,,,,,,,,,,,,,,,,,,,,,,0,,0,0,0,0,0,0,0,0,0,0,0,0,0,0,0,0,0,0,0,0,0,0,0,0,0,0,0,0,0,0,0,0,0,0,0,0,0,0,0,0,0,0,0,0,0,0,0,0,0,0,0,0,0,0,0,0,0,0,0,0,0,0,0,0,0,,,,,,,,,,,,,,,,,0,,,,,,,,,0,0,0,0,0,0,,0,0,0,0,,0,0,0,0,0,0,0,0,0,0,0,0,0,0,0,0,,,,,,,,,,,,,,,,,,0,0,0,0,0,0,,0,0,0,0,,,,,,,,,,,,,,0,,,,,,,,,,,,,,,,,,,,,,,,0,,,0,,,0,,,,,,,,,,,,,,,,,,,,,0,,,,,,,,,,,,,,,,,,,,,,,,,,,,,,,,,,,0,,,,,,,,,,,,,,,,,,,,,0,,,,,0,,,0,,,,,,,,,,0,,,,,,,,,,,,,,,,,,,0,,,,,,,,,,0,,0,,0,0,0,0,0,0,0,0,0,0,0,,0,0,0,0,0,0,0,0,0,0,0,,0,0,0,0,0,0,0,0,0,0,0,,,,,0,,,,,,0,,,,,,0,,,,,,,0,,,,,,,,,,,,,,,,,,,,,,,,,,,,,,,,,,,0,,,,,,,,,,,,,,,,,,,,,,,,,,,,,,,,,,,0,,,,,,,,,,,,,,,,,,,,,,,,,,,,,,,,,,,0,,,,,,,,,,,,,,,,,,,0,,,,,,,,,,,,,,,,,,,0,,,,,,,,,,,,,,,,,,,0
25-269,"2022-01-21 10:31:40",1,1,0,0,1,2,1,1,2,2,21,2,2022-01-21,10,2,,90,,,,1,0,1,1,1,1,1,1,1,1,1,1,0,90,,90,60,60,60,90,90,90,90,60,90,,0,,,,2,1,,,,,,,,,,1,0,,0,0,0,1,0,1,2021-10-23,0,,,1,48.2,178,36,106,92,72,30,99,15,1,0,1,2,15.212725665951268,3,0,0,2,1,0,0,1,1,0,0,0,0,0,0,0,0,0,0,0,0,1,1,0,0,1,1,1,1,0,0,0,0,0,0,0,0,0,0,0,0,0,0,0,0,0,0,0,0,0,0,0,0,0,0,0,0,0,0,0,0,0,0,0,0,0,0,0,0,2,1,,2,3,,,1,,,,,,1,10.9,63,13.2,2,1,,,1,1,0,0,,0,0,0,0,0,0,1,1,0,0,2,0,0,0,0,0,0,0,0,0,0,0,0,0,0,0,0,0,,,,,,,,,,,,,,,,,,0,0,0,0,0,0,,0,0,0,2,1,"2022-01-21 09:25","2022-01-21 12:49",1,"2022-01-21 15:39",1,1,1,"2022-01-21 08:40","2022-01-21 15:39",1,"2022-01-21 12:08","2022-01-21 15:39",2,4,67,67,67,67,4,67,67,67,67,1,1,67,67,1,67,67,1,67,67,1,67,67,2,25-269_cl_COT_ca_E.zip,1,2,1,0,2,4,3,3,0,0,3,4,4,3,0,4,0,0,0,0,,,,,,2,,,,,,,,,,,,,,,,,,,,,,,,,,,,,,,,,,,0,,,,,,,,,,,,,,,,,,,,,0,,,,,0,1,0,2,1,0,0,0,0,0,0,0,0,2,,,,,,,,,,,,,,,,,,,0,,,,,,,,,,0,cl_ben_face_25-269.jpg,2,0,1,1,0,0,1,0,0,0,0,0,2,,0,0,0,0,0,0,0,0,0,0,0,,0,0,0,0,0,0,0,0,0,0,0,,,,,0,1,2022-01-28,2,,,2,1,2022-03-01,2,,,2,2023-02-18,0,,,,,1,,,,,,,,,,,,,,,,,,,,,,,,,,,,,,,,,,,0,,,,,,,,,,,,,,,,,,,,,,,,,,,,,,,,,,,0,,,,,,,,,,,,,,,,,,,,,,,,,,,,,,,,,,,0,,,,,,,,,,,,,,,,,,,0,,,,,,,,,,,,,,,,,,,0,,,,,,,,,,,,,,,,,,,0
25-270,"2022-02-06 12:06:54",1,1,0,0,1,2,1,1,2,1,23,2,2022-02-06,10,2,,120,,,,1,0,1,1,0,1,1,1,1,1,1,0,0,120,,120,120,30,,30,30,30,30,120,,,0,,,,1,1,,,,,,,,,,1,0,,0,0,0,1,0,0,,0,,,1,46.5,162,36.7,118,107,79,40,100,15,1,0,0,1,17.718335619570187,2,0,0,2,1,0,0,0,0,1,1,0,0,0,0,0,0,0,0,0,0,1,1,1,1,0,0,1,1,0,0,0,0,0,0,0,0,0,0,0,0,0,0,0,0,0,0,0,0,0,0,0,0,0,0,0,0,0,0,0,0,0,0,0,0,0,0,0,0,2,1,,2,3,,,1,,,,,,1,10.1,58,8.9,2,2,1,,1,1,1,0,,0,0,0,0,0,0,0,1,0,0,2,0,0,0,0,0,0,0,0,0,0,0,0,0,0,0,0,0,,,,,,,,,,,,,,,,,,0,0,0,0,0,0,,0,0,0,2,1,"2022-02-06 10:05","2022-02-06 12:49",1,"2022-02-06 15:39",1,1,1,"2022-02-06 09:04","2022-02-06 15:39",1,"2022-02-06 13:40","2022-02-06 15:39",2,4,68,68,68,68,4,68,68,68,68,1,1,68,68,1,68,68,1,68,68,1,68,68,2,25-270_cl_COT_ca_E.zip,1,2,1,0,2,0,4,0,4,4,0,0,3,2,3,0,4,0,0,1,1,,1,,1,2,,,,,,,,,,,,,,,,,,,,,,,,,,,,,,,,,,,0,,,,,,,,,,,,,,,,,,,,,0,,,,,0,1,0,2,0,0,2,0,0,0,0,0,0,2,,,,,,,,,,,,,,,,,,,0,,,,,,,,,,0,cl_ben_face_25-270.jpg,2,0,1,1,0,0,1,0,0,0,0,0,2,,0,0,0,0,0,0,0,0,0,0,0,,0,0,0,0,0,0,0,0,0,0,0,,,,,0,1,2022-02-13,5,,2022-02-07,2,1,2022-03-10,2,,,2,,,,,,,0,,,,,,,,,,,,,,,,,,,,,,,,,,,,,,,,,,,0,,,,,,,,,,,,,,,,,,,,,,,,,,,,,,,,,,,0,,,,,,,,,,,,,,,,,,,,,,,,,,,,,,,,,,,0,,,,,,,,,,,,,,,,,,,0,,,,,,,,,,,,,,,,,,,0,,,,,,,,,,,,,,,,,,,0
25-271,"2021-12-18 10:08:29",1,1,0,0,1,2,1,1,2,2,29,2,2021-12-18,7,2,,180,,,,1,0,1,1,0,1,0,1,1,0,0,0,0,180,,90,180,180,,,90,90,,,,,1,0,1,0,2,1,,,,,,,,,,2,0,,0,0,0,1,0,0,,0,,,1,50.3,183,36.5,120,101,65,34,95,14,1,1,0,2,15.019857266565142,4,0,0,2,1,0,0,0,0,0,0,0,0,0,0,0,0,0,0,0,0,1,0,1,1,0,1,1,1,0,0,0,0,0,0,0,0,0,0,0,0,0,0,0,0,0,0,0,0,0,0,0,0,0,0,0,0,0,0,0,0,0,0,0,0,0,0,0,0,2,1,,2,3,,,1,,,,,,1,5.6,65,13.9,2,2,1,,1,1,1,0,,0,0,0,0,0,0,0,1,0,0,2,0,0,0,0,0,0,0,0,0,0,0,0,0,0,0,0,0,,,,,,,,,,,,,,,,,,0,0,0,0,0,0,,0,0,0,2,1,"2021-12-18 09:25","2021-12-18 12:25",1,"2021-12-18 13:35",1,1,1,"2021-12-18 09:01","2021-12-18 13:35",1,"2021-12-18 11:52","2021-12-18 13:35",2,4,69,69,69,69,4,69,69,69,69,1,1,69,69,1,69,69,1,69,69,1,69,69,2,25-271_cl_COT_ca_E.zip,1,2,1,0,2,4,4,0,3,0,4,4,4,4,4,4,3,4,4,0,,,,,,2,,,,,,,,,,,,,,,,,,,,,,,,,,,,,,,,,,,0,,,,,,,,,,,,,,,,,,,,,0,,,,,0,1,0,2,2,0,0,0,0,0,0,0,1,2,,,,,,,,,,,,,,,,,,,0,,,,,,,,,,0,cl_ben_face_25-271.jpg,2,0,1,1,0,1,1,0,0,0,0,0,2,,0,0,0,0,0,0,0,0,0,0,0,,0,0,0,0,0,0,0,0,0,0,0,,,,,0,1,2022-01-01,5,,2021-12-18,2,1,2022-01-15,5,,2021-12-18,2,2023-01-11,0,,,,,1,,,,,,,,,,,,,,,,,,,,,,,,,,,,,,,,,,,0,,,,,,,,,,,,,,,,,,,,,,,,,,,,,,,,,,,0,,,,,,,,,,,,,,,,,,,,,,,,,,,,,,,,,,,0,,,,,,,,,,,,,,,,,,,0,,,,,,,,,,,,,,,,,,,0,,,,,,,,,,,,,,,,,,,0
25-272,"2021-07-01 11:18:54",1,1,0,0,1,2,1,1,2,2,45,2,2021-07-01,7,2,,60,,,,1,0,1,1,0,1,0,1,1,0,0,1,0,50,,21,30,30,,,20,30,,,14,,0,,,,2,1,,,,,,,,,,1,0,,0,0,0,1,0,1,2021-02-25,0,,,1,51.6,165,35.9,102,128,94,22,95,15,1,0,0,1,18.953168044077135,3,0,0,2,1,0,0,0,0,0,0,0,0,0,0,0,0,0,0,0,0,1,1,1,1,1,1,1,1,0,0,0,0,0,0,0,0,0,0,0,0,0,0,0,0,0,0,0,0,0,0,0,0,0,0,0,0,0,0,0,0,0,0,0,0,0,0,0,0,2,1,,2,3,,,1,,,,,,1,13.7,78,5.8,2,1,,,1,1,0,0,,0,0,0,0,0,0,0,1,0,0,2,0,0,0,0,0,0,0,0,0,0,0,0,0,0,0,0,0,,,,,,,,,,,,,,,,,,0,0,0,0,0,0,,0,0,0,2,1,"2021-07-01 09:48","2021-07-01 12:25",1,"2021-07-01 13:35",1,1,1,"2021-07-01 09:12","2021-07-01 13:35",1,"2021-07-01 13:15","2021-07-01 13:35",2,4,70,70,70,70,4,70,70,70,70,1,1,70,70,1,70,70,1,70,70,1,70,70,2,25-272_cl_COT_ca_E.zip,1,2,1,0,2,0,3,3,0,3,3,1,1,3,3,0,0,0,0,0,,,,,,2,,,,,,,,,,,,,,,,,,,,,,,,,,,,,,,,,,,0,,,,,,,,,,,,,,,,,,,,,0,,,,,0,1,0,2,1,0,0,0,0,0,0,0,0,2,,,,,,,,,,,,,,,,,,,0,,,,,,,,,,0,cl_ben_face_25-272.png,2,0,0,1,0,0,1,0,0,0,0,0,2,,0,0,0,0,0,0,0,0,0,0,0,,0,0,0,0,0,0,0,0,0,0,0,,,,,0,1,2021-07-15,2,,,2,1,2021-07-29,2,,,2,2022-07-25,0,,,,,1,,,,,,,,,,,,,,,,,,,,,,,,,,,,,,,,,,,0,,,,,,,,,,,,,,,,,,,,,,,,,,,,,,,,,,,0,,,,,,,,,,,,,,,,,,,,,,,,,,,,,,,,,,,0,,,,,,,,,,,,,,,,,,,0,,,,,,,,,,,,,,,,,,,0,,,,,,,,,,,,,,,,,,,0
25-273,"2022-01-23 10:41:33",1,1,0,0,2,2,,,0,,,0,,,,,,,,,0,0,0,0,0,0,0,0,0,0,0,0,0,,,,,,,,,,,,,,,,,,,,,,,,,,,,,,,,,,,,,,,,,,,,,,,,,,,,,,,,,,,,0,,0,0,0,0,0,0,0,0,0,0,0,0,0,0,0,0,0,0,0,0,0,0,0,0,0,0,0,0,0,0,0,0,0,0,0,0,0,0,0,0,0,0,0,0,0,0,0,0,0,0,0,0,0,0,0,0,0,0,0,0,0,0,0,0,0,,,,,,,,,,,,,,,,,0,,,,,,,,,0,0,0,0,0,0,,0,0,0,0,,0,0,0,0,0,0,0,0,0,0,0,0,0,0,0,0,,,,,,,,,,,,,,,,,,0,0,0,0,0,0,,0,0,0,0,,,,,,,,,,,,,,0,,,,,,,,,,,,,,,,,,,,,,,,0,,,0,,,0,,,,,,,,,,,,,,,,,,,,,0,,,,,,,,,,,,,,,,,,,,,,,,,,,,,,,,,,,0,,,,,,,,,,,,,,,,,,,,,0,,,,,0,,,0,,,,,,,,,,0,,,,,,,,,,,,,,,,,,,0,,,,,,,,,,0,,0,,0,0,0,0,0,0,0,0,0,0,0,,0,0,0,0,0,0,0,0,0,0,0,,0,0,0,0,0,0,0,0,0,0,0,,,,,0,,,,,,0,,,,,,0,,,,,,,0,,,,,,,,,,,,,,,,,,,,,,,,,,,,,,,,,,,0,,,,,,,,,,,,,,,,,,,,,,,,,,,,,,,,,,,0,,,,,,,,,,,,,,,,,,,,,,,,,,,,,,,,,,,0,,,,,,,,,,,,,,,,,,,0,,,,,,,,,,,,,,,,,,,0,,,,,,,,,,,,,,,,,,,0
25-274,"2022-02-01 10:41:53",1,1,0,0,2,2,,,0,,,0,,,,,,,,,0,0,0,0,0,0,0,0,0,0,0,0,0,,,,,,,,,,,,,,,,,,,,,,,,,,,,,,,,,,,,,,,,,,,,,,,,,,,,,,,,,,,,0,,0,0,0,0,0,0,0,0,0,0,0,0,0,0,0,0,0,0,0,0,0,0,0,0,0,0,0,0,0,0,0,0,0,0,0,0,0,0,0,0,0,0,0,0,0,0,0,0,0,0,0,0,0,0,0,0,0,0,0,0,0,0,0,0,0,,,,,,,,,,,,,,,,,0,,,,,,,,,0,0,0,0,0,0,,0,0,0,0,,0,0,0,0,0,0,0,0,0,0,0,0,0,0,0,0,,,,,,,,,,,,,,,,,,0,0,0,0,0,0,,0,0,0,0,,,,,,,,,,,,,,0,,,,,,,,,,,,,,,,,,,,,,,,0,,,0,,,0,,,,,,,,,,,,,,,,,,,,,0,,,,,,,,,,,,,,,,,,,,,,,,,,,,,,,,,,,0,,,,,,,,,,,,,,,,,,,,,0,,,,,0,,,0,,,,,,,,,,0,,,,,,,,,,,,,,,,,,,0,,,,,,,,,,0,,0,,0,0,0,0,0,0,0,0,0,0,0,,0,0,0,0,0,0,0,0,0,0,0,,0,0,0,0,0,0,0,0,0,0,0,,,,,0,,,,,,0,,,,,,0,,,,,,,0,,,,,,,,,,,,,,,,,,,,,,,,,,,,,,,,,,,0,,,,,,,,,,,,,,,,,,,,,,,,,,,,,,,,,,,0,,,,,,,,,,,,,,,,,,,,,,,,,,,,,,,,,,,0,,,,,,,,,,,,,,,,,,,0,,,,,,,,,,,,,,,,,,,0,,,,,,,,,,,,,,,,,,,0
25-275,"2022-01-15 10:42:12",1,1,0,0,2,2,,,0,,,0,,,,,,,,,0,0,0,0,0,0,0,0,0,0,0,0,0,,,,,,,,,,,,,,,,,,,,,,,,,,,,,,,,,,,,,,,,,,,,,,,,,,,,,,,,,,,,0,,0,0,0,0,0,0,0,0,0,0,0,0,0,0,0,0,0,0,0,0,0,0,0,0,0,0,0,0,0,0,0,0,0,0,0,0,0,0,0,0,0,0,0,0,0,0,0,0,0,0,0,0,0,0,0,0,0,0,0,0,0,0,0,0,0,,,,,,,,,,,,,,,,,0,,,,,,,,,0,0,0,0,0,0,,0,0,0,0,,0,0,0,0,0,0,0,0,0,0,0,0,0,0,0,0,,,,,,,,,,,,,,,,,,0,0,0,0,0,0,,0,0,0,0,,,,,,,,,,,,,,0,,,,,,,,,,,,,,,,,,,,,,,,0,,,0,,,0,,,,,,,,,,,,,,,,,,,,,0,,,,,,,,,,,,,,,,,,,,,,,,,,,,,,,,,,,0,,,,,,,,,,,,,,,,,,,,,0,,,,,0,,,0,,,,,,,,,,0,,,,,,,,,,,,,,,,,,,0,,,,,,,,,,0,,0,,0,0,0,0,0,0,0,0,0,0,0,,0,0,0,0,0,0,0,0,0,0,0,,0,0,0,0,0,0,0,0,0,0,0,,,,,0,,,,,,0,,,,,,0,,,,,,,0,,,,,,,,,,,,,,,,,,,,,,,,,,,,,,,,,,,0,,,,,,,,,,,,,,,,,,,,,,,,,,,,,,,,,,,0,,,,,,,,,,,,,,,,,,,,,,,,,,,,,,,,,,,0,,,,,,,,,,,,,,,,,,,0,,,,,,,,,,,,,,,,,,,0,,,,,,,,,,,,,,,,,,,0
25-276,"2022-03-15 10:42:32",1,1,0,0,1,2,1,1,2,1,50,2,2022-03-15,6,2,,180,,,,1,0,1,1,0,1,1,1,0,1,0,0,0,60,,60,60,60,,60,180,,60,,,,1,1,0,0,1,2,2019,0,,3,,4,,,,1,0,,0,0,0,1,0,0,,0,,,1,42.2,153,36,84,148,100,22,97,15,1,0,0,1,18.027254474774658,1,0,0,2,1,0,0,0,0,0,0,0,0,0,0,0,0,0,0,0,0,1,0,1,0,1,0,1,0,0,0,0,0,0,0,0,0,0,0,0,0,0,0,0,0,0,0,0,0,0,0,0,0,0,0,0,0,0,0,0,0,0,0,0,0,0,0,0,0,2,1,,1,3,,,1,,,,,,1,13.8,87,9.1,2,1,,,12,0,,1,6,1,0,0,1,0,0,0,1,0,0,2,,0,0,0,0,0,0,0,0,0,0,0,0,0,0,0,0,,,,,,,,,,,,,,,,,,0,0,0,0,0,0,,0,0,0,0,1,"2022-03-15 09:20","2022-03-15 13:46",1,"2022-03-15 15:45",1,1,1,"2022-03-15 08:50","2022-03-15 15:45",1,"2022-03-15 12:36","2022-03-15 15:45",2,4,71,71,71,71,4,71,71,71,71,1,1,71,71,1,71,71,1,71,71,1,71,71,2,25-276_cl_COT_ca_E.zip,1,2,1,0,2,4,3,0,0,0,0,0,0,0,0,4,0,0,0,0,,,,,,2,,,,,,,,,,,,,,,,,,,,,,,,,,,,,,,,,,,0,,,,,,,,,,,,,,,,,,,,,0,,,,,0,1,0,2,0,0,0,0,0,0,0,0,0,2,,,,,,,,,,,,,,,,,,,0,,,,,,,,,,0,cl_ben_face_25-276.jpg,2,0,0,1,0,0,0,0,0,0,0,1,2,,0,0,0,0,0,0,0,0,0,0,0,,0,0,0,0,0,0,0,0,0,0,0,,,,,0,1,2022-03-28,2,,,2,1,2022-04-18,2,,,2,,,,,,,0,,,,,,,,,,,,,,,,,,,,,,,,,,,,,,,,,,,0,,,,,,,,,,,,,,,,,,,,,,,,,,,,,,,,,,,0,,,,,,,,,,,,,,,,,,,,,,,,,,,,,,,,,,,0,,,,,,,,,,,,,,,,,,,0,,,,,,,,,,,,,,,,,,,0,,,,,,,,,,,,,,,,,,,0
25-277,"2022-03-03 12:31:31",1,1,0,0,1,2,1,1,2,2,70,2,2022-03-03,6,2,,14,,,,1,0,0,0,0,0,0,0,0,0,0,0,0,14,,,,,,,,,,,,,0,,,,1,2,2018,0,,4,,,2,4,,2,0,,0,0,0,1,0,0,,0,,,1,53.9,163,36,78,131,88,30,100,15,1,0,0,1,20.286800406488766,1,0,0,2,1,0,1,0,1,0,0,0,0,0,0,0,0,0,0,0,0,0,0,0,0,0,0,0,0,0,0,0,0,0,0,0,0,0,0,0,0,0,0,0,0,0,0,0,0,0,0,0,0,0,0,0,0,0,0,0,0,0,0,0,0,0,0,0,0,2,1,,1,3,,,1,,,,,,1,14.7,94,5.6,2,,,,,,,,,0,0,0,0,0,0,,0,0,0,0,,0,0,0,0,0,0,0,0,0,0,0,0,0,0,0,0,,,,,,,,,,,,,,,,,,0,0,0,0,0,0,,0,0,0,0,1,"2022-03-03 10:12","2022-02-21 13:46",1,"2022-03-03 15:45",1,1,1,"2022-03-03 09:45","2022-03-03 15:45",1,"2022-03-03 14:20","2022-03-03 15:45",2,4,72,72,72,72,4,72,72,72,72,1,1,72,72,1,72,72,1,72,72,1,72,72,2,25-277_cl_COT_ca_E.zip,1,2,1,0,2,0,3,3,0,0,0,3,3,3,0,0,0,0,0,0,,,,,,2,,,,,,,,,,,,,,,,,,,,,,,,,,,,,,,,,,,0,,,,,,,,,,,,,,,,,,,,,0,,,,,0,1,0,2,0,2,2,2,2,0,2,0,0,2,,,,,,,,,,,,,,,,,,,0,,,,,,,,,,0,cl_ben_face_25-277.jpg,2,0,0,1,0,0,0,0,0,0,0,1,2,,0,0,0,0,0,0,0,0,0,0,0,,0,0,0,0,0,0,0,0,0,0,0,,,,,0,1,2022-03-16,2,,,2,1,2022-03-31,2,,,2,,,,,,,0,,,,,,,,,,,,,,,,,,,,,,,,,,,,,,,,,,,0,,,,,,,,,,,,,,,,,,,,,,,,,,,,,,,,,,,0,,,,,,,,,,,,,,,,,,,,,,,,,,,,,,,,,,,0,,,,,,,,,,,,,,,,,,,0,,,,,,,,,,,,,,,,,,,0,,,,,,,,,,,,,,,,,,,0
25-278,"2021-07-11 10:14:26",1,1,0,0,1,2,1,1,2,2,28,2,2021-07-11,9,2,,210,,,,1,0,1,1,0,1,1,1,0,0,0,0,0,60,,150,210,210,,210,210,,,,,,0,,,,2,1,,,,,,,,,,3,0,,0,0,0,1,0,0,,0,,,1,59.5,178,36,72,120,66,18,99,15,0,0,0,0,18.779194546143163,1,0,0,2,1,0,0,1,1,0,0,1,1,0,0,0,0,0,0,0,0,0,0,0,0,0,0,0,0,0,0,0,0,0,0,0,0,0,0,0,0,0,0,0,0,0,0,0,0,0,0,0,0,0,0,0,0,0,0,0,0,0,0,0,0,0,0,0,0,2,2,40.8,2,3,,,1,,,,,,2,13.2,86,4.6,2,1,,,1,1,1,0,,0,0,0,0,0,0,,1,0,0,2,0,0,0,0,0,0,0,0,0,0,0,0,0,0,0,0,0,,,,,,,,,,,,,,,,,,0,0,0,0,0,0,,0,0,0,2,1,"2021-07-11 09:02","2021-07-11 12:56",1,"2021-07-11 14:13",1,1,1,"2021-07-11 08:45","2021-07-11 14:13",1,"2021-07-11 12:28","2021-07-11 14:13",2,4,73,73,73,73,4,73,73,73,73,1,1,73,73,1,73,73,1,73,73,1,73,73,2,25-278_cl_COT_ca_E.zip,1,2,1,0,2,0,0,3,0,0,3,3,3,3,3,0,0,3,0,0,,,,,,2,,,,,,,,,,,,,,,,,,,,,,,,,,,,,,,,,,,0,,,,,,,,,,,,,,,,,,,,,0,,,,,0,1,0,2,0,0,0,0,0,0,0,0,0,2,,,,,,,,,,,,,,,,,,,0,,,,,,,,,,0,cl_ben_face_25-278.jpg,2,0,0,1,0,1,1,0,0,0,0,0,2,,0,0,0,0,0,0,0,0,0,0,0,,0,0,0,0,0,0,0,0,0,0,0,,,,,0,1,2021-07-23,2,,,2,1,2021-08-13,2,,,2,,,,,,,0,,,,,,,,,,,,,,,,,,,,,,,,,,,,,,,,,,,0,,,,,,,,,,,,,,,,,,,,,,,,,,,,,,,,,,,0,,,,,,,,,,,,,,,,,,,,,,,,,,,,,,,,,,,0,,,,,,,,,,,,,,,,,,,0,,,,,,,,,,,,,,,,,,,0,,,,,,,,,,,,,,,,,,,0
25-279,"2021-12-25 11:11:05",1,1,0,0,1,2,1,1,2,1,45,2,2021-12-25,9,2,,700,,,,1,0,1,1,0,1,1,1,1,0,1,0,0,700,,365,700,700,,700,700,700,,700,,,1,1,1,1,1,2,2019,1,1,3,,4,,,,4,0,,0,0,0,1,0,0,,0,,,1,49.9,176,36.5,113,88,65,50,95,15,1,0,1,2,16.109245867768596,3,0,0,2,,0,0,0,0,0,0,0,0,0,0,0,0,0,0,0,0,0,0,0,0,0,0,0,0,0,0,0,0,0,0,0,0,0,0,0,0,0,0,0,0,0,0,0,0,0,0,0,0,0,0,0,0,0,0,0,0,0,0,0,0,0,0,0,0,0,1,,1,3,,,1,,,,,,1,11.4,86,8.2,2,1,,,12,0,,1,6,1,0,0,1,0,0,0,1,0,0,2,,0,0,0,0,0,0,0,0,0,0,0,0,0,0,0,0,,,,,,,,,,,,,,,,,,0,0,0,0,0,0,,0,0,0,0,1,"2021-12-25 10:05","2021-12-25 12:56",1,"2021-12-25 14:13",1,1,1,"2021-12-25 09:45","2021-12-25 14:13",1,"2021-12-25 12:58","2021-12-25 14:13",2,4,74,74,74,74,4,74,74,74,74,1,1,74,74,1,74,74,1,74,74,1,74,74,2,,,0,1,0,2,4,3,3,4,0,0,0,,0,4,4,0,0,4,0,,,,,,2,,,,,,,,,,,,,,,,,,,,,,,,,,,,,,,,,,,0,,,,,,,,,,,,,,,,,,,,,0,,,,,0,1,0,2,3,0,0,0,0,0,0,0,0,2,,,,,,,,,,,,,,,,,,,0,,,,,,,,,,0,cl_ben_face_25-279.jpg,2,0,0,1,0,0,1,1,0,0,0,0,2,,0,0,0,0,0,0,0,0,0,0,0,,0,0,0,0,0,0,0,0,0,0,0,,,,,0,1,2022-01-06,2,,,2,1,2022-01-27,2,,,2,,,,,,,0,,,,,,,,,,,,,,,,,,,,,,,,,,,,,,,,,,,0,,,,,,,,,,,,,,,,,,,,,,,,,,,,,,,,,,,0,,,,,,,,,,,,,,,,,,,,,,,,,,,,,,,,,,,0,,,,,,,,,,,,,,,,,,,0,,,,,,,,,,,,,,,,,,,0,,,,,,,,,,,,,,,,,,,0
25-280,"2022-01-14 13:31:36",1,1,0,0,2,2,,,0,,,0,,,,,,,,,0,0,0,0,0,0,0,0,0,0,0,0,0,,,,,,,,,,,,,,,,,,,,,,,,,,,,,,,,,,,,,,,,,,,,,,,,,,,,,,,,,,,,0,,0,0,0,0,0,0,0,0,0,0,0,0,0,0,0,0,0,0,0,0,0,0,0,0,0,0,0,0,0,0,0,0,0,0,0,0,0,0,0,0,0,0,0,0,0,0,0,0,0,0,0,0,0,0,0,0,0,0,0,0,0,0,0,0,0,,,,,,,,,,,,,,,,,0,,,,,,,,,0,0,0,0,0,0,,0,0,0,0,,0,0,0,0,0,0,0,0,0,0,0,0,0,0,0,0,,,,,,,,,,,,,,,,,,0,0,0,0,0,0,,0,0,0,0,,,,,,,,,,,,,,0,,,,,,,,,,,,,,,,,,,,,,,,0,,,0,,,0,,,,,,,,,,,,,,,,,,,,,0,,,,,,,,,,,,,,,,,,,,,,,,,,,,,,,,,,,0,,,,,,,,,,,,,,,,,,,,,0,,,,,0,,,0,,,,,,,,,,0,,,,,,,,,,,,,,,,,,,0,,,,,,,,,,0,,0,,0,0,0,0,0,0,0,0,0,0,0,,0,0,0,0,0,0,0,0,0,0,0,,0,0,0,0,0,0,0,0,0,0,0,,,,,0,,,,,,0,,,,,,0,,,,,,,0,,,,,,,,,,,,,,,,,,,,,,,,,,,,,,,,,,,0,,,,,,,,,,,,,,,,,,,,,,,,,,,,,,,,,,,0,,,,,,,,,,,,,,,,,,,,,,,,,,,,,,,,,,,0,,,,,,,,,,,,,,,,,,,0,,,,,,,,,,,,,,,,,,,0,,,,,,,,,,,,,,,,,,,0
25-281,"2022-02-06 13:32:06",1,1,0,0,2,2,,,0,,,0,,,,,,,,,0,0,0,0,0,0,0,0,0,0,0,0,0,,,,,,,,,,,,,,,,,,,,,,,,,,,,,,,,,,,,,,,,,,,,,,,,,,,,,,,,,,,,0,,0,0,0,0,0,0,0,0,0,0,0,0,0,0,0,0,0,0,0,0,0,0,0,0,0,0,0,0,0,0,0,0,0,0,0,0,0,0,0,0,0,0,0,0,0,0,0,0,0,0,0,0,0,0,0,0,0,0,0,0,0,0,0,0,0,,,,,,,,,,,,,,,,,0,,,,,,,,,0,0,0,0,0,0,,0,0,0,0,,0,0,0,0,0,0,0,0,0,0,0,0,0,0,0,0,,,,,,,,,,,,,,,,,,0,0,0,0,0,0,,0,0,0,0,,,,,,,,,,,,,,0,,,,,,,,,,,,,,,,,,,,,,,,0,,,0,,,0,,,,,,,,,,,,,,,,,,,,,0,,,,,,,,,,,,,,,,,,,,,,,,,,,,,,,,,,,0,,,,,,,,,,,,,,,,,,,,,0,,,,,0,,,0,,,,,,,,,,0,,,,,,,,,,,,,,,,,,,0,,,,,,,,,,0,,0,,0,0,0,0,0,0,0,0,0,0,0,,0,0,0,0,0,0,0,0,0,0,0,,0,0,0,0,0,0,0,0,0,0,0,,,,,0,,,,,,0,,,,,,0,,,,,,,0,,,,,,,,,,,,,,,,,,,,,,,,,,,,,,,,,,,0,,,,,,,,,,,,,,,,,,,,,,,,,,,,,,,,,,,0,,,,,,,,,,,,,,,,,,,,,,,,,,,,,,,,,,,0,,,,,,,,,,,,,,,,,,,0,,,,,,,,,,,,,,,,,,,0,,,,,,,,,,,,,,,,,,,0
25-282,"2021-12-06 10:45:45",1,1,0,0,1,2,1,1,2,2,30,2,2021-12-06,10,2,,21,,,,1,0,0,1,0,1,0,1,1,0,1,1,0,7,,7,,7,,,7,14,,14,7,,0,,,,2,1,,,,,,,,,,4,0,,0,0,0,1,0,1,2021-07-11,0,,,1,72.2,179,36.6,93,135,81,36,95,15,1,0,0,1,22.533628788115227,3,0,0,2,1,0,0,0,0,0,0,0,0,0,0,0,0,0,0,0,0,0,0,1,1,0,0,1,1,0,0,0,0,0,0,0,0,0,0,0,0,0,0,0,0,0,0,0,0,0,0,0,0,0,0,0,0,0,0,0,0,0,0,0,0,0,0,0,0,2,1,,2,3,,,1,,,,,,1,14.5,72,7.9,2,1,,,1,1,0,0,,0,0,0,0,0,0,0,1,0,0,2,0,0,0,0,0,0,0,0,0,0,0,0,0,0,0,0,0,,,,,,,,,,,,,,,,,,0,0,0,0,0,0,,0,0,0,2,1,"2021-12-06 09:08","2021-12-06 12:15",1,"2021-12-06 12:51",1,1,1,"2021-12-06 08:50","2021-12-06 12:51",1,"2021-12-06 12:00","2021-12-06 12:51",2,4,75,75,75,75,4,75,75,75,75,1,1,75,75,1,75,75,1,75,75,1,75,75,2,25-282_cl_COT_ca_E.zip,0,0,1,0,2,0,0,0,0,0,0,0,0,0,0,0,0,0,0,0,,,,,,2,,,,,,,,,,,,,,,,,,,,,,,,,,,,,,,,,,,0,,,,,,,,,,,,,,,,,,,,,0,,,,,0,1,0,2,0,0,0,0,0,0,0,0,0,2,,,,,,,,,,,,,,,,,,,0,,,,,,,,,,0,cl_ben_face_25-282.jpg,2,0,0,0,0,1,0,0,0,0,0,0,2,,0,0,0,0,0,0,0,0,0,0,0,,0,0,0,0,0,0,0,0,0,0,0,,,,,0,1,2021-12-17,2,,,2,1,2022-01-07,2,,,2,2022-12-27,0,,,,,1,,,,,,,,,,,,,,,,,,,,,,,,,,,,,,,,,,,0,,,,,,,,,,,,,,,,,,,,,,,,,,,,,,,,,,,0,,,,,,,,,,,,,,,,,,,,,,,,,,,,,,,,,,,0,,,,,,,,,,,,,,,,,,,0,,,,,,,,,,,,,,,,,,,0,,,,,,,,,,,,,,,,,,,0
25-283,"2021-05-20 11:59:00",1,1,0,0,3,2,,,0,,,0,,,,,,,,,0,0,0,0,0,0,0,0,0,0,0,0,0,,,,,,,,,,,,,,,,,,,,,,,,,,,,,,,,,,,,,,,,,,,,,,,,,,,,,,,,,,,,0,,0,0,0,0,0,0,0,0,0,0,0,0,0,0,0,0,0,0,0,0,0,0,0,0,0,0,0,0,0,0,0,0,0,0,0,0,0,0,0,0,0,0,0,0,0,0,0,0,0,0,0,0,0,0,0,0,0,0,0,0,0,0,0,0,0,,,,,,,,,,,,,,,,,0,,,,,,,,,0,0,0,0,0,0,,0,0,0,0,,0,0,0,0,0,0,0,0,0,0,0,0,0,0,0,0,,,,,,,,,,,,,,,,,,0,0,0,0,0,0,,0,0,0,0,,,,,,,,,,,,,,0,,,,,,,,,,,,,,,,,,,,,,,,0,,,0,,,0,,,,,,,,,,,,,,,,,,,,,0,,,,,,,,,,,,,,,,,,,,,,,,,,,,,,,,,,,0,,,,,,,,,,,,,,,,,,,,,0,,,,,0,,,0,,,,,,,,,,0,,,,,,,,,,,,,,,,,,,0,,,,,,,,,,0,,0,,0,0,0,0,0,0,0,0,0,0,0,,0,0,0,0,0,0,0,0,0,0,0,,0,0,0,0,0,0,0,0,0,0,0,,,,,0,,,,,,0,,,,,,0,,,,,,,0,,,,,,,,,,,,,,,,,,,,,,,,,,,,,,,,,,,0,,,,,,,,,,,,,,,,,,,,,,,,,,,,,,,,,,,0,,,,,,,,,,,,,,,,,,,,,,,,,,,,,,,,,,,0,,,,,,,,,,,,,,,,,,,0,,,,,,,,,,,,,,,,,,,0,,,,,,,,,,,,,,,,,,,0
25-284,"2021-10-17 11:07:04",1,1,0,0,1,2,1,1,2,2,20,2,2021-10-17,7,2,,365,,,,0,0,1,1,0,1,0,1,1,1,0,1,0,,,365,270,365,,,270,270,365,,270,,0,,,,1,1,,,,,,,,,,1,0,,0,0,,1,0,0,,0,,,1,50.5,174,36.5,96,122,87,30,97,15,1,0,0,1,16.67987845157881,2,0,0,2,,0,0,0,0,0,0,0,0,0,0,0,0,0,0,0,0,0,0,0,0,0,0,0,0,0,0,0,0,0,0,0,0,0,0,0,0,0,0,0,0,0,0,0,0,0,0,0,0,0,0,0,0,0,0,0,0,0,0,0,0,0,0,0,0,0,1,,2,3,,,1,,,,,,1,10.4,74,8.0,2,1,,,1,1,0,0,,0,0,0,0,0,0,0,0,0,1,2,0,0,0,0,0,0,0,0,0,0,0,0,0,0,0,0,0,,,,,,,,,,,,,,,,,,0,0,0,0,0,0,,0,0,0,2,1,"2021-10-17 12:43","2021-10-17 13:21",1,"2021-10-17 14:40",1,1,1,"2021-10-17 12:43","2021-10-17 14:40",1,"2021-10-17 13:30","2021-10-17 14:40",2,4,76,76,76,76,4,76,76,76,76,1,1,76,76,1,76,76,1,76,76,1,76,76,2,,,0,1,0,2,2,2,0,3,3,0,0,0,0,3,0,0,3,3,0,,,,,,2,,,,,,,,,,,,,,,,,,,,,,,,,,,,,,,,,,,0,,,,,,,,,,,,,,,,,,,,,0,,,,,0,1,0,2,0,2,0,0,0,2,0,2,0,2,,,,,,,,,,,,,,,,,,,0,,,,,,,,,,0,cl_ben_face_25-284.png,2,0,1,0,0,1,0,0,0,0,0,1,2,,0,0,0,0,0,0,0,0,0,0,0,,0,0,0,0,0,0,0,0,0,0,0,,,,,0,,,,,,0,1,2021-11-18,2,,,2,2022-11-06,0,,,,,1,,,,,,,,,,,,,,,,,,,,,,,,,,,,,,,,,,,0,,,,,,,,,,,,,,,,,,,,,,,,,,,,,,,,,,,0,,,,,,,,,,,,,,,,,,,,,,,,,,,,,,,,,,,0,,,,,,,,,,,,,,,,,,,0,,,,,,,,,,,,,,,,,,,0,,,,,,,,,,,,,,,,,,,0
25-285,"2022-03-14 10:29:42",1,1,0,0,1,2,1,1,2,2,42,2,2022-03-14,6,2,,29,,,,1,0,0,1,0,1,1,1,1,0,0,1,0,28,,14,,18,,29,13,29,,,24,,0,,,,2,2,2004,0,,3,,5,,,,3,0,,0,0,0,1,0,1,2021-11-13,0,,,1,59.6,174,35.5,95,127,89,36,95,15,1,0,0,1,19.68555951909103,3,0,0,2,1,0,0,1,1,1,1,0,0,0,0,0,0,0,0,0,0,0,0,0,0,0,0,0,0,0,0,0,0,0,0,0,0,0,0,0,0,0,0,0,0,0,0,0,0,0,0,0,0,0,0,0,0,0,0,0,0,0,0,0,0,0,0,0,0,2,1,,1,3,,,1,,,,,,1,12.4,82,19.7,2,1,,,6,0,,1,,1,0,0,0,0,0,0,1,0,0,2,,0,0,0,0,0,0,0,0,0,0,0,0,0,0,0,0,,,,,,,,,,,,,,,,,,0,0,0,0,0,0,,0,0,0,0,1,"2022-03-14 09:41","2022-03-14 12:32",1,"2022-03-14 14:24",1,1,1,"2022-03-14 09:08","2022-03-14 14:24",1,"2022-03-14 13:45","2022-03-14 14:24",2,4,77,77,77,77,4,77,77,77,77,1,1,77,77,1,77,77,1,77,77,1,77,77,2,25-285_cl_COT_ca_E.zip,1,2,1,0,2,0,3,0,0,3,3,1,3,3,0,0,3,0,0,0,,,,,,2,,,,,,,,,,,,,,,,,,,,,,,,,,,,,,,,,,,0,,,,,,,,,,,,,,,,,,,,,0,,,,,0,1,0,2,0,0,0,1,0,0,0,0,0,2,,,,,,,,,,,,,,,,,,,0,,,,,,,,,,0,cl_ben_face_25-285.jpg,2,0,0,0,0,0,1,0,0,0,0,0,2,,0,0,0,0,0,0,0,0,0,0,0,,0,0,0,0,0,0,0,0,0,0,0,,,,,0,1,2022-03-20,3,,,2,1,2022-04-13,2,,,2,,,,,,,0,,,,,,,,,,,,,,,,,,,,,,,,,,,,,,,,,,,0,,,,,,,,,,,,,,,,,,,,,,,,,,,,,,,,,,,0,,,,,,,,,,,,,,,,,,,,,,,,,,,,,,,,,,,0,,,,,,,,,,,,,,,,,,,0,,,,,,,,,,,,,,,,,,,0,,,,,,,,,,,,,,,,,,,0
25-286,"2022-02-03 12:23:11",1,1,0,0,1,2,1,1,2,1,50,2,2022-02-03,6,2,,90,,,,1,0,1,1,0,1,1,1,1,0,0,1,1,90,,90,90,7,,7,90,90,,,90,90,0,,,,1,1,,,,,,,,,,1,0,,0,0,0,1,0,1,2021-08-21,0,,,,54.5,175,36.5,100,126,89,22,99,15,1,0,0,1,17.79591836734694,2,0,0,2,1,1,1,0,0,1,1,1,1,0,0,0,0,0,0,0,0,0,0,0,0,0,0,0,0,0,0,0,0,0,0,0,0,0,0,0,0,0,0,0,0,0,0,0,0,0,0,0,0,0,0,0,0,0,0,0,0,0,0,0,0,0,0,0,0,2,2,20.6,1,3,,,2,2,,,,,1,9.3,74,6.2,0,1,,,6,0,,1,6,1,0,0,1,0,0,0,1,0,0,2,0,0,0,0,0,0,0,0,0,0,0,0,0,0,0,0,0,,,,,,,,,,,,,,,,,,0,0,0,0,0,0,,0,0,0,2,1,"2022-02-03 10:30","2022-02-03 12:32",1,"2022-02-03 14:24",1,1,1,"2022-02-03 09:18","2022-02-03 14:24",1,"2022-02-03 14:00","2022-02-03 14:05",2,4,78,78,78,78,4,78,78,78,78,1,1,78,78,1,78,78,1,78,78,1,78,78,2,,,0,1,0,2,2,2,0,2,1,0,0,3,0,3,0,0,3,3,0,,,,,,2,,,,,,,,,,,,,,,,,,,,,,,,,,,,,,,,,,,0,,,,,,,,,,,,,,,,,,,,,0,,,,,0,1,0,2,0,0,0,0,0,0,0,0,0,2,,,,,,,,,,,,,,,,,,,0,,,,,,,,,,0,cl_ben_face_25-286.jpg,2,0,0,1,0,0,0,0,0,0,0,0,2,,0,0,0,0,0,0,0,0,0,0,0,,0,0,0,0,0,0,0,0,0,0,0,,,,,0,1,2022-02-10,2,,,2,1,2022-03-05,1,,,2,,,,,,,0,,,,,,,,,,,,,,,,,,,,,,,,,,,,,,,,,,,0,,,,,,,,,,,,,,,,,,,,,,,,,,,,,,,,,,,0,,,,,,,,,,,,,,,,,,,,,,,,,,,,,,,,,,,0,,,,,,,,,,,,,,,,,,,0,,,,,,,,,,,,,,,,,,,0,,,,,,,,,,,,,,,,,,,0
25-287,"2021-12-24 11:06:22",1,1,0,0,2,2,,,0,,,0,,,,,,,,,0,0,0,0,0,0,0,0,0,0,0,0,0,,,,,,,,,,,,,,,,,,,,,,,,,,,,,,,,,,,,,,,,,,,,,,,,,,,,,,,,,,,,0,,0,0,0,0,0,0,0,0,0,0,0,0,0,0,0,0,0,0,0,0,0,0,0,0,0,0,0,0,0,0,0,0,0,0,0,0,0,0,0,0,0,0,0,0,0,0,0,0,0,0,0,0,0,0,0,0,0,0,0,0,0,0,0,0,0,,,,,,,,,,,,,,,,,0,,,,,,,,,0,0,0,0,0,0,,0,0,0,0,,0,0,0,0,0,0,0,0,0,0,0,0,0,0,0,0,,,,,,,,,,,,,,,,,,0,0,0,0,0,0,,0,0,0,0,,,,,,,,,,,,,,0,,,,,,,,,,,,,,,,,,,,,,,,0,,,0,,,0,,,,,,,,,,,,,,,,,,,,,0,,,,,,,,,,,,,,,,,,,,,,,,,,,,,,,,,,,0,,,,,,,,,,,,,,,,,,,,,0,,,,,0,,,0,,,,,,,,,,0,,,,,,,,,,,,,,,,,,,0,,,,,,,,,,0,,0,,0,0,0,0,0,0,0,0,0,0,0,,0,0,0,0,0,0,0,0,0,0,0,,0,0,0,0,0,0,0,0,0,0,0,,,,,0,,,,,,0,,,,,,0,,,,,,,0,,,,,,,,,,,,,,,,,,,,,,,,,,,,,,,,,,,0,,,,,,,,,,,,,,,,,,,,,,,,,,,,,,,,,,,0,,,,,,,,,,,,,,,,,,,,,,,,,,,,,,,,,,,0,,,,,,,,,,,,,,,,,,,0,,,,,,,,,,,,,,,,,,,0,,,,,,,,,,,,,,,,,,,0
25-288,"2021-12-15 11:07:03",1,1,0,0,2,2,,,0,,,0,,,,,,,,,0,0,0,0,0,0,0,0,0,0,0,0,0,,,,,,,,,,,,,,,,,,,,,,,,,,,,,,,,,,,,,,,,,,,,,,,,,,,,,,,,,,,,0,,0,0,0,0,0,0,0,0,0,0,0,0,0,0,0,0,0,0,0,0,0,0,0,0,0,0,0,0,0,0,0,0,0,0,0,0,0,0,0,0,0,0,0,0,0,0,0,0,0,0,0,0,0,0,0,0,0,0,0,0,0,0,0,0,0,,,,,,,,,,,,,,,,,0,,,,,,,,,0,0,0,0,0,0,,0,0,0,0,,0,0,0,0,0,0,0,0,0,0,0,0,0,0,0,0,,,,,,,,,,,,,,,,,,0,0,0,0,0,0,,0,0,0,0,,,,,,,,,,,,,,0,,,,,,,,,,,,,,,,,,,,,,,,0,,,0,,,0,,,,,,,,,,,,,,,,,,,,,0,,,,,,,,,,,,,,,,,,,,,,,,,,,,,,,,,,,0,,,,,,,,,,,,,,,,,,,,,0,,,,,0,,,0,,,,,,,,,,0,,,,,,,,,,,,,,,,,,,0,,,,,,,,,,0,,0,,0,0,0,0,0,0,0,0,0,0,0,,0,0,0,0,0,0,0,0,0,0,0,,0,0,0,0,0,0,0,0,0,0,0,,,,,0,,,,,,0,,,,,,0,,,,,,,0,,,,,,,,,,,,,,,,,,,,,,,,,,,,,,,,,,,0,,,,,,,,,,,,,,,,,,,,,,,,,,,,,,,,,,,0,,,,,,,,,,,,,,,,,,,,,,,,,,,,,,,,,,,0,,,,,,,,,,,,,,,,,,,0,,,,,,,,,,,,,,,,,,,0,,,,,,,,,,,,,,,,,,,0
25-289,"2022-03-20 11:07:39",1,1,0,0,2,2,,,0,,,0,,,,,,,,,0,0,0,0,0,0,0,0,0,0,0,0,0,,,,,,,,,,,,,,,,,,,,,,,,,,,,,,,,,,,,,,,,,,,,,,,,,,,,,,,,,,,,0,,0,0,0,0,0,0,0,0,0,0,0,0,0,0,0,0,0,0,0,0,0,0,0,0,0,0,0,0,0,0,0,0,0,0,0,0,0,0,0,0,0,0,0,0,0,0,0,0,0,0,0,0,0,0,0,0,0,0,0,0,0,0,0,0,0,,,,,,,,,,,,,,,,,0,,,,,,,,,0,0,0,0,0,0,,0,0,0,0,,0,0,0,0,0,0,0,0,0,0,0,0,0,0,0,0,,,,,,,,,,,,,,,,,,0,0,0,0,0,0,,0,0,0,0,,,,,,,,,,,,,,0,,,,,,,,,,,,,,,,,,,,,,,,0,,,0,,,0,,,,,,,,,,,,,,,,,,,,,0,,,,,,,,,,,,,,,,,,,,,,,,,,,,,,,,,,,0,,,,,,,,,,,,,,,,,,,,,0,,,,,0,,,0,,,,,,,,,,0,,,,,,,,,,,,,,,,,,,0,,,,,,,,,,0,,0,,0,0,0,0,0,0,0,0,0,0,0,,0,0,0,0,0,0,0,0,0,0,0,,0,0,0,0,0,0,0,0,0,0,0,,,,,0,,,,,,0,,,,,,0,,,,,,,0,,,,,,,,,,,,,,,,,,,,,,,,,,,,,,,,,,,0,,,,,,,,,,,,,,,,,,,,,,,,,,,,,,,,,,,0,,,,,,,,,,,,,,,,,,,,,,,,,,,,,,,,,,,0,,,,,,,,,,,,,,,,,,,0,,,,,,,,,,,,,,,,,,,0,,,,,,,,,,,,,,,,,,,0
25-290,"2021-12-28 11:08:07",1,1,0,0,2,2,,,0,,,0,,,,,,,,,0,0,0,0,0,0,0,0,0,0,0,0,0,,,,,,,,,,,,,,,,,,,,,,,,,,,,,,,,,,,,,,,,,,,,,,,,,,,,,,,,,,,,0,,0,0,0,0,0,0,0,0,0,0,0,0,0,0,0,0,0,0,0,0,0,0,0,0,0,0,0,0,0,0,0,0,0,0,0,0,0,0,0,0,0,0,0,0,0,0,0,0,0,0,0,0,0,0,0,0,0,0,0,0,0,0,0,0,0,,,,,,,,,,,,,,,,,0,,,,,,,,,0,0,0,0,0,0,,0,0,0,0,,0,0,0,0,0,0,0,0,0,0,0,0,0,0,0,0,,,,,,,,,,,,,,,,,,0,0,0,0,0,0,,0,0,0,0,,,,,,,,,,,,,,0,,,,,,,,,,,,,,,,,,,,,,,,0,,,0,,,0,,,,,,,,,,,,,,,,,,,,,0,,,,,,,,,,,,,,,,,,,,,,,,,,,,,,,,,,,0,,,,,,,,,,,,,,,,,,,,,0,,,,,0,,,0,,,,,,,,,,0,,,,,,,,,,,,,,,,,,,0,,,,,,,,,,0,,0,,0,0,0,0,0,0,0,0,0,0,0,,0,0,0,0,0,0,0,0,0,0,0,,0,0,0,0,0,0,0,0,0,0,0,,,,,0,,,,,,0,,,,,,0,,,,,,,0,,,,,,,,,,,,,,,,,,,,,,,,,,,,,,,,,,,0,,,,,,,,,,,,,,,,,,,,,,,,,,,,,,,,,,,0,,,,,,,,,,,,,,,,,,,,,,,,,,,,,,,,,,,0,,,,,,,,,,,,,,,,,,,0,,,,,,,,,,,,,,,,,,,0,,,,,,,,,,,,,,,,,,,0
25-291,"2021-12-28 11:08:46",1,1,0,0,2,2,,,0,,,0,,,,,,,,,0,0,0,0,0,0,0,0,0,0,0,0,0,,,,,,,,,,,,,,,,,,,,,,,,,,,,,,,,,,,,,,,,,,,,,,,,,,,,,,,,,,,,0,,0,0,0,0,0,0,0,0,0,0,0,0,0,0,0,0,0,0,0,0,0,0,0,0,0,0,0,0,0,0,0,0,0,0,0,0,0,0,0,0,0,0,0,0,0,0,0,0,0,0,0,0,0,0,0,0,0,0,0,0,0,0,0,0,0,,,,,,,,,,,,,,,,,0,,,,,,,,,0,0,0,0,0,0,,0,0,0,0,,0,0,0,0,0,0,0,0,0,0,0,0,0,0,0,0,,,,,,,,,,,,,,,,,,0,0,0,0,0,0,,0,0,0,0,,,,,,,,,,,,,,0,,,,,,,,,,,,,,,,,,,,,,,,0,,,0,,,0,,,,,,,,,,,,,,,,,,,,,0,,,,,,,,,,,,,,,,,,,,,,,,,,,,,,,,,,,0,,,,,,,,,,,,,,,,,,,,,0,,,,,0,,,0,,,,,,,,,,0,,,,,,,,,,,,,,,,,,,0,,,,,,,,,,0,,0,,0,0,0,0,0,0,0,0,0,0,0,,0,0,0,0,0,0,0,0,0,0,0,,0,0,0,0,0,0,0,0,0,0,0,,,,,0,,,,,,0,,,,,,0,,,,,,,0,,,,,,,,,,,,,,,,,,,,,,,,,,,,,,,,,,,0,,,,,,,,,,,,,,,,,,,,,,,,,,,,,,,,,,,0,,,,,,,,,,,,,,,,,,,,,,,,,,,,,,,,,,,0,,,,,,,,,,,,,,,,,,,0,,,,,,,,,,,,,,,,,,,0,,,,,,,,,,,,,,,,,,,0
25-292,"2022-01-11 10:24:37",1,1,0,0,1,2,1,1,2,2,32,2,2022-01-11,9,2,,240,,,,1,0,0,0,0,1,1,1,1,1,0,1,0,1,,9,,,,240,9,9,240,,9,,0,,,,2,1,,,,,,,,,,1,0,,0,0,0,1,0,1,2021-08-13,0,,,1,59.6,183,35,93,101,73,30,95,15,1,0,0,1,17.796888530562274,2,0,0,2,,0,0,0,0,0,0,0,0,0,0,0,0,0,0,0,0,0,0,0,0,0,0,0,0,0,0,0,0,0,0,0,0,0,0,0,0,0,0,0,0,0,0,0,0,0,0,0,0,0,0,0,0,0,0,0,0,0,0,0,0,0,0,0,0,0,1,,2,3,,,1,,,,,,1,13.3,80,8.4,2,1,,,1,1,1,0,,0,0,0,0,0,0,0,1,0,0,2,0,0,0,0,0,0,0,0,0,0,0,0,0,0,0,0,0,,,,,,,,,,,,,,,,,,0,0,0,0,0,0,,0,0,0,2,1,"2022-01-11 09:21","2022-01-11 12:21",1,"2022-01-11 14:00",1,1,1,"2022-01-11 09:08","2022-01-11 14:00",1,"2022-01-11 13:30","2022-01-11 14:00",2,4,79,79,79,79,4,79,79,79,79,1,1,79,79,1,79,79,1,79,79,1,79,79,2,,,0,1,0,2,0,3,4,0,4,0,0,3,3,3,0,4,0,3,1,1,,1,,1,2,,,,,,,,,,,,,,,,,,,,,,,,,,,,,,,,,,,0,,,,,,,,,,,,,,,,,,,,,0,,,,,0,1,0,2,0,0,0,0,0,0,0,0,0,2,,,,,,,,,,,,,,,,,,,0,,,,,,,,,,0,cl_ben_face_25-292.jpg,2,0,0,1,0,0,0,0,0,0,0,0,2,,0,0,0,0,0,0,0,0,0,0,0,,0,0,0,0,0,0,0,0,0,0,0,,,,,0,1,2022-01-19,2,,,2,1,2022-02-09,2,,,2,2023-01-26,0,,,,,1,,,,,,,,,,,,,,,,,,,,,,,,,,,,,,,,,,,0,,,,,,,,,,,,,,,,,,,,,,,,,,,,,,,,,,,0,,,,,,,,,,,,,,,,,,,,,,,,,,,,,,,,,,,0,,,,,,,,,,,,,,,,,,,0,,,,,,,,,,,,,,,,,,,0,,,,,,,,,,,,,,,,,,,0
25-293,"2021-12-04 10:25:18",1,1,0,1,,2,,,0,,,0,,,,,,,,,0,0,0,0,0,0,0,0,0,0,0,0,0,,,,,,,,,,,,,,,,,,,,,,,,,,,,,,,,,,,,,,,,,,,,,,,,,,,,,,,,,,,,0,,0,0,0,0,0,0,0,0,0,0,0,0,0,0,0,0,0,0,0,0,0,0,0,0,0,0,0,0,0,0,0,0,0,0,0,0,0,0,0,0,0,0,0,0,0,0,0,0,0,0,0,0,0,0,0,0,0,0,0,0,0,0,0,0,0,,,,,,,,,,,,,,,,,0,,,,,,,,,0,0,0,0,0,0,,0,0,0,0,,0,0,0,0,0,0,0,0,0,0,0,0,0,0,0,0,,,,,,,,,,,,,,,,,,0,0,0,0,0,0,,0,0,0,0,,,,,,,,,,,,,,0,,,,,,,,,,,,,,,,,,,,,,,,0,,,0,,,0,,,,,,,,,,,,,,,,,,,,,0,,,,,,,,,,,,,,,,,,,,,,,,,,,,,,,,,,,0,,,,,,,,,,,,,,,,,,,,,0,,,,,0,,,0,,,,,,,,,,0,,,,,,,,,,,,,,,,,,,0,,,,,,,,,,0,,0,,0,0,0,0,0,0,0,0,0,0,0,,0,0,0,0,0,0,0,0,0,0,0,,0,0,0,0,0,0,0,0,0,0,0,,,,,0,,,,,,0,,,,,,0,,,,,,,0,,,,,,,,,,,,,,,,,,,,,,,,,,,,,,,,,,,0,,,,,,,,,,,,,,,,,,,,,,,,,,,,,,,,,,,0,,,,,,,,,,,,,,,,,,,,,,,,,,,,,,,,,,,0,,,,,,,,,,,,,,,,,,,0,,,,,,,,,,,,,,,,,,,0,,,,,,,,,,,,,,,,,,,0
25-294,"2022-01-02 10:25:56",1,1,0,1,,2,,,0,,,0,,,,,,,,,0,0,0,0,0,0,0,0,0,0,0,0,0,,,,,,,,,,,,,,,,,,,,,,,,,,,,,,,,,,,,,,,,,,,,,,,,,,,,,,,,,,,,0,,0,0,0,0,0,0,0,0,0,0,0,0,0,0,0,0,0,0,0,0,0,0,0,0,0,0,0,0,0,0,0,0,0,0,0,0,0,0,0,0,0,0,0,0,0,0,0,0,0,0,0,0,0,0,0,0,0,0,0,0,0,0,0,0,0,,,,,,,,,,,,,,,,,0,,,,,,,,,0,0,0,0,0,0,,0,0,0,0,,0,0,0,0,0,0,0,0,0,0,0,0,0,0,0,0,,,,,,,,,,,,,,,,,,0,0,0,0,0,0,,0,0,0,0,,,,,,,,,,,,,,0,,,,,,,,,,,,,,,,,,,,,,,,0,,,0,,,0,,,,,,,,,,,,,,,,,,,,,0,,,,,,,,,,,,,,,,,,,,,,,,,,,,,,,,,,,0,,,,,,,,,,,,,,,,,,,,,0,,,,,0,,,0,,,,,,,,,,0,,,,,,,,,,,,,,,,,,,0,,,,,,,,,,0,,0,,0,0,0,0,0,0,0,0,0,0,0,,0,0,0,0,0,0,0,0,0,0,0,,0,0,0,0,0,0,0,0,0,0,0,,,,,0,,,,,,0,,,,,,0,,,,,,,0,,,,,,,,,,,,,,,,,,,,,,,,,,,,,,,,,,,0,,,,,,,,,,,,,,,,,,,,,,,,,,,,,,,,,,,0,,,,,,,,,,,,,,,,,,,,,,,,,,,,,,,,,,,0,,,,,,,,,,,,,,,,,,,0,,,,,,,,,,,,,,,,,,,0,,,,,,,,,,,,,,,,,,,0
25-295,"2021-12-26 10:26:19",1,1,0,1,,2,,,0,,,0,,,,,,,,,0,0,0,0,0,0,0,0,0,0,0,0,0,,,,,,,,,,,,,,,,,,,,,,,,,,,,,,,,,,,,,,,,,,,,,,,,,,,,,,,,,,,,0,,0,0,0,0,0,0,0,0,0,0,0,0,0,0,0,0,0,0,0,0,0,0,0,0,0,0,0,0,0,0,0,0,0,0,0,0,0,0,0,0,0,0,0,0,0,0,0,0,0,0,0,0,0,0,0,0,0,0,0,0,0,0,0,0,0,,,,,,,,,,,,,,,,,0,,,,,,,,,0,0,0,0,0,0,,0,0,0,0,,0,0,0,0,0,0,0,0,0,0,0,0,0,0,0,0,,,,,,,,,,,,,,,,,,0,0,0,0,0,0,,0,0,0,0,,,,,,,,,,,,,,0,,,,,,,,,,,,,,,,,,,,,,,,0,,,0,,,0,,,,,,,,,,,,,,,,,,,,,0,,,,,,,,,,,,,,,,,,,,,,,,,,,,,,,,,,,0,,,,,,,,,,,,,,,,,,,,,0,,,,,0,,,0,,,,,,,,,,0,,,,,,,,,,,,,,,,,,,0,,,,,,,,,,0,,0,,0,0,0,0,0,0,0,0,0,0,0,,0,0,0,0,0,0,0,0,0,0,0,,0,0,0,0,0,0,0,0,0,0,0,,,,,0,,,,,,0,,,,,,0,,,,,,,0,,,,,,,,,,,,,,,,,,,,,,,,,,,,,,,,,,,0,,,,,,,,,,,,,,,,,,,,,,,,,,,,,,,,,,,0,,,,,,,,,,,,,,,,,,,,,,,,,,,,,,,,,,,0,,,,,,,,,,,,,,,,,,,0,,,,,,,,,,,,,,,,,,,0,,,,,,,,,,,,,,,,,,,0
25-296,"2021-06-01 10:27:45",1,1,0,1,,2,,,0,,,0,,,,,,,,,0,0,0,0,0,0,0,0,0,0,0,0,0,,,,,,,,,,,,,,,,,,,,,,,,,,,,,,,,,,,,,,,,,,,,,,,,,,,,,,,,,,,,0,,0,0,0,0,0,0,0,0,0,0,0,0,0,0,0,0,0,0,0,0,0,0,0,0,0,0,0,0,0,0,0,0,0,0,0,0,0,0,0,0,0,0,0,0,0,0,0,0,0,0,0,0,0,0,0,0,0,0,0,0,0,0,0,0,0,,,,,,,,,,,,,,,,,0,,,,,,,,,0,0,0,0,0,0,,0,0,0,0,,0,0,0,0,0,0,0,0,0,0,0,0,0,0,0,0,,,,,,,,,,,,,,,,,,0,0,0,0,0,0,,0,0,0,0,,,,,,,,,,,,,,0,,,,,,,,,,,,,,,,,,,,,,,,0,,,0,,,0,,,,,,,,,,,,,,,,,,,,,0,,,,,,,,,,,,,,,,,,,,,,,,,,,,,,,,,,,0,,,,,,,,,,,,,,,,,,,,,0,,,,,0,,,0,,,,,,,,,,0,,,,,,,,,,,,,,,,,,,0,,,,,,,,,,0,,0,,0,0,0,0,0,0,0,0,0,0,0,,0,0,0,0,0,0,0,0,0,0,0,,0,0,0,0,0,0,0,0,0,0,0,,,,,0,,,,,,0,,,,,,0,,,,,,,0,,,,,,,,,,,,,,,,,,,,,,,,,,,,,,,,,,,0,,,,,,,,,,,,,,,,,,,,,,,,,,,,,,,,,,,0,,,,,,,,,,,,,,,,,,,,,,,,,,,,,,,,,,,0,,,,,,,,,,,,,,,,,,,0,,,,,,,,,,,,,,,,,,,0,,,,,,,,,,,,,,,,,,,0
25-297,"2022-03-16 10:30:36",1,1,0,0,1,2,1,1,2,2,27,2,2022-03-16,10,2,,700,,,,0,0,1,1,0,1,1,1,0,0,1,0,0,,,7,3,365,,7,7,,,1,,,0,,,,2,1,,,,,,,,,,2,0,,0,0,0,1,0,0,,0,,,1,54,170,38.4,103,129,82,28,87,14,1,1,0,2,18.685121107266436,5,0,0,2,1,0,0,0,0,0,0,0,0,0,0,0,0,0,0,0,0,1,0,1,0,1,1,1,1,0,0,0,0,0,0,0,0,0,0,0,0,0,0,0,0,0,0,0,0,0,0,0,0,0,0,0,0,0,0,0,0,0,0,0,0,0,0,0,0,2,1,,1,3,,,2,2,,,,,1,8.3,81,11.4,0,2,1,,3,1,1,1,,0,0,0,0,1,0,1,1,0,0,2,0,0,0,0,0,0,0,0,0,0,0,0,0,0,0,0,0,,,,,,,,,,,,,,,,,,0,0,0,0,0,0,,0,0,0,2,1,"2022-03-16 08:46","2022-03-16 12:08",1,"2022-03-16 14:48",1,1,1,"2022-03-16 08:43","2022-03-16 14:48",1,"2022-03-16 11:46","2022-03-16 14:48",2,4,80,80,80,80,4,80,80,80,80,1,1,80,80,1,80,80,1,80,80,1,80,80,2,25-297_cl_COT_ca_E.zip,1,2,1,0,2,0,0,3,0,3,0,0,4,0,4,0,3,3,1,0,,,,,,2,,,,,,,,,,,,,,,,,,,,,,,,,,,,,,,,,,,0,,,,,,,,,,,,,,,,,,,,,0,,,,,0,1,0,2,2,0,0,0,0,0,0,0,1,2,,,,,,,,,,,,,,,,,,,0,,,,,,,,,,0,cl_ben_face_25-297.png,2,0,0,1,0,0,1,0,0,0,0,0,2,,0,0,0,0,0,0,0,0,0,0,0,,0,0,0,0,0,0,0,0,0,0,0,,,,,0,1,2022-03-23,5,,2022-03-16,2,1,2022-04-13,2,,,2,,,,,,,0,,,,,,,,,,,,,,,,,,,,,,,,,,,,,,,,,,,0,,,,,,,,,,,,,,,,,,,,,,,,,,,,,,,,,,,0,,,,,,,,,,,,,,,,,,,,,,,,,,,,,,,,,,,0,,,,,,,,,,,,,,,,,,,0,,,,,,,,,,,,,,,,,,,0,,,,,,,,,,,,,,,,,,,0
25-298,"2022-03-01 12:10:34",1,1,0,0,1,2,1,1,2,2,39,2,2022-03-01,10,2,,180,,,,1,0,1,1,1,1,1,1,1,1,1,1,0,30,,30,30,30,365,30,30,180,14,1,,,1,1,1,1,1,1,,,,,,,,,,2,0,,0,0,0,1,0,0,,0,,,1,43.3,167,35.5,100,82,64,32,91,15,1,0,1,2,15.525834558428054,4,0,0,2,1,0,0,0,0,0,0,0,0,0,0,0,0,0,0,0,0,1,1,1,1,1,1,1,1,0,0,0,0,0,0,0,0,0,0,0,0,0,0,0,0,0,0,0,0,0,0,0,0,0,0,0,0,0,0,0,0,0,0,0,0,0,0,0,0,2,1,,2,3,,,1,,,,,,1,8.6,63,28.4,2,2,1,,1,,,,,0,0,0,0,0,0,,1,0,0,0,0,0,0,0,0,0,0,0,0,0,0,0,0,0,0,0,0,,,,,,,,,,,,,,,,,,0,0,0,0,0,0,,0,0,0,2,1,"2022-03-01 09:45","2022-03-01 12:08",1,"2022-03-01 14:48",1,1,1,"2022-03-01 09:27","2022-03-01 14:48",1,"2022-03-01 14:20","2022-03-01 14:48",2,4,81,81,81,81,4,81,81,81,81,1,1,81,81,1,81,81,1,81,81,1,81,81,2,25-298_cl_COT_ca_E.zip,1,2,1,0,2,4,3,3,3,3,4,4,3,4,3,4,4,4,3,0,,,,,,2,,,,,,,,,,,,,,,,,,,,,,,,,,,,,,,,,,,0,,,,,,,,,,,,,,,,,,,,,0,,,,,0,1,0,2,0,1,0,0,0,0,0,0,1,2,,,,,,,,,,,,,,,,,,,0,,,,,,,,,,0,cl_ben_face_25-298.jpg,2,0,1,1,0,1,1,0,0,0,0,0,2,,0,0,0,0,0,0,0,0,0,0,0,,0,0,0,0,0,0,0,0,0,0,0,,,,,0,,,6,2022-03-02,,2,,,6,2022-03-02,,2,2022-03-02,6,,,,,2,,,,,,,,,,,,,,,,,,,,,,,,,,,,,,,,,,,0,,,,,,,,,,,,,,,,,,,,,,,,,,,,,,,,,,,0,,,,,,,,,,,,,,,,,,,,,,,,,,,,,,,,,,,0,,,,,,,,,,,,,,,,,,,0,,,,,,,,,,,,,,,,,,,0,,,,,,,,,,,,,,,,,,,0
25-299,"2022-03-24 11:08:08",1,1,0,0,1,2,1,1,2,1,19,2,2022-03-24,7,2,,120,,,,1,0,1,1,0,1,1,1,1,0,1,1,1,90,,150,30,30,,14,120,120,,120,120,21,1,1,0,0,3,1,,,,,,,,,,4,0,,0,0,0,1,0,0,,0,,,1,46.6,161,36.8,111,111,64,26,97,15,1,0,0,1,17.977701477566452,2,0,0,2,1,0,0,0,0,0,0,0,0,0,0,0,0,0,0,0,0,1,1,1,1,1,1,1,1,0,0,0,0,0,0,0,0,0,0,0,0,0,0,0,0,0,0,0,0,0,0,0,0,0,0,0,0,0,0,0,0,0,0,0,0,0,0,0,0,2,2,21.8,2,3,,,1,,,,,,1,7.8,67,15.2,2,1,,,1,1,1,0,,0,0,0,0,0,0,0,1,0,0,2,0,0,0,0,0,0,0,0,0,0,0,0,0,0,0,0,0,,,,,,,,,,,,,,,,,,0,0,0,0,0,0,,0,0,0,2,1,"2022-03-24 10:40","2022-03-24 14:18",1,"2022-03-24 15:20",1,1,1,"2022-03-24 09:35","2022-03-24 15:20",1,"2022-03-24 13:45","2022-03-24 13:45",2,4,1,1,1,1,4,1,1,1,1,1,1,1,1,1,1,1,1,1,1,1,1,1,2,,,0,1,0,2,4,4,0,4,4,3,4,3,3,4,0,3,3,3,0,,,,,,2,,,,,,,,,,,,,,,,,,,,,,,,,,,,,,,,,,,0,,,,,,,,,,,,,,,,,,,,,0,,,,,0,1,0,2,0,0,0,0,0,0,0,0,0,2,,,,,,,,,,,,,,,,,,,0,,,,,,,,,,0,cl_ben_face_25-299.jpg,2,0,0,1,1,1,1,0,0,0,0,0,2,,0,0,0,0,0,0,0,0,0,0,0,,0,0,0,0,0,0,0,0,0,0,0,,,,,0,1,2022-04-01,2,,,2,1,2022-04-22,2,,,2,2023-04-03,0,,,,,1,,,,,,,,,,,,,,,,,,,,,,,,,,,,,,,,,,,0,,,,,,,,,,,,,,,,,,,,,,,,,,,,,,,,,,,0,,,,,,,,,,,,,,,,,,,,,,,,,,,,,,,,,,,0,,,,,,,,,,,,,,,,,,,0,,,,,,,,,,,,,,,,,,,0,,,,,,,,,,,,,,,,,,,0
25-300,"2022-02-10 12:34:27",1,1,0,0,1,2,1,1,2,1,28,2,2022-02-10,7,2,,45,,,,1,0,1,1,0,1,1,1,1,1,0,0,0,45,,45,3,7,,14,45,45,3,,,,0,,,,2,1,,,,,,,,,,1,0,,0,0,0,1,0,0,,0,,,1,40,162,38,159,97,68,42,,15,1,0,1,2,15.241579027587258,,0,0,2,1,0,0,0,0,0,0,0,0,0,0,0,0,0,0,0,0,1,1,0,0,1,1,1,1,0,0,0,0,0,0,0,0,0,0,0,0,0,0,0,0,0,0,0,0,0,0,0,0,0,0,0,0,0,0,0,0,0,0,0,0,0,0,0,0,2,1,,2,3,,,1,,,,,,1,9.8,83,20.8,2,1,,,1,1,0,0,,0,0,0,0,0,0,0,1,0,0,2,0,0,0,0,0,0,0,0,0,0,0,0,0,0,0,0,0,,,,,,,,,,,,,,,,,,0,0,0,0,0,0,,0,0,0,2,1,"2022-02-10 10:58","2022-02-10 14:18",1,"2022-02-10 15:20",1,1,1,"2022-02-10 09:16","2022-02-10 15:20",1,"2022-02-10 14:12","2022-02-10 15:20",2,4,2,2,2,2,4,2,2,2,2,1,1,2,2,1,2,2,1,2,2,1,2,2,2,,,0,1,0,2,4,4,3,4,4,4,4,4,,4,4,4,4,4,0,,,,,,2,,,,,,,,,,,,,,,,,,,,,,,,,,,,,,,,,,,0,,,,,,,,,,,,,,,,,,,,,0,,,,,0,1,0,2,1,0,0,0,0,0,0,0,0,2,,,,,,,,,,,,,,,,,,,0,,,,,,,,,,0,cl_ben_face_25-300.jpg,2,0,1,1,0,1,1,0,0,0,0,0,2,,0,0,0,0,0,0,0,0,0,0,0,,0,0,0,0,0,0,0,0,0,0,0,,,,,0,1,2022-02-18,2,,,2,1,2022-03-11,2,,,2,,,,,,,0,,,,,,,,,,,,,,,,,,,,,,,,,,,,,,,,,,,0,,,,,,,,,,,,,,,,,,,,,,,,,,,,,,,,,,,0,,,,,,,,,,,,,,,,,,,,,,,,,,,,,,,,,,,0,,,,,,,,,,,,,,,,,,,0,,,,,,,,,,,,,,,,,,,0,,,,,,,,,,,,,,,,,,,0
25-301,"2022-02-06 18:22:37",1,1,0,1,,2,,,0,,,0,,,,,,,,,0,0,0,0,0,0,0,0,0,0,0,0,0,,,,,,,,,,,,,,,,,,,,,,,,,,,,,,,,,,,,,,,,,,,,,,,,,,,,,,,,,,,,0,,0,0,0,0,0,0,0,0,0,0,0,0,0,0,0,0,0,0,0,0,0,0,0,0,0,0,0,0,0,0,0,0,0,0,0,0,0,0,0,0,0,0,0,0,0,0,0,0,0,0,0,0,0,0,0,0,0,0,0,0,0,0,0,0,0,,,,,,,,,,,,,,,,,0,,,,,,,,,0,0,0,0,0,0,,0,0,0,0,,0,0,0,0,0,0,0,0,0,0,0,0,0,0,0,0,,,,,,,,,,,,,,,,,,0,0,0,0,0,0,,0,0,0,0,,,,,,,,,,,,,,0,,,,,,,,,,,,,,,,,,,,,,,,0,,,0,,,0,,,,,,,,,,,,,,,,,,,,,0,,,,,,,,,,,,,,,,,,,,,,,,,,,,,,,,,,,0,,,,,,,,,,,,,,,,,,,,,0,,,,,0,,,0,,,,,,,,,,0,,,,,,,,,,,,,,,,,,,0,,,,,,,,,,0,,0,,0,0,0,0,0,0,0,0,0,0,0,,0,0,0,0,0,0,0,0,0,0,0,,0,0,0,0,0,0,0,0,0,0,0,,,,,0,,,,,,0,,,,,,0,,,,,,,0,,,,,,,,,,,,,,,,,,,,,,,,,,,,,,,,,,,0,,,,,,,,,,,,,,,,,,,,,,,,,,,,,,,,,,,0,,,,,,,,,,,,,,,,,,,,,,,,,,,,,,,,,,,0,,,,,,,,,,,,,,,,,,,0,,,,,,,,,,,,,,,,,,,0,,,,,,,,,,,,,,,,,,,0
25-302,"2021-12-14 18:22:59",1,1,0,0,2,2,,,0,,,0,,,,,,,,,0,0,0,0,0,0,0,0,0,0,0,0,0,,,,,,,,,,,,,,,,,,,,,,,,,,,,,,,,,,,,,,,,,,,,,,,,,,,,,,,,,,,,0,,0,0,0,0,0,0,0,0,0,0,0,0,0,0,0,0,0,0,0,0,0,0,0,0,0,0,0,0,0,0,0,0,0,0,0,0,0,0,0,0,0,0,0,0,0,0,0,0,0,0,0,0,0,0,0,0,0,0,0,0,0,0,0,0,0,,,,,,,,,,,,,,,,,0,,,,,,,,,0,0,0,0,0,0,,0,0,0,0,,0,0,0,0,0,0,0,0,0,0,0,0,0,0,0,0,,,,,,,,,,,,,,,,,,0,0,0,0,0,0,,0,0,0,0,,,,,,,,,,,,,,0,,,,,,,,,,,,,,,,,,,,,,,,0,,,0,,,0,,,,,,,,,,,,,,,,,,,,,0,,,,,,,,,,,,,,,,,,,,,,,,,,,,,,,,,,,0,,,,,,,,,,,,,,,,,,,,,0,,,,,0,,,0,,,,,,,,,,0,,,,,,,,,,,,,,,,,,,0,,,,,,,,,,0,,0,,0,0,0,0,0,0,0,0,0,0,0,,0,0,0,0,0,0,0,0,0,0,0,,0,0,0,0,0,0,0,0,0,0,0,,,,,0,,,,,,0,,,,,,0,,,,,,,0,,,,,,,,,,,,,,,,,,,,,,,,,,,,,,,,,,,0,,,,,,,,,,,,,,,,,,,,,,,,,,,,,,,,,,,0,,,,,,,,,,,,,,,,,,,,,,,,,,,,,,,,,,,0,,,,,,,,,,,,,,,,,,,0,,,,,,,,,,,,,,,,,,,0,,,,,,,,,,,,,,,,,,,0
25-303,"2021-12-14 18:23:36",1,1,0,0,2,2,,,0,,,0,,,,,,,,,0,0,0,0,0,0,0,0,0,0,0,0,0,,,,,,,,,,,,,,,,,,,,,,,,,,,,,,,,,,,,,,,,,,,,,,,,,,,,,,,,,,,,0,,0,0,0,0,0,0,0,0,0,0,0,0,0,0,0,0,0,0,0,0,0,0,0,0,0,0,0,0,0,0,0,0,0,0,0,0,0,0,0,0,0,0,0,0,0,0,0,0,0,0,0,0,0,0,0,0,0,0,0,0,0,0,0,0,0,,,,,,,,,,,,,,,,,0,,,,,,,,,0,0,0,0,0,0,,0,0,0,0,,0,0,0,0,0,0,0,0,0,0,0,0,0,0,0,0,,,,,,,,,,,,,,,,,,0,0,0,0,0,0,,0,0,0,0,,,,,,,,,,,,,,0,,,,,,,,,,,,,,,,,,,,,,,,0,,,0,,,0,,,,,,,,,,,,,,,,,,,,,0,,,,,,,,,,,,,,,,,,,,,,,,,,,,,,,,,,,0,,,,,,,,,,,,,,,,,,,,,0,,,,,0,,,0,,,,,,,,,,0,,,,,,,,,,,,,,,,,,,0,,,,,,,,,,0,,0,,0,0,0,0,0,0,0,0,0,0,0,,0,0,0,0,0,0,0,0,0,0,0,,0,0,0,0,0,0,0,0,0,0,0,,,,,0,,,,,,0,,,,,,0,,,,,,,0,,,,,,,,,,,,,,,,,,,,,,,,,,,,,,,,,,,0,,,,,,,,,,,,,,,,,,,,,,,,,,,,,,,,,,,0,,,,,,,,,,,,,,,,,,,,,,,,,,,,,,,,,,,0,,,,,,,,,,,,,,,,,,,0,,,,,,,,,,,,,,,,,,,0,,,,,,,,,,,,,,,,,,,0
25-304,"2021-12-28 18:23:55",1,1,0,1,,2,,,0,,,0,,,,,,,,,0,0,0,0,0,0,0,0,0,0,0,0,0,,,,,,,,,,,,,,,,,,,,,,,,,,,,,,,,,,,,,,,,,,,,,,,,,,,,,,,,,,,,0,,0,0,0,0,0,0,0,0,0,0,0,0,0,0,0,0,0,0,0,0,0,0,0,0,0,0,0,0,0,0,0,0,0,0,0,0,0,0,0,0,0,0,0,0,0,0,0,0,0,0,0,0,0,0,0,0,0,0,0,0,0,0,0,0,0,,,,,,,,,,,,,,,,,0,,,,,,,,,0,0,0,0,0,0,,0,0,0,0,,0,0,0,0,0,0,0,0,0,0,0,0,0,0,0,0,,,,,,,,,,,,,,,,,,0,0,0,0,0,0,,0,0,0,0,,,,,,,,,,,,,,0,,,,,,,,,,,,,,,,,,,,,,,,0,,,0,,,0,,,,,,,,,,,,,,,,,,,,,0,,,,,,,,,,,,,,,,,,,,,,,,,,,,,,,,,,,0,,,,,,,,,,,,,,,,,,,,,0,,,,,0,,,0,,,,,,,,,,0,,,,,,,,,,,,,,,,,,,0,,,,,,,,,,0,,0,,0,0,0,0,0,0,0,0,0,0,0,,0,0,0,0,0,0,0,0,0,0,0,,0,0,0,0,0,0,0,0,0,0,0,,,,,0,,,,,,0,,,,,,0,,,,,,,0,,,,,,,,,,,,,,,,,,,,,,,,,,,,,,,,,,,0,,,,,,,,,,,,,,,,,,,,,,,,,,,,,,,,,,,0,,,,,,,,,,,,,,,,,,,,,,,,,,,,,,,,,,,0,,,,,,,,,,,,,,,,,,,0,,,,,,,,,,,,,,,,,,,0,,,,,,,,,,,,,,,,,,,0
25-305,"2022-01-14 18:24:21",1,1,0,1,,2,,,0,,,0,,,,,,,,,0,0,0,0,0,0,0,0,0,0,0,0,0,,,,,,,,,,,,,,,,,,,,,,,,,,,,,,,,,,,,,,,,,,,,,,,,,,,,,,,,,,,,0,,0,0,0,0,0,0,0,0,0,0,0,0,0,0,0,0,0,0,0,0,0,0,0,0,0,0,0,0,0,0,0,0,0,0,0,0,0,0,0,0,0,0,0,0,0,0,0,0,0,0,0,0,0,0,0,0,0,0,0,0,0,0,0,0,0,,,,,,,,,,,,,,,,,0,,,,,,,,,0,0,0,0,0,0,,0,0,0,0,,0,0,0,0,0,0,0,0,0,0,0,0,0,0,0,0,,,,,,,,,,,,,,,,,,0,0,0,0,0,0,,0,0,0,0,,,,,,,,,,,,,,0,,,,,,,,,,,,,,,,,,,,,,,,0,,,0,,,0,,,,,,,,,,,,,,,,,,,,,0,,,,,,,,,,,,,,,,,,,,,,,,,,,,,,,,,,,0,,,,,,,,,,,,,,,,,,,,,0,,,,,0,,,0,,,,,,,,,,0,,,,,,,,,,,,,,,,,,,0,,,,,,,,,,0,,0,,0,0,0,0,0,0,0,0,0,0,0,,0,0,0,0,0,0,0,0,0,0,0,,0,0,0,0,0,0,0,0,0,0,0,,,,,0,,,,,,0,,,,,,0,,,,,,,0,,,,,,,,,,,,,,,,,,,,,,,,,,,,,,,,,,,0,,,,,,,,,,,,,,,,,,,,,,,,,,,,,,,,,,,0,,,,,,,,,,,,,,,,,,,,,,,,,,,,,,,,,,,0,,,,,,,,,,,,,,,,,,,0,,,,,,,,,,,,,,,,,,,0,,,,,,,,,,,,,,,,,,,0
25-306,"2022-02-08 18:24:39",1,1,0,0,2,2,,,0,,,0,,,,,,,,,0,0,0,0,0,0,0,0,0,0,0,0,0,,,,,,,,,,,,,,,,,,,,,,,,,,,,,,,,,,,,,,,,,,,,,,,,,,,,,,,,,,,,0,,0,0,0,0,0,0,0,0,0,0,0,0,0,0,0,0,0,0,0,0,0,0,0,0,0,0,0,0,0,0,0,0,0,0,0,0,0,0,0,0,0,0,0,0,0,0,0,0,0,0,0,0,0,0,0,0,0,0,0,0,0,0,0,0,0,,,,,,,,,,,,,,,,,0,,,,,,,,,0,0,0,0,0,0,,0,0,0,0,,0,0,0,0,0,0,0,0,0,0,0,0,0,0,0,0,,,,,,,,,,,,,,,,,,0,0,0,0,0,0,,0,0,0,0,,,,,,,,,,,,,,0,,,,,,,,,,,,,,,,,,,,,,,,0,,,0,,,0,,,,,,,,,,,,,,,,,,,,,0,,,,,,,,,,,,,,,,,,,,,,,,,,,,,,,,,,,0,,,,,,,,,,,,,,,,,,,,,0,,,,,0,,,0,,,,,,,,,,0,,,,,,,,,,,,,,,,,,,0,,,,,,,,,,0,,0,,0,0,0,0,0,0,0,0,0,0,0,,0,0,0,0,0,0,0,0,0,0,0,,0,0,0,0,0,0,0,0,0,0,0,,,,,0,,,,,,0,,,,,,0,,,,,,,0,,,,,,,,,,,,,,,,,,,,,,,,,,,,,,,,,,,0,,,,,,,,,,,,,,,,,,,,,,,,,,,,,,,,,,,0,,,,,,,,,,,,,,,,,,,,,,,,,,,,,,,,,,,0,,,,,,,,,,,,,,,,,,,0,,,,,,,,,,,,,,,,,,,0,,,,,,,,,,,,,,,,,,,0
25-307,"2022-02-10 09:30:14",1,1,0,0,1,2,1,1,2,1,36,2,2022-02-10,6,2,,30,,,,0,0,1,1,0,0,0,1,0,1,0,0,1,,,,30,30,,,30,,30,,,2,0,,,,2,1,,,,,,,,,,1,0,,0,0,0,1,0,1,2021-09-14,0,,,,107.8,160,36,90,127,98,22,97,15,1,0,0,1,42.109375,2,0,0,2,1,0,0,0,0,1,1,1,1,1,1,1,1,0,0,0,0,0,0,0,0,0,0,0,0,0,0,0,0,0,0,0,0,0,0,0,0,0,0,0,0,0,0,0,0,0,0,0,0,0,0,0,0,0,0,0,0,0,0,0,0,0,0,0,0,2,1,,1,3,,,1,,,,,,1,15.1,87,7.2,2,1,,,6,0,,1,42,1,1,0,0,0,0,0,1,0,0,2,,0,0,0,0,0,0,0,0,0,0,0,0,0,0,0,0,,,,,,,,,,,,,,,,,,0,0,0,0,0,0,,0,0,0,0,1,"2022-02-10 08:30","2022-02-10 11:50",1,"2022-02-10 15:33",1,1,1,"2022-02-10 08:18","2022-02-10 15:33",1,"2022-02-10 08:45","2022-02-10 15:33",2,4,3,3,3,3,4,3,3,3,3,1,1,3,3,1,3,3,1,3,3,1,3,3,2,25-307_cl_COT_ca_E.zip,1,2,1,0,2,0,3,0,0,0,0,0,3,0,0,0,0,0,0,0,,,,,,2,,,,,,,,,,,,,,,,,,,,,,,,,,,,,,,,,,,0,,,,,,,,,,,,,,,,,,,,,0,,,,,0,1,0,2,0,0,0,0,0,0,0,0,0,2,,,,,,,,,,,,,,,,,,,0,,,,,,,,,,0,cl_ben_face_25-307.jpg,2,0,1,0,0,0,0,0,0,0,0,0,2,,0,0,0,0,0,0,0,0,0,0,0,,0,0,0,0,0,0,0,0,0,0,0,,,,,0,1,2022-02-17,2,,,2,1,2022-03-10,2,,,2,,,,,,,0,,,,,,,,,,,,,,,,,,,,,,,,,,,,,,,,,,,0,,,,,,,,,,,,,,,,,,,,,,,,,,,,,,,,,,,0,,,,,,,,,,,,,,,,,,,,,,,,,,,,,,,,,,,0,,,,,,,,,,,,,,,,,,,0,,,,,,,,,,,,,,,,,,,0,,,,,,,,,,,,,,,,,,,0
25-308,"2022-02-28 11:27:15",1,1,0,0,1,2,1,1,2,1,60,2,2022-02-28,6,2,,14,,,,1,0,1,1,0,0,1,1,0,0,0,0,0,3,,,7,14,,7,7,,,,,,0,,,,3,2,1984,0,,3,,5,,,,1,0,,1,1,0,1,0,0,,0,,,1,69,168,37.3,84,160,90,24,97,15,1,0,0,1,24.447278911564627,1,0,0,2,1,0,0,0,0,0,0,0,0,0,0,0,0,0,0,0,0,0,0,0,0,0,1,1,1,0,0,0,0,0,0,0,0,0,0,0,0,0,0,0,0,0,0,0,0,0,0,0,0,0,0,0,0,0,0,0,0,0,0,0,0,0,0,0,0,2,1,,1,3,,,1,,,,,,1,11.4,93,4.7,2,1,,,12,0,,1,,1,0,0,1,0,0,0,1,0,0,2,,0,0,0,0,0,0,0,0,0,0,0,0,0,0,0,0,,,,,,,,,,,,,,,,,,0,0,0,0,0,0,,0,0,0,0,1,"2022-02-28 09:00","2022-02-28 11:50",1,"2022-02-28 15:33",1,1,1,"2022-02-28 08:40","2022-02-28 15:33",1,"2022-02-28 13:15","2022-02-28 15:33",2,4,4,4,4,4,4,4,4,4,4,1,1,4,4,1,4,4,1,4,4,1,4,4,2,25-308_cl_COT_ca_E.zip,1,2,1,0,2,3,3,0,0,0,0,3,0,3,0,0,0,0,0,0,,,,,,2,,,,,,,,,,,,,,,,,,,,,,,,,,,,,,,,,,,0,,,,,,,,,,,,,,,,,,,,,0,,,,,0,1,0,2,0,0,0,0,0,0,0,0,0,2,,,,,,,,,,,,,,,,,,,0,,,,,,,,,,0,cl_ben_face_25-308.jpg,2,0,0,0,0,0,0,0,0,0,0,1,2,,0,0,0,0,0,0,0,0,0,0,0,,0,0,0,0,0,0,0,0,0,0,0,,,,,0,1,2022-03-07,2,,,2,1,2022-03-28,1,,,2,,,,,,,0,,,,,,,,,,,,,,,,,,,,,,,,,,,,,,,,,,,0,,,,,,,,,,,,,,,,,,,,,,,,,,,,,,,,,,,0,,,,,,,,,,,,,,,,,,,,,,,,,,,,,,,,,,,0,,,,,,,,,,,,,,,,,,,0,,,,,,,,,,,,,,,,,,,0,,,,,,,,,,,,,,,,,,,0
25-309,"2022-03-05 14:04:28",1,1,0,0,2,2,,,0,,,0,,,,,,,,,0,0,0,0,0,0,0,0,0,0,0,0,0,,,,,,,,,,,,,,,,,,,,,,,,,,,,,,,,,,,,,,,,,,,,,,,,,,,,,,,,,,,,0,,0,0,0,0,0,0,0,0,0,0,0,0,0,0,0,0,0,0,0,0,0,0,0,0,0,0,0,0,0,0,0,0,0,0,0,0,0,0,0,0,0,0,0,0,0,0,0,0,0,0,0,0,0,0,0,0,0,0,0,0,0,0,0,0,0,,,,,,,,,,,,,,,,,0,,,,,,,,,0,0,0,0,0,0,,0,0,0,0,,0,0,0,0,0,0,0,0,0,0,0,0,0,0,0,0,,,,,,,,,,,,,,,,,,0,0,0,0,0,0,,0,0,0,0,,,,,,,,,,,,,,0,,,,,,,,,,,,,,,,,,,,,,,,0,,,0,,,0,,,,,,,,,,,,,,,,,,,,,0,,,,,,,,,,,,,,,,,,,,,,,,,,,,,,,,,,,0,,,,,,,,,,,,,,,,,,,,,0,,,,,0,,,0,,,,,,,,,,0,,,,,,,,,,,,,,,,,,,0,,,,,,,,,,0,,0,,0,0,0,0,0,0,0,0,0,0,0,,0,0,0,0,0,0,0,0,0,0,0,,0,0,0,0,0,0,0,0,0,0,0,,,,,0,,,,,,0,,,,,,0,,,,,,,0,,,,,,,,,,,,,,,,,,,,,,,,,,,,,,,,,,,0,,,,,,,,,,,,,,,,,,,,,,,,,,,,,,,,,,,0,,,,,,,,,,,,,,,,,,,,,,,,,,,,,,,,,,,0,,,,,,,,,,,,,,,,,,,0,,,,,,,,,,,,,,,,,,,0,,,,,,,,,,,,,,,,,,,0
25-310,"2022-03-10 14:04:52",1,1,0,0,2,2,,,0,,,0,,,,,,,,,0,0,0,0,0,0,0,0,0,0,0,0,0,,,,,,,,,,,,,,,,,,,,,,,,,,,,,,,,,,,,,,,,,,,,,,,,,,,,,,,,,,,,0,,0,0,0,0,0,0,0,0,0,0,0,0,0,0,0,0,0,0,0,0,0,0,0,0,0,0,0,0,0,0,0,0,0,0,0,0,0,0,0,0,0,0,0,0,0,0,0,0,0,0,0,0,0,0,0,0,0,0,0,0,0,0,0,0,0,,,,,,,,,,,,,,,,,0,,,,,,,,,0,0,0,0,0,0,,0,0,0,0,,0,0,0,0,0,0,0,0,0,0,0,0,0,0,0,0,,,,,,,,,,,,,,,,,,0,0,0,0,0,0,,0,0,0,0,,,,,,,,,,,,,,0,,,,,,,,,,,,,,,,,,,,,,,,0,,,0,,,0,,,,,,,,,,,,,,,,,,,,,0,,,,,,,,,,,,,,,,,,,,,,,,,,,,,,,,,,,0,,,,,,,,,,,,,,,,,,,,,0,,,,,0,,,0,,,,,,,,,,0,,,,,,,,,,,,,,,,,,,0,,,,,,,,,,0,,0,,0,0,0,0,0,0,0,0,0,0,0,,0,0,0,0,0,0,0,0,0,0,0,,0,0,0,0,0,0,0,0,0,0,0,,,,,0,,,,,,0,,,,,,0,,,,,,,0,,,,,,,,,,,,,,,,,,,,,,,,,,,,,,,,,,,0,,,,,,,,,,,,,,,,,,,,,,,,,,,,,,,,,,,0,,,,,,,,,,,,,,,,,,,,,,,,,,,,,,,,,,,0,,,,,,,,,,,,,,,,,,,0,,,,,,,,,,,,,,,,,,,0,,,,,,,,,,,,,,,,,,,0
25-311,"2022-02-12 10:11:23",1,1,0,0,1,2,1,1,2,2,50,2,2022-02-12,9,2,,90,,,,0,0,0,1,0,1,0,0,0,0,0,0,0,,,90,,60,,,,,,,,,0,,,,2,1,,,,,,,,,,2,0,,0,0,0,1,0,0,,0,,,1,67,179,36.8,86,97,68,22,97,15,1,0,1,2,20.91070815517618,1,0,0,2,1,1,1,1,1,1,1,1,1,0,0,0,0,0,0,0,0,0,0,0,0,0,0,0,0,0,0,0,0,0,0,0,0,0,0,0,0,0,0,0,0,0,0,0,0,0,0,0,0,0,0,0,0,0,0,0,0,0,0,0,0,0,0,0,0,2,1,,2,3,,,1,,,,,,1,9.4,85,4.8,2,1,,,1,1,0,0,,0,0,0,0,0,0,0,1,0,0,2,0,0,0,0,0,0,0,0,0,0,0,0,0,0,0,0,0,,,,,,,,,,,,,,,,,,0,0,0,0,0,0,,0,0,0,2,1,"2022-02-12 09:23","2022-02-12 11:55",1,"2022-02-12 15:20",1,1,1,"2022-02-12 08:24","2022-02-12 15:20",1,"2022-02-12 14:00","2022-02-12 15:20",2,4,5,5,5,5,4,5,5,5,5,1,1,5,5,1,5,5,1,5,5,1,5,5,2,25-311_cl_COT_ca_E.zip,1,2,1,0,2,4,3,3,4,3,4,4,3,4,3,3,3,3,4,0,,,,,,2,,,,,,,,,,,,,,,,,,,,,,,,,,,,,,,,,,,0,,,,,,,,,,,,,,,,,,,,,0,,,,,0,1,0,2,0,0,0,0,0,0,0,0,0,2,,,,,,,,,,,,,,,,,,,0,,,,,,,,,,0,cl_ben_face_25-311.jpg,2,0,1,1,0,1,1,0,0,0,0,0,2,,0,0,0,0,0,0,0,0,0,0,0,,0,0,0,0,0,0,0,0,0,0,0,,,,,0,1,2022-02-19,2,,,2,,,,,,0,2023-02-20,0,,,,,1,,,,,,,,,,,,,,,,,,,,,,,,,,,,,,,,,,,0,,,,,,,,,,,,,,,,,,,,,,,,,,,,,,,,,,,0,,,,,,,,,,,,,,,,,,,,,,,,,,,,,,,,,,,0,,,,,,,,,,,,,,,,,,,0,,,,,,,,,,,,,,,,,,,0,,,,,,,,,,,,,,,,,,,0
25-312,"2021-10-19 09:10:39",1,1,0,0,1,2,1,1,2,2,45,2,2021-10-19,9,2,,30,,,,1,0,1,0,0,1,1,1,1,0,0,1,0,30,,21,30,,,30,30,30,,,30,,1,0,0,0,2,2,2012,0,,3,,5,,,,1,0,,0,0,0,1,0,0,,0,,,1,53.4,184,36.6,86,74,54,22,99,15,1,0,1,2,15.772684310018903,2,0,0,2,,0,0,0,0,0,0,0,0,0,0,0,0,0,0,0,0,0,0,0,0,0,0,0,0,0,0,0,0,0,0,0,0,0,0,0,0,0,0,0,0,0,0,0,0,0,0,0,0,0,0,0,0,0,0,0,0,0,0,0,0,0,0,0,0,0,1,,1,3,,,1,,,,,,1,7.5,68,19.3,2,1,,,12,0,,1,12,1,0,0,1,0,0,0,1,0,0,2,,0,0,0,0,0,0,0,0,0,0,0,0,0,0,0,0,,,,,,,,,,,,,,,,,,0,0,0,0,0,0,,0,0,0,0,1,"2021-10-18 09:37","2021-10-18 11:55",1,"2021-10-18 15:20",1,1,1,"2021-10-18 08:32","2021-10-18 15:20",1,"2021-10-18 12:45","2021-10-18 15:20",2,4,6,6,6,6,4,6,6,6,6,1,1,6,6,1,6,6,1,6,6,1,6,6,2,,,0,1,0,2,4,3,3,4,3,0,3,0,3,3,4,3,0,0,0,,,,,,2,,,,,,,,,,,,,,,,,,,,,,,,,,,,,,,,,,,0,,,,,,,,,,,,,,,,,,,,,0,,,,,0,1,0,2,0,1,0,0,0,0,0,0,1,2,,,,,,,,,,,,,,,,,,,0,,,,,,,,,,0,cl_ben_face_25-312.jpg,2,0,0,0,0,0,0,0,0,0,0,1,2,,0,0,0,0,0,0,0,0,0,0,0,,0,0,0,0,0,0,0,0,0,0,0,,,,,0,1,2021-10-31,2,,,2,1,2021-11-20,1,,,2,,,,,,,0,,,,,,,,,,,,,,,,,,,,,,,,,,,,,,,,,,,0,,,,,,,,,,,,,,,,,,,,,,,,,,,,,,,,,,,0,,,,,,,,,,,,,,,,,,,,,,,,,,,,,,,,,,,0,,,,,,,,,,,,,,,,,,,0,,,,,,,,,,,,,,,,,,,0,,,,,,,,,,,,,,,,,,,0
25-313,"2021-12-14 09:53:03",1,1,0,0,1,2,1,1,2,2,62,2,2021-12-14,10,2,,14,,,,0,0,1,0,0,1,1,1,1,0,1,1,0,,,14,7,,,14,14,14,,14,14,,0,,,,1,1,,,,,,,,,,2,0,,0,0,0,1,0,0,,0,,,1,53.5,170,36.7,80,136,101,26,93,15,1,0,0,1,18.5121107266436,2,0,0,2,,0,0,0,0,0,0,0,0,0,0,0,0,0,0,0,0,0,0,0,0,0,0,0,0,0,0,0,0,0,0,0,0,0,0,0,0,0,0,0,0,0,0,0,0,0,0,0,0,0,0,0,0,0,0,0,0,0,0,0,0,0,0,0,0,0,2,36.0,1,3,,,1,,,,,,1,13.6,83,4.1,2,2,1,,9,0,,1,6,1,0,0,1,0,0,1,0,0,1,2,0,0,0,0,0,0,0,0,0,0,0,0,0,0,0,0,0,,,,,,,,,,,,,,,,,,0,0,0,0,0,0,,0,0,0,2,1,"2021-12-14 09:17","2021-12-14 11:05",1,"2021-12-14 13:50",1,1,1,"2021-12-14 08:51","2021-12-14 13:50",1,"2021-12-14 12:45","2021-12-14 13:50",2,4,7,7,7,7,4,7,7,7,7,1,1,7,7,1,7,7,1,7,7,1,7,7,2,,,0,1,0,2,0,0,0,0,3,0,0,3,0,0,0,0,0,0,0,,,,,,2,,,,,,,,,,,,,,,,,,,,,,,,,,,,,,,,,,,0,,,,,,,,,,,,,,,,,,,,,0,,,,,0,1,0,2,0,0,0,0,0,0,0,0,0,2,,,,,,,,,,,,,,,,,,,0,,,,,,,,,,0,cl_ben_face_25-313.jpg,2,1,0,0,0,0,0,0,0,0,0,0,2,,0,0,0,0,0,0,0,0,0,0,0,,0,0,0,0,0,0,0,0,0,0,0,,,,,0,1,2021-12-25,2,,,2,1,2022-01-15,1,,,2,,,,,,,0,,,,,,,,,,,,,,,,,,,,,,,,,,,,,,,,,,,0,,,,,,,,,,,,,,,,,,,,,,,,,,,,,,,,,,,0,,,,,,,,,,,,,,,,,,,,,,,,,,,,,,,,,,,0,,,,,,,,,,,,,,,,,,,0,,,,,,,,,,,,,,,,,,,0,,,,,,,,,,,,,,,,,,,0
25-314,"2021-12-27 10:03:08",1,1,0,0,1,2,1,1,2,2,48,2,2021-12-27,7,2,,21,,,,0,0,0,0,0,1,1,1,1,0,0,0,1,,,90,,,,21,21,21,,,,21,0,,,,1,1,,,,,,,,,,3,0,,0,0,0,1,0,0,,0,,,1,67.2,180,36.8,57,122,78,28,98,15,1,0,0,1,20.74074074074074,4,0,0,2,1,0,0,1,1,0,0,0,0,0,0,0,0,0,0,0,0,1,1,0,0,0,0,0,0,0,0,0,0,0,0,0,0,0,0,0,0,0,0,0,0,0,0,0,0,0,0,0,0,0,0,0,0,0,0,0,0,0,0,0,0,0,0,0,0,2,1,,1,3,,,1,,,,,,1,14.7,90,5.9,2,1,,,,0,,,,0,0,0,0,0,0,0,1,0,0,0,,0,0,0,0,0,0,0,0,0,0,0,0,0,0,0,0,,,,,,,,,,,,,,,,,,0,0,0,0,0,0,,0,0,0,0,1,"2021-12-27 09:06","2021-12-27 11:05",1,"2021-12-27 13:15",1,1,1,"2021-12-27 08:50","2021-12-27 13:15",1,"2021-12-27 12:50","2021-12-27 13:15",2,4,8,8,8,8,4,8,8,8,8,1,1,8,8,1,8,8,1,8,8,1,8,8,2,25-314_cl_COT_ca_E.zip,1,2,1,0,2,0,3,0,0,3,0,0,0,0,3,5,0,0,0,0,,,,,,2,,,,,,,,,,,,,,,,,,,,,,,,,,,,,,,,,,,0,,,,,,,,,,,,,,,,,,,,,0,,,,,0,1,0,2,0,0,0,0,0,0,0,0,0,2,,,,,,,,,,,,,,,,,,,0,,,,,,,,,,0,cl_ben_face_25-314.jpg,2,1,0,0,0,0,0,0,0,0,0,0,2,,0,0,0,0,0,0,0,0,0,0,0,,0,0,0,0,0,0,0,0,0,0,0,,,,,0,1,2022-01-03,3,,,2,1,2022-01-24,3,,,2,,,,,,,0,,,,,,,,,,,,,,,,,,,,,,,,,,,,,,,,,,,0,,,,,,,,,,,,,,,,,,,,,,,,,,,,,,,,,,,0,,,,,,,,,,,,,,,,,,,,,,,,,,,,,,,,,,,0,,,,,,,,,,,,,,,,,,,0,,,,,,,,,,,,,,,,,,,0,,,,,,,,,,,,,,,,,,,0
25-315,"2022-01-13 10:32:48",1,1,0,1,,2,,,0,,,0,,,,,,,,,0,0,0,0,0,0,0,0,0,0,0,0,0,,,,,,,,,,,,,,,,,,,,,,,,,,,,,,,,,,,,,,,,,,,,,,,,,,,,,,,,,,,,0,,0,0,0,0,0,0,0,0,0,0,0,0,0,0,0,0,0,0,0,0,0,0,0,0,0,0,0,0,0,0,0,0,0,0,0,0,0,0,0,0,0,0,0,0,0,0,0,0,0,0,0,0,0,0,0,0,0,0,0,0,0,0,0,0,0,,,,,,,,,,,,,,,,,0,,,,,,,,,0,0,0,0,0,0,,0,0,0,0,,0,0,0,0,0,0,0,0,0,0,0,0,0,0,0,0,,,,,,,,,,,,,,,,,,0,0,0,0,0,0,,0,0,0,0,,,,,,,,,,,,,,0,,,,,,,,,,,,,,,,,,,,,,,,0,,,0,,,0,,,,,,,,,,,,,,,,,,,,,0,,,,,,,,,,,,,,,,,,,,,,,,,,,,,,,,,,,0,,,,,,,,,,,,,,,,,,,,,0,,,,,0,,,0,,,,,,,,,,0,,,,,,,,,,,,,,,,,,,0,,,,,,,,,,0,,0,,0,0,0,0,0,0,0,0,0,0,0,,0,0,0,0,0,0,0,0,0,0,0,,0,0,0,0,0,0,0,0,0,0,0,,,,,0,,,,,,0,,,,,,0,,,,,,,0,,,,,,,,,,,,,,,,,,,,,,,,,,,,,,,,,,,0,,,,,,,,,,,,,,,,,,,,,,,,,,,,,,,,,,,0,,,,,,,,,,,,,,,,,,,,,,,,,,,,,,,,,,,0,,,,,,,,,,,,,,,,,,,0,,,,,,,,,,,,,,,,,,,0,,,,,,,,,,,,,,,,,,,0
25-316,"2022-02-08 10:33:19",1,1,0,1,,2,,,0,,,0,,,,,,,,,0,0,0,0,0,0,0,0,0,0,0,0,0,,,,,,,,,,,,,,,,,,,,,,,,,,,,,,,,,,,,,,,,,,,,,,,,,,,,,,,,,,,,0,,0,0,0,0,0,0,0,0,0,0,0,0,0,0,0,0,0,0,0,0,0,0,0,0,0,0,0,0,0,0,0,0,0,0,0,0,0,0,0,0,0,0,0,0,0,0,0,0,0,0,0,0,0,0,0,0,0,0,0,0,0,0,0,0,0,,,,,,,,,,,,,,,,,0,,,,,,,,,0,0,0,0,0,0,,0,0,0,0,,0,0,0,0,0,0,0,0,0,0,0,0,0,0,0,0,,,,,,,,,,,,,,,,,,0,0,0,0,0,0,,0,0,0,0,,,,,,,,,,,,,,0,,,,,,,,,,,,,,,,,,,,,,,,0,,,0,,,0,,,,,,,,,,,,,,,,,,,,,0,,,,,,,,,,,,,,,,,,,,,,,,,,,,,,,,,,,0,,,,,,,,,,,,,,,,,,,,,0,,,,,0,,,0,,,,,,,,,,0,,,,,,,,,,,,,,,,,,,0,,,,,,,,,,0,,0,,0,0,0,0,0,0,0,0,0,0,0,,0,0,0,0,0,0,0,0,0,0,0,,0,0,0,0,0,0,0,0,0,0,0,,,,,0,,,,,,0,,,,,,0,,,,,,,0,,,,,,,,,,,,,,,,,,,,,,,,,,,,,,,,,,,0,,,,,,,,,,,,,,,,,,,,,,,,,,,,,,,,,,,0,,,,,,,,,,,,,,,,,,,,,,,,,,,,,,,,,,,0,,,,,,,,,,,,,,,,,,,0,,,,,,,,,,,,,,,,,,,0,,,,,,,,,,,,,,,,,,,0
25-317,"2022-04-01 10:33:53",1,1,0,0,1,2,1,1,2,2,18,2,2022-04-01,6,2,,9,,,,0,0,1,0,0,0,0,1,1,1,1,0,0,,,,9,,,,9,9,9,7,,,0,,,,3,1,,,,,,,,,,4,0,,0,0,,1,0,0,,0,,,1,52.8,164,36.9,71,112,67,34,98,15,1,0,0,1,19.631171921475314,2,0,0,2,1,0,0,0,0,0,0,0,0,0,0,0,0,1,1,1,1,0,0,0,0,0,0,0,0,0,0,0,0,0,0,0,0,0,0,0,0,0,0,0,0,0,0,0,0,0,0,0,0,0,0,0,0,0,0,0,0,0,0,0,0,0,0,0,0,2,2,24.7,1,3,,,1,,,,,,2,14.3,75,4.7,2,1,,,9,0,,1,6,0,0,0,1,0,0,0,1,0,0,2,,0,0,0,0,0,0,0,0,0,0,0,0,0,0,0,0,,,,,,,,,,,,,,,,,,0,0,0,0,0,0,,0,0,0,0,1,"2022-04-01 09:28","2022-04-01 12:20",1,"2022-04-01 13:15",1,1,1,"2022-04-01 09:20","2022-04-01 13:15",1,"2022-04-01 10:30","2022-04-01 13:15",2,4,9,9,9,9,4,9,9,9,9,1,1,9,9,1,9,9,1,9,9,1,9,9,2,25-317_cl_COT_ca_E.zip,1,2,1,0,2,0,0,0,0,3,0,0,0,0,0,0,0,0,0,0,,,,,,2,,,,,,,,,,,,,,,,,,,,,,,,,,,,,,,,,,,0,,,,,,,,,,,,,,,,,,,,,0,,,,,0,1,0,2,0,0,0,0,0,0,0,0,0,2,,,,,,,,,,,,,,,,,,,0,,,,,,,,,,0,cl_ben_face_25-317.jpg,2,1,0,0,0,0,0,0,0,0,0,0,2,,0,0,0,0,0,0,0,0,0,0,0,,0,0,0,0,0,0,0,0,0,0,0,,,,,0,1,2022-04-14,2,,,2,1,2022-04-29,2,,,2,,,,,,,0,,,,,,,,,,,,,,,,,,,,,,,,,,,,,,,,,,,0,,,,,,,,,,,,,,,,,,,,,,,,,,,,,,,,,,,0,,,,,,,,,,,,,,,,,,,,,,,,,,,,,,,,,,,0,,,,,,,,,,,,,,,,,,,0,,,,,,,,,,,,,,,,,,,0,,,,,,,,,,,,,,,,,,,0
25-318,"2022-02-05 13:15:20",1,1,0,0,3,2,,,0,,,0,,,,,,,,,0,0,0,0,0,0,0,0,0,0,0,0,0,,,,,,,,,,,,,,,,,,,,,,,,,,,,,,,,,,,,,,,,,,,,,,,,,,,,,,,,,,,,0,,0,0,0,0,0,0,0,0,0,0,0,0,0,0,0,0,0,0,0,0,0,0,0,0,0,0,0,0,0,0,0,0,0,0,0,0,0,0,0,0,0,0,0,0,0,0,0,0,0,0,0,0,0,0,0,0,0,0,0,0,0,0,0,0,0,,,,,,,,,,,,,,,,,0,,,,,,,,,0,0,0,0,0,0,,0,0,0,0,,0,0,0,0,0,0,0,0,0,0,0,0,0,0,0,0,,,,,,,,,,,,,,,,,,0,0,0,0,0,0,,0,0,0,0,,,,,,,,,,,,,,0,,,,,,,,,,,,,,,,,,,,,,,,0,,,0,,,0,,,,,,,,,,,,,,,,,,,,,0,,,,,,,,,,,,,,,,,,,,,,,,,,,,,,,,,,,0,,,,,,,,,,,,,,,,,,,,,0,,,,,0,,,0,,,,,,,,,,0,,,,,,,,,,,,,,,,,,,0,,,,,,,,,,0,,0,,0,0,0,0,0,0,0,0,0,0,0,,0,0,0,0,0,0,0,0,0,0,0,,0,0,0,0,0,0,0,0,0,0,0,,,,,0,,,,,,0,,,,,,0,,,,,,,0,,,,,,,,,,,,,,,,,,,,,,,,,,,,,,,,,,,0,,,,,,,,,,,,,,,,,,,,,,,,,,,,,,,,,,,0,,,,,,,,,,,,,,,,,,,,,,,,,,,,,,,,,,,0,,,,,,,,,,,,,,,,,,,0,,,,,,,,,,,,,,,,,,,0,,,,,,,,,,,,,,,,,,,0
25-319,"2022-04-09 13:15:44",1,1,0,1,,2,,,0,,,0,,,,,,,,,0,0,0,0,0,0,0,0,0,0,0,0,0,,,,,,,,,,,,,,,,,,,,,,,,,,,,,,,,,,,,,,,,,,,,,,,,,,,,,,,,,,,,0,,0,0,0,0,0,0,0,0,0,0,0,0,0,0,0,0,0,0,0,0,0,0,0,0,0,0,0,0,0,0,0,0,0,0,0,0,0,0,0,0,0,0,0,0,0,0,0,0,0,0,0,0,0,0,0,0,0,0,0,0,0,0,0,0,0,,,,,,,,,,,,,,,,,0,,,,,,,,,0,0,0,0,0,0,,0,0,0,0,,0,0,0,0,0,0,0,0,0,0,0,0,0,0,0,0,,,,,,,,,,,,,,,,,,0,0,0,0,0,0,,0,0,0,0,,,,,,,,,,,,,,0,,,,,,,,,,,,,,,,,,,,,,,,0,,,0,,,0,,,,,,,,,,,,,,,,,,,,,0,,,,,,,,,,,,,,,,,,,,,,,,,,,,,,,,,,,0,,,,,,,,,,,,,,,,,,,,,0,,,,,0,,,0,,,,,,,,,,0,,,,,,,,,,,,,,,,,,,0,,,,,,,,,,0,,0,,0,0,0,0,0,0,0,0,0,0,0,,0,0,0,0,0,0,0,0,0,0,0,,0,0,0,0,0,0,0,0,0,0,0,,,,,0,,,,,,0,,,,,,0,,,,,,,0,,,,,,,,,,,,,,,,,,,,,,,,,,,,,,,,,,,0,,,,,,,,,,,,,,,,,,,,,,,,,,,,,,,,,,,0,,,,,,,,,,,,,,,,,,,,,,,,,,,,,,,,,,,0,,,,,,,,,,,,,,,,,,,0,,,,,,,,,,,,,,,,,,,0,,,,,,,,,,,,,,,,,,,0
25-320,"2021-08-30 13:16:15",1,1,0,1,,2,,,0,,,0,,,,,,,,,0,0,0,0,0,0,0,0,0,0,0,0,0,,,,,,,,,,,,,,,,,,,,,,,,,,,,,,,,,,,,,,,,,,,,,,,,,,,,,,,,,,,,0,,0,0,0,0,0,0,0,0,0,0,0,0,0,0,0,0,0,0,0,0,0,0,0,0,0,0,0,0,0,0,0,0,0,0,0,0,0,0,0,0,0,0,0,0,0,0,0,0,0,0,0,0,0,0,0,0,0,0,0,0,0,0,0,0,0,,,,,,,,,,,,,,,,,0,,,,,,,,,0,0,0,0,0,0,,0,0,0,0,,0,0,0,0,0,0,0,0,0,0,0,0,0,0,0,0,,,,,,,,,,,,,,,,,,0,0,0,0,0,0,,0,0,0,0,,,,,,,,,,,,,,0,,,,,,,,,,,,,,,,,,,,,,,,0,,,0,,,0,,,,,,,,,,,,,,,,,,,,,0,,,,,,,,,,,,,,,,,,,,,,,,,,,,,,,,,,,0,,,,,,,,,,,,,,,,,,,,,0,,,,,0,,,0,,,,,,,,,,0,,,,,,,,,,,,,,,,,,,0,,,,,,,,,,0,,0,,0,0,0,0,0,0,0,0,0,0,0,,0,0,0,0,0,0,0,0,0,0,0,,0,0,0,0,0,0,0,0,0,0,0,,,,,0,,,,,,0,,,,,,0,,,,,,,0,,,,,,,,,,,,,,,,,,,,,,,,,,,,,,,,,,,0,,,,,,,,,,,,,,,,,,,,,,,,,,,,,,,,,,,0,,,,,,,,,,,,,,,,,,,,,,,,,,,,,,,,,,,0,,,,,,,,,,,,,,,,,,,0,,,,,,,,,,,,,,,,,,,0,,,,,,,,,,,,,,,,,,,0
25-321,"2021-08-17 09:36:11",1,1,0,0,1,2,1,1,2,1,45,0,2021-08-17,9,2,,7,,,,1,0,1,1,1,1,1,1,1,1,0,0,0,7,,3,7,7,7,7,7,7,7,,,,0,,,,1,1,,,,,,,,,,1,0,,0,0,0,1,0,0,,0,,,1,46.6,150,37.2,115,122,92,24,98,15,1,0,0,1,20.711111111111112,2,0,0,2,1,0,0,0,0,0,0,0,0,0,0,0,0,0,0,0,0,1,1,0,1,0,0,1,1,0,0,0,0,0,0,0,0,0,0,0,0,0,0,0,0,0,0,0,0,0,0,0,0,0,0,0,0,0,0,0,0,0,0,0,0,0,0,0,0,2,1,,1,3,,,2,2,,,,,1,10.2,77,10.0,0,,,,,,,,,0,0,0,0,0,0,,0,0,0,0,,0,0,0,0,0,0,0,0,0,0,0,0,0,0,0,0,,,,,,,,,,,,,,,,,,0,0,0,0,0,0,,0,0,0,0,1,"2021-08-17 09:30","2021-08-17 11:56",1,"2021-08-17 13:06",1,1,1,"2021-08-17 08:41","2021-08-17 13:06",1,"2021-08-17 12:20","2021-08-17 13:06",2,4,10,10,10,10,4,10,10,10,10,1,1,10,10,1,10,10,1,10,10,1,10,10,2,25-321_cl_COT_ca_E.zip,1,2,1,0,2,0,0,0,0,0,0,3,0,0,3,0,0,0,0,0,,,,,,2,,,,,,,,,,,,,,,,,,,,,,,,,,,,,,,,,,,0,,,,,,,,,,,,,,,,,,,,,0,,,,,0,1,0,2,1,1,0,0,0,0,0,0,0,2,,,,,,,,,,,,,,,,,,,0,,,,,,,,,,0,,0,,0,0,0,0,0,0,0,0,0,0,0,,0,0,0,0,0,0,0,0,0,0,0,,0,0,0,0,0,0,0,0,0,0,0,,,,,0,,,,,,0,,,,,,0,,,,,,,0,,,,,,,,,,,,,,,,,,,,,,,,,,,,,,,,,,,0,,,,,,,,,,,,,,,,,,,,,,,,,,,,,,,,,,,0,,,,,,,,,,,,,,,,,,,,,,,,,,,,,,,,,,,0,,,,,,,,,,,,,,,,,,,0,,,,,,,,,,,,,,,,,,,0,,,,,,,,,,,,,,,,,,,0
25-322,"2021-11-14 10:00:50",1,1,0,0,1,2,1,1,2,2,37,2,2021-11-14,9,2,,21,,,,0,0,1,1,0,0,0,0,0,0,0,0,0,,,,7,21,,,,,,,,,0,,,,2,1,,,,,,,,,,4,0,,0,0,0,1,0,1,2021-07-31,0,,,1,77,180,36.8,84,122,80,28,99,15,1,0,0,1,23.765432098765434,2,0,0,2,0,0,0,0,0,0,0,0,0,0,0,0,0,0,0,0,0,0,0,0,0,0,0,0,0,0,0,0,0,0,0,0,0,0,0,0,0,0,0,0,0,0,0,0,0,0,0,0,0,0,0,0,0,0,0,0,0,0,0,0,0,0,0,0,0,2,1,,1,3,,,1,,,,,,2,13.8,86,4.7,2,1,,,11,0,,1,10,0,0,0,1,0,0,0,1,0,0,2,,0,0,0,0,0,0,0,0,0,0,0,0,0,0,0,0,,,,,,,,,,,,,,,,,,0,0,0,0,0,0,,0,0,0,0,1,"2021-11-14 09:25","2021-11-14 11:56",1,"2021-11-14 13:06",1,1,1,"2021-08-02 08:22","2021-11-14 13:06",1,"2021-11-14 12:45","2021-11-14 13:06",2,4,11,11,11,11,4,11,11,11,11,1,1,11,11,1,11,11,1,11,11,1,11,11,2,25-322_cl_COT_ca_E.zip,1,2,1,0,2,0,0,0,0,3,0,0,3,0,0,0,0,0,0,0,,,,,,2,,,,,,,,,,,,,,,,,,,,,,,,,,,,,,,,,,,0,,,,,,,,,,,,,,,,,,,,,0,,,,,0,1,0,2,3,2,0,0,0,0,0,0,0,2,,,,,,,,,,,,,,,,,,,0,,,,,,,,,,0,cl_ben_face_25-322.jpg,2,1,0,0,0,0,0,0,0,0,0,0,2,,0,0,0,0,0,0,0,0,0,0,0,,0,0,0,0,0,0,0,0,0,0,0,,,,,0,1,2021-11-26,2,,,2,1,2021-12-14,1,,,2,,,,,,,0,,,,,,,,,,,,,,,,,,,,,,,,,,,,,,,,,,,0,,,,,,,,,,,,,,,,,,,,,,,,,,,,,,,,,,,0,,,,,,,,,,,,,,,,,,,,,,,,,,,,,,,,,,,0,,,,,,,,,,,,,,,,,,,0,,,,,,,,,,,,,,,,,,,0,,,,,,,,,,,,,,,,,,,0
25-323,"2021-06-16 18:22:51",1,1,0,0,2,2,,,0,,,0,,,,,,,,,0,0,0,0,0,0,0,0,0,0,0,0,0,,,,,,,,,,,,,,,,,,,,,,,,,,,,,,,,,,,,,,,,,,,,,,,,,,,,,,,,,,,,0,,0,0,0,0,0,0,0,0,0,0,0,0,0,0,0,0,0,0,0,0,0,0,0,0,0,0,0,0,0,0,0,0,0,0,0,0,0,0,0,0,0,0,0,0,0,0,0,0,0,0,0,0,0,0,0,0,0,0,0,0,0,0,0,0,0,,,,,,,,,,,,,,,,,0,,,,,,,,,0,0,0,0,0,0,,0,0,0,0,,0,0,0,0,0,0,0,0,0,0,0,0,0,0,0,0,,,,,,,,,,,,,,,,,,0,0,0,0,0,0,,0,0,0,0,,,,,,,,,,,,,,0,,,,,,,,,,,,,,,,,,,,,,,,0,,,0,,,0,,,,,,,,,,,,,,,,,,,,,0,,,,,,,,,,,,,,,,,,,,,,,,,,,,,,,,,,,0,,,,,,,,,,,,,,,,,,,,,0,,,,,0,,,0,,,,,,,,,,0,,,,,,,,,,,,,,,,,,,0,,,,,,,,,,0,,0,,0,0,0,0,0,0,0,0,0,0,0,,0,0,0,0,0,0,0,0,0,0,0,,0,0,0,0,0,0,0,0,0,0,0,,,,,0,,,,,,0,,,,,,0,,,,,,,0,,,,,,,,,,,,,,,,,,,,,,,,,,,,,,,,,,,0,,,,,,,,,,,,,,,,,,,,,,,,,,,,,,,,,,,0,,,,,,,,,,,,,,,,,,,,,,,,,,,,,,,,,,,0,,,,,,,,,,,,,,,,,,,0,,,,,,,,,,,,,,,,,,,0,,,,,,,,,,,,,,,,,,,0
25-324,"2022-04-06 18:23:12",1,1,0,0,2,2,,,0,,,0,,,,,,,,,0,0,0,0,0,0,0,0,0,0,0,0,0,,,,,,,,,,,,,,,,,,,,,,,,,,,,,,,,,,,,,,,,,,,,,,,,,,,,,,,,,,,,0,,0,0,0,0,0,0,0,0,0,0,0,0,0,0,0,0,0,0,0,0,0,0,0,0,0,0,0,0,0,0,0,0,0,0,0,0,0,0,0,0,0,0,0,0,0,0,0,0,0,0,0,0,0,0,0,0,0,0,0,0,0,0,0,0,0,,,,,,,,,,,,,,,,,0,,,,,,,,,0,0,0,0,0,0,,0,0,0,0,,0,0,0,0,0,0,0,0,0,0,0,0,0,0,0,0,,,,,,,,,,,,,,,,,,0,0,0,0,0,0,,0,0,0,0,,,,,,,,,,,,,,0,,,,,,,,,,,,,,,,,,,,,,,,0,,,0,,,0,,,,,,,,,,,,,,,,,,,,,0,,,,,,,,,,,,,,,,,,,,,,,,,,,,,,,,,,,0,,,,,,,,,,,,,,,,,,,,,0,,,,,0,,,0,,,,,,,,,,0,,,,,,,,,,,,,,,,,,,0,,,,,,,,,,0,,0,,0,0,0,0,0,0,0,0,0,0,0,,0,0,0,0,0,0,0,0,0,0,0,,0,0,0,0,0,0,0,0,0,0,0,,,,,0,,,,,,0,,,,,,0,,,,,,,0,,,,,,,,,,,,,,,,,,,,,,,,,,,,,,,,,,,0,,,,,,,,,,,,,,,,,,,,,,,,,,,,,,,,,,,0,,,,,,,,,,,,,,,,,,,,,,,,,,,,,,,,,,,0,,,,,,,,,,,,,,,,,,,0,,,,,,,,,,,,,,,,,,,0,,,,,,,,,,,,,,,,,,,0
25-325,"2022-03-23 18:23:33",1,1,0,0,2,2,,,0,,,0,,,,,,,,,0,0,0,0,0,0,0,0,0,0,0,0,0,,,,,,,,,,,,,,,,,,,,,,,,,,,,,,,,,,,,,,,,,,,,,,,,,,,,,,,,,,,,0,,0,0,0,0,0,0,0,0,0,0,0,0,0,0,0,0,0,0,0,0,0,0,0,0,0,0,0,0,0,0,0,0,0,0,0,0,0,0,0,0,0,0,0,0,0,0,0,0,0,0,0,0,0,0,0,0,0,0,0,0,0,0,0,0,0,,,,,,,,,,,,,,,,,0,,,,,,,,,0,0,0,0,0,0,,0,0,0,0,,0,0,0,0,0,0,0,0,0,0,0,0,0,0,0,0,,,,,,,,,,,,,,,,,,0,0,0,0,0,0,,0,0,0,0,,,,,,,,,,,,,,0,,,,,,,,,,,,,,,,,,,,,,,,0,,,0,,,0,,,,,,,,,,,,,,,,,,,,,0,,,,,,,,,,,,,,,,,,,,,,,,,,,,,,,,,,,0,,,,,,,,,,,,,,,,,,,,,0,,,,,0,,,0,,,,,,,,,,0,,,,,,,,,,,,,,,,,,,0,,,,,,,,,,0,,0,,0,0,0,0,0,0,0,0,0,0,0,,0,0,0,0,0,0,0,0,0,0,0,,0,0,0,0,0,0,0,0,0,0,0,,,,,0,,,,,,0,,,,,,0,,,,,,,0,,,,,,,,,,,,,,,,,,,,,,,,,,,,,,,,,,,0,,,,,,,,,,,,,,,,,,,,,,,,,,,,,,,,,,,0,,,,,,,,,,,,,,,,,,,,,,,,,,,,,,,,,,,0,,,,,,,,,,,,,,,,,,,0,,,,,,,,,,,,,,,,,,,0,,,,,,,,,,,,,,,,,,,0
25-326,"2022-02-12 18:23:56",1,1,0,0,2,2,,,0,,,0,,,,,,,,,0,0,0,0,0,0,0,0,0,0,0,0,0,,,,,,,,,,,,,,,,,,,,,,,,,,,,,,,,,,,,,,,,,,,,,,,,,,,,,,,,,,,,0,,0,0,0,0,0,0,0,0,0,0,0,0,0,0,0,0,0,0,0,0,0,0,0,0,0,0,0,0,0,0,0,0,0,0,0,0,0,0,0,0,0,0,0,0,0,0,0,0,0,0,0,0,0,0,0,0,0,0,0,0,0,0,0,0,0,,,,,,,,,,,,,,,,,0,,,,,,,,,0,0,0,0,0,0,,0,0,0,0,,0,0,0,0,0,0,0,0,0,0,0,0,0,0,0,0,,,,,,,,,,,,,,,,,,0,0,0,0,0,0,,0,0,0,0,,,,,,,,,,,,,,0,,,,,,,,,,,,,,,,,,,,,,,,0,,,0,,,0,,,,,,,,,,,,,,,,,,,,,0,,,,,,,,,,,,,,,,,,,,,,,,,,,,,,,,,,,0,,,,,,,,,,,,,,,,,,,,,0,,,,,0,,,0,,,,,,,,,,0,,,,,,,,,,,,,,,,,,,0,,,,,,,,,,0,,0,,0,0,0,0,0,0,0,0,0,0,0,,0,0,0,0,0,0,0,0,0,0,0,,0,0,0,0,0,0,0,0,0,0,0,,,,,0,,,,,,0,,,,,,0,,,,,,,0,,,,,,,,,,,,,,,,,,,,,,,,,,,,,,,,,,,0,,,,,,,,,,,,,,,,,,,,,,,,,,,,,,,,,,,0,,,,,,,,,,,,,,,,,,,,,,,,,,,,,,,,,,,0,,,,,,,,,,,,,,,,,,,0,,,,,,,,,,,,,,,,,,,0,,,,,,,,,,,,,,,,,,,0
25-327,"2022-02-17 10:55:33",1,1,0,0,1,2,1,1,2,2,73,2,2022-02-17,10,2,,40,,,,1,0,0,1,0,0,0,1,1,0,0,0,0,40,,,,32,,,9,40,,,,,0,,,,2,1,,,,,,,,,,1,0,,0,0,0,1,0,0,,0,,,1,58.4,173,37,116,128,83,28,98,15,1,0,0,1,19.51284707140232,3,0,0,2,1,0,0,0,0,0,0,1,1,0,0,1,1,0,1,0,0,0,0,0,0,0,0,0,0,0,0,0,0,0,0,0,0,0,0,0,0,0,0,0,0,0,0,0,0,0,0,0,0,0,0,0,0,0,0,0,0,0,0,0,0,0,0,0,0,2,1,,2,3,,,1,,,,,,1,13,81,7.8,2,1,,,1,1,0,0,,0,0,0,0,0,0,0,1,0,0,2,0,0,0,0,0,0,0,0,0,0,0,0,0,0,0,0,0,,,,,,,,,,,,,,,,,,0,0,0,0,0,0,,0,0,0,2,1,"2022-02-17 09:36","2022-02-17 11:58",1,"2022-02-17 15:33",1,1,1,"2022-02-17 09:10","2022-02-17 15:33",1,"2022-02-17 13:00","2022-02-17 15:33",2,4,12,12,12,12,4,12,12,12,12,1,1,12,12,1,12,12,1,12,12,1,12,12,2,25-327_cl_COT_ca_E.zip,1,2,1,0,2,0,0,0,0,0,0,0,3,4,0,0,0,4,0,0,,,,,,2,,,,,,,,,,,,,,,,,,,,,,,,,,,,,,,,,,,0,,,,,,,,,,,,,,,,,,,,,0,,,,,0,1,0,2,0,0,0,0,0,0,0,0,0,2,,,,,,,,,,,,,,,,,,,0,,,,,,,,,,0,cl_ben_face_25-327.jpg,2,0,0,0,0,1,1,0,0,0,0,0,2,,0,0,0,0,0,0,0,0,0,0,0,,0,0,0,0,0,0,0,0,0,0,0,,,,,0,1,2022-03-03,2,,,2,1,2022-03-18,2,,,2,2023-02-17,0,,,,,1,,,,,,,,,,,,,,,,,,,,,,,,,,,,,,,,,,,0,,,,,,,,,,,,,,,,,,,,,,,,,,,,,,,,,,,0,,,,,,,,,,,,,,,,,,,,,,,,,,,,,,,,,,,0,,,,,,,,,,,,,,,,,,,0,,,,,,,,,,,,,,,,,,,0,,,,,,,,,,,,,,,,,,,0
25-328,"2022-01-08 12:21:38",1,1,0,0,1,2,1,1,2,2,20,2,2022-01-08,10,2,,150,,,,1,0,1,1,1,1,0,1,1,1,1,1,0,150,,150,60,130,120,,150,120,120,130,14,,,,,,,1,,,,,,,,,,4,0,,0,0,0,1,0,0,,0,,,1,45.5,160,38.2,125,115,68,36,,15,1,0,0,1,17.7734375,4,0,0,2,1,0,0,0,0,0,0,0,0,0,0,0,0,0,0,0,0,1,1,1,0,1,1,0,1,0,0,0,0,0,0,0,0,0,0,0,0,0,0,0,0,0,0,0,0,0,0,0,0,0,0,0,0,0,0,0,0,0,0,0,0,0,0,0,0,2,1,,2,3,,,1,,,,,,1,11.4,71,8.8,2,1,,,1,1,0,0,,0,0,0,0,0,0,0,1,0,0,2,0,0,0,0,0,0,0,0,0,0,0,0,0,0,0,0,0,,,,,,,,,,,,,,,,,,0,0,0,0,0,0,,0,0,0,2,1,"2022-01-08 09:56","2022-01-08 11:58",1,"2022-01-08 15:33",1,1,1,"2022-01-08 09:02","2022-01-08 15:33",1,"2022-01-08 13:55","2022-01-08 15:33",2,4,13,13,13,13,4,13,13,13,13,1,1,13,13,1,13,13,1,13,13,1,13,13,2,25-328_cl_COT_ca_E.zip,1,2,1,0,2,4,0,3,4,3,4,4,4,4,4,4,0,4,4,0,,,,,,2,,,,,,,,,,,,,,,,,,,,,,,,,,,,,,,,,,,0,,,,,,,,,,,,,,,,,,,,,0,,,,,0,1,0,2,1,0,0,0,0,0,0,0,0,2,,,,,,,,,,,,,,,,,,,0,,,,,,,,,,0,cl_ben_face_25-328.jpg,2,0,1,1,0,1,1,0,0,0,0,0,2,,0,0,0,0,0,0,0,0,0,0,0,,0,0,0,0,0,0,0,0,0,0,0,,,,,0,1,2022-01-19,2,,,2,1,2022-02-06,2,,,2,2023-01-08,0,,,,,1,,,,,,,,,,,,,,,,,,,,,,,,,,,,,,,,,,,0,,,,,,,,,,,,,,,,,,,,,,,,,,,,,,,,,,,0,,,,,,,,,,,,,,,,,,,,,,,,,,,,,,,,,,,0,,,,,,,,,,,,,,,,,,,0,,,,,,,,,,,,,,,,,,,0,,,,,,,,,,,,,,,,,,,0
25-329,"2022-01-18 10:07:54",1,1,0,0,1,2,1,1,2,2,55,2,2022-01-18,7,2,,21,,,,0,0,0,1,0,0,0,0,0,0,0,1,1,,,,,21,,,,,,,21,30,0,,,,1,1,,,,,,,,,,1,0,,0,1,0,1,0,0,,0,,,1,91.9,173,36.8,70,146,91,22,95,15,1,0,0,1,30.70600420996358,2,1,0,2,0,0,0,0,0,0,0,0,0,0,0,0,0,0,0,0,0,0,0,0,0,0,0,0,0,0,0,0,0,0,0,0,0,0,0,0,0,0,0,0,0,0,0,0,0,0,0,0,0,0,0,0,0,0,0,0,0,0,0,0,0,0,0,0,0,2,1,,1,3,,,1,,,,,,1,13.2,92,4.4,2,1,,,11,0,,1,6,0,0,0,0,0,1,0,1,0,0,1,0,0,0,0,0,0,0,0,0,0,0,0,0,0,0,0,0,,,,,,,,,,,,,,,,,,0,0,0,0,0,0,,0,0,0,1,1,"2022-01-18 08:59","2022-01-18 12:24",1,"2022-01-18 14:19",1,1,1,"2022-01-18 08:44","2022-01-18 14:19",1,"2022-01-18 12:44","2022-01-18 14:19",2,4,14,14,14,14,4,14,14,14,14,1,1,14,14,1,14,14,1,14,14,1,14,14,2,25-329_cl_COT_ca_E.zip,1,2,1,0,2,0,0,3,0,3,0,0,0,0,0,0,0,0,0,0,,,,,,2,,,,,,,,,,,,,,,,,,,,,,,,,,,,,,,,,,,0,,,,,,,,,,,,,,,,,,,,,0,,,,,0,1,0,2,0,0,0,0,0,0,0,0,0,2,,,,,,,,,,,,,,,,,,,0,,,,,,,,,,0,cl_ben_face_25-329.jpg,2,1,0,0,0,0,0,0,0,0,0,0,2,,0,0,0,0,0,0,0,0,0,0,0,,0,0,0,0,0,0,0,0,0,0,0,,,,,0,1,2022-01-25,1,,,2,1,2022-02-12,2,,,2,,,,,,,0,,,,,,,,,,,,,,,,,,,,,,,,,,,,,,,,,,,0,,,,,,,,,,,,,,,,,,,,,,,,,,,,,,,,,,,0,,,,,,,,,,,,,,,,,,,,,,,,,,,,,,,,,,,0,,,,,,,,,,,,,,,,,,,0,,,,,,,,,,,,,,,,,,,0,,,,,,,,,,,,,,,,,,,0
25-330,"2021-12-26 13:24:45",1,1,0,0,1,2,1,1,2,1,60,2,2021-12-26,7,2,,730,,,,1,0,0,0,1,1,0,1,0,1,0,1,0,730,,365,,,730,,730,,730,,730,,0,,,,3,1,,,,,,,,,,1,0,,0,0,0,1,0,0,,0,,,1,49.1,163,36.6,82,148,96,26,99,15,1,0,0,1,18.48018367270127,1,0,0,2,1,0,0,1,1,1,1,1,0,0,0,0,0,0,0,0,0,0,0,0,0,0,0,0,0,0,0,0,0,0,0,0,0,0,0,0,0,0,0,0,0,0,0,0,0,0,0,0,0,0,0,0,0,0,0,0,0,0,0,0,0,0,0,0,0,2,1,,1,3,,,1,,,,,,1,11,79,4.6,2,1,,,3,1,0,0,,0,0,0,0,0,0,0,1,0,0,2,0,0,0,0,0,0,0,0,0,0,0,0,0,0,0,0,0,,,,,,,,,,,,,,,,,,0,0,0,0,0,0,,0,0,0,2,1,"2021-12-26 09:10","2021-12-26 12:24",1,"2021-12-26 14:19",1,1,1,"2021-12-26 08:50","2021-12-26 14:19",1,"2021-12-26 14:00","2021-12-26 14:19",2,4,15,15,15,15,4,15,15,15,15,1,1,15,15,1,15,15,1,15,15,1,15,15,2,25-330_cl_COT_ca_E.zip,1,2,1,0,2,0,0,3,0,3,0,0,3,0,0,0,0,0,0,0,,,,,,2,,,,,,,,,,,,,,,,,,,,,,,,,,,,,,,,,,,0,,,,,,,,,,,,,,,,,,,,,0,,,,,0,1,0,2,2,0,0,0,0,0,0,0,0,2,,,,,,,,,,,,,,,,,,,0,,,,,,,,,,0,cl_ben_face_25-330.jpg,2,1,0,0,0,0,0,0,0,0,0,0,2,,0,0,0,0,0,0,0,0,0,0,0,,0,0,0,0,0,0,0,0,0,0,0,,,,,0,1,2022-01-02,3,,,2,1,2022-01-20,2,,,2,,,,,,,0,,,,,,,,,,,,,,,,,,,,,,,,,,,,,,,,,,,0,,,,,,,,,,,,,,,,,,,,,,,,,,,,,,,,,,,0,,,,,,,,,,,,,,,,,,,,,,,,,,,,,,,,,,,0,,,,,,,,,,,,,,,,,,,0,,,,,,,,,,,,,,,,,,,0,,,,,,,,,,,,,,,,,,,0
25-331,"2022-03-06 10:37:50",1,1,0,0,1,2,1,1,2,2,57,2,2022-03-06,6,2,,14,,,,1,0,1,0,0,1,0,0,1,0,0,0,0,14,,14,14,,,,,14,,,,,0,,,,1,2,2017,0,,3,,4,,,,3,0,,0,0,0,1,0,1,2021-10-06,0,,,1,37.4,160,36.3,99,137,90,32,92,15,1,0,0,1,14.609375,5,0,0,2,1,0,0,0,0,0,0,0,0,0,0,0,0,0,0,0,0,0,0,0,0,0,0,0,0,0,0,0,0,0,0,0,0,1,1,0,0,1,1,1,0,0,0,0,0,0,0,0,0,0,0,0,0,0,0,0,0,0,0,0,0,0,0,0,0,2,1,,1,,,,1,,,,,,1,16.4,84,7.7,0,2,1,,12,0,,1,,1,0,0,1,0,0,1,1,0,0,2,0,0,0,0,0,0,0,0,0,0,0,0,0,0,0,0,0,,,,,,,,,,,,,,,,,,0,0,0,0,0,0,,0,0,0,2,1,"2022-03-06 09:00","2022-03-06 12:23",1,"2022-03-06 14:40",1,1,1,"2022-03-06 08:50","2022-03-06 14:40",1,"2022-03-06 14:35","2022-03-06 14:40",2,4,16,16,16,16,4,16,16,16,16,1,1,16,16,1,16,16,1,16,16,1,16,16,2,25-331_cl_COT_ca_E.zip,1,2,1,0,2,0,0,3,3,3,0,0,0,3,0,0,3,0,0,0,,,,,,2,,,,,,,,,,,,,,,,,,,,,,,,,,,,,,,,,,,0,,,,,,,,,,,,,,,,,,,,,0,,,,,0,1,0,2,1,0,0,0,0,0,0,0,0,2,,,,,,,,,,,,,,,,,,,0,,,,,,,,,,0,cl_ben_face_25-331.jpg,2,0,0,0,0,0,0,0,0,0,0,1,2,,0,0,0,0,0,0,0,0,0,0,0,,0,0,0,0,0,0,0,0,0,0,0,,,,,0,1,2022-03-13,2,,,2,,,,,,0,,,,,,,0,,,,,,,,,,,,,,,,,,,,,,,,,,,,,,,,,,,0,,,,,,,,,,,,,,,,,,,,,,,,,,,,,,,,,,,0,,,,,,,,,,,,,,,,,,,,,,,,,,,,,,,,,,,0,,,,,,,,,,,,,,,,,,,0,,,,,,,,,,,,,,,,,,,0,,,,,,,,,,,,,,,,,,,0
25-332,"2021-11-13 11:57:32",1,1,0,0,1,2,1,1,2,1,19,2,2021-11-13,6,2,,365,,,,0,0,1,1,1,0,0,1,0,1,1,0,0,,,,365,30,,,365,,30,365,,,1,1,1,1,2,2,2021,1,1,3,,3,,,,4,0,,0,0,0,1,0,0,,0,,,1,37.4,159,36.4,100,96,76,30,82,15,1,0,1,2,14.793718602903366,5,0,0,2,1,0,0,0,1,1,0,1,0,0,0,0,0,0,0,0,0,0,0,1,0,0,1,0,1,0,0,0,0,0,0,0,0,0,0,0,0,0,0,0,0,0,0,0,0,0,0,0,0,0,0,0,0,0,0,0,0,0,0,0,0,0,0,0,0,2,1,,1,3,,,1,,,,,,1,6.1,91,14.3,2,2,1,,12,0,,1,6,1,0,0,1,0,0,1,1,0,0,2,0,0,0,0,0,0,0,0,0,0,0,0,0,0,0,0,0,,,,,,,,,,,,,,,,,,0,0,0,0,0,0,,0,0,0,2,1,"2021-11-14 09:48","2021-11-14 12:23",1,"2021-11-14 14:40",1,1,1,"2021-11-14 09:30","2021-11-14 14:40",1,"2021-11-14 14:00","2021-11-14 14:40",2,4,17,17,17,17,4,17,17,17,17,1,1,17,17,1,17,17,1,17,17,1,17,17,2,25-332_cl_COT_ca_E.zip,1,2,1,0,2,4,3,3,4,3,0,0,0,0,0,0,3,4,3,0,,,,,,2,,,,,,,,,,,,,,,,,,,,,,,,,,,,,,,,,,,0,,,,,,,,,,,,,,,,,,,,,0,,,,,0,1,0,2,0,1,0,0,0,0,0,0,0,2,,,,,,,,,,,,,,,,,,,0,,,,,,,,,,0,cl_ben_face_25-332.jpg,2,0,0,1,0,1,1,0,0,0,0,0,2,,0,0,0,0,0,0,0,0,0,0,0,,0,0,0,0,0,0,0,0,0,0,0,,,,,0,1,2021-11-20,2,,,2,,,,,,0,,,,,,,0,,,,,,,,,,,,,,,,,,,,,,,,,,,,,,,,,,,0,,,,,,,,,,,,,,,,,,,,,,,,,,,,,,,,,,,0,,,,,,,,,,,,,,,,,,,,,,,,,,,,,,,,,,,0,,,,,,,,,,,,,,,,,,,0,,,,,,,,,,,,,,,,,,,0,,,,,,,,,,,,,,,,,,,0
25-333,"2022-04-17 10:04:20",1,1,0,0,1,2,1,1,2,2,27,2,2022-04-17,6,2,,7,,,,0,0,0,0,1,1,0,0,0,1,0,0,0,,,2,,,1,,,,4,,,,0,,,,1,1,,,,,,,,,,,0,,0,0,0,1,0,0,,0,,,1,69.9,179,36.7,89,130,88,22,98,15,1,0,0,1,21.815798508161418,1,0,0,2,1,0,0,0,0,0,0,0,0,0,0,0,0,0,0,0,0,1,1,0,0,1,1,1,1,0,0,0,0,0,0,0,0,0,0,0,0,0,0,0,0,0,0,0,0,0,0,0,0,0,0,0,0,0,0,0,0,0,0,0,0,0,0,0,0,2,1,,1,3,,,1,,,,,,1,12.1,77,12.2,2,,,,,,,,,0,0,0,0,0,0,,0,0,0,2,0,0,0,0,0,0,0,0,0,0,0,0,0,0,0,0,0,,,,,,,,,,,,,,,,,,0,0,0,0,0,0,,0,0,0,2,1,"2022-04-17 09:25","2022-04-17 11:47",1,"2022-04-17 11:47",1,1,1,"2022-04-17 09:07","2022-04-17 13:19",1,"2022-04-17 11:42","2022-04-17 13:19",2,4,18,18,18,18,4,18,18,18,18,1,1,18,18,1,18,18,1,18,18,1,18,18,2,25-333_cl_COT_ca_E.zip,1,2,1,0,2,0,0,3,0,3,0,0,3,3,0,0,0,0,0,0,,,,,,2,,,,,,,,,,,,,,,,,,,,,,,,,,,,,,,,,,,0,,,,,,,,,,,,,,,,,,,,,0,,,,,0,1,0,2,0,0,0,0,0,0,0,0,0,2,,,,,,,,,,,,,,,,,,,0,,,,,,,,,,0,Cl_ben_face_25-333.jpg,2,1,0,0,0,0,0,0,0,0,0,0,2,,0,0,0,0,0,0,0,0,0,0,0,,0,0,0,0,0,0,0,0,0,0,0,,,,,0,1,2022-04-25,1,,,2,1,2022-05-20,1,,,2,,,,,,,0,,,,,,,,,,,,,,,,,,,,,,,,,,,,,,,,,,,0,,,,,,,,,,,,,,,,,,,,,,,,,,,,,,,,,,,0,,,,,,,,,,,,,,,,,,,,,,,,,,,,,,,,,,,0,,,,,,,,,,,,,,,,,,,0,,,,,,,,,,,,,,,,,,,0,,,,,,,,,,,,,,,,,,,0
25-334,"2022-02-19 11:31:55",1,1,0,0,1,2,1,1,2,2,21,2,2022-02-19,9,2,,150,,,,1,0,0,1,0,1,1,1,0,0,1,0,0,7,,60,,150,,7,150,,,,,,0,,,,2,1,,,,,,,,,,4,0,,0,0,0,1,0,0,,0,,,1,39.5,168,38.7,96,88,61,48,,15,1,0,1,2,13.995181405895691,1,0,0,2,1,1,0,0,0,0,0,0,0,0,0,0,0,0,0,0,0,0,1,1,1,1,1,1,1,0,0,0,0,0,0,0,0,0,0,0,0,0,0,0,0,0,0,0,0,0,0,0,0,0,0,0,0,0,0,0,0,0,0,0,0,0,0,0,0,2,1,,2,3,,,1,,,,,,1,15.2,82,7.0,2,1,,,1,1,1,0,,0,0,0,0,0,0,0,1,0,0,2,0,0,0,0,0,0,0,0,0,0,0,0,0,0,0,0,0,,,,,,,,,,,,,,,,,,0,0,0,0,0,0,,0,0,0,2,1,"2022-02-19 09:45","2022-02-19 11:47",1,"2022-02-19 13:19",1,1,1,"2022-02-19 08:53","2022-02-19 13:19",1,"2022-02-19 13:14","2022-02-19 13:19",2,4,19,19,19,19,4,19,19,19,19,1,1,19,19,1,19,19,1,19,19,1,19,19,2,25-334_cl_COT_ca_E.zip,1,2,1,0,2,3,0,3,0,3,3,4,4,3,4,0,0,4,3,0,,,,,,2,,,,,,,,,,,,,,,,,,,,,,,,,,,,,,,,,,,0,,,,,,,,,,,,,,,,,,,,,0,,,,,0,1,0,2,1,0,0,0,0,0,0,0,0,2,,,,,,,,,,,,,,,,,,,0,,,,,,,,,,0,Cl_ben_face_25-334.jpg,2,0,1,1,0,1,1,0,0,0,0,0,2,,0,0,0,0,0,0,0,0,0,0,0,,0,0,0,0,0,0,0,0,0,0,0,,,,,0,1,2022-02-27,2,,,2,1,2022-03-24,2,,,2,2023-02-13,0,,,,,1,,,,,,,,,,,,,,,,,,,,,,,,,,,,,,,,,,,0,,,,,,,,,,,,,,,,,,,,,,,,,,,,,,,,,,,0,,,,,,,,,,,,,,,,,,,,,,,,,,,,,,,,,,,0,,,,,,,,,,,,,,,,,,,0,,,,,,,,,,,,,,,,,,,0,,,,,,,,,,,,,,,,,,,0
25-335,"2021-08-31 17:11:42",1,1,0,0,3,2,,,0,,,0,,,,,,,,,0,0,0,0,0,0,0,0,0,0,0,0,0,,,,,,,,,,,,,,,,,,,,,,,,,,,,,,,,,,,,,,,,,,,,,,,,,,,,,,,,,,,,0,,0,0,0,0,0,0,0,0,0,0,0,0,0,0,0,0,0,0,0,0,0,0,0,0,0,0,0,0,0,0,0,0,0,0,0,0,0,0,0,0,0,0,0,0,0,0,0,0,0,0,0,0,0,0,0,0,0,0,0,0,0,0,0,0,0,,,,,,,,,,,,,,,,,0,,,,,,,,,0,0,0,0,0,0,,0,0,0,0,,0,0,0,0,0,0,0,0,0,0,0,0,0,0,0,0,,,,,,,,,,,,,,,,,,0,0,0,0,0,0,,0,0,0,0,,,,,,,,,,,,,,0,,,,,,,,,,,,,,,,,,,,,,,,0,,,0,,,0,,,,,,,,,,,,,,,,,,,,,0,,,,,,,,,,,,,,,,,,,,,,,,,,,,,,,,,,,0,,,,,,,,,,,,,,,,,,,,,0,,,,,0,,,0,,,,,,,,,,0,,,,,,,,,,,,,,,,,,,0,,,,,,,,,,0,,0,,0,0,0,0,0,0,0,0,0,0,0,,0,0,0,0,0,0,0,0,0,0,0,,0,0,0,0,0,0,0,0,0,0,0,,,,,0,,,,,,0,,,,,,0,,,,,,,0,,,,,,,,,,,,,,,,,,,,,,,,,,,,,,,,,,,0,,,,,,,,,,,,,,,,,,,,,,,,,,,,,,,,,,,0,,,,,,,,,,,,,,,,,,,,,,,,,,,,,,,,,,,0,,,,,,,,,,,,,,,,,,,0,,,,,,,,,,,,,,,,,,,0,,,,,,,,,,,,,,,,,,,0
25-336,"2021-12-25 17:12:09",1,1,0,1,,2,,,0,,,0,,,,,,,,,0,0,0,0,0,0,0,0,0,0,0,0,0,,,,,,,,,,,,,,,,,,,,,,,,,,,,,,,,,,,,,,,,,,,,,,,,,,,,,,,,,,,,0,,0,0,0,0,0,0,0,0,0,0,0,0,0,0,0,0,0,0,0,0,0,0,0,0,0,0,0,0,0,0,0,0,0,0,0,0,0,0,0,0,0,0,0,0,0,0,0,0,0,0,0,0,0,0,0,0,0,0,0,0,0,0,0,0,0,,,,,,,,,,,,,,,,,0,,,,,,,,,0,0,0,0,0,0,,0,0,0,0,,0,0,0,0,0,0,0,0,0,0,0,0,0,0,0,0,,,,,,,,,,,,,,,,,,0,0,0,0,0,0,,0,0,0,0,,,,,,,,,,,,,,0,,,,,,,,,,,,,,,,,,,,,,,,0,,,0,,,0,,,,,,,,,,,,,,,,,,,,,0,,,,,,,,,,,,,,,,,,,,,,,,,,,,,,,,,,,0,,,,,,,,,,,,,,,,,,,,,0,,,,,0,,,0,,,,,,,,,,0,,,,,,,,,,,,,,,,,,,0,,,,,,,,,,0,,0,,0,0,0,0,0,0,0,0,0,0,0,,0,0,0,0,0,0,0,0,0,0,0,,0,0,0,0,0,0,0,0,0,0,0,,,,,0,,,,,,0,,,,,,0,,,,,,,0,,,,,,,,,,,,,,,,,,,,,,,,,,,,,,,,,,,0,,,,,,,,,,,,,,,,,,,,,,,,,,,,,,,,,,,0,,,,,,,,,,,,,,,,,,,,,,,,,,,,,,,,,,,0,,,,,,,,,,,,,,,,,,,0,,,,,,,,,,,,,,,,,,,0,,,,,,,,,,,,,,,,,,,0
25-337,"2022-04-05 17:12:33",1,1,0,1,,2,,,0,,,0,,,,,,,,,0,0,0,0,0,0,0,0,0,0,0,0,0,,,,,,,,,,,,,,,,,,,,,,,,,,,,,,,,,,,,,,,,,,,,,,,,,,,,,,,,,,,,0,,0,0,0,0,0,0,0,0,0,0,0,0,0,0,0,0,0,0,0,0,0,0,0,0,0,0,0,0,0,0,0,0,0,0,0,0,0,0,0,0,0,0,0,0,0,0,0,0,0,0,0,0,0,0,0,0,0,0,0,0,0,0,0,0,0,,,,,,,,,,,,,,,,,0,,,,,,,,,0,0,0,0,0,0,,0,0,0,0,,0,0,0,0,0,0,0,0,0,0,0,0,0,0,0,0,,,,,,,,,,,,,,,,,,0,0,0,0,0,0,,0,0,0,0,,,,,,,,,,,,,,0,,,,,,,,,,,,,,,,,,,,,,,,0,,,0,,,0,,,,,,,,,,,,,,,,,,,,,0,,,,,,,,,,,,,,,,,,,,,,,,,,,,,,,,,,,0,,,,,,,,,,,,,,,,,,,,,0,,,,,0,,,0,,,,,,,,,,0,,,,,,,,,,,,,,,,,,,0,,,,,,,,,,0,,0,,0,0,0,0,0,0,0,0,0,0,0,,0,0,0,0,0,0,0,0,0,0,0,,0,0,0,0,0,0,0,0,0,0,0,,,,,0,,,,,,0,,,,,,0,,,,,,,0,,,,,,,,,,,,,,,,,,,,,,,,,,,,,,,,,,,0,,,,,,,,,,,,,,,,,,,,,,,,,,,,,,,,,,,0,,,,,,,,,,,,,,,,,,,,,,,,,,,,,,,,,,,0,,,,,,,,,,,,,,,,,,,0,,,,,,,,,,,,,,,,,,,0,,,,,,,,,,,,,,,,,,,0
25-338,"2022-03-28 10:17:45",1,1,0,0,1,2,1,1,2,2,41,2,2022-03-28,7,2,,365,,,,1,0,1,1,0,1,0,1,0,0,1,1,0,365,,365,365,1,,,365,,,365,,,0,,,,1,1,,,,,,,,,,1,0,,0,0,0,2,0,1,2021-12-27,0,,,1,50,158,37.4,112,121,72,30,95,15,1,0,0,1,20.0288415318058,1,0,0,2,1,0,0,0,0,0,0,0,0,0,0,0,0,0,0,0,0,1,1,1,1,1,1,1,1,0,0,0,0,0,0,0,0,0,0,0,0,0,0,0,0,0,0,0,0,0,0,0,0,0,0,0,0,0,0,0,0,0,0,0,0,0,0,0,0,2,1,,1,3,,,2,2,,,,,1,11.1,76,11.9,0,1,,,3,1,0,0,,0,0,0,0,0,0,0,1,0,0,2,0,0,0,0,0,0,0,0,0,0,0,0,0,0,0,0,0,,,,,,,,,,,,,,,,,,0,0,0,0,0,0,,0,0,0,2,1,"2022-03-28 09:20","2022-03-28 12:57",1,"2022-03-28 15:10",1,1,1,"2022-03-28 08:53","2022-03-28 15:10",1,"2022-03-28 12:05","2022-03-28 15:10",2,4,20,20,20,20,4,20,20,20,20,1,1,20,20,1,20,20,1,20,20,1,20,20,2,25-338_cl_COT_ca_E.zip,0,0,1,0,2,2,4,3,3,3,0,0,0,0,6,0,3,0,3,1,2,2,,1,,2,,,,,,,,,,,,,,,,,,,,,,,,,,,,,,,,,,,0,,,,,,,,,,,,,,,,,,,,,0,,,,,0,1,0,2,0,0,0,0,0,1,0,0,0,2,,,,,,,,,,,,,,,,,,,0,,,,,,,,,,0,cl_ben_face_25-338.jpg,2,0,0,1,1,0,0,1,0,0,0,0,2,,0,0,0,0,0,0,0,0,0,0,0,,0,0,0,0,0,0,0,0,0,0,0,,,,,0,1,2022-04-06,2,,,2,1,2022-04-25,2,,,2,,,,,,,0,,,,,,,,,,,,,,,,,,,,,,,,,,,,,,,,,,,0,,,,,,,,,,,,,,,,,,,,,,,,,,,,,,,,,,,0,,,,,,,,,,,,,,,,,,,,,,,,,,,,,,,,,,,0,,,,,,,,,,,,,,,,,,,0,,,,,,,,,,,,,,,,,,,0,,,,,,,,,,,,,,,,,,,0
25-339,"2022-03-29 11:56:03",1,1,0,0,1,2,1,1,2,2,53,2,2022-03-29,7,2,,14,,,,1,0,1,1,0,1,0,1,0,0,0,0,0,14,,14,14,14,,,14,,,,,,0,,,,2,1,,,,,,,,,,1,0,,0,0,0,1,0,0,,0,,,1,59.4,170,36.8,76,171,100,42,99,15,1,0,0,1,20.55363321799308,4,1,0,2,1,0,0,0,0,0,0,0,0,0,0,0,0,0,0,0,0,0,0,1,1,0,0,1,1,0,0,0,0,0,0,0,0,0,0,0,0,0,0,0,0,0,0,0,0,0,0,0,0,0,0,0,0,0,0,0,0,0,0,0,0,0,0,0,0,2,1,,2,3,,,1,,,,,,1,12,96,7.3,2,1,,,1,1,,0,,0,0,0,0,0,0,0,1,0,0,0,0,0,0,0,0,0,0,0,0,0,0,0,0,0,0,0,0,,,,,,,,,,,,,,,,,,0,0,0,0,0,0,,0,0,0,2,1,"2022-03-29 10:03","2022-03-29 12:57",1,"2022-03-29 15:10",1,1,1,"2022-03-29 09:44","2022-03-29 15:11",1,"2022-03-29 14:30","2022-03-29 15:11",2,4,21,21,21,21,4,21,21,21,21,1,1,21,21,1,21,21,1,21,21,1,21,21,2,,,0,1,0,2,3,0,3,4,3,0,3,3,0,0,3,0,4,0,0,,,,,,2,,,,,,,,,,,,,,,,,,,,,,,,,,,,,,,,,,,0,,,,,,,,,,,,,,,,,,,,,0,,,,,0,1,0,2,0,0,0,1,0,0,0,0,0,2,,,,,,,,,,,,,,,,,,,0,,,,,,,,,,0,cl_ben_face_25-339.jpg,2,0,0,1,0,0,1,0,0,0,0,0,2,,0,0,0,0,0,0,0,0,0,0,0,,0,0,0,0,0,0,0,0,0,0,0,,,,,0,1,2022-04-06,5,,2022-04-02,2,,,,,,0,,,,,,,0,,,,,,,,,,,,,,,,,,,,,,,,,,,,,,,,,,,0,,,,,,,,,,,,,,,,,,,,,,,,,,,,,,,,,,,0,,,,,,,,,,,,,,,,,,,,,,,,,,,,,,,,,,,0,,,,,,,,,,,,,,,,,,,0,,,,,,,,,,,,,,,,,,,0,,,,,,,,,,,,,,,,,,,0
25-340,"2022-01-26 12:04:17",1,1,0,0,2,2,,,0,,,0,,,,,,,,,0,0,0,0,0,0,0,0,0,0,0,0,0,,,,,,,,,,,,,,,,,,,,,,,,,,,,,,,,,,,,,,,,,,,,,,,,,,,,,,,,,,,,0,,0,0,0,0,0,0,0,0,0,0,0,0,0,0,0,0,0,0,0,0,0,0,0,0,0,0,0,0,0,0,0,0,0,0,0,0,0,0,0,0,0,0,0,0,0,0,0,0,0,0,0,0,0,0,0,0,0,0,0,0,0,0,0,0,0,,,,,,,,,,,,,,,,,0,,,,,,,,,0,0,0,0,0,0,,0,0,0,0,,0,0,0,0,0,0,0,0,0,0,0,0,0,0,0,0,,,,,,,,,,,,,,,,,,0,0,0,0,0,0,,0,0,0,0,,,,,,,,,,,,,,0,,,,,,,,,,,,,,,,,,,,,,,,0,,,0,,,0,,,,,,,,,,,,,,,,,,,,,0,,,,,,,,,,,,,,,,,,,,,,,,,,,,,,,,,,,0,,,,,,,,,,,,,,,,,,,,,0,,,,,0,,,0,,,,,,,,,,0,,,,,,,,,,,,,,,,,,,0,,,,,,,,,,0,,0,,0,0,0,0,0,0,0,0,0,0,0,,0,0,0,0,0,0,0,0,0,0,0,,0,0,0,0,0,0,0,0,0,0,0,,,,,0,,,,,,0,,,,,,0,,,,,,,0,,,,,,,,,,,,,,,,,,,,,,,,,,,,,,,,,,,0,,,,,,,,,,,,,,,,,,,,,,,,,,,,,,,,,,,0,,,,,,,,,,,,,,,,,,,,,,,,,,,,,,,,,,,0,,,,,,,,,,,,,,,,,,,0,,,,,,,,,,,,,,,,,,,0,,,,,,,,,,,,,,,,,,,0
25-341,"2022-03-30 12:05:02",1,1,0,1,,2,,,0,,,0,,,,,,,,,0,0,0,0,0,0,0,0,0,0,0,0,0,,,,,,,,,,,,,,,,,,,,,,,,,,,,,,,,,,,,,,,,,,,,,,,,,,,,,,,,,,,,0,,0,0,0,0,0,0,0,0,0,0,0,0,0,0,0,0,0,0,0,0,0,0,0,0,0,0,0,0,0,0,0,0,0,0,0,0,0,0,0,0,0,0,0,0,0,0,0,0,0,0,0,0,0,0,0,0,0,0,0,0,0,0,0,0,0,,,,,,,,,,,,,,,,,0,,,,,,,,,0,0,0,0,0,0,,0,0,0,0,,0,0,0,0,0,0,0,0,0,0,0,0,0,0,0,0,,,,,,,,,,,,,,,,,,0,0,0,0,0,0,,0,0,0,0,,,,,,,,,,,,,,0,,,,,,,,,,,,,,,,,,,,,,,,0,,,0,,,0,,,,,,,,,,,,,,,,,,,,,0,,,,,,,,,,,,,,,,,,,,,,,,,,,,,,,,,,,0,,,,,,,,,,,,,,,,,,,,,0,,,,,0,,,0,,,,,,,,,,0,,,,,,,,,,,,,,,,,,,0,,,,,,,,,,0,,0,,0,0,0,0,0,0,0,0,0,0,0,,0,0,0,0,0,0,0,0,0,0,0,,0,0,0,0,0,0,0,0,0,0,0,,,,,0,,,,,,0,,,,,,0,,,,,,,0,,,,,,,,,,,,,,,,,,,,,,,,,,,,,,,,,,,0,,,,,,,,,,,,,,,,,,,,,,,,,,,,,,,,,,,0,,,,,,,,,,,,,,,,,,,,,,,,,,,,,,,,,,,0,,,,,,,,,,,,,,,,,,,0,,,,,,,,,,,,,,,,,,,0,,,,,,,,,,,,,,,,,,,0
25-342,"2022-02-17 12:05:31",1,1,0,0,1,2,1,1,2,1,42,2,2022-02-17,6,2,,7,,,,1,0,0,1,0,0,0,1,0,1,0,0,0,7,,,,7,,,7,,7,,,,0,,,,3,1,,,,,,,,,,1,0,,0,1,0,1,1,0,,0,,,1,70,168,36.8,80,127,85,40,100,15,1,0,0,1,24.8015873015873,2,0,0,2,1,0,0,0,1,0,0,0,0,0,0,0,0,0,0,0,0,0,0,0,0,0,0,0,0,0,0,0,0,0,0,0,0,0,0,0,0,0,0,0,0,0,0,0,0,0,0,0,0,0,0,0,0,0,0,0,0,0,0,0,0,0,0,0,0,2,2,25.2,1,3,,,1,,,,,,1,11.3,83,3.3,2,,,,,,,,,0,0,0,0,0,0,,0,0,0,0,,0,0,0,0,0,0,0,0,0,0,0,0,0,0,0,0,,,,,,,,,,,,,,,,,,0,0,0,0,0,0,,0,0,0,0,1,"2022-02-17 11:35","2022-02-17 12:45",1,"2022-02-17 14:35",1,1,1,"2022-02-17 10:01","2022-02-17 14:35",1,"2022-02-17 14:25","2022-02-17 14:35",2,4,22,22,22,22,4,22,22,22,22,1,1,22,22,1,22,22,1,22,22,1,22,22,2,25-342_cl_COT_ca_E.zip,1,2,1,0,2,0,0,0,0,0,0,0,0,0,0,0,0,0,0,0,,,,,,2,,,,,,,,,,,,,,,,,,,,,,,,,,,,,,,,,,,0,,,,,,,,,,,,,,,,,,,,,0,,,,,0,1,0,2,0,0,0,0,0,0,0,0,0,2,,,,,,,,,,,,,,,,,,,0,,,,,,,,,,0,cl_ben_face_25-342.jpg,2,1,0,0,0,0,0,0,0,0,0,0,2,,0,0,0,0,0,0,0,0,0,0,0,,0,0,0,0,0,0,0,0,0,0,0,,,,,0,1,2022-02-24,2,,,2,1,2022-03-30,1,,,2,,,,,,,0,,,,,,,,,,,,,,,,,,,,,,,,,,,,,,,,,,,0,,,,,,,,,,,,,,,,,,,,,,,,,,,,,,,,,,,0,,,,,,,,,,,,,,,,,,,,,,,,,,,,,,,,,,,0,,,,,,,,,,,,,,,,,,,0,,,,,,,,,,,,,,,,,,,0,,,,,,,,,,,,,,,,,,,0
25-343,"2022-03-25 09:30:25",1,1,0,0,1,2,1,1,2,2,31,2,2022-03-25,9,2,,770,,,,0,0,1,0,0,0,0,1,0,0,0,0,0,,,,770,,,,770,,,,,,0,,,,1,2,2019,0,,3,,4,,,,4,0,,0,0,0,1,0,1,2021-07-25,0,,,1,55,159,36.5,79,139,100,26,98,15,1,0,0,1,21.75546853368142,1,0,0,2,1,0,0,0,0,0,0,0,0,0,0,0,0,0,0,0,0,1,1,1,0,1,1,1,1,0,0,0,0,0,0,0,0,0,0,0,0,0,0,0,0,0,0,0,0,0,0,0,0,0,0,0,0,0,0,0,0,0,0,0,0,0,0,0,0,2,1,,2,3,,,1,,,,,,1,12.1,69,10.6,2,1,,,1,1,0,0,,0,0,0,0,0,0,0,1,0,0,2,0,0,0,0,0,0,0,0,0,0,0,0,0,0,0,0,0,,,,,,,,,,,,,,,,,,0,0,0,0,0,0,,0,0,0,2,1,"2022-03-25 09:05","2022-03-25 12:02",1,"2022-03-25 12:43",1,1,1,"2022-03-25 08:44","2022-03-25 12:43",1,"2022-03-25 10:50","2022-03-25 12:43",2,4,23,23,23,23,4,23,23,23,23,1,1,23,23,1,23,23,1,23,23,1,23,23,2,25-343_cl_COT_ca_E.zip,1,2,1,0,2,0,3,3,3,6,4,4,0,0,4,4,0,4,3,1,1,,1,,1,2,,,,,,,,,,,,,,,,,,,,,,,,,,,,,,,,,,,0,,,,,,,,,,,,,,,,,,,,,0,,,,,0,1,0,2,0,0,0,0,0,0,0,0,0,2,,,,,,,,,,,,,,,,,,,0,,,,,,,,,,0,cl_ben_face_25-343.jpg,2,0,1,1,0,1,1,0,0,0,0,1,2,,0,0,0,0,0,0,0,0,0,0,0,,0,0,0,0,0,0,0,0,0,0,0,,,,,0,1,2022-04-06,2,,,2,1,2022-05-04,2,,,2,2023-03-12,0,,,,,1,,,,,,,,,,,,,,,,,,,,,,,,,,,,,,,,,,,0,,,,,,,,,,,,,,,,,,,,,,,,,,,,,,,,,,,0,,,,,,,,,,,,,,,,,,,,,,,,,,,,,,,,,,,0,,,,,,,,,,,,,,,,,,,0,,,,,,,,,,,,,,,,,,,0,,,,,,,,,,,,,,,,,,,0
25-344,"2021-06-11 10:52:49",1,1,0,0,1,2,1,1,2,2,23,2,2021-06-11,9,2,,60,,,,1,0,1,1,1,0,1,1,1,0,1,1,0,60,,,14,60,60,60,60,60,,30,60,,0,,,,2,1,,,,,,,,,,4,0,,0,0,0,1,0,0,,0,,,1,62.6,168,34.7,84,111,68,22,100,15,1,0,0,1,22.179705215419503,3,0,0,2,1,0,0,0,0,0,0,0,0,0,0,0,0,0,0,0,0,0,0,0,0,1,1,1,1,0,0,0,0,0,0,0,0,0,0,0,0,0,0,0,0,0,0,0,0,0,0,0,0,0,0,0,0,0,0,0,0,0,0,0,0,0,0,0,0,2,1,,2,3,,,1,,,,,,1,8.9,81,11.9,2,1,,,1,1,0,0,,0,0,0,0,0,0,0,1,0,0,2,0,0,0,0,0,0,0,0,0,0,0,0,0,0,0,0,0,,,,,,,,,,,,,,,,,,0,0,0,0,0,0,,0,0,0,2,1,"2021-06-11 09:10","2021-06-11 12:02",1,"2021-06-11 12:43",1,1,1,"2021-06-11 08:33","2021-06-11 12:43",1,"2021-06-11 12:03","2021-06-11 12:43",2,4,24,24,24,24,4,24,24,24,24,1,1,24,24,1,24,24,1,24,24,1,24,24,2,,,0,1,0,2,4,4,0,4,3,4,3,3,4,4,4,0,4,4,0,,,,,,2,,,,,,,,,,,,,,,,,,,,,,,,,,,,,,,,,,,0,,,,,,,,,,,,,,,,,,,,,0,,,,,0,1,0,2,0,0,0,0,0,0,0,0,0,2,,,,,,,,,,,,,,,,,,,0,,,,,,,,,,0,cl_ben_face_25-344.jpg,2,0,1,1,0,1,1,0,0,0,0,0,2,,0,0,0,0,0,0,0,0,0,0,0,,0,0,0,0,0,0,0,0,0,0,0,,,,,0,1,2021-06-23,2,,,2,1,2021-07-21,2,,,2,2022-05-29,0,,,,,1,,,,,,,,,,,,,,,,,,,,,,,,,,,,,,,,,,,0,,,,,,,,,,,,,,,,,,,,,,,,,,,,,,,,,,,0,,,,,,,,,,,,,,,,,,,,,,,,,,,,,,,,,,,0,,,,,,,,,,,,,,,,,,,0,,,,,,,,,,,,,,,,,,,0,,,,,,,,,,,,,,,,,,,0
25-345,"2021-07-13 14:28:01",1,1,0,1,,2,,,0,,,0,,,,,,,,,0,0,0,0,0,0,0,0,0,0,0,0,0,,,,,,,,,,,,,,,,,,,,,,,,,,,,,,,,,,,,,,,,,,,,,,,,,,,,,,,,,,,,0,,0,0,0,0,0,0,0,0,0,0,0,0,0,0,0,0,0,0,0,0,0,0,0,0,0,0,0,0,0,0,0,0,0,0,0,0,0,0,0,0,0,0,0,0,0,0,0,0,0,0,0,0,0,0,0,0,0,0,0,0,0,0,0,0,0,,,,,,,,,,,,,,,,,0,,,,,,,,,0,0,0,0,0,0,,0,0,0,0,,0,0,0,0,0,0,0,0,0,0,0,0,0,0,0,0,,,,,,,,,,,,,,,,,,0,0,0,0,0,0,,0,0,0,0,,,,,,,,,,,,,,0,,,,,,,,,,,,,,,,,,,,,,,,0,,,0,,,0,,,,,,,,,,,,,,,,,,,,,0,,,,,,,,,,,,,,,,,,,,,,,,,,,,,,,,,,,0,,,,,,,,,,,,,,,,,,,,,0,,,,,0,,,0,,,,,,,,,,0,,,,,,,,,,,,,,,,,,,0,,,,,,,,,,0,,0,,0,0,0,0,0,0,0,0,0,0,0,,0,0,0,0,0,0,0,0,0,0,0,,0,0,0,0,0,0,0,0,0,0,0,,,,,0,,,,,,0,,,,,,0,,,,,,,0,,,,,,,,,,,,,,,,,,,,,,,,,,,,,,,,,,,0,,,,,,,,,,,,,,,,,,,,,,,,,,,,,,,,,,,0,,,,,,,,,,,,,,,,,,,,,,,,,,,,,,,,,,,0,,,,,,,,,,,,,,,,,,,0,,,,,,,,,,,,,,,,,,,0,,,,,,,,,,,,,,,,,,,0
25-346,"2022-02-28 14:28:34",1,1,0,0,2,0,,,0,,,0,,,,,,,,,0,0,0,0,0,0,0,0,0,0,0,0,0,,,,,,,,,,,,,,,,,,,,,,,,,,,,,,,,,,,,,,,,,,,,,,,,,,,,,,,,,,,,0,,0,0,0,0,0,0,0,0,0,0,0,0,0,0,0,0,0,0,0,0,0,0,0,0,0,0,0,0,0,0,0,0,0,0,0,0,0,0,0,0,0,0,0,0,0,0,0,0,0,0,0,0,0,0,0,0,0,0,0,0,0,0,0,0,0,,,,,,,,,,,,,,,,,0,,,,,,,,,0,0,0,0,0,0,,0,0,0,0,,0,0,0,0,0,0,0,0,0,0,0,0,0,0,0,0,,,,,,,,,,,,,,,,,,0,0,0,0,0,0,,0,0,0,0,,,,,,,,,,,,,,0,,,,,,,,,,,,,,,,,,,,,,,,0,,,0,,,0,,,,,,,,,,,,,,,,,,,,,0,,,,,,,,,,,,,,,,,,,,,,,,,,,,,,,,,,,0,,,,,,,,,,,,,,,,,,,,,0,,,,,0,,,0,,,,,,,,,,0,,,,,,,,,,,,,,,,,,,0,,,,,,,,,,0,,0,,0,0,0,0,0,0,0,0,0,0,0,,0,0,0,0,0,0,0,0,0,0,0,,0,0,0,0,0,0,0,0,0,0,0,,,,,0,,,,,,0,,,,,,0,,,,,,,0,,,,,,,,,,,,,,,,,,,,,,,,,,,,,,,,,,,0,,,,,,,,,,,,,,,,,,,,,,,,,,,,,,,,,,,0,,,,,,,,,,,,,,,,,,,,,,,,,,,,,,,,,,,0,,,,,,,,,,,,,,,,,,,0,,,,,,,,,,,,,,,,,,,0,,,,,,,,,,,,,,,,,,,0
25-347,"2021-06-11 09:48:12",1,1,0,0,3,2,,,0,,,0,,,,,,,,,0,0,0,0,0,0,0,0,0,0,0,0,0,,,,,,,,,,,,,,,,,,,,,,,,,,,,,,,,,,,,,,,,,,,,,,,,,,,,,,,,,,,,0,,0,0,0,0,0,0,0,0,0,0,0,0,0,0,0,0,0,0,0,0,0,0,0,0,0,0,0,0,0,0,0,0,0,0,0,0,0,0,0,0,0,0,0,0,0,0,0,0,0,0,0,0,0,0,0,0,0,0,0,0,0,0,0,0,0,,,,,,,,,,,,,,,,,0,,,,,,,,,0,0,0,0,0,0,,0,0,0,0,,0,0,0,0,0,0,0,0,0,0,0,0,0,0,0,0,,,,,,,,,,,,,,,,,,0,0,0,0,0,0,,0,0,0,0,,,,,,,,,,,,,,0,,,,,,,,,,,,,,,,,,,,,,,,0,,,0,,,0,,,,,,,,,,,,,,,,,,,,,0,,,,,,,,,,,,,,,,,,,,,,,,,,,,,,,,,,,0,,,,,,,,,,,,,,,,,,,,,0,,,,,0,,,0,,,,,,,,,,0,,,,,,,,,,,,,,,,,,,0,,,,,,,,,,0,,0,,0,0,0,0,0,0,0,0,0,0,0,,0,0,0,0,0,0,0,0,0,0,0,,0,0,0,0,0,0,0,0,0,0,0,,,,,0,,,,,,0,,,,,,0,,,,,,,0,,,,,,,,,,,,,,,,,,,,,,,,,,,,,,,,,,,0,,,,,,,,,,,,,,,,,,,,,,,,,,,,,,,,,,,0,,,,,,,,,,,,,,,,,,,,,,,,,,,,,,,,,,,0,,,,,,,,,,,,,,,,,,,0,,,,,,,,,,,,,,,,,,,0,,,,,,,,,,,,,,,,,,,0
25-348,"2021-09-14 09:48:38",1,1,0,1,,2,,,0,,,0,,,,,,,,,0,0,0,0,0,0,0,0,0,0,0,0,0,,,,,,,,,,,,,,,,,,,,,,,,,,,,,,,,,,,,,,,,,,,,,,,,,,,,,,,,,,,,0,,0,0,0,0,0,0,0,0,0,0,0,0,0,0,0,0,0,0,0,0,0,0,0,0,0,0,0,0,0,0,0,0,0,0,0,0,0,0,0,0,0,0,0,0,0,0,0,0,0,0,0,0,0,0,0,0,0,0,0,0,0,0,0,0,0,,,,,,,,,,,,,,,,,0,,,,,,,,,0,0,0,0,0,0,,0,0,0,0,,0,0,0,0,0,0,0,0,0,0,0,0,0,0,0,0,,,,,,,,,,,,,,,,,,0,0,0,0,0,0,,0,0,0,0,,,,,,,,,,,,,,0,,,,,,,,,,,,,,,,,,,,,,,,0,,,0,,,0,,,,,,,,,,,,,,,,,,,,,0,,,,,,,,,,,,,,,,,,,,,,,,,,,,,,,,,,,0,,,,,,,,,,,,,,,,,,,,,0,,,,,0,,,0,,,,,,,,,,0,,,,,,,,,,,,,,,,,,,0,,,,,,,,,,0,,0,,0,0,0,0,0,0,0,0,0,0,0,,0,0,0,0,0,0,0,0,0,0,0,,0,0,0,0,0,0,0,0,0,0,0,,,,,0,,,,,,0,,,,,,0,,,,,,,0,,,,,,,,,,,,,,,,,,,,,,,,,,,,,,,,,,,0,,,,,,,,,,,,,,,,,,,,,,,,,,,,,,,,,,,0,,,,,,,,,,,,,,,,,,,,,,,,,,,,,,,,,,,0,,,,,,,,,,,,,,,,,,,0,,,,,,,,,,,,,,,,,,,0,,,,,,,,,,,,,,,,,,,0
25-349,"2022-01-26 09:49:01",1,1,0,0,1,2,1,1,2,1,69,2,2022-01-26,10,2,,21,,,,0,0,1,0,0,1,0,1,0,0,0,0,0,,,14,21,,,,21,,,,,,1,0,1,0,3,1,,,,,,,,,,4,0,,0,0,0,1,0,0,,0,,,1,85.4,165,37,82,157,83,24,95,15,1,0,0,1,31.368227731864096,2,1,1,2,1,0,0,0,0,0,0,0,0,1,1,1,1,1,1,1,1,0,0,0,0,0,0,0,0,0,0,0,0,0,0,0,0,0,0,0,0,0,0,0,0,0,0,0,0,0,0,0,0,0,0,0,0,0,0,0,0,0,0,0,0,0,0,0,0,2,1,,1,3,,,1,,,,,,1,12.4,88,5.6,2,1,,,6,0,,1,6,0,0,0,1,0,0,0,1,0,0,2,,0,0,0,0,0,0,0,0,0,0,0,0,0,0,0,0,,,,,,,,,,,,,,,,,,0,0,0,0,0,0,,0,0,0,0,1,"2022-01-26 08:45","2022-01-26 10:47",1,"2022-01-26 11:57",1,1,1,"2022-01-26 08:38","2022-01-26 11:57",1,"2022-01-26 09:43","2022-01-26 11:57",2,4,25,25,25,25,4,25,25,25,25,1,1,25,25,1,25,25,1,25,25,1,25,25,2,25-349_cl_COT_ca_E.zip,1,2,1,0,2,3,3,3,0,0,0,0,3,0,3,0,0,0,0,0,,,,,,2,,,,,,,,,,,,,,,,,,,,,,,,,,,,,,,,,,,0,,,,,,,,,,,,,,,,,,,,,0,,,,,0,1,0,2,1,0,0,0,0,0,0,0,0,2,,,,,,,,,,,,,,,,,,,0,,,,,,,,,,0,cl_ben_face_25-349.jpg,2,0,0,0,0,0,0,0,0,1,0,0,2,,0,0,0,0,0,0,0,0,0,0,0,,0,0,0,0,0,0,0,0,0,0,0,,,,,0,1,2022-02-07,2,,,2,1,2022-03-06,2,,,2,,,,,,,0,,,,,,,,,,,,,,,,,,,,,,,,,,,,,,,,,,,0,,,,,,,,,,,,,,,,,,,,,,,,,,,,,,,,,,,0,,,,,,,,,,,,,,,,,,,,,,,,,,,,,,,,,,,0,,,,,,,,,,,,,,,,,,,0,,,,,,,,,,,,,,,,,,,0,,,,,,,,,,,,,,,,,,,0
25-350,"2022-03-31 11:07:50",1,1,0,0,1,2,1,1,2,1,40,2,2022-03-31,6,2,,21,,,,1,0,0,1,0,1,0,1,1,1,1,0,0,21,,14,,21,,,21,21,21,21,,,0,,,,2,1,,,,,,,,,,1,0,,0,0,0,1,0,0,,0,,,0,52.4,152,35.9,87,149,107,36,92,15,1,0,0,1,22.68005540166205,2,0,0,2,1,1,1,1,1,0,0,0,0,0,0,0,0,0,0,0,0,0,0,0,0,0,0,0,0,0,0,0,0,0,0,0,0,0,0,0,0,0,0,0,0,0,0,0,0,0,0,0,0,0,0,0,0,0,0,0,0,0,0,0,0,0,0,0,0,2,1,,1,3,,,1,,,,,,1,11.8,79,6.3,2,1,,,6,0,,1,6,1,0,0,0,0,0,0,1,0,0,2,0,0,0,0,0,0,0,0,0,0,0,0,0,0,0,0,0,,,,,,,,,,,,,,,,,,0,0,0,0,0,0,,0,0,0,2,1,"2022-03-31 10:35","2022-03-31 13:57",1,"2022-03-31 14:42",1,1,1,"2022-03-31 10:26","2022-03-31 14:42",1,"2022-03-31 13:40","2022-03-31 14:42",2,4,26,26,26,26,4,26,26,26,26,1,1,26,26,1,26,26,1,26,26,1,26,26,2,25-350_cl_COT_ca_E.zip,0,0,1,0,2,0,0,0,0,4,0,0,3,0,3,0,0,0,0,0,,,,,,2,,,,,,,,,,,,,,,,,,,,,,,,,,,,,,,,,,,0,,,,,,,,,,,,,,,,,,,,,0,,,,,0,1,0,2,1,0,0,0,0,0,0,0,0,2,,,,,,,,,,,,,,,,,,,0,,,,,,,,,,0,cl_ben_face_25-350.jpg,2,0,0,1,0,0,0,0,0,0,1,0,2,,0,0,0,0,0,0,0,0,0,0,0,,0,0,0,0,0,0,0,0,0,0,0,,,,,0,1,2022-04-07,2,,,2,1,2022-05-13,1,,,2,,,,,,,0,,,,,,,,,,,,,,,,,,,,,,,,,,,,,,,,,,,0,,,,,,,,,,,,,,,,,,,,,,,,,,,,,,,,,,,0,,,,,,,,,,,,,,,,,,,,,,,,,,,,,,,,,,,0,,,,,,,,,,,,,,,,,,,0,,,,,,,,,,,,,,,,,,,0,,,,,,,,,,,,,,,,,,,0
25-351,"2022-02-02 08:22:45",1,1,0,0,1,2,1,1,2,2,34,2,2022-02-02,6,2,,180,,,,1,0,0,0,0,1,1,1,1,0,0,0,0,180,,90,,,,180,180,180,,,,,0,,,,2,1,,,,,,,,,,1,0,,0,0,0,1,0,1,2020-09-04,0,,,1,49.9,168,37.3,115,116,77,24,94,15,1,0,0,1,17.67998866213152,3,0,0,2,1,0,0,0,0,0,0,0,0,0,0,0,0,0,0,0,0,1,1,1,1,1,1,1,1,0,0,0,0,0,0,0,0,0,0,0,0,0,0,0,0,0,0,0,0,0,0,0,0,0,0,0,0,0,0,0,0,0,0,0,0,0,0,0,0,2,1,,2,3,,,1,,,,,,1,11.2,78,9.6,2,1,,,1,1,1,0,,0,0,0,0,0,0,0,1,0,0,2,0,0,0,0,0,0,0,0,0,0,0,0,0,0,0,0,0,,,,,,,,,,,,,,,,,,0,0,0,0,0,0,,0,0,0,2,1,"2022-02-01 09:49","2022-02-01 13:57",1,"2022-02-01 14:42",1,1,1,"2022-02-01 09:00","2022-02-01 14:42",1,"2022-02-01 10:05","2022-02-01 14:42",2,4,27,27,27,27,4,27,27,27,27,1,1,27,27,1,27,27,1,27,27,1,27,27,2,25-351_cl_COT_ca_E.zip,1,2,1,0,2,4,4,0,3,4,4,4,4,4,4,4,3,4,3,0,,,,,,2,,,,,,,,,,,,,,,,,,,,,,,,,,,,,,,,,,,0,,,,,,,,,,,,,,,,,,,,,0,,,,,0,1,0,2,0,0,0,0,0,0,0,0,0,2,,,,,,,,,,,,,,,,,,,0,,,,,,,,,,0,cl_ben_face_25-351.jpg,2,0,0,1,0,1,1,0,0,0,0,0,2,,0,0,0,0,0,0,0,0,0,0,0,,0,0,0,0,0,0,0,0,0,0,0,,,,,0,1,2022-02-11,2,,,2,1,2022-03-07,2,,,2,2023-01-13,0,,,,,1,,,,,,,,,,,,,,,,,,,,,,,,,,,,,,,,,,,0,,,,,,,,,,,,,,,,,,,,,,,,,,,,,,,,,,,0,,,,,,,,,,,,,,,,,,,,,,,,,,,,,,,,,,,0,,,,,,,,,,,,,,,,,,,0,,,,,,,,,,,,,,,,,,,0,,,,,,,,,,,,,,,,,,,0
25-352,"2021-07-16 09:42:46",1,1,0,0,1,2,1,1,2,2,42,2,2021-07-16,9,2,,30,,,,1,0,1,1,0,1,0,1,1,0,0,0,0,30,,60,30,30,,,30,30,,,,,0,,,,1,1,,,,,,,,,,1,0,,0,0,0,1,0,1,2020-12-16,0,,,1,62.2,178,37.2,123,107,74,30,90,15,1,0,0,1,19.631359676808483,3,0,0,2,1,0,0,0,0,0,0,0,0,0,0,0,0,0,0,0,0,0,0,1,1,1,1,1,0,0,0,0,0,0,0,0,0,0,0,0,0,0,0,0,0,0,0,0,0,0,0,0,0,0,0,0,0,0,0,0,0,0,0,0,0,0,0,0,0,2,1,,1,3,,,2,2,,,,15,1,14.9,89,11.0,2,1,,,3,1,,1,21,0,0,0,1,1,0,0,1,0,0,0,0,0,0,0,0,0,0,0,0,0,0,0,0,0,0,0,0,,,,,,,,,,,,,,,,,,0,0,0,0,0,0,,0,0,0,2,1,"2021-07-16 08:45","2021-07-16 11:06",1,"2021-07-16 12:00",1,1,1,"2021-07-16 08:30","2021-07-16 12:00",1,"2021-07-16 11:50","2021-07-16 12:00",2,4,28,28,28,28,4,28,28,28,28,1,1,28,28,1,28,28,1,28,28,1,28,28,2,25-352_cl_COT_ca_E.zip,1,2,1,0,2,0,0,0,0,3,0,3,3,0,3,0,0,0,0,0,,,,,,2,,,,,,,,,,,,,,,,,,,,,,,,,,,,,,,,,,,0,,,,,,,,,,,,,,,,,,,,,0,,,,,0,1,0,2,0,0,0,0,0,0,0,0,0,2,,,,,,,,,,,,,,,,,,,0,,,,,,,,,,0,,0,,0,0,0,0,0,0,0,0,0,0,0,,0,0,0,0,0,0,0,0,0,0,0,,0,0,0,0,0,0,0,0,0,0,0,,,,,0,1,2021-07-25,2,,,2,1,2021-08-27,1,,,2,,,,,,,0,,,,,,,,,,,,,,,,,,,,,,,,,,,,,,,,,,,0,,,,,,,,,,,,,,,,,,,,,,,,,,,,,,,,,,,0,,,,,,,,,,,,,,,,,,,,,,,,,,,,,,,,,,,0,,,,,,,,,,,,,,,,,,,0,,,,,,,,,,,,,,,,,,,0,,,,,,,,,,,,,,,,,,,0
25-353,"2022-02-27 11:54:17",1,1,0,1,,2,,,0,,,0,,,,,,,,,0,0,0,0,0,0,0,0,0,0,0,0,0,,,,,,,,,,,,,,,,,,,,,,,,,,,,,,,,,,,,,,,,,,,,,,,,,,,,,,,,,,,,0,,0,0,0,0,0,0,0,0,0,0,0,0,0,0,0,0,0,0,0,0,0,0,0,0,0,0,0,0,0,0,0,0,0,0,0,0,0,0,0,0,0,0,0,0,0,0,0,0,0,0,0,0,0,0,0,0,0,0,0,0,0,0,0,0,0,,,,,,,,,,,,,,,,,0,,,,,,,,,0,0,0,0,0,0,,0,0,0,0,,0,0,0,0,0,0,0,0,0,0,0,0,0,0,0,0,,,,,,,,,,,,,,,,,,0,0,0,0,0,0,,0,0,0,0,,,,,,,,,,,,,,0,,,,,,,,,,,,,,,,,,,,,,,,0,,,0,,,0,,,,,,,,,,,,,,,,,,,,,0,,,,,,,,,,,,,,,,,,,,,,,,,,,,,,,,,,,0,,,,,,,,,,,,,,,,,,,,,0,,,,,0,,,0,,,,,,,,,,0,,,,,,,,,,,,,,,,,,,0,,,,,,,,,,0,,0,,0,0,0,0,0,0,0,0,0,0,0,,0,0,0,0,0,0,0,0,0,0,0,,0,0,0,0,0,0,0,0,0,0,0,,,,,0,,,,,,0,,,,,,0,,,,,,,0,,,,,,,,,,,,,,,,,,,,,,,,,,,,,,,,,,,0,,,,,,,,,,,,,,,,,,,,,,,,,,,,,,,,,,,0,,,,,,,,,,,,,,,,,,,,,,,,,,,,,,,,,,,0,,,,,,,,,,,,,,,,,,,0,,,,,,,,,,,,,,,,,,,0,,,,,,,,,,,,,,,,,,,0
25-354,"2022-03-03 11:55:41",1,1,0,1,,2,,,0,,,0,,,,,,,,,0,0,0,0,0,0,0,0,0,0,0,0,0,,,,,,,,,,,,,,,,,,,,,,,,,,,,,,,,,,,,,,,,,,,,,,,,,,,,,,,,,,,,0,,0,0,0,0,0,0,0,0,0,0,0,0,0,0,0,0,0,0,0,0,0,0,0,0,0,0,0,0,0,0,0,0,0,0,0,0,0,0,0,0,0,0,0,0,0,0,0,0,0,0,0,0,0,0,0,0,0,0,0,0,0,0,0,0,0,,,,,,,,,,,,,,,,,0,,,,,,,,,0,0,0,0,0,0,,0,0,0,0,,0,0,0,0,0,0,0,0,0,0,0,0,0,0,0,0,,,,,,,,,,,,,,,,,,0,0,0,0,0,0,,0,0,0,0,,,,,,,,,,,,,,0,,,,,,,,,,,,,,,,,,,,,,,,0,,,0,,,0,,,,,,,,,,,,,,,,,,,,,0,,,,,,,,,,,,,,,,,,,,,,,,,,,,,,,,,,,0,,,,,,,,,,,,,,,,,,,,,0,,,,,0,,,0,,,,,,,,,,0,,,,,,,,,,,,,,,,,,,0,,,,,,,,,,0,,0,,0,0,0,0,0,0,0,0,0,0,0,,0,0,0,0,0,0,0,0,0,0,0,,0,0,0,0,0,0,0,0,0,0,0,,,,,0,,,,,,0,,,,,,0,,,,,,,0,,,,,,,,,,,,,,,,,,,,,,,,,,,,,,,,,,,0,,,,,,,,,,,,,,,,,,,,,,,,,,,,,,,,,,,0,,,,,,,,,,,,,,,,,,,,,,,,,,,,,,,,,,,0,,,,,,,,,,,,,,,,,,,0,,,,,,,,,,,,,,,,,,,0,,,,,,,,,,,,,,,,,,,0
25-355,"2021-06-25 10:02:46",1,1,0,0,1,2,1,1,2,2,55,2,2021-06-25,10,2,,30,,,,0,0,1,1,0,1,1,1,1,0,0,1,0,,,14,30,30,,30,30,14,,,30,,1,1,1,0,1,2,2018,0,,3,,4,,,,1,0,,0,0,0,1,0,0,,0,,,0,59.9,180,37.1,140,97,77,30,90,15,1,0,1,2,18.487654320987655,4,0,0,2,1,0,0,0,0,0,0,0,0,0,1,1,1,1,0,1,0,0,0,0,0,0,0,0,0,0,0,0,0,0,0,0,0,0,0,0,0,0,0,0,0,0,0,0,0,0,0,0,0,0,0,0,0,0,0,0,0,0,0,0,0,0,0,0,0,2,1,,2,3,,,1,,,,,,1,13.2,95,9.5,2,2,1,,1,1,1,1,6,1,0,0,1,0,0,1,1,0,0,2,0,0,0,0,0,0,0,0,0,0,0,0,0,0,0,0,0,,,,,,,,,,,,,,,,,,0,0,0,0,0,0,,0,0,0,2,1,"2021-06-25 08:45","2021-06-25 12:12",1,"2021-06-25 14:30",1,1,1,"2021-06-25 08:21","2021-06-25 14:30",1,"2021-06-25 14:10","2021-06-25 14:30",2,4,29,29,29,29,4,29,29,29,29,1,1,29,29,1,29,29,1,29,29,1,29,29,2,25-355_cl_COT_ca_E.zip,1,2,1,0,2,4,4,4,4,4,0,0,0,0,0,0,4,0,0,0,,,,,,2,,,,,,,,,,,,,,,,,,,,,,,,,,,,,,,,,,,0,,,,,,,,,,,,,,,,,,,,,0,,,,,0,1,0,2,0,0,0,0,0,0,0,0,2,2,,,,,,,,,,,,,,,,,,,0,,,,,,,,,,0,cl_ben_face_25-355.jpg,2,0,1,1,0,0,0,0,0,0,0,0,2,,0,0,0,0,0,0,0,0,0,0,0,,0,0,0,0,0,0,0,0,0,0,0,,,,,0,1,2021-07-03,5,,2021-06-25,2,1,2021-07-27,5,,2021-06-25,2,,,,,,,0,,,,,,,,,,,,,,,,,,,,,,,,,,,,,,,,,,,0,,,,,,,,,,,,,,,,,,,,,,,,,,,,,,,,,,,0,,,,,,,,,,,,,,,,,,,,,,,,,,,,,,,,,,,0,,,,,,,,,,,,,,,,,,,0,,,,,,,,,,,,,,,,,,,0,,,,,,,,,,,,,,,,,,,0
25-356,"2022-01-28 16:23:43",1,1,0,1,,2,,,0,,,0,,,,,,,,,0,0,0,0,0,0,0,0,0,0,0,0,0,,,,,,,,,,,,,,,,,,,,,,,,,,,,,,,,,,,,,,,,,,,,,,,,,,,,,,,,,,,,0,,0,0,0,0,0,0,0,0,0,0,0,0,0,0,0,0,0,0,0,0,0,0,0,0,0,0,0,0,0,0,0,0,0,0,0,0,0,0,0,0,0,0,0,0,0,0,0,0,0,0,0,0,0,0,0,0,0,0,0,0,0,0,0,0,0,,,,,,,,,,,,,,,,,0,,,,,,,,,0,0,0,0,0,0,,0,0,0,0,,0,0,0,0,0,0,0,0,0,0,0,0,0,0,0,0,,,,,,,,,,,,,,,,,,0,0,0,0,0,0,,0,0,0,0,,,,,,,,,,,,,,0,,,,,,,,,,,,,,,,,,,,,,,,0,,,0,,,0,,,,,,,,,,,,,,,,,,,,,0,,,,,,,,,,,,,,,,,,,,,,,,,,,,,,,,,,,0,,,,,,,,,,,,,,,,,,,,,0,,,,,0,,,0,,,,,,,,,,0,,,,,,,,,,,,,,,,,,,0,,,,,,,,,,0,,0,,0,0,0,0,0,0,0,0,0,0,0,,0,0,0,0,0,0,0,0,0,0,0,,0,0,0,0,0,0,0,0,0,0,0,,,,,0,,,,,,0,,,,,,0,,,,,,,0,,,,,,,,,,,,,,,,,,,,,,,,,,,,,,,,,,,0,,,,,,,,,,,,,,,,,,,,,,,,,,,,,,,,,,,0,,,,,,,,,,,,,,,,,,,,,,,,,,,,,,,,,,,0,,,,,,,,,,,,,,,,,,,0,,,,,,,,,,,,,,,,,,,0,,,,,,,,,,,,,,,,,,,0
25-357,"2021-07-18 16:24:11",1,1,0,1,,2,,,0,,,0,,,,,,,,,0,0,0,0,0,0,0,0,0,0,0,0,0,,,,,,,,,,,,,,,,,,,,,,,,,,,,,,,,,,,,,,,,,,,,,,,,,,,,,,,,,,,,0,,0,0,0,0,0,0,0,0,0,0,0,0,0,0,0,0,0,0,0,0,0,0,0,0,0,0,0,0,0,0,0,0,0,0,0,0,0,0,0,0,0,0,0,0,0,0,0,0,0,0,0,0,0,0,0,0,0,0,0,0,0,0,0,0,0,,,,,,,,,,,,,,,,,0,,,,,,,,,0,0,0,0,0,0,,0,0,0,0,,0,0,0,0,0,0,0,0,0,0,0,0,0,0,0,0,,,,,,,,,,,,,,,,,,0,0,0,0,0,0,,0,0,0,0,,,,,,,,,,,,,,0,,,,,,,,,,,,,,,,,,,,,,,,0,,,0,,,0,,,,,,,,,,,,,,,,,,,,,0,,,,,,,,,,,,,,,,,,,,,,,,,,,,,,,,,,,0,,,,,,,,,,,,,,,,,,,,,0,,,,,0,,,0,,,,,,,,,,0,,,,,,,,,,,,,,,,,,,0,,,,,,,,,,0,,0,,0,0,0,0,0,0,0,0,0,0,0,,0,0,0,0,0,0,0,0,0,0,0,,0,0,0,0,0,0,0,0,0,0,0,,,,,0,,,,,,0,,,,,,0,,,,,,,0,,,,,,,,,,,,,,,,,,,,,,,,,,,,,,,,,,,0,,,,,,,,,,,,,,,,,,,,,,,,,,,,,,,,,,,0,,,,,,,,,,,,,,,,,,,,,,,,,,,,,,,,,,,0,,,,,,,,,,,,,,,,,,,0,,,,,,,,,,,,,,,,,,,0,,,,,,,,,,,,,,,,,,,0
25-358,"2022-01-27 08:59:53",1,1,0,0,1,2,1,1,2,2,60,2,2022-01-27,8,2,,10,,,,1,0,0,0,0,1,0,1,1,1,1,0,0,6,,7,,,,,10,1,8,6,,,0,,,,1,1,,,,,,,,,,4,0,,0,0,0,1,0,1,2021-08-16,0,,,1,59.6,176,36.7,89,143,94,28,98,15,1,0,0,1,19.240702479338843,1,0,0,2,0,0,0,0,0,0,0,0,0,0,0,0,0,0,0,0,0,0,0,0,0,0,0,0,0,0,0,0,0,0,0,0,0,0,0,0,0,0,0,0,0,0,0,0,0,0,0,0,0,0,0,0,0,0,0,0,0,0,0,0,0,0,0,0,0,2,1,,1,3,,,2,2,,,,79,1,11.2,98,3.8,2,,,,,,,,,0,0,0,0,0,0,,0,0,0,0,,0,0,0,0,0,0,0,0,0,0,0,0,0,0,0,0,,,,,,,,,,,,,,,,,,0,0,0,0,0,0,,0,0,0,0,1,"2022-01-27 11:06","2022-01-27 12:03",1,"2022-01-27 13:00",1,1,1,"2022-01-27 11:06","2022-01-27 13:00",1,"2022-01-27 11:10","2022-01-27 13:00",2,4,30,30,30,30,4,30,30,30,30,1,1,30,30,1,30,30,1,30,30,1,30,30,2,25-358_cl_COT_ca_E.zip,1,2,1,0,2,0,0,0,0,3,0,0,0,0,4,0,0,0,0,0,,,,,,2,,,,,,,,,,,,,,,,,,,,,,,,,,,,,,,,,,,0,,,,,,,,,,,,,,,,,,,,,0,,,,,0,1,0,2,0,0,0,0,0,0,0,0,0,2,,,,,,,,,,,,,,,,,,,0,,,,,,,,,,0,cl_ben_face_25-358.jpg,2,0,0,0,0,0,1,0,0,0,0,0,2,,0,0,0,0,0,0,0,0,0,0,0,,0,0,0,0,0,0,0,0,0,0,0,,,,,0,1,2022-02-03,2,,,2,1,2022-02-27,1,,,2,,,,,,,0,,,,,,,,,,,,,,,,,,,,,,,,,,,,,,,,,,,0,,,,,,,,,,,,,,,,,,,,,,,,,,,,,,,,,,,0,,,,,,,,,,,,,,,,,,,,,,,,,,,,,,,,,,,0,,,,,,,,,,,,,,,,,,,0,,,,,,,,,,,,,,,,,,,0,,,,,,,,,,,,,,,,,,,0
25-359,"2022-03-23 09:32:57",1,1,0,0,1,2,1,1,2,1,22,2,2022-03-23,7,2,,30,,,,1,0,0,1,0,1,1,0,1,0,1,0,1,14,,7,,7,,14,,14,,14,,,0,,,,3,1,,,,,,,,,,1,0,,0,0,0,1,0,0,,0,,,1,43.3,164,36.5,73,103,83,30,100,15,1,0,0,1,16.099048185603806,3,0,0,2,1,0,0,0,0,0,0,0,0,0,0,0,0,0,0,0,0,1,1,1,1,1,1,1,1,0,0,0,0,0,0,0,0,0,0,0,0,0,0,0,0,0,0,0,0,0,0,0,0,0,0,0,0,0,0,0,0,0,0,0,0,0,0,0,0,2,1,,2,3,,,1,,,,,,1,11.3,68,24.3,2,1,,,1,1,0,0,,0,0,0,0,0,0,0,1,0,0,2,0,0,0,0,0,0,0,0,0,0,0,0,0,0,0,0,0,,,,,,,,,,,,,,,,,,0,0,0,0,0,0,,0,0,0,2,1,"2022-03-23 09:20","2022-03-23 12:57",1,"2022-03-23 14:59",1,1,1,"2022-03-23 08:45","2022-03-23 14:59",1,"2022-03-23 12:39","2022-03-23 14:59",2,4,31,31,31,31,4,31,31,31,31,1,1,31,31,1,31,31,1,31,31,1,31,31,2,25-359_cl_COT_ca_E.zip,1,2,1,0,2,4,0,3,3,3,4,4,0,4,4,4,3,4,3,0,,,,,,2,,,,,,,,,,,,,,,,,,,,,,,,,,,,,,,,,,,0,,,,,,,,,,,,,,,,,,,,,0,,,,,0,1,0,2,1,0,0,0,0,0,0,0,0,2,,,,,,,,,,,,,,,,,,,0,,,,,,,,,,0,cl_ben_face_25-359.jpg,2,0,1,1,0,1,1,0,0,0,0,0,2,,0,0,0,0,0,0,0,0,0,0,0,,0,0,0,0,0,0,0,0,0,0,0,,,,,0,,,,,,0,1,2022-04-20,2,,,2,,,,,,,0,,,,,,,,,,,,,,,,,,,,,,,,,,,,,,,,,,,0,,,,,,,,,,,,,,,,,,,,,,,,,,,,,,,,,,,0,,,,,,,,,,,,,,,,,,,,,,,,,,,,,,,,,,,0,,,,,,,,,,,,,,,,,,,0,,,,,,,,,,,,,,,,,,,0,,,,,,,,,,,,,,,,,,,0
25-360,"2022-03-13 11:09:06",1,1,0,0,1,2,1,1,2,2,20,2,2022-03-13,7,2,,5,,,,1,0,0,0,0,0,1,1,1,0,0,1,0,12,,,,,,3,12,5,,,12,,0,,,,3,1,,,,,,,,,,4,0,,0,0,0,1,0,0,,0,,,1,75.2,191,35.5,106,137,93,18,100,15,0,0,0,0,20.613470025492724,4,0,0,2,0,0,0,0,0,0,0,0,0,0,0,0,0,0,0,0,0,0,0,0,0,0,0,0,0,0,0,0,0,0,0,0,0,0,0,0,0,0,0,0,0,0,0,0,0,0,0,0,0,0,0,0,0,0,0,0,0,0,0,0,0,0,0,0,0,2,2,31.4,1,3,,,1,,,,,,2,11.8,91,3.9,2,1,,,9,0,,1,6,0,0,0,1,0,0,0,1,0,0,2,0,0,0,0,0,0,0,0,0,0,0,0,0,0,0,0,0,,,,,,,,,,,,,,,,,,0,0,0,0,0,0,,0,0,0,2,1,"2022-03-13 09:25","2022-03-13 12:57",1,"2022-03-13 14:59",1,1,1,"2022-03-13 08:57","2022-03-13 14:59",1,"2022-03-13 12:39","2022-03-13 14:59",2,4,32,32,32,32,4,32,32,32,32,1,1,32,32,1,32,32,1,32,32,1,32,32,2,25-360_cl_COT_ca_E.zip,1,2,1,0,2,0,0,0,0,0,0,0,3,0,3,0,0,0,0,0,,,,,,2,,,,,,,,,,,,,,,,,,,,,,,,,,,,,,,,,,,0,,,,,,,,,,,,,,,,,,,,,0,,,,,0,1,0,2,0,0,0,0,0,0,0,0,0,2,,,,,,,,,,,,,,,,,,,0,,,,,,,,,,0,cl_ben_face_25-360.jpg,2,1,0,0,0,0,0,0,0,0,0,0,2,,0,0,0,0,0,0,0,0,0,0,0,,0,0,0,0,0,0,0,0,0,0,0,,,,,0,1,2022-03-27,2,,,2,1,2022-04-10,1,,,2,,,,,,,0,,,,,,,,,,,,,,,,,,,,,,,,,,,,,,,,,,,0,,,,,,,,,,,,,,,,,,,,,,,,,,,,,,,,,,,0,,,,,,,,,,,,,,,,,,,,,,,,,,,,,,,,,,,0,,,,,,,,,,,,,,,,,,,0,,,,,,,,,,,,,,,,,,,0,,,,,,,,,,,,,,,,,,,0
25-361,"2022-01-27 15:36:33",1,1,0,0,2,2,,,0,,,0,,,,,,,,,0,0,0,0,0,0,0,0,0,0,0,0,0,,,,,,,,,,,,,,,,,,,,,,,,,,,,,,,,,,,,,,,,,,,,,,,,,,,,,,,,,,,,0,,0,0,0,0,0,0,0,0,0,0,0,0,0,0,0,0,0,0,0,0,0,0,0,0,0,0,0,0,0,0,0,0,0,0,0,0,0,0,0,0,0,0,0,0,0,0,0,0,0,0,0,0,0,0,0,0,0,0,0,0,0,0,0,0,0,,,,,,,,,,,,,,,,,0,,,,,,,,,0,0,0,0,0,0,,0,0,0,0,,0,0,0,0,0,0,0,0,0,0,0,0,0,0,0,0,,,,,,,,,,,,,,,,,,0,0,0,0,0,0,,0,0,0,0,,,,,,,,,,,,,,0,,,,,,,,,,,,,,,,,,,,,,,,0,,,0,,,0,,,,,,,,,,,,,,,,,,,,,0,,,,,,,,,,,,,,,,,,,,,,,,,,,,,,,,,,,0,,,,,,,,,,,,,,,,,,,,,0,,,,,0,,,0,,,,,,,,,,0,,,,,,,,,,,,,,,,,,,0,,,,,,,,,,0,,0,,0,0,0,0,0,0,0,0,0,0,0,,0,0,0,0,0,0,0,0,0,0,0,,0,0,0,0,0,0,0,0,0,0,0,,,,,0,,,,,,0,,,,,,0,,,,,,,0,,,,,,,,,,,,,,,,,,,,,,,,,,,,,,,,,,,0,,,,,,,,,,,,,,,,,,,,,,,,,,,,,,,,,,,0,,,,,,,,,,,,,,,,,,,,,,,,,,,,,,,,,,,0,,,,,,,,,,,,,,,,,,,0,,,,,,,,,,,,,,,,,,,0,,,,,,,,,,,,,,,,,,,0
25-362,"2022-01-29 15:36:58",1,1,0,1,,2,,,0,,,0,,,,,,,,,0,0,0,0,0,0,0,0,0,0,0,0,0,,,,,,,,,,,,,,,,,,,,,,,,,,,,,,,,,,,,,,,,,,,,,,,,,,,,,,,,,,,,0,,0,0,0,0,0,0,0,0,0,0,0,0,0,0,0,0,0,0,0,0,0,0,0,0,0,0,0,0,0,0,0,0,0,0,0,0,0,0,0,0,0,0,0,0,0,0,0,0,0,0,0,0,0,0,0,0,0,0,0,0,0,0,0,0,0,,,,,,,,,,,,,,,,,0,,,,,,,,,0,0,0,0,0,0,,0,0,0,0,,0,0,0,0,0,0,0,0,0,0,0,0,0,0,0,0,,,,,,,,,,,,,,,,,,0,0,0,0,0,0,,0,0,0,0,,,,,,,,,,,,,,0,,,,,,,,,,,,,,,,,,,,,,,,0,,,0,,,0,,,,,,,,,,,,,,,,,,,,,0,,,,,,,,,,,,,,,,,,,,,,,,,,,,,,,,,,,0,,,,,,,,,,,,,,,,,,,,,0,,,,,0,,,0,,,,,,,,,,0,,,,,,,,,,,,,,,,,,,0,,,,,,,,,,0,,0,,0,0,0,0,0,0,0,0,0,0,0,,0,0,0,0,0,0,0,0,0,0,0,,0,0,0,0,0,0,0,0,0,0,0,,,,,0,,,,,,0,,,,,,0,,,,,,,0,,,,,,,,,,,,,,,,,,,,,,,,,,,,,,,,,,,0,,,,,,,,,,,,,,,,,,,,,,,,,,,,,,,,,,,0,,,,,,,,,,,,,,,,,,,,,,,,,,,,,,,,,,,0,,,,,,,,,,,,,,,,,,,0,,,,,,,,,,,,,,,,,,,0,,,,,,,,,,,,,,,,,,,0
25-363,"2022-02-21 09:21:17",1,1,0,0,1,2,1,1,2,1,32,2,2022-02-21,6,2,,4,,,,1,0,1,1,0,1,0,1,1,0,0,1,0,4,,12,4,4,,,12,12,,,4,,0,,,,1,1,,,,,,,,,,1,0,,0,1,0,1,0,0,,0,,,1,62,159,36.8,74,193,25,28,100,15,1,0,0,1,24.524346347059055,3,0,0,2,1,0,0,0,0,0,0,0,0,0,0,0,0,0,0,0,0,0,0,0,1,0,1,0,0,0,0,0,0,0,0,0,0,0,0,0,0,0,0,0,0,0,0,0,0,0,0,0,0,0,0,0,0,0,0,0,0,0,0,0,0,0,0,0,0,2,1,,1,3,,,3,,,,,,1,14.0,87,9.1,2,1,,,6,0,,1,10,1,0,0,0,0,0,0,1,0,0,2,0,0,0,0,0,0,0,0,0,0,0,0,0,0,0,0,0,,,,,,,,,,,,,,,,,,0,0,0,0,0,0,,0,0,0,2,1,"2022-02-21 08:35","2022-02-21 11:36",1,"2022-02-21 12:40",1,1,1,"2022-02-21 08:27","2022-02-21 12:40",1,"2022-02-21 12:27","2022-02-21 12:40",2,4,33,33,33,33,4,33,33,33,33,1,1,33,33,1,33,33,1,33,33,1,33,33,2,25-363_cl_COT_ca_E.zip,1,2,1,0,2,0,3,3,0,0,0,3,0,0,0,0,0,0,0,0,,,,,,2,,,,,,,,,,,,,,,,,,,,,,,,,,,,,,,,,,,0,,,,,,,,,,,,,,,,,,,,,0,,,,,0,1,0,2,0,0,0,0,0,0,0,0,0,2,,,,,,,,,,,,,,,,,,,0,,,,,,,,,,0,cl_ben_face_25-363.jpg,2,0,0,0,0,0,1,0,0,0,0,0,2,,0,0,0,0,0,0,0,0,0,0,0,,0,0,0,0,0,0,0,0,0,0,0,,,,,0,1,2022-03-06,2,,,2,1,2022-03-29,2,,,2,,,,,,,0,,,,,,,,,,,,,,,,,,,,,,,,,,,,,,,,,,,0,,,,,,,,,,,,,,,,,,,,,,,,,,,,,,,,,,,0,,,,,,,,,,,,,,,,,,,,,,,,,,,,,,,,,,,0,,,,,,,,,,,,,,,,,,,0,,,,,,,,,,,,,,,,,,,0,,,,,,,,,,,,,,,,,,,0
25-364,"2021-11-12 10:34:53",1,1,0,0,1,2,1,1,2,2,24,2,2021-11-12,6,2,,14,,,,1,0,0,1,1,1,0,1,0,0,0,1,0,14,,14,,7,1,,14,,,,7,,0,,,,3,1,,,,,,,,,,4,,,0,0,0,1,0,0,,0,,,1,62.1,179,37.3,98,130,79,36,94,15,1,0,0,1,19.381417558752847,2,0,0,2,1,0,0,0,0,1,1,0,0,0,0,0,0,0,0,0,0,1,1,0,0,0,0,0,0,0,0,0,0,0,0,0,0,0,0,0,0,0,0,0,0,0,0,0,0,0,0,0,0,0,0,0,0,0,0,0,0,0,0,0,0,0,0,0,0,2,1,,2,3,,,1,,,,,,1,13.7,69,7.5,2,1,,,1,1,1,0,,0,0,0,0,0,0,0,1,0,0,2,0,0,0,0,0,0,0,0,0,0,0,0,0,0,0,0,0,,,,,,,,,,,,,,,,,,0,0,0,0,0,0,,0,0,0,2,1,"2021-11-12 08:50","2021-11-12 11:36",1,"2021-11-12 12:40",1,1,1,"2021-11-12 08:37","2021-11-12 12:40",1,"2021-11-12 12:27","2021-11-12 12:40",2,4,34,34,34,34,4,34,34,34,34,1,1,34,34,1,34,34,1,34,34,1,34,34,2,25-364_cl_COT_ca_E.zip,1,2,1,0,2,0,0,3,0,3,3,0,3,3,3,0,0,3,0,0,,,,,,2,,,,,,,,,,,,,,,,,,,,,,,,,,,,,,,,,,,0,,,,,,,,,,,,,,,,,,,,,0,,,,,0,1,0,2,1,0,0,0,0,0,0,0,0,2,,,,,,,,,,,,,,,,,,,0,,,,,,,,,,0,cl_ben_face_25-364.jpg,2,0,0,1,0,1,1,0,0,0,0,0,2,,0,0,0,0,0,0,0,0,0,0,0,,0,0,0,0,0,0,0,0,0,0,0,,,,,0,1,2021-11-25,2,,,2,1,2021-12-18,2,,,2,2022-10-17,0,,,,,1,,,,,,,,,,,,,,,,,,,,,,,,,,,,,,,,,,,0,,,,,,,,,,,,,,,,,,,,,,,,,,,,,,,,,,,0,,,,,,,,,,,,,,,,,,,,,,,,,,,,,,,,,,,0,,,,,,,,,,,,,,,,,,,0,,,,,,,,,,,,,,,,,,,0,,,,,,,,,,,,,,,,,,,0
25-365,"2022-01-29 12:00:22",1,1,0,1,,2,,,0,,,0,,,,,,,,,0,0,0,0,0,0,0,0,0,0,0,0,0,,,,,,,,,,,,,,,,,,,,,,,,,,,,,,,,,,,,,,,,,,,,,,,,,,,,,,,,,,,,0,,0,0,0,0,0,0,0,0,0,0,0,0,0,0,0,0,0,0,0,0,0,0,0,0,0,0,0,0,0,0,0,0,0,0,0,0,0,0,0,0,0,0,0,0,0,0,0,0,0,0,0,0,0,0,0,0,0,0,0,0,0,0,0,0,0,,,,,,,,,,,,,,,,,0,,,,,,,,,0,0,0,0,0,0,,0,0,0,0,,0,0,0,0,0,0,0,0,0,0,0,0,0,0,0,0,,,,,,,,,,,,,,,,,,0,0,0,0,0,0,,0,0,0,0,,,,,,,,,,,,,,0,,,,,,,,,,,,,,,,,,,,,,,,0,,,0,,,0,,,,,,,,,,,,,,,,,,,,,0,,,,,,,,,,,,,,,,,,,,,,,,,,,,,,,,,,,0,,,,,,,,,,,,,,,,,,,,,0,,,,,0,,,0,,,,,,,,,,0,,,,,,,,,,,,,,,,,,,0,,,,,,,,,,0,,0,,0,0,0,0,0,0,0,0,0,0,0,,0,0,0,0,0,0,0,0,0,0,0,,0,0,0,0,0,0,0,0,0,0,0,,,,,0,,,,,,0,,,,,,0,,,,,,,0,,,,,,,,,,,,,,,,,,,,,,,,,,,,,,,,,,,0,,,,,,,,,,,,,,,,,,,,,,,,,,,,,,,,,,,0,,,,,,,,,,,,,,,,,,,,,,,,,,,,,,,,,,,0,,,,,,,,,,,,,,,,,,,0,,,,,,,,,,,,,,,,,,,0,,,,,,,,,,,,,,,,,,,0
25-366,"2022-02-01 09:07:53",1,1,0,0,1,2,1,1,2,2,41,2,2022-02-01,10,2,,150,,,,0,0,0,1,1,1,1,1,0,0,0,1,0,,,90,,150,60,120,150,,,,150,,1,0,0,0,2,1,,,,,,,,,,4,0,,0,0,0,2,0,0,,0,,,1,45.8,171,35.2,90,93,73,20,97,15,0,0,1,1,15.662939023973188,2,0,0,2,0,0,0,0,0,0,0,0,0,0,0,0,0,0,0,0,0,0,0,0,0,0,0,0,0,0,0,0,0,0,0,0,0,0,0,0,0,0,0,0,0,0,0,0,0,0,0,0,0,0,0,0,0,0,0,0,0,0,0,0,0,0,0,0,0,2,1,,1,3,,,2,2,1,,1,141,1,11.6,93,4.5,2,1,,,3,1,0,0,,0,0,0,0,0,0,0,1,0,0,2,0,0,0,0,0,0,0,0,0,0,0,0,0,0,0,0,0,,,,,,,,,,,,,,,,,,0,0,0,0,0,0,,0,0,0,2,1,"2022-01-31 08:57","2022-01-31 12:56",1,"2022-01-31 13:55",1,1,1,"2022-01-31 08:32","2022-01-31 13:55",1,"2022-01-31 10:50","2022-01-31 13:55",2,4,35,35,35,35,4,35,35,35,35,1,1,35,35,1,35,35,1,35,35,1,35,35,2,25-366_cl_COT_ca_E.zip,1,2,1,0,2,3,3,3,3,3,0,3,3,0,3,3,3,3,3,0,,,,,,2,,,,,,,,,,,,,,,,,,,,,,,,,,,,,,,,,,,0,,,,,,,,,,,,,,,,,,,,,0,,,,,0,1,0,2,1,0,0,0,0,0,0,0,0,2,,,,,,,,,,,,,,,,,,,0,,,,,,,,,,0,cl_ben_face_25-366.jpg,2,0,0,0,0,0,0,0,0,0,0,1,2,,0,0,0,0,0,0,0,0,0,0,0,,0,0,0,0,0,0,0,0,0,0,0,,,,,0,1,2022-02-12,2,,,2,1,2022-03-07,2,,,2,,,,,,,0,,,,,,,,,,,,,,,,,,,,,,,,,,,,,,,,,,,0,,,,,,,,,,,,,,,,,,,,,,,,,,,,,,,,,,,0,,,,,,,,,,,,,,,,,,,,,,,,,,,,,,,,,,,0,,,,,,,,,,,,,,,,,,,0,,,,,,,,,,,,,,,,,,,0,,,,,,,,,,,,,,,,,,,0
25-367,"2022-01-19 10:44:42",1,1,0,0,1,2,1,1,2,1,38,2,2022-01-19,10,2,,90,,,,0,0,1,1,0,1,1,1,1,0,1,0,0,,,90,14,14,,4,90,14,,14,,,0,,,,1,1,,,,,,,,,,1,0,,0,0,0,1,0,0,,0,,,1,36.8,157,36.4,137,83,71,36,91,14,1,1,1,3,14.929611748955333,4,0,0,2,1,1,1,1,0,1,1,0,0,0,0,0,0,0,0,0,0,0,0,0,0,0,0,0,0,0,0,0,0,0,0,0,0,0,0,0,0,0,0,0,0,0,0,0,0,0,0,0,0,0,0,0,0,0,0,0,0,0,0,0,0,0,0,0,0,2,1,,1,3,,,2,2,,,,111,2,8.5,82,16.1,2,3,,1,10,0,,0,,0,0,0,0,0,0,0,1,0,0,2,1,0,0,1,0,0,0,0,0,0,0,0,0,0,0,0,0,,,,,,,,,,,,,,1,1,0,,0,0,0,0,0,0,0,1,0,0,2,1,"2022-01-19 10:05","2022-01-19 12:56",1,"2022-01-19 13:55",1,1,1,"2022-01-19 10:00","2022-01-19 13:55",1,"2022-01-19 13:20","2022-01-19 13:55",2,4,36,36,36,36,4,36,36,36,36,1,1,36,36,1,36,36,1,36,36,1,36,36,2,25-367_cl_COT_ca_E.zip,1,2,1,0,2,0,4,3,0,3,0,4,0,0,3,0,3,0,0,0,,,,,,2,,,,,,,,,,,,,,,,,,,,,,,,,,,,,,,,,,,0,,,,,,,,,,,,,,,,,,,,,0,,,,,0,1,0,2,1,0,0,0,0,0,0,0,0,2,,,,,,,,,,,,,,,,,,,0,,,,,,,,,,0,cl_ben_face_25-367.jpg,2,0,0,1,0,0,1,0,0,0,0,0,2,,0,0,0,0,0,0,0,0,0,0,0,,0,0,0,0,0,0,0,0,0,0,0,,,,,0,1,2022-02-13,2,,,2,1,2022-02-20,2,,,2,,,,,,,0,,,,,,,,,,,,,,,,,,,,,,,,,,,,,,,,,,,0,,,,,,,,,,,,,,,,,,,,,,,,,,,,,,,,,,,0,,,,,,,,,,,,,,,,,,,,,,,,,,,,,,,,,,,0,,,,,,,,,,,,,,,,,,,0,,,,,,,,,,,,,,,,,,,0,,,,,,,,,,,,,,,,,,,0
25-368,"2022-03-15 09:47:49",1,1,0,0,1,2,1,1,2,2,46,2,2022-03-15,9,2,,60,,,,1,0,1,0,0,1,1,1,1,1,1,1,0,30,,45,30,,,30,30,60,30,75,60,,1,0,0,0,3,1,,,,,,,,,,1,0,,0,0,0,2,0,0,,0,,,0,52.9,183,36.4,92,91,64,40,95,15,1,0,1,2,15.796231598435307,2,0,0,2,1,0,0,0,0,0,0,0,0,0,0,0,0,0,0,0,0,0,0,1,0,1,1,1,1,0,0,0,0,0,0,0,0,0,0,0,0,0,0,0,0,0,0,0,0,0,0,0,0,0,0,0,0,0,0,0,0,0,0,0,0,0,0,0,0,2,1,,1,3,,,2,2,1,,1,58,2,10.3,75,3.8,2,1,,,10,0,,1,,0,1,0,0,1,0,0,1,0,0,2,1,0,0,1,0,0,0,0,0,0,0,0,0,0,0,0,0,,,,,,,,,,,,,,1,1,0,,0,0,0,0,0,0,0,1,0,0,0,1,"2022-03-24 09:30","2022-03-15 12:05",1,"2022-03-15 12:54",1,1,1,"2022-03-15 08:36","2022-03-15 12:54",1,"2022-03-15 11:45","2022-03-15 12:54",2,4,37,37,37,37,4,37,37,37,37,1,1,37,37,1,37,37,1,37,37,1,37,37,2,25-368_cl_COT_ca_E.zip,1,2,1,0,2,0,3,3,3,3,0,2,3,0,0,4,3,4,0,0,,,,,,2,,,,,,,,,,,,,,,,,,,,,,,,,,,,,,,,,,,0,,,,,,,,,,,,,,,,,,,,,0,,,,,0,1,0,2,2,0,0,0,0,0,0,0,0,2,,,,,,,,,,,,,,,,,,,0,,,,,,,,,,0,cl_ben_face_25-368.jpg,2,0,0,0,0,0,1,0,0,0,0,0,2,,0,0,0,0,0,0,0,0,0,0,0,,0,0,0,0,0,0,0,0,0,0,0,,,,,0,1,2022-03-22,2,,,2,1,2022-04-12,2,,,2,,,,,,,0,,,,,,,,,,,,,,,,,,,,,,,,,,,,,,,,,,,0,,,,,,,,,,,,,,,,,,,,,,,,,,,,,,,,,,,0,,,,,,,,,,,,,,,,,,,,,,,,,,,,,,,,,,,0,,,,,,,,,,,,,,,,,,,0,,,,,,,,,,,,,,,,,,,0,,,,,,,,,,,,,,,,,,,0
25-369,"2022-05-13 11:08:02",1,1,0,0,3,0,1,1,0,2,28,0,2022-05-13,9,2,,10,,,,1,0,1,1,0,1,1,1,1,1,0,1,0,9,,10,10,10,,9,9,10,10,,10,,1,1,1,0,1,1,,,,,,,,,,1,1,2,0,0,0,1,0,0,,0,,,1,51.6,170,36.4,95,129,84,36,96,15,1,0,0,1,17.85467128027682,2,0,0,0,1,0,0,1,1,1,1,1,1,0,0,0,0,0,0,0,0,0,0,0,0,0,0,0,0,0,0,0,0,0,0,0,0,0,0,0,0,0,0,0,0,0,0,0,0,0,0,0,0,0,0,0,0,0,0,0,0,0,0,0,0,0,0,0,0,0,1,,1,3,,,3,,,,,,1,12.9,72,5.6,0,,,,,,,,,0,0,0,0,0,0,,0,0,0,0,,0,0,0,0,0,0,0,0,0,0,0,0,0,0,0,0,,,,,,,,,,,,,,,,,,0,0,0,0,0,0,,0,0,0,0,1,"2022-05-13 10:00","2022-05-13 12:05",1,"2022-05-13 12:54",1,1,1,"2022-05-13 08:55","2022-05-13 12:54",1,"2022-05-13 12:36","2022-05-13 12:54",0,4,38,38,38,38,4,38,38,38,38,1,1,38,38,1,38,38,1,38,38,1,38,38,0,,,0,,,0,,,,,,,,,,,,,,,,,,,,,0,,,,,,,,,,,,,,,,,,,,,,,,,,,,,,,,,,,0,,,,,,,,,,,,,,,,,,,,,0,,,,,0,,,0,,,,,,,,,,0,,,,,,,,,,,,,,,,,,,0,,,,,,,,,,0,,0,,0,0,0,0,0,0,0,0,0,0,0,,0,0,0,0,0,0,0,0,0,0,0,,0,0,0,0,0,0,0,0,0,0,0,,,,,0,,,,,,0,,,,,,0,,,,,,,0,,,,,,,,,,,,,,,,,,,,,,,,,,,,,,,,,,,0,,,,,,,,,,,,,,,,,,,,,,,,,,,,,,,,,,,0,,,,,,,,,,,,,,,,,,,,,,,,,,,,,,,,,,,0,,,,,,,,,,,,,,,,,,,0,,,,,,,,,,,,,,,,,,,0,,,,,,,,,,,,,,,,,,,0
25-370,"2022-04-27 12:32:26",1,1,0,1,,2,,,0,,,0,,,,,,,,,0,0,0,0,0,0,0,0,0,0,0,0,0,,,,,,,,,,,,,,,,,,,,,,,,,,,,,,,,,,,,,,,,,,,,,,,,,,,,,,,,,,,,0,,0,0,0,0,0,0,0,0,0,0,0,0,0,0,0,0,0,0,0,0,0,0,0,0,0,0,0,0,0,0,0,0,0,0,0,0,0,0,0,0,0,0,0,0,0,0,0,0,0,0,0,0,0,0,0,0,0,0,0,0,0,0,0,0,0,,,,,,,,,,,,,,,,,0,,,,,,,,,0,0,0,0,0,0,,0,0,0,0,,0,0,0,0,0,0,0,0,0,0,0,0,0,0,0,0,,,,,,,,,,,,,,,,,,0,0,0,0,0,0,,0,0,0,0,,,,,,,,,,,,,,0,,,,,,,,,,,,,,,,,,,,,,,,0,,,0,,,0,,,,,,,,,,,,,,,,,,,,,0,,,,,,,,,,,,,,,,,,,,,,,,,,,,,,,,,,,0,,,,,,,,,,,,,,,,,,,,,0,,,,,0,,,0,,,,,,,,,,0,,,,,,,,,,,,,,,,,,,0,,,,,,,,,,0,,0,,0,0,0,0,0,0,0,0,0,0,0,,0,0,0,0,0,0,0,0,0,0,0,,0,0,0,0,0,0,0,0,0,0,0,,,,,0,,,,,,0,,,,,,0,,,,,,,0,,,,,,,,,,,,,,,,,,,,,,,,,,,,,,,,,,,0,,,,,,,,,,,,,,,,,,,,,,,,,,,,,,,,,,,0,,,,,,,,,,,,,,,,,,,,,,,,,,,,,,,,,,,0,,,,,,,,,,,,,,,,,,,0,,,,,,,,,,,,,,,,,,,0,,,,,,,,,,,,,,,,,,,0
25-371,"2022-03-27 09:33:07",1,1,0,0,1,2,1,1,2,1,26,2,2022-03-27,6,2,,14,,,,1,0,1,1,0,1,0,1,0,1,0,0,0,14,,3,14,14,,,14,,14,,,,0,,,,3,1,,,,,,,,,,4,0,,0,0,0,1,0,0,,0,,,0,51.9,160,36.3,58,129,87,24,98,15,1,0,0,1,20.2734375,1,0,0,2,1,0,0,0,0,0,0,0,0,0,0,0,0,0,0,0,0,0,1,1,1,0,0,0,0,0,0,0,0,0,0,0,0,0,0,0,0,0,0,0,0,0,0,0,0,0,0,0,0,0,0,0,0,0,0,0,0,0,0,0,0,0,0,0,0,2,1,,1,3,,,1,,,,,,1,12.7,83,4.9,2,1,,,4,1,1,0,,0,0,0,0,0,0,0,1,0,0,2,1,0,0,0,1,0,0,0,0,0,0,0,0,0,0,0,0,2,2,0,0,94,1,,,,,,,,1,1,0,,0,0,0,0,0,0,0,1,0,0,2,1,"2022-03-27 09:05","2022-03-27 12:18",1,"2022-03-27 13:00",1,1,1,"2022-03-27 08:41","2022-03-27 13:00",1,"2022-03-27 10:45","2022-03-27 13:00",2,4,39,39,39,39,4,39,39,39,39,1,1,39,39,1,39,39,1,39,39,1,39,39,2,25-371_cl_COT_ca_E.zip,1,2,1,0,2,3,3,0,3,6,0,0,0,0,0,3,6,0,0,1,1,,2,,2,2,,,,,,,,,,,,,,,,,,,,,,,,,,,,,,,,,,,0,,,,,,,,,,,,,,,,,,,,,0,,,,,0,1,0,2,0,0,1,0,0,0,0,0,0,2,,,,,,,,,,,,,,,,,,,0,,,,,,,,,,0,,0,,0,0,0,0,0,0,0,0,0,0,0,,0,0,0,0,0,0,0,0,0,0,0,,0,0,0,0,0,0,0,0,0,0,0,,,,,0,1,2022-04-16,2,,,2,1,2022-05-01,2,,,2,,,,,,,0,,,,,,,,,,,,,,,,,,,,,,,,,,,,,,,,,,,0,,,,,,,,,,,,,,,,,,,,,,,,,,,,,,,,,,,0,,,,,,,,,,,,,,,,,,,,,,,,,,,,,,,,,,,0,,,,,,,,,,,,,,,,,,,0,,,,,,,,,,,,,,,,,,,0,,,,,,,,,,,,,,,,,,,0
25-372,"2022-05-05 09:45:49",1,1,0,0,1,2,1,1,2,1,18,2,2022-05-05,6,2,,180,,,,1,0,1,1,0,1,1,1,1,1,1,1,0,60,,90,60,60,,14,60,180,60,180,60,,0,,,,1,1,,,,,,,,,,4,0,,0,0,0,1,0,0,,0,,,1,50.8,166,36.7,112,101,69,30,94,15,1,0,0,1,18.435186529249528,3,0,0,2,1,0,0,0,0,0,0,0,0,0,0,0,0,0,0,0,0,1,1,1,1,1,1,0,0,0,0,0,0,0,0,0,0,0,0,0,0,0,0,0,0,0,0,0,0,0,0,0,0,0,0,0,0,0,0,0,0,0,0,0,0,0,0,1,1,2,1,,2,3,,,1,,,,,,1,9.1,65,9.5,2,1,,,1,1,0,0,,0,0,0,0,0,0,0,1,0,0,2,0,0,0,0,0,0,0,0,0,0,0,0,0,0,0,0,0,,,,,,,,,,,,,,,,,,0,0,0,0,0,0,,0,0,0,2,1,"2022-05-05 09:13","2022-05-05 11:43",1,"2022-05-05 14:07",1,1,1,"2022-05-05 08:59","2022-05-05 14:07",1,"2022-05-05 10:45","2022-05-05 14:07",2,4,40,40,40,40,4,40,40,40,40,1,1,40,40,1,40,40,1,40,40,1,40,40,2,25-372_cl_COT_ca_E.zip,1,2,1,0,2,3,0,0,3,3,4,4,4,4,4,3,0,4,4,0,,,,,,2,,,,,,,,,,,,,,,,,,,,,,,,,,,,,,,,,,,0,,,,,,,,,,,,,,,,,,,,,0,,,,,0,1,0,2,0,0,0,0,0,1,0,0,0,2,,,,,,,,,,,,,,,,,,,0,,,,,,,,,,0,,0,,0,0,0,0,0,0,0,0,0,0,0,,0,0,0,0,0,0,0,0,0,0,0,,0,0,0,0,0,0,0,0,0,0,0,,,,,0,1,2022-05-19,2,,,2,1,2022-06-03,2,,,2,,,,,,,0,,,,,,,,,,,,,,,,,,,,,,,,,,,,,,,,,,,0,,,,,,,,,,,,,,,,,,,,,,,,,,,,,,,,,,,0,,,,,,,,,,,,,,,,,,,,,,,,,,,,,,,,,,,0,,,,,,,,,,,,,,,,,,,0,,,,,,,,,,,,,,,,,,,0,,,,,,,,,,,,,,,,,,,0
25-373,"2022-02-26 11:09:17",1,1,0,0,1,2,1,1,2,1,32,2,2022-02-26,6,2,,90,,,,0,0,1,1,0,0,0,1,0,0,1,0,0,,,,60,60,,,60,,,60,,,0,,,,2,1,,,,,,,,,,1,0,,0,0,0,1,0,0,,0,,,1,77.5,164,36.7,77,118,83,24,97,15,1,0,0,1,28.814693634741225,1,0,0,2,1,1,1,0,0,0,0,0,0,0,0,0,0,0,0,0,0,0,0,0,0,0,0,0,0,0,0,0,0,0,0,0,0,0,0,0,0,0,0,0,0,0,0,0,0,0,0,0,0,0,0,0,0,0,0,0,0,0,0,0,0,0,0,0,0,2,1,,1,3,,,1,,,,,,1,14.1,81,4.3,2,1,,,11,0,,1,5,0,0,0,1,0,0,0,1,0,0,2,0,0,0,0,0,0,0,0,0,0,0,0,0,0,0,0,0,,,,,,,,,,,,,,,,,,0,0,0,0,0,0,,0,0,0,2,1,"2022-02-26 09:32","2022-02-26 11:43",1,"2022-02-26 14:07",1,1,1,"2022-02-26 09:25","2022-02-26 14:07",1,"2022-02-26 12:55","2022-02-26 14:07",2,4,41,41,41,41,4,41,41,41,41,1,1,41,41,1,41,41,1,41,41,1,41,41,2,25-373_cl_COT_ca_E.zip,1,2,1,0,2,0,0,3,0,0,0,0,0,0,3,0,0,0,0,0,,,,,,2,,,,,,,,,,,,,,,,,,,,,,,,,,,,,,,,,,,0,,,,,,,,,,,,,,,,,,,,,0,,,,,0,2,0,2,0,0,0,0,0,0,0,0,0,2,,,,,,,,,,,,,,,,,,,0,,,,,,,,,,0,cl_ben_face_25-373.jpg,2,1,0,0,0,0,0,0,0,0,0,0,2,,0,0,0,0,0,0,0,0,0,0,0,,0,0,0,0,0,0,0,0,0,0,0,,,,,0,1,2022-03-12,2,,,2,1,2022-03-27,2,,,2,,,,,,,0,,,,,,,,,,,,,,,,,,,,,,,,,,,,,,,,,,,0,,,,,,,,,,,,,,,,,,,,,,,,,,,,,,,,,,,0,,,,,,,,,,,,,,,,,,,,,,,,,,,,,,,,,,,0,,,,,,,,,,,,,,,,,,,0,,,,,,,,,,,,,,,,,,,0,,,,,,,,,,,,,,,,,,,0
25-374,"2022-04-18 09:48:04",1,1,0,0,1,2,1,1,2,2,33,2,2022-04-18,8,2,,120,,,,1,0,0,1,0,1,0,1,0,0,0,0,0,14,,30,,120,,,120,,,,,,0,,,,2,1,,,,,,,,,,3,0,,0,0,0,1,0,0,,0,,,1,57.8,172,35,92,106,68,32,99,15,1,0,0,1,19.537587885343427,3,0,0,2,1,1,1,0,0,1,1,1,0,0,0,0,0,0,0,0,0,0,0,0,0,0,0,0,0,0,0,0,0,0,0,0,0,0,0,0,0,0,0,0,0,0,0,0,0,0,0,0,0,0,0,0,0,0,0,0,0,0,0,0,0,0,0,0,0,2,1,,2,3,,,1,,,,,,1,9.6,72,11.1,2,1,,,1,1,0,0,,0,0,0,0,0,0,0,1,0,0,2,0,0,0,0,0,0,0,0,0,0,0,0,0,0,0,0,0,,,,,,,,,,,,,,,,,,0,0,0,0,0,0,,0,0,0,2,1,"2022-04-18 09:25","2022-04-18 11:55",1,"2022-04-18 14:07",1,1,1,"2022-04-18 08:56","2022-04-18 14:07",1,"2022-04-18 11:09","2022-04-18 14:07",2,4,42,42,42,42,4,42,42,42,42,1,1,42,42,1,42,42,1,42,42,1,42,42,2,25-374_cl_COT_ca_E.zip,1,2,1,0,2,4,3,3,4,3,4,4,4,4,3,4,0,4,0,0,,,,,,2,,,,,,,,,,,,,,,,,,,,,,,,,,,,,,,,,,,0,,,,,,,,,,,,,,,,,,,,,0,,,,,0,1,0,2,1,0,0,0,0,0,0,0,0,2,,,,,,,,,,,,,,,,,,,0,,,,,,,,,,0,cl_ben_face_25-374.jpg,2,0,1,1,0,0,1,1,0,0,0,0,2,,0,0,0,0,0,0,0,0,0,0,0,,0,0,0,0,0,0,0,0,0,0,0,,,,,0,1,2022-05-10,4,,,2,1,2022-06-13,2,,,2,,,,,,,0,,,,,,,,,,,,,,,,,,,,,,,,,,,,,,,,,,,0,,,,,,,,,,,,,,,,,,,,,,,,,,,,,,,,,,,0,,,,,,,,,,,,,,,,,,,,,,,,,,,,,,,,,,,0,,,,,,,,,,,,,,,,,,,0,,,,,,,,,,,,,,,,,,,0,,,,,,,,,,,,,,,,,,,0
25-375,"2021-11-28 10:58:45",1,1,0,0,1,2,1,1,2,1,46,2,2021-11-28,8,2,,90,,,,0,0,0,0,0,0,0,0,0,0,1,0,0,,,,,,,,,,,7,,,0,,,,1,1,,,,,,,,,,1,0,,0,1,0,1,0,1,2021-02-28,0,,,0,75.9,166,36.5,83,121,85,18,95,15,0,0,0,0,27.543910582087385,2,0,0,2,1,0,0,0,0,1,1,1,0,0,0,0,0,0,0,0,0,0,0,0,0,0,0,0,0,0,0,0,0,0,0,0,0,0,0,0,0,0,0,0,0,0,0,0,0,0,0,0,0,0,0,0,0,0,0,0,0,0,0,0,0,0,0,0,0,2,2,43,1,3,,,1,,,,,,1,8.1,85,8.1,2,1,,,9,0,,1,,0,0,0,1,0,0,0,1,0,0,2,0,0,0,0,0,0,0,0,0,0,0,0,0,0,0,0,0,,,,,,,,,,,,,,,,,,0,0,0,0,0,0,,0,0,0,2,1,"2021-11-28 09:27","2021-11-28 11:55",1,"2021-11-28 14:07",1,1,1,"2021-11-28 09:12","2021-11-28 14:07",1,"2021-11-28 13:00","2021-11-28 14:07",2,4,43,43,43,43,4,43,43,43,43,1,1,43,43,1,43,43,1,43,43,1,43,43,2,25-375_cl_COT_ca_E.zip,1,2,1,0,2,0,3,3,0,0,0,0,0,0,0,0,0,3,0,0,,,,,,2,,,,,,,,,,,,,,,,,,,,,,,,,,,,,,,,,,,0,,,,,,,,,,,,,,,,,,,,,0,,,,,0,1,0,2,1,0,0,0,0,0,2,2,0,2,,,,,,,,,,,,,,,,,,,0,,,,,,,,,,0,cl_ben_face_25-375.jpg,2,1,0,0,0,0,0,0,0,0,0,0,2,,0,0,0,0,0,0,0,0,0,0,0,,0,0,0,0,0,0,0,0,0,0,0,,,,,0,1,2021-12-11,2,,,2,1,2022-01-09,1,,,2,,,,,,,0,,,,,,,,,,,,,,,,,,,,,,,,,,,,,,,,,,,0,,,,,,,,,,,,,,,,,,,,,,,,,,,,,,,,,,,0,,,,,,,,,,,,,,,,,,,,,,,,,,,,,,,,,,,0,,,,,,,,,,,,,,,,,,,0,,,,,,,,,,,,,,,,,,,0,,,,,,,,,,,,,,,,,,,0
25-376,"2021-11-05 09:42:17",1,1,0,0,1,2,1,1,2,2,68,2,2021-11-05,9,2,,17,,,,1,0,1,1,0,1,0,1,1,0,0,1,0,17,,17,,17,,,17,20,,,17,,0,,,,1,2,2017,0,,3,,4,,,,2,0,,0,0,0,1,0,0,,0,,,1,53.6,174,35.5,94,124,89,18,95,15,0,0,0,0,17.703791782269786,1,0,0,2,0,0,0,0,0,0,0,0,0,0,0,0,0,0,0,0,0,0,0,0,0,0,0,0,0,0,0,0,0,0,0,0,0,0,0,0,0,0,0,0,0,0,0,0,0,0,0,0,0,0,0,0,0,0,0,0,0,0,0,0,0,0,0,0,0,2,2,42.6,1,3,,,1,,,,,,1,13.2,83,7.2,2,1,,,12,0,,1,10,1,0,1,0,0,0,0,1,0,0,2,,0,0,0,0,0,0,0,0,0,0,0,0,0,0,0,0,,,,,,,,,,,,,,,,,,0,0,0,0,0,0,,0,0,0,0,1,"2021-11-05 09:19","2021-11-05 12:50",1,"2021-11-05 14:00",1,1,1,"2021-11-05 08:25","2021-11-05 14:00",1,"2021-11-05 11:35","2021-11-05 14:00",2,4,44,44,44,44,4,44,44,44,44,1,1,44,44,1,44,44,1,44,44,1,44,44,2,25-376_cl_COT_ca_E.zip,1,2,1,0,2,0,0,0,0,0,5,5,5,5,4,0,0,0,0,1,2,2,,1,,2,,,,,,,,,,,,,,,,,,,,,,,,,,,,,,,,,,,0,,,,,,,,,,,,,,,,,,,,,0,,,,,0,1,0,2,3,0,0,0,0,0,0,0,0,2,,,,,,,,,,,,,,,,,,,0,,,,,,,,,,0,cl_ben_face_25-376.jpg,2,0,0,0,0,0,0,1,0,0,0,1,2,,0,0,0,0,0,0,0,0,0,0,0,,0,0,0,0,0,0,0,0,0,0,0,,,,,0,1,2021-11-17,3,,,2,1,2021-12-16,3,,,2,,,,,,,0,,,,,,,,,,,,,,,,,,,,,,,,,,,,,,,,,,,0,,,,,,,,,,,,,,,,,,,,,,,,,,,,,,,,,,,0,,,,,,,,,,,,,,,,,,,,,,,,,,,,,,,,,,,0,,,,,,,,,,,,,,,,,,,0,,,,,,,,,,,,,,,,,,,0,,,,,,,,,,,,,,,,,,,0
25-377,"2022-02-09 11:13:27",1,1,0,0,1,2,1,1,2,2,32,2,2022-02-09,9,2,,90,,,,1,0,0,1,1,1,0,1,0,0,0,0,0,90,,60,,60,21,,,,,,,,0,,,,2,2,2015,0,,3,,5,,,,2,0,,0,0,0,1,0,0,,0,,,1,56.1,178,36,65,129,85,22,99,15,1,0,0,1,17.706097714934984,3,0,0,2,1,0,0,0,0,0,0,0,0,0,0,0,0,0,0,0,0,0,0,0,0,0,0,0,0,0,0,0,0,0,0,0,0,0,0,0,0,0,0,0,0,0,0,0,0,0,0,0,0,0,0,0,0,0,0,0,0,0,0,0,0,0,0,0,0,2,1,,1,,,,1,,,,,,1,12.0,72,6.7,2,1,,,12,0,,1,10,1,0,0,1,0,0,0,1,0,0,2,0,0,0,0,0,0,0,0,0,0,0,0,0,0,0,0,0,,,,,,,,,,,,,,,,,,0,0,0,0,0,0,,0,0,0,2,1,"2022-02-09 09:25","2022-02-09 12:50",1,"2022-02-09 14:00",1,1,1,"2022-02-09 08:56","2022-02-09 14:00",1,"2022-02-09 13:30","2022-02-09 14:00",2,4,45,45,45,45,4,45,45,45,45,1,1,45,45,1,45,45,1,45,45,1,45,45,2,,,0,1,0,2,4,3,4,0,4,3,3,0,3,0,0,0,0,3,0,,,,,,2,,,,,,,,,,,,,,,,,,,,,,,,,,,,,,,,,,,0,,,,,,,,,,,,,,,,,,,,,0,,,,,0,1,0,2,0,0,0,0,0,0,0,0,0,2,,,,,,,,,,,,,,,,,,,0,,,,,,,,,,0,cl_ben_face_25-377.jpg,2,0,1,0,0,0,0,0,0,0,0,1,2,,0,0,0,0,0,0,0,0,0,0,0,,0,0,0,0,0,0,0,0,0,0,0,,,,,0,1,2022-02-21,2,,,2,1,2022-04-05,1,,,2,,,,,,,0,,,,,,,,,,,,,,,,,,,,,,,,,,,,,,,,,,,0,,,,,,,,,,,,,,,,,,,,,,,,,,,,,,,,,,,0,,,,,,,,,,,,,,,,,,,,,,,,,,,,,,,,,,,0,,,,,,,,,,,,,,,,,,,0,,,,,,,,,,,,,,,,,,,0,,,,,,,,,,,,,,,,,,,0
25-378,"2022-02-22 09:56:27",1,1,0,1,,2,,,0,,,0,,,,,,,,,0,0,0,0,0,0,0,0,0,0,0,0,0,,,,,,,,,,,,,,,,,,,,,,,,,,,,,,,,,,,,,,,,,,,,,,,,,,,,,,,,,,,,0,,0,0,0,0,0,0,0,0,0,0,0,0,0,0,0,0,0,0,0,0,0,0,0,0,0,0,0,0,0,0,0,0,0,0,0,0,0,0,0,0,0,0,0,0,0,0,0,0,0,0,0,0,0,0,0,0,0,0,0,0,0,0,0,0,0,,,,,,,,,,,,,,,,,0,,,,,,,,,0,0,0,0,0,0,,0,0,0,0,,0,0,0,0,0,0,0,0,0,0,0,0,0,0,0,0,,,,,,,,,,,,,,,,,,0,0,0,0,0,0,,0,0,0,0,,,,,,,,,,,,,,0,,,,,,,,,,,,,,,,,,,,,,,,0,,,0,,,0,,,,,,,,,,,,,,,,,,,,,0,,,,,,,,,,,,,,,,,,,,,,,,,,,,,,,,,,,0,,,,,,,,,,,,,,,,,,,,,0,,,,,0,,,0,,,,,,,,,,0,,,,,,,,,,,,,,,,,,,0,,,,,,,,,,0,,0,,0,0,0,0,0,0,0,0,0,0,0,,0,0,0,0,0,0,0,0,0,0,0,,0,0,0,0,0,0,0,0,0,0,0,,,,,0,,,,,,0,,,,,,0,,,,,,,0,,,,,,,,,,,,,,,,,,,,,,,,,,,,,,,,,,,0,,,,,,,,,,,,,,,,,,,,,,,,,,,,,,,,,,,0,,,,,,,,,,,,,,,,,,,,,,,,,,,,,,,,,,,0,,,,,,,,,,,,,,,,,,,0,,,,,,,,,,,,,,,,,,,0,,,,,,,,,,,,,,,,,,,0
25-379,"2021-07-10 09:57:03",1,1,0,0,1,2,1,1,2,2,56,2,2021-07-10,10,2,,60,,,,1,0,0,1,0,1,0,1,0,1,0,0,0,60,,60,,60,,,60,,60,,,,0,,,,2,1,,,,,,,,,,2,0,,0,1,0,1,0,1,2021-02-09,0,,,1,50.4,174,35.7,89,159,106,22,99,15,1,0,0,1,16.646848989298455,5,0,0,2,1,0,1,0,0,1,1,1,1,0,0,0,0,0,0,0,0,0,0,0,0,0,0,0,0,0,0,0,0,0,0,0,0,0,0,0,0,0,0,0,0,0,0,0,0,0,0,0,0,0,0,0,0,0,0,0,0,0,0,0,0,0,0,0,0,2,1,,1,3,,,2,2,,,,284,1,10.7,71,6.2,2,1,,,6,0,,1,6,0,0,0,1,0,0,0,1,0,0,2,0,0,0,0,0,0,0,0,0,0,0,0,0,0,0,0,0,,,,,,,,,,,,,,,,,,0,0,0,0,0,0,,0,0,0,2,1,"2021-07-10 09:13","2021-07-09 12:50",1,"2021-07-10 13:51",1,1,1,"2021-07-10 08:52","2021-07-10 13:51",1,"2021-07-10 11:50","2021-07-10 13:51",2,4,46,46,46,46,4,46,46,46,46,1,1,46,46,1,46,46,1,46,46,1,46,46,2,25-379_cl_COT_ca_E.zip,1,2,1,0,2,0,0,3,0,0,0,3,3,0,0,0,0,0,4,0,,,,,,2,,,,,,,,,,,,,,,,,,,,,,,,,,,,,,,,,,,0,,,,,,,,,,,,,,,,,,,,,0,,,,,0,1,0,2,0,1,0,0,0,0,0,0,0,2,,,,,,,,,,,,,,,,,,,0,,,,,,,,,,0,cl_ben_face_25-379.jpg,2,1,0,0,0,0,0,0,0,0,0,0,2,,0,0,0,0,0,0,0,0,0,0,0,,0,0,0,0,0,0,0,0,0,0,0,,,,,0,1,2021-07-21,1,,,2,1,2021-09-02,1,,,2,,,,,,,0,,,,,,,,,,,,,,,,,,,,,,,,,,,,,,,,,,,0,,,,,,,,,,,,,,,,,,,,,,,,,,,,,,,,,,,0,,,,,,,,,,,,,,,,,,,,,,,,,,,,,,,,,,,0,,,,,,,,,,,,,,,,,,,0,,,,,,,,,,,,,,,,,,,0,,,,,,,,,,,,,,,,,,,0
25-380,"2022-02-24 09:25:57",1,1,0,0,1,2,1,1,2,1,37,2,2022-02-24,9,2,,2,,,,1,0,1,1,0,0,1,1,1,1,0,0,0,2,,,1,1,,1,2,1,1,,,,0,,,,3,1,,,,,,,,,,1,0,,0,0,0,1,0,1,2021-02-24,0,,,0,70,157,37,87,99,64,32,99,15,1,0,1,2,28.398718000730252,2,0,0,2,1,0,1,0,0,1,0,0,0,0,0,0,0,0,0,0,0,0,0,0,0,0,0,0,0,0,0,0,0,0,0,0,0,0,0,0,0,0,0,0,0,0,0,0,0,0,0,0,0,0,0,0,0,0,0,0,0,0,0,0,0,0,0,0,0,2,2,41.1,1,2,,,1,,,,,,1,11.9,88,5.6,2,1,,,9,0,,1,10,1,0,0,1,0,0,0,1,0,0,2,0,0,0,0,0,0,0,0,0,0,0,0,0,0,0,0,0,,,,,,,,,,,,,,,,,,0,0,0,0,0,0,,0,0,0,2,1,"2022-02-24 09:15","2022-02-24 12:00",1,"2022-02-24 14:10",1,1,1,"2022-02-24 08:49","2022-02-24 14:10",1,"2022-02-24 10:52","2022-02-24 14:10",2,4,47,47,47,47,4,47,47,47,47,1,1,47,47,1,47,47,1,47,47,1,47,47,2,25-380_cl_COT_ca_E.zip,0,0,1,0,2,3,0,3,0,0,0,0,0,0,0,3,0,0,0,0,,,,,,2,,,,,,,,,,,,,,,,,,,,,,,,,,,,,,,,,,,0,,,,,,,,,,,,,,,,,,,,,0,,,,,0,1,0,2,1,0,0,0,0,0,0,0,0,2,,,,,,,,,,,,,,,,,,,0,,,,,,,,,,0,cl_ben_face_25-380.jpg,2,,0,0,0,0,0,0,0,0,0,0,0,,0,0,0,0,0,0,0,0,0,0,0,,0,0,0,0,0,0,0,0,0,0,0,,,,,0,1,2022-03-03,2,,,2,1,2022-03-26,1,,,2,,,,,,,0,,,,,,,,,,,,,,,,,,,,,,,,,,,,,,,,,,,0,,,,,,,,,,,,,,,,,,,,,,,,,,,,,,,,,,,0,,,,,,,,,,,,,,,,,,,,,,,,,,,,,,,,,,,0,,,,,,,,,,,,,,,,,,,0,,,,,,,,,,,,,,,,,,,0,,,,,,,,,,,,,,,,,,,0
25-381,"2022-05-23 10:33:39",1,1,0,0,1,2,1,1,2,1,40,2,2022-05-23,9,2,,90,,,,1,0,1,1,0,1,0,1,0,0,0,0,0,90,,30,30,30,,,40,,,,,,1,0,0,0,1,1,,,,,,,,,,1,0,,0,0,0,1,0,0,,0,,,1,42,163,36.6,130,84,65,32,,15,1,0,1,2,15.807896420640596,3,0,0,2,1,0,1,0,0,1,1,1,1,0,0,0,0,0,0,0,0,1,0,1,1,0,0,0,0,0,0,0,0,0,0,0,0,0,0,0,0,0,0,0,0,0,0,0,0,0,0,0,0,0,0,0,0,0,0,0,0,0,0,0,0,0,0,0,0,2,1,,2,3,,,1,,,,,,1,9.9,73,14,2,1,,,1,1,0,0,,0,0,0,0,0,0,0,1,0,0,2,0,0,0,0,0,0,0,0,0,0,0,0,0,0,0,0,0,,,,,,,,,,,,,,,,,,0,0,0,0,0,0,,0,0,0,2,1,"2022-05-23 09:15","2022-05-23 12:00",1,"2022-05-23 14:00",1,1,1,"2022-05-23 08:30","2022-05-23 14:00",1,"2022-05-23 11:53","2022-05-23 14:00",2,4,48,48,48,48,4,48,48,48,48,1,1,48,48,1,48,48,1,48,48,1,48,48,2,25-381_cl_COT_ca_E.zip,1,2,1,0,2,0,4,4,4,0,0,4,4,3,4,3,0,4,4,1,2,2,,1,,2,,,,,,,,,,,,,,,,,,,,,,,,,,,,,,,,,,,0,,,,,,,,,,,,,,,,,,,,,0,,,,,0,1,0,2,2,0,0,0,0,1,0,0,2,2,,,,,,,,,,,,,,,,,,,0,,,,,,,,,,0,,0,,0,0,0,0,0,0,0,0,0,0,0,,0,0,0,0,0,0,0,0,0,0,0,,0,0,0,0,0,0,0,0,0,0,0,,,,,0,1,2022-06-08,2,,,2,1,2022-07-12,2,,,2,2023-04-07,0,,,,,1,,,,,,,,,,,,,,,,,,,,,,,,,,,,,,,,,,,0,,,,,,,,,,,,,,,,,,,,,,,,,,,,,,,,,,,0,,,,,,,,,,,,,,,,,,,,,,,,,,,,,,,,,,,0,,,,,,,,,,,,,,,,,,,0,,,,,,,,,,,,,,,,,,,0,,,,,,,,,,,,,,,,,,,0
25-382,"2022-03-13 10:41:12",1,1,0,0,1,2,1,1,2,2,40,2,2022-03-13,10,2,,60,,,,1,0,0,1,0,1,0,1,1,1,1,1,0,60,,60,,60,,,60,60,60,60,60,,0,,,,1,1,,,,,,,,,,1,0,,0,0,0,1,0,0,,0,,,1,41.8,164,36,119,92,62,30,92,15,1,0,1,2,15.541344437834622,3,1,0,2,1,0,0,0,0,0,0,0,0,0,0,0,0,0,0,0,0,0,1,0,1,1,1,0,0,0,0,0,0,0,0,0,0,0,0,0,0,0,0,0,0,0,0,0,0,0,0,0,0,0,0,0,0,0,0,0,0,0,0,0,0,0,0,0,0,2,1,,2,3,,,2,2,,,,51,2,7.4,90,12.0,2,2,1,,1,1,1,1,,0,0,0,1,1,0,1,1,0,0,2,0,0,0,0,0,0,0,0,0,0,0,0,0,0,0,0,0,,,,,,,,,,,,,,,,,,0,0,0,0,0,0,,0,0,0,2,1,"2022-03-13 09:22","2022-03-13 12:08",1,"2022-03-13 12:53",1,1,1,"2022-03-13 08:58","2022-03-13 12:53",1,"2022-03-13 10:05","2022-03-13 12:53",2,4,49,49,49,49,4,49,49,49,49,1,1,49,49,1,49,49,1,49,49,1,49,49,2,25-382_cl_COT_ca_E.zip,1,2,1,0,2,0,0,2,0,3,4,2,2,4,3,3,0,3,3,0,,,,,,2,,,,,,,,,,,,,,,,,,,,,,,,,,,,,,,,,,,0,,,,,,,,,,,,,,,,,,,,,0,,,,,0,1,0,2,2,0,0,0,0,0,0,0,0,2,,,,,,,,,,,,,,,,,,,0,,,,,,,,,,0,cl_ben_face_25-382.jpg,2,0,0,1,0,0,1,0,0,0,0,0,2,,0,0,0,0,0,0,0,0,0,0,0,,0,0,0,0,0,0,0,0,0,0,0,,,,,0,1,2022-03-26,5,,2022-03-14,2,1,2022-04-17,5,,2022-04-14,2,,,,,,,0,,,,,,,,,,,,,,,,,,,,,,,,,,,,,,,,,,,0,,,,,,,,,,,,,,,,,,,,,,,,,,,,,,,,,,,0,,,,,,,,,,,,,,,,,,,,,,,,,,,,,,,,,,,0,,,,,,,,,,,,,,,,,,,0,,,,,,,,,,,,,,,,,,,0,,,,,,,,,,,,,,,,,,,0
25-383,"2022-02-16 09:42:26",1,1,0,0,1,2,1,1,2,2,27,2,2022-02-16,9,2,,14,,,,1,0,1,1,1,1,1,0,0,1,0,0,0,1,,3,4,4,1,3,,,4,,,,0,,,,3,1,,,,,,,,,,2,0,,0,0,0,1,0,0,,0,,,0,68.8,179,36,79,123,76,26,97,15,1,0,0,1,21.472488374270466,1,0,0,2,1,0,0,0,0,0,0,0,0,0,0,0,0,0,0,0,0,1,0,0,0,0,1,0,0,0,0,0,0,0,0,0,0,0,0,0,0,0,0,0,0,0,0,0,0,0,0,0,0,0,0,0,0,0,0,0,0,0,0,0,0,0,0,0,0,2,1,,2,3,,,1,,,,,,1,13,70,11.3,2,2,1,,1,1,0,0,,0,0,0,0,0,0,1,1,0,0,0,0,0,0,0,0,0,0,0,0,0,0,0,0,0,0,0,0,,,,,,,,,,,,,,,,,,0,0,0,0,0,0,,0,0,0,2,1,"2022-02-16 08:43","2022-02-16 15:53",1,"2022-02-16 16:10",1,1,0,"2022-02-16 08:28","2022-02-16 16:10",1,"2022-02-16 11:20","2022-02-16 16:10",2,4,50,50,50,50,4,50,50,50,50,1,1,50,50,1,50,50,1,50,50,1,50,50,2,25-383_cl_COT_ca_E.zip,1,2,1,0,2,3,0,3,4,3,3,0,3,3,3,4,3,3,0,0,,,,,,2,,,,,,,,,,,,,,,,,,,,,,,,,,,,,,,,,,,0,,,,,,,,,,,,,,,,,,,,,0,,,,,0,1,0,2,0,2,0,0,0,0,0,0,0,2,,,,,,,,,,,,,,,,,,,0,,,,,,,,,,0,cl_ben_face_25-383.jpg,2,0,0,1,0,0,0,0,0,0,0,0,2,,0,0,0,0,0,0,0,0,0,0,0,,0,0,0,0,0,0,0,0,0,0,0,,,,,0,1,2022-02-24,5,,2022-02-16,2,1,2022-03-22,2,,,2,2022-12-30,0,,,,,1,,,,,,,,,,,,,,,,,,,,,,,,,,,,,,,,,,,0,,,,,,,,,,,,,,,,,,,,,,,,,,,,,,,,,,,0,,,,,,,,,,,,,,,,,,,,,,,,,,,,,,,,,,,0,,,,,,,,,,,,,,,,,,,0,,,,,,,,,,,,,,,,,,,0,,,,,,,,,,,,,,,,,,,0
25-384,"2022-03-11 10:58:39",1,1,0,0,1,2,1,1,2,2,33,2,2022-03-11,9,2,,60,,,,1,0,1,0,0,0,0,0,0,0,0,0,0,,,,,,,,,,,,,,0,,,,,1,,,,,,,,,,1,0,,0,0,0,1,0,0,,0,,,1,69.1,180,36.6,74,161,112,28,95,15,1,0,0,1,21.32716049382716,1,0,0,2,1,0,0,0,0,0,0,0,0,1,1,1,1,1,1,1,0,0,0,0,0,0,0,0,0,0,0,0,0,0,0,0,0,0,0,0,0,0,0,0,0,0,0,0,0,0,0,0,0,0,0,0,0,0,0,0,0,0,0,0,0,0,0,0,0,2,1,,1,3,,,1,,,,,,1,15.7,73,9.4,2,1,,,16,0,,1,6,0,0,0,1,0,0,0,1,0,0,2,0,0,0,0,0,0,0,0,0,0,0,0,0,0,0,0,0,,,,,,,,,,,,,,,,,,0,0,0,0,0,0,,0,0,0,2,1,"2022-03-11 09:50","2022-03-11 15:53",1,"2022-03-11 16:10",1,1,1,"2022-03-11 08:49","2022-03-11 16:01",1,"2022-03-11 13:00","2022-03-11 16:10",2,4,51,51,51,51,4,51,51,51,51,1,1,51,51,1,51,51,1,51,51,1,51,51,2,25-384_cl_COT_ca_E.zip,1,2,1,0,2,0,0,3,0,3,0,0,0,0,0,0,0,0,0,0,,,,,,2,,,,,,,,,,,,,,,,,,,,,,,,,,,,,,,,,,,0,,,,,,,,,,,,,,,,,,,,,0,,,,,0,1,0,2,0,0,0,0,0,0,0,0,0,2,,,,,,,,,,,,,,,,,,,0,,,,,,,,,,0,cl_ben_face_25-384.jpg,2,1,0,0,0,0,0,0,0,0,0,0,2,,0,0,0,0,0,0,0,0,0,0,0,,0,0,0,0,0,0,0,0,0,0,0,,,,,0,1,2022-03-23,1,,,2,1,2022-04-14,1,,,2,,,,,,,0,,,,,,,,,,,,,,,,,,,,,,,,,,,,,,,,,,,0,,,,,,,,,,,,,,,,,,,,,,,,,,,,,,,,,,,0,,,,,,,,,,,,,,,,,,,,,,,,,,,,,,,,,,,0,,,,,,,,,,,,,,,,,,,0,,,,,,,,,,,,,,,,,,,0,,,,,,,,,,,,,,,,,,,0
25-385,"2022-04-07 11:14:04",1,1,0,0,1,2,1,1,2,1,33,2,2022-04-07,10,2,,21,,,,1,0,1,1,0,1,0,1,1,0,1,1,0,21,,21,21,21,,,21,21,,21,21,,0,,,,1,1,,,,,,,,,,4,0,,0,1,0,1,0,0,,0,,,1,63.4,155,36.4,118,123,97,36,98,15,1,0,0,1,26.389177939646203,3,0,0,2,1,1,1,1,1,0,0,0,0,0,0,0,0,0,0,0,0,0,0,0,0,0,0,0,0,0,0,0,0,0,0,0,0,0,0,0,0,0,0,0,0,0,0,0,0,0,0,0,0,0,0,0,0,0,0,0,0,0,0,0,0,0,0,0,0,2,2,27.7,1,3,,,2,2,,,,,1,10.4,94,4.3,0,,,,,,,,,0,0,0,0,0,0,,0,0,0,0,,0,0,0,0,0,0,0,0,0,0,0,0,0,0,0,0,,,,,,,,,,,,,,,,,,0,0,0,0,0,0,,0,0,0,0,1,"2022-04-07 10:33","2022-04-07 12:42",1,"2022-04-07 16:10",1,1,1,"2022-04-07 10:14","2022-04-07 13:43",1,"2022-04-07 11:20","2022-04-07 13:15",2,4,52,52,52,52,4,52,52,52,52,1,1,52,52,1,52,52,1,52,52,1,52,52,2,25-385_cl_COT_ca_E.zip,1,2,1,0,2,0,0,3,0,3,0,0,0,0,0,0,0,0,0,0,,,,,,2,,,,,,,,,,,,,,,,,,,,,,,,,,,,,,,,,,,0,,,,,,,,,,,,,,,,,,,,,0,,,,,0,1,0,2,0,0,0,0,0,0,0,0,0,2,,,,,,,,,,,,,,,,,,,0,,,,,,,,,,0,cl_ben_face_25-385.jpg,2,1,0,0,0,0,0,0,0,0,0,0,2,,0,0,0,0,0,0,0,0,0,0,0,,0,0,0,0,0,0,0,0,0,0,0,,,,,0,1,2022-04-18,1,,,2,1,2022-05-24,1,,,2,,,,,,,0,,,,,,,,,,,,,,,,,,,,,,,,,,,,,,,,,,,0,,,,,,,,,,,,,,,,,,,,,,,,,,,,,,,,,,,0,,,,,,,,,,,,,,,,,,,,,,,,,,,,,,,,,,,0,,,,,,,,,,,,,,,,,,,0,,,,,,,,,,,,,,,,,,,0,,,,,,,,,,,,,,,,,,,0
25-386,"2022-03-11 10:12:05",1,1,0,0,1,2,1,1,2,2,58,2,2022-03-14,10,4,,,,22,,0,0,1,0,0,1,0,1,0,1,0,0,0,,,,,,,,,,,,,,1,0,0,0,3,1,,,,,,,,,,3,0,,0,1,0,1,0,0,,0,,,1,52,169,37,126,100,86,60,99,15,1,0,1,2,18.206645425580337,5,0,0,2,1,1,1,1,1,0,0,0,0,0,0,0,0,0,0,0,0,0,0,0,0,0,0,0,0,0,0,0,0,0,0,0,0,0,0,0,0,0,0,0,0,0,0,0,0,0,0,0,0,0,0,0,0,0,0,0,0,0,0,0,0,1,1,1,1,2,1,,1,3,,,1,,,,,,1,6.8,79,16,2,2,1,,,0,,1,,1,0,0,0,0,0,1,1,0,0,2,0,0,0,0,0,0,0,0,0,0,0,0,0,0,0,0,0,,,,,,,,,,,,,,,,,,0,0,0,0,0,0,,0,0,0,2,1,"2022-03-11 12:40","2022-03-11 13:21",1,"2022-03-11 14:56",1,1,1,"2022-03-11 12:38","2022-03-11 14:56",1,"2022-03-11 12:55","2022-03-11 14:56",2,4,53,53,53,53,4,53,53,53,53,1,1,53,53,1,53,53,1,53,53,1,53,53,2,,,0,1,0,2,0,0,3,3,0,4,5,,6,6,2,1,6,6,1,2,2,,2,,2,,,,,,,,,,,,,,,,,,,,,,,,,,,,,,,,,,,0,,,,,,,,,,,,,,,,,,,,,0,,,,,0,1,0,2,0,0,0,0,0,1,0,0,0,2,,,,,,,,,,,,,,,,,,,0,,,,,,,,,,0,cl_ben_face_25-386.jpg,2,0,0,0,0,0,1,1,0,0,0,0,2,,0,0,0,0,0,0,0,0,0,0,0,,0,0,0,0,0,0,0,0,0,0,0,,,,,0,,2022-03-21,6,2022-03-17,,2,,,6,2022-03-17,,2,,,,,,,0,,,,,,,,,,,,,,,,,,,,,,,,,,,,,,,,,,,0,,,,,,,,,,,,,,,,,,,,,,,,,,,,,,,,,,,0,,,,,,,,,,,,,,,,,,,,,,,,,,,,,,,,,,,0,,,,,,,,,,,,,,,,,,,0,,,,,,,,,,,,,,,,,,,0,,,,,,,,,,,,,,,,,,,0
25-387,"2022-03-31 10:30:17",1,1,0,0,1,2,1,1,2,2,40,2,2022-03-31,10,2,,7,,,,1,0,1,0,0,1,0,1,1,0,1,0,0,7,,,7,,,,7,7,,7,,,0,,,,2,1,,,,,,,,,,1,1,2,0,0,,,0,0,,0,,,0,50,178,37.2,114,116,78,46,92,15,1,0,0,1,15.780835753061481,5,0,0,2,1,1,1,0,0,0,0,0,0,0,0,0,0,0,0,0,0,0,0,0,0,0,0,0,0,0,0,0,0,0,1,0,0,0,0,0,0,0,0,0,0,0,0,0,0,0,0,0,0,0,0,0,0,0,0,0,0,0,0,0,0,0,0,0,0,2,1,,1,3,,,2,2,,,,638,1,13.0,86,9.0,2,2,1,,3,1,1,1,,0,0,0,1,1,0,1,1,0,0,2,0,0,0,0,0,0,0,0,0,0,0,0,0,0,0,0,0,,,,,,,,,,,,,,,,,,0,0,0,0,0,0,,0,0,0,2,1,"2022-03-31 09:05","2022-03-31 12:02",1,"2022-03-31 13:45",0,1,1,"2022-03-31 08:35","2022-03-31 13:45",1,"2022-03-31 09:36","2022-03-31 13:45",2,4,54,54,54,54,4,54,54,54,54,1,1,54,54,1,54,54,1,54,54,1,54,54,2,25-387_cl_COT_ca_E.zip,1,2,1,0,2,1,1,1,0,1,1,1,1,3,3,1,2,1,2,0,,,,,,2,,,,,,,,,,,,,,,,,,,,,,,,,,,,,,,,,,,0,,,,,,,,,,,,,,,,,,,,,0,,,,,0,1,0,2,1,0,0,0,0,0,0,0,0,2,,,,,,,,,,,,,,,,,,,0,,,,,,,,,,0,cl_ben_face_25-387.jpg,2,0,0,1,0,0,1,0,0,0,0,0,2,,0,0,0,0,0,0,0,0,0,0,0,,0,0,0,0,0,0,0,0,0,0,0,,,,,0,1,2022-04-07,5,,2022-03-31,2,1,2022-04-29,2,,,2,,,,,,,0,,,,,,,,,,,,,,,,,,,,,,,,,,,,,,,,,,,0,,,,,,,,,,,,,,,,,,,,,,,,,,,,,,,,,,,0,,,,,,,,,,,,,,,,,,,,,,,,,,,,,,,,,,,0,,,,,,,,,,,,,,,,,,,0,,,,,,,,,,,,,,,,,,,0,,,,,,,,,,,,,,,,,,,0
25-388,"2022-03-07 12:09:56",1,1,0,0,1,2,1,1,2,2,30,2,2022-03-07,10,2,,14,,,,1,0,1,1,0,1,1,1,1,0,1,0,0,14,,60,14,10,,60,60,5,,14,,,0,,,,2,1,,,,,,,,,,1,0,,0,0,0,1,0,0,,0,,,1,53,175,36.1,144,89,66,50,94,14,1,1,1,3,17.306122448979593,5,0,0,2,1,0,0,0,0,0,0,0,0,0,0,0,0,0,0,0,0,1,1,1,1,1,1,0,0,0,0,0,0,0,0,0,0,0,0,0,0,0,0,0,0,0,0,0,0,0,0,0,0,0,0,0,0,0,0,0,0,0,0,0,0,0,0,0,0,2,1,,2,3,,,1,,,,,,1,9.9,72,32,2,2,1,,1,1,1,0,,0,0,0,0,0,0,1,1,0,0,2,0,0,0,0,0,0,0,0,0,0,0,0,0,0,0,0,0,,,,,,,,,,,,,,,,,,0,0,0,0,0,0,,0,0,0,2,1,"2022-03-07 09:23","2022-03-07 12:02",1,"2022-03-07 13:45",1,1,1,"2022-03-07 09:10","2022-03-07 13:45",1,"2022-03-07 13:10","2022-03-07 13:45",2,4,55,55,55,55,4,55,55,55,55,1,1,55,55,1,55,55,1,55,55,1,55,55,2,,,0,1,0,2,4,4,4,4,4,4,4,4,4,4,4,3,4,3,0,,,,,,2,,,,,,,,,,,,,,,,,,,,,,,,,,,,,,,,,,,0,,,,,,,,,,,,,,,,,,,,,0,,,,,0,1,0,2,1,1,0,0,0,0,0,0,0,2,,,,,,,,,,,,,,,,,,,0,,,,,,,,,,0,cl_ben_face_25-388.jpg,2,0,1,1,0,1,1,0,0,0,0,0,2,,0,0,0,0,0,0,0,0,0,0,0,,0,0,0,0,0,0,0,0,0,0,0,,,,,0,1,2022-03-14,5,,2022-03-07,2,,,6,2022-03-16,,2,,,,,,,0,,,,,,,,,,,,,,,,,,,,,,,,,,,,,,,,,,,0,,,,,,,,,,,,,,,,,,,,,,,,,,,,,,,,,,,0,,,,,,,,,,,,,,,,,,,,,,,,,,,,,,,,,,,0,,,,,,,,,,,,,,,,,,,0,,,,,,,,,,,,,,,,,,,0,,,,,,,,,,,,,,,,,,,0
25-389,"2022-05-24 18:31:54",1,1,0,1,,2,,,0,,,0,,,,,,,,,0,0,0,0,0,0,0,0,0,0,0,0,0,,,,,,,,,,,,,,,,,,,,,,,,,,,,,,,,,,,,,,,,,,,,,,,,,,,,,,,,,,,,0,,0,0,0,0,0,0,0,0,0,0,0,0,0,0,0,0,0,0,0,0,0,0,0,0,0,0,0,0,0,0,0,0,0,0,0,0,0,0,0,0,0,0,0,0,0,0,0,0,0,0,0,0,0,0,0,0,0,0,0,0,0,0,0,0,0,,,,,,,,,,,,,,,,,0,,,,,,,,,0,0,0,0,0,0,,0,0,0,0,,0,0,0,0,0,0,0,0,0,0,0,0,0,0,0,0,,,,,,,,,,,,,,,,,,0,0,0,0,0,0,,0,0,0,0,,,,,,,,,,,,,,0,,,,,,,,,,,,,,,,,,,,,,,,0,,,0,,,0,,,,,,,,,,,,,,,,,,,,,0,,,,,,,,,,,,,,,,,,,,,,,,,,,,,,,,,,,0,,,,,,,,,,,,,,,,,,,,,0,,,,,0,,,0,,,,,,,,,,0,,,,,,,,,,,,,,,,,,,0,,,,,,,,,,0,,0,,0,0,0,0,0,0,0,0,0,0,0,,0,0,0,0,0,0,0,0,0,0,0,,0,0,0,0,0,0,0,0,0,0,0,,,,,0,,,,,,0,,,,,,0,,,,,,,0,,,,,,,,,,,,,,,,,,,,,,,,,,,,,,,,,,,0,,,,,,,,,,,,,,,,,,,,,,,,,,,,,,,,,,,0,,,,,,,,,,,,,,,,,,,,,,,,,,,,,,,,,,,0,,,,,,,,,,,,,,,,,,,0,,,,,,,,,,,,,,,,,,,0,,,,,,,,,,,,,,,,,,,0
25-390,"2022-05-24 18:32:16",1,1,0,0,2,2,,,0,,,0,,,,,,,,,0,0,0,0,0,0,0,0,0,0,0,0,0,,,,,,,,,,,,,,,,,,,,,,,,,,,,,,,,,,,,,,,,,,,,,,,,,,,,,,,,,,,,0,,0,0,0,0,0,0,0,0,0,0,0,0,0,0,0,0,0,0,0,0,0,0,0,0,0,0,0,0,0,0,0,0,0,0,0,0,0,0,0,0,0,0,0,0,0,0,0,0,0,0,0,0,0,0,0,0,0,0,0,0,0,0,0,0,0,,,,,,,,,,,,,,,,,0,,,,,,,,,0,0,0,0,0,0,,0,0,0,0,,0,0,0,0,0,0,0,0,0,0,0,0,0,0,0,0,,,,,,,,,,,,,,,,,,0,0,0,0,0,0,,0,0,0,0,,,,,,,,,,,,,,0,,,,,,,,,,,,,,,,,,,,,,,,0,,,0,,,0,,,,,,,,,,,,,,,,,,,,,0,,,,,,,,,,,,,,,,,,,,,,,,,,,,,,,,,,,0,,,,,,,,,,,,,,,,,,,,,0,,,,,0,,,0,,,,,,,,,,0,,,,,,,,,,,,,,,,,,,0,,,,,,,,,,0,,0,,0,0,0,0,0,0,0,0,0,0,0,,0,0,0,0,0,0,0,0,0,0,0,,0,0,0,0,0,0,0,0,0,0,0,,,,,0,,,,,,0,,,,,,0,,,,,,,0,,,,,,,,,,,,,,,,,,,,,,,,,,,,,,,,,,,0,,,,,,,,,,,,,,,,,,,,,,,,,,,,,,,,,,,0,,,,,,,,,,,,,,,,,,,,,,,,,,,,,,,,,,,0,,,,,,,,,,,,,,,,,,,0,,,,,,,,,,,,,,,,,,,0,,,,,,,,,,,,,,,,,,,0
25-391,"2022-02-13 18:32:44",1,1,0,1,,1,,,0,,,0,,,,,,,,,0,0,0,0,0,0,0,0,0,0,0,0,0,,,,,,,,,,,,,,,,,,,,,,,,,,,,,,,,,,,,,,,,,,,,,,,,,,,,,,,,,,,,0,,0,0,0,0,0,0,0,0,0,0,0,0,0,0,0,0,0,0,0,0,0,0,0,0,0,0,0,0,0,0,0,0,0,0,0,0,0,0,0,0,0,0,0,0,0,0,0,0,0,0,0,0,0,0,0,0,0,0,0,0,0,0,0,0,0,,,,,,,,,,,,,,,,,0,,,,,,,,,0,0,0,0,0,0,,0,0,0,0,,0,0,0,0,0,0,0,0,0,0,0,0,0,0,0,0,,,,,,,,,,,,,,,,,,0,0,0,0,0,0,,0,0,0,0,,,,,,,,,,,,,,0,,,,,,,,,,,,,,,,,,,,,,,,0,,,0,,,0,,,,,,,,,,,,,,,,,,,,,0,,,,,,,,,,,,,,,,,,,,,,,,,,,,,,,,,,,0,,,,,,,,,,,,,,,,,,,,,0,,,,,0,,,0,,,,,,,,,,0,,,,,,,,,,,,,,,,,,,0,,,,,,,,,,0,,0,,0,0,0,0,0,0,0,0,0,0,0,,0,0,0,0,0,0,0,0,0,0,0,,0,0,0,0,0,0,0,0,0,0,0,,,,,0,,,,,,0,,,,,,0,,,,,,,0,,,,,,,,,,,,,,,,,,,,,,,,,,,,,,,,,,,0,,,,,,,,,,,,,,,,,,,,,,,,,,,,,,,,,,,0,,,,,,,,,,,,,,,,,,,,,,,,,,,,,,,,,,,0,,,,,,,,,,,,,,,,,,,0,,,,,,,,,,,,,,,,,,,0,,,,,,,,,,,,,,,,,,,0
25-392,"2021-09-30 10:18:44",1,1,0,0,1,2,1,1,2,1,31,2,2021-09-30,6,2,,30,,,,1,0,1,0,0,1,0,0,1,0,0,1,0,30,,21,,,,,,30,,,30,,0,,,,2,1,,,,,,,,,,4,0,,0,0,0,1,0,0,,0,,,1,46.8,154,36,96,99,63,24,98,15,1,0,1,2,19.733513240006747,2,0,0,2,1,1,1,1,1,0,0,0,0,0,0,0,0,0,0,0,0,0,0,0,0,0,0,0,0,0,0,0,0,0,0,0,0,0,0,0,0,0,0,0,0,0,0,0,0,0,0,0,0,0,0,0,0,0,0,0,0,0,0,0,0,0,0,0,0,2,1,,1,3,,,1,,,,,,1,10.9,66.1,4.9,2,,,,,,,,,0,0,0,0,0,0,,0,0,0,0,,0,0,0,0,0,0,0,0,0,0,0,0,0,0,0,0,,,,,,,,,,,,,,,,,,0,0,0,0,0,0,,0,0,0,0,1,"2021-09-30 09:30","2021-09-30 12:56",1,"2021-09-30 14:44",1,1,1,"2021-09-30 09:05","2021-09-30 14:44",1,"2021-09-30 11:50","2021-09-30 14:44",2,4,56,56,56,56,4,56,56,56,56,1,1,56,56,1,56,56,1,56,56,1,56,56,2,,,0,1,0,2,0,0,3,0,4,0,0,0,0,0,0,3,0,0,0,,,,,,2,,,,,,,,,,,,,,,,,,,,,,,,,,,,,,,,,,,0,,,,,,,,,,,,,,,,,,,,,0,,,,,0,1,0,2,1,0,0,0,0,0,0,0,0,2,,,,,,,,,,,,,,,,,,,0,,,,,,,,,,0,cl_ben_face_25-392.jpg,2,1,0,0,0,0,0,0,0,0,0,0,2,,0,0,0,0,0,0,0,0,0,0,0,,0,0,0,0,0,0,0,0,0,0,0,,,,,0,1,2021-10-08,2,,,2,1,2021-11-11,1,,,2,,,,,,,0,,,,,,,,,,,,,,,,,,,,,,,,,,,,,,,,,,,0,,,,,,,,,,,,,,,,,,,,,,,,,,,,,,,,,,,0,,,,,,,,,,,,,,,,,,,,,,,,,,,,,,,,,,,0,,,,,,,,,,,,,,,,,,,0,,,,,,,,,,,,,,,,,,,0,,,,,,,,,,,,,,,,,,,0
25-393,"2022-05-08 11:45:45",1,1,0,0,1,2,1,1,2,1,45,2,2022-05-08,6,2,,210,,,,1,0,1,1,0,1,0,1,1,0,1,0,0,210,,240,240,14,,,240,14,,6,,,1,0,0,1,,1,,,,,,,,,,4,0,,0,0,0,3,0,0,,0,,,1,53,168,36,92,96,71,28,100,15,1,0,1,2,18.778344671201815,4,0,0,2,1,0,0,1,0,0,0,1,0,0,0,0,0,0,0,0,0,1,0,0,0,0,0,0,0,0,0,0,0,0,0,0,0,0,0,0,0,0,0,0,0,0,0,0,0,0,0,0,0,0,0,0,0,0,0,0,0,0,0,0,0,0,0,0,0,2,2,38.1,1,3,,,2,2,1,,1,617,1,12.9,71,8.6,2,1,,,9,0,,1,6,0,0,0,1,0,0,0,1,0,0,2,,0,0,0,0,0,0,0,0,0,0,0,0,0,0,0,0,,,,,,,,,,,,,,,,,,0,0,0,0,0,0,,0,0,0,0,1,"2022-05-08 10:05","2022-03-08 12:56",1,"2022-05-08 14:44",1,1,1,"2022-05-08 09:55","2022-05-08 14:44",1,"2022-05-08 14:00","2022-05-08 14:44",2,4,57,57,57,57,4,57,57,57,57,1,1,57,57,1,57,57,1,57,57,1,57,57,2,,,0,1,0,2,0,0,3,0,0,3,3,0,0,0,0,0,3,0,0,,,,,,2,,,,,,,,,,,,,,,,,,,,,,,,,,,,,,,,,,,0,,,,,,,,,,,,,,,,,,,,,0,,,,,0,1,0,2,0,0,0,0,0,0,0,0,0,2,,,,,,,,,,,,,,,,,,,0,,,,,,,,,,0,cl_ben_face_25-393.jpg,2,1,0,0,0,0,0,0,0,0,0,0,2,,0,0,0,0,0,0,0,0,0,0,0,,0,0,0,0,0,0,0,0,0,0,0,,,,,0,1,2022-05-16,2,,,2,1,2022-06-05,1,,,2,,,,,,,0,,,,,,,,,,,,,,,,,,,,,,,,,,,,,,,,,,,0,,,,,,,,,,,,,,,,,,,,,,,,,,,,,,,,,,,0,,,,,,,,,,,,,,,,,,,,,,,,,,,,,,,,,,,0,,,,,,,,,,,,,,,,,,,0,,,,,,,,,,,,,,,,,,,0,,,,,,,,,,,,,,,,,,,0
25-394,"2022-03-24 09:49:48",1,1,0,0,1,2,1,1,2,1,63,2,2022-03-24,9,2,,40,,,,0,0,0,1,0,0,0,0,0,1,0,0,0,,,,,7,,,,,7,,,,0,,,,3,1,,,,,,,,,,1,0,,0,1,0,2,0,1,2022-08-24,0,,,1,59.7,159,36.4,70,211,115,32,99,15,1,0,0,1,23.614572208377833,1,0,0,2,1,1,0,0,0,0,1,1,0,0,0,0,0,0,0,0,0,0,0,0,0,0,0,0,0,0,0,0,0,0,0,0,0,0,0,0,0,0,0,0,0,0,0,0,0,0,0,0,0,0,0,0,0,0,0,0,0,0,0,0,0,0,0,0,0,2,1,,1,3,,,2,2,,,,622,1,12.6,80,5.3,2,1,,,11,0,,1,6,0,0,0,1,0,0,0,1,0,0,2,0,0,0,0,0,0,0,0,0,0,0,0,0,0,0,0,0,,,,,,,,,,,,,,,,,,0,0,0,0,0,0,,0,0,0,2,1,"2022-03-24 09:20","2022-03-24 13:14",1,"2022-03-24 14:20",1,1,1,"2022-03-24 08:55","2022-03-24 14:20",1,"2022-03-24 11:50","2022-03-24 14:20",2,4,58,58,58,58,4,58,58,58,58,1,1,58,58,1,58,58,1,58,58,1,58,58,2,25-394_cl_COT_ca_E.zip,1,2,1,0,2,0,3,0,0,3,0,0,0,0,0,0,0,0,0,0,,,,,,2,,,,,,,,,,,,,,,,,,,,,,,,,,,,,,,,,,,0,,,,,,,,,,,,,,,,,,,,,0,,,,,0,1,0,2,0,0,0,0,0,0,0,0,1,2,,,,,,,,,,,,,,,,,,,0,,,,,,,,,,0,cl_ben_face_25-394.jpg,2,0,0,0,0,0,0,0,0,0,0,1,2,,0,0,0,0,0,0,0,0,0,0,0,,0,0,0,0,0,0,0,0,0,0,0,,,,,0,1,2022-03-31,2,,,2,1,2022-05-04,1,,,2,,,,,,,0,,,,,,,,,,,,,,,,,,,,,,,,,,,,,,,,,,,0,,,,,,,,,,,,,,,,,,,,,,,,,,,,,,,,,,,0,,,,,,,,,,,,,,,,,,,,,,,,,,,,,,,,,,,0,,,,,,,,,,,,,,,,,,,0,,,,,,,,,,,,,,,,,,,0,,,,,,,,,,,,,,,,,,,0
25-395,"2022-05-18 10:52:27",1,1,0,0,1,2,1,1,2,1,24,2,2022-05-18,6,2,,5,,,,1,0,1,1,0,1,0,1,1,1,0,1,0,5,,5,5,5,,,5,5,5,,5,,0,,,,1,1,,,,,,,,,,4,0,,0,0,0,1,0,0,,0,,,1,47,158,36.5,98,114,82,30,100,15,1,0,0,1,18.827111039897453,2,0,0,2,1,1,1,0,0,1,1,0,0,0,0,0,0,0,0,0,0,0,0,0,0,0,0,0,0,0,0,0,0,0,0,0,0,0,0,0,0,0,0,0,0,0,0,0,0,0,0,0,0,0,0,0,0,0,0,0,0,0,0,0,0,0,0,0,0,2,1,,1,3,,,1,,,,,,1,13.2,86,4.8,2,1,,,11,0,,1,6,0,0,0,1,0,0,0,1,0,0,2,0,0,0,0,0,0,0,0,0,0,0,0,0,0,0,0,0,,,,,,,,,,,,,,,,,,0,0,0,0,0,0,,0,0,0,2,1,"2022-05-18 10:15","2022-05-18 12:53",1,"2022-05-18 14:05",1,1,1,"2022-05-18 09:50","2022-05-21 14:05",1,"2022-05-18 11:59","2022-05-18 14:05",2,4,59,59,59,59,4,59,59,59,59,1,1,59,59,1,59,59,1,59,59,1,59,59,2,25-395_cl_COT_ca_E.zip,1,2,1,0,2,0,0,0,0,0,0,0,0,0,0,0,0,0,0,0,,,,,,2,,,,,,,,,,,,,,,,,,,,,,,,,,,,,,,,,,,0,,,,,,,,,,,,,,,,,,,,,0,,,,,0,1,0,2,0,0,0,0,0,0,0,0,0,2,,,,,,,,,,,,,,,,,,,0,,,,,,,,,,0,cl_ben_face_25-395.jpg,2,1,0,0,0,0,0,0,0,0,0,0,2,,0,0,0,0,0,0,0,0,0,0,0,,0,0,0,0,0,0,0,0,0,0,0,,,,,0,1,2022-05-30,2,,,2,1,2022-06-27,2,,,0,,,,,,,0,,,,,,,,,,,,,,,,,,,,,,,,,,,,,,,,,,,0,,,,,,,,,,,,,,,,,,,,,,,,,,,,,,,,,,,0,,,,,,,,,,,,,,,,,,,,,,,,,,,,,,,,,,,0,,,,,,,,,,,,,,,,,,,0,,,,,,,,,,,,,,,,,,,0,,,,,,,,,,,,,,,,,,,0
25-396,"2022-04-30 11:47:18",1,1,0,0,1,2,1,1,2,1,28,2,2022-04-30,6,2,,4,,,,1,0,1,0,1,0,0,1,1,0,1,0,0,7,,,90,,,,7,7,,7,,,0,,,,1,1,,,,,,,,,,1,0,,0,0,0,1,0,0,,0,,,1,55.9,156,36,91,122,84,28,100,15,1,0,0,1,22.97008547008547,2,0,0,2,1,0,0,0,0,0,0,1,1,0,0,0,0,0,0,0,0,0,0,0,0,0,0,0,0,0,0,0,0,0,0,0,0,0,0,0,0,0,0,0,0,0,0,0,0,0,0,0,0,0,0,0,0,0,0,0,0,0,0,0,0,0,0,0,0,2,2,19.4,1,3,,,1,,,,,,2,12.7,88,5.7,2,1,,,9,0,,1,6,0,0,0,1,0,0,0,1,0,0,2,0,0,0,0,0,0,0,0,0,0,0,0,0,0,0,0,0,,,,,,,,,,,,,,,,,,0,0,0,0,0,0,,0,0,0,2,1,,"2022-04-30 12:53",1,"2022-04-30 14:05",1,1,1,"2022-04-30 09:31","2022-04-30 09:31",1,"2022-04-30 12:55","2022-04-30 14:05",2,4,60,60,60,60,4,60,60,60,60,1,1,60,60,1,60,60,1,60,60,1,60,60,2,25-396_cl_COT_ca_E.zip,1,2,1,0,2,0,0,3,0,0,0,0,0,0,0,0,0,0,0,0,,,,,,2,,,,,,,,,,,,,,,,,,,,,,,,,,,,,,,,,,,0,,,,,,,,,,,,,,,,,,,,,0,,,,,0,1,0,2,0,0,0,0,0,0,0,0,0,2,,,,,,,,,,,,,,,,,,,0,,,,,,,,,,0,cl_ben_face_25-396.jpg,2,1,0,0,0,0,0,0,0,0,0,0,2,,0,0,0,0,0,0,0,0,0,0,0,,0,0,0,0,0,0,0,0,0,0,0,,,,,0,1,2022-05-12,2,,,2,1,2022-06-09,1,,,2,,,,,,,0,,,,,,,,,,,,,,,,,,,,,,,,,,,,,,,,,,,0,,,,,,,,,,,,,,,,,,,,,,,,,,,,,,,,,,,0,,,,,,,,,,,,,,,,,,,,,,,,,,,,,,,,,,,0,,,,,,,,,,,,,,,,,,,0,,,,,,,,,,,,,,,,,,,0,,,,,,,,,,,,,,,,,,,0
25-397,"2022-04-09 10:19:38",1,1,0,0,1,2,1,1,2,2,40,2,2022-04-09,6,2,,44,,,,0,0,1,1,0,1,1,1,1,0,0,0,0,,,44,44,44,,44,44,30,,,,,1,0,0,1,2,1,,,,,,,,,,1,1,2,0,1,0,1,0,0,,1,2021-02-07,2,1,49.3,162,36.8,113,216,166,40,100,15,1,0,0,1,18.785246151501294,2,0,0,2,1,0,0,0,0,1,1,1,0,0,0,0,0,0,0,0,0,1,1,1,1,0,0,0,1,0,0,0,0,0,0,0,0,0,0,0,0,0,0,0,0,0,0,0,0,0,0,0,0,0,0,0,0,0,0,0,0,0,0,0,0,0,0,0,0,2,1,,1,3,,,1,,,,,,1,12.8,88,4.4,2,1,,,,0,,1,10,1,0,0,0,0,0,0,1,0,0,2,0,0,0,0,0,0,0,0,0,0,0,0,0,0,0,0,0,,,,,,,,,,,,,,,,,,0,0,0,0,0,0,,0,0,0,2,1,"2022-04-09 09:15","2022-04-09 12:41",1,"2022-04-09 13:14",1,1,1,"2022-04-09 08:55","2022-04-09 13:14",1,"2022-04-09 09:40","2022-04-09 13:14",2,4,61,61,61,61,4,61,61,61,61,1,1,61,61,1,61,61,1,61,61,1,61,61,2,25-397_cl_COT_ca_E.zip,1,2,1,0,2,3,3,3,3,6,0,1,3,0,6,3,3,3,3,1,3,2,2,1,1,2,,,,,,,,,,,,,,,,,,,,,,,,,,,,,,,,,,,0,,,,,,,,,,,,,,,,,,,,,0,,,,,0,1,0,2,0,0,0,0,0,1,0,0,0,2,,,,,,,,,,,,,,,,,,,0,,,,,,,,,,0,cl_ben_face_25-397.jpg,2,0,0,0,0,0,0,0,0,0,1,0,2,,0,0,0,0,0,0,0,0,0,0,0,,0,0,0,0,0,0,0,0,0,0,0,,,,,0,1,2022-04-17,2,,,2,1,2022-05-15,2,,,2,,,,,,,0,,,,,,,,,,,,,,,,,,,,,,,,,,,,,,,,,,,0,,,,,,,,,,,,,,,,,,,,,,,,,,,,,,,,,,,0,,,,,,,,,,,,,,,,,,,,,,,,,,,,,,,,,,,0,,,,,,,,,,,,,,,,,,,0,,,,,,,,,,,,,,,,,,,0,,,,,,,,,,,,,,,,,,,0
25-398,"2022-02-12 12:15:37",1,1,0,0,1,2,1,1,2,1,57,2,2022-02-12,6,2,,10,,,,0,0,1,0,0,0,0,1,0,0,1,0,0,,,,10,,,,10,,,,,,,,,,1,1,,,,,,,,,,4,0,,1,1,0,1,0,1,2021-02-12,0,,,1,65.4,161,36,87,121,96,28,99,15,1,0,0,1,25.230508082249912,2,0,0,2,1,1,1,1,1,0,0,0,0,0,0,0,0,0,0,0,0,0,0,0,0,0,0,0,0,0,0,0,0,0,0,0,0,0,0,0,0,0,0,0,0,0,0,0,0,0,0,0,0,0,0,0,0,0,0,0,0,0,0,0,0,0,0,0,0,2,1,,1,3,,,1,,,,,,1,10.8,69,4.7,2,1,,,,0,,0,,0,0,0,0,0,0,0,1,0,0,2,0,0,0,0,0,0,0,0,0,0,0,0,0,0,0,0,0,,,,,,,,,,,,,,,,,,0,0,0,0,0,0,,0,0,0,2,1,"2022-02-12 09:00","2022-02-12 12:41",1,"2022-02-12 13:14",1,1,1,"2022-02-12 08:42","2022-02-12 13:14",1,"2022-02-12 09:47","2022-02-12 13:14",2,4,62,62,62,62,4,62,62,62,62,1,1,62,62,1,62,62,1,62,62,1,62,62,2,25-398_cl_COT_ca_E.zip,1,2,1,0,2,0,0,0,3,3,0,3,3,0,0,0,3,0,0,0,,,,,,2,,,,,,,,,,,,,,,,,,,,,,,,,,,,,,,,,,,0,,,,,,,,,,,,,,,,,,,,,0,,,,,0,1,0,2,0,0,0,0,0,0,0,0,0,2,,,,,,,,,,,,,,,,,,,0,,,,,,,,,,0,cl_ben_face_25-398.jpg,2,0,0,0,0,0,0,0,0,0,1,0,2,,0,0,0,0,0,0,0,0,0,0,0,,0,0,0,0,0,0,0,0,0,0,0,,,,,0,1,2022-02-20,2,,,2,1,2022-03-20,1,,,2,,,,,,,0,,,,,,,,,,,,,,,,,,,,,,,,,,,,,,,,,,,0,,,,,,,,,,,,,,,,,,,,,,,,,,,,,,,,,,,0,,,,,,,,,,,,,,,,,,,,,,,,,,,,,,,,,,,0,,,,,,,,,,,,,,,,,,,0,,,,,,,,,,,,,,,,,,,0,,,,,,,,,,,,,,,,,,,0
25-399,"2022-05-07 10:33:53",1,1,0,0,1,2,1,1,2,1,48,2,2022-05-07,6,2,,21,,,,1,0,0,1,0,1,0,1,0,0,0,0,0,60,,14,,2,,,21,,,,,,0,,,,2,1,,,,,,,,,,4,0,,0,1,0,1,0,0,,0,,,1,59.6,166,37,100,99,67,28,100,15,1,0,1,2,21.628683408332122,1,0,0,2,0,0,0,0,0,0,0,0,0,0,0,0,0,0,0,0,0,0,0,0,0,0,0,0,0,0,0,0,0,0,0,0,0,0,0,0,0,0,0,0,0,0,0,0,0,0,0,0,0,0,0,0,0,0,0,0,0,0,0,0,0,0,0,0,0,2,2,22.5,1,3,,,2,2,,,,,1,8.6,86,4.1,0,,,,,,,,,0,0,0,0,0,0,,0,0,0,0,,0,0,0,0,0,0,0,0,0,0,0,0,0,0,0,0,,,,,,,,,,,,,,,,,,0,0,0,0,0,0,,0,0,0,0,1,"2022-05-07 09:22","2022-05-07 13:42",1,"2022-05-07 14:20",1,1,1,"2022-05-07 09:00","2022-05-07 14:20",1,"2022-05-07 12:20","2022-05-07 14:20",2,4,63,63,63,63,4,63,63,63,63,1,1,63,63,1,63,63,1,63,63,1,63,63,2,25-399_cl_COT_ca_E.zip,1,2,1,0,2,0,0,0,0,0,0,0,3,0,3,0,0,0,0,0,,,,,,2,,,,,,,,,,,,,,,,,,,,,,,,,,,,,,,,,,,0,,,,,,,,,,,,,,,,,,,,,0,,,,,0,1,0,2,0,0,0,0,0,0,0,0,0,2,,,,,,,,,,,,,,,,,,,0,,,,,,,,,,0,cl_ben_face_25-399.jpg,2,1,0,0,0,0,0,0,0,0,0,0,2,,0,0,0,0,0,0,0,0,0,0,0,,0,0,0,0,0,0,0,0,0,0,0,,,,,0,1,2022-05-14,1,,,2,1,2022-06-11,1,,,2,,,,,,,0,,,,,,,,,,,,,,,,,,,,,,,,,,,,,,,,,,,0,,,,,,,,,,,,,,,,,,,,,,,,,,,,,,,,,,,0,,,,,,,,,,,,,,,,,,,,,,,,,,,,,,,,,,,0,,,,,,,,,,,,,,,,,,,0,,,,,,,,,,,,,,,,,,,0,,,,,,,,,,,,,,,,,,,0
25-400,"2022-05-13 12:54:36",1,1,0,0,1,2,1,1,2,1,41,2,2022-05-13,6,2,,1095,,,,0,0,0,0,0,1,0,0,0,0,0,0,0,,,1095,,,,,,,,,,,0,,,,1,1,,,,,,,,,,1,0,,0,0,0,2,0,0,,0,,,1,54.9,152,36.5,71,118,73,30,99,15,1,0,0,1,23.76211911357341,1,0,0,2,1,0,0,0,0,0,0,1,1,0,0,0,0,0,0,0,0,1,1,0,0,0,0,0,0,0,0,0,0,0,0,0,0,0,0,0,0,0,0,0,0,0,0,0,0,0,0,0,0,0,0,0,0,0,0,0,0,0,0,0,0,0,0,0,0,2,1,,1,3,,,2,2,1,,1,,1,13.5,83,3.8,0,1,,,11,0,,1,6,0,0,0,1,0,0,0,1,0,0,2,,0,0,0,0,0,0,0,0,0,0,0,0,0,0,0,0,,,,,,,,,,,,,,,,,,0,0,0,0,0,0,,0,0,0,0,1,"2022-05-13 13:05","2022-05-13 13:42",1,"2022-05-13 14:20",1,1,1,"2022-05-13 12:00","2022-05-13 14:20",1,"2022-05-13 14:05","2022-05-13 14:20",2,4,64,64,64,64,4,64,64,64,64,1,1,64,64,1,64,64,1,64,64,1,64,64,2,25-400_cl_COT_ca_E.zip,1,2,1,0,2,0,3,3,3,0,0,0,0,0,3,0,0,0,0,0,,,,,,2,,,,,,,,,,,,,,,,,,,,,,,,,,,,,,,,,,,0,,,,,,,,,,,,,,,,,,,,,0,,,,,0,1,0,2,0,0,0,0,0,0,0,0,0,2,,,,,,,,,,,,,,,,,,,0,,,,,,,,,,0,cl_ben_face_25-400.jpg,2,1,0,0,0,0,0,0,0,0,0,0,2,,0,0,0,0,0,0,0,0,0,0,0,,0,0,0,0,0,0,0,0,0,0,0,,,,,0,1,2022-05-20,2,,,2,1,2022-06-17,2,,,2,,,,,,,0,,,,,,,,,,,,,,,,,,,,,,,,,,,,,,,,,,,0,,,,,,,,,,,,,,,,,,,,,,,,,,,,,,,,,,,0,,,,,,,,,,,,,,,,,,,,,,,,,,,,,,,,,,,0,,,,,,,,,,,,,,,,,,,0,,,,,,,,,,,,,,,,,,,0,,,,,,,,,,,,,,,,,,,0
25-401,"2022-05-15 14:15:18",1,1,0,0,3,2,,,0,,,0,,,,,,,,,0,0,0,0,0,0,0,0,0,0,0,0,0,,,,,,,,,,,,,,,,,,,,,,,,,,,,,,,,,,,,,,,,,,,,,,,,,,,,,,,,,,,,0,,0,0,0,0,0,0,0,0,0,0,0,0,0,0,0,0,0,0,0,0,0,0,0,0,0,0,0,0,0,0,0,0,0,0,0,0,0,0,0,0,0,0,0,0,0,0,0,0,0,0,0,0,0,0,0,0,0,0,0,0,0,0,0,0,0,,,,,,,,,,,,,,,,,0,,,,,,,,,0,0,0,0,0,0,,0,0,0,0,,0,0,0,0,0,0,0,0,0,0,0,0,0,0,0,0,,,,,,,,,,,,,,,,,,0,0,0,0,0,0,,0,0,0,0,,,,,,,,,,,,,,0,,,,,,,,,,,,,,,,,,,,,,,,0,,,0,,,0,,,,,,,,,,,,,,,,,,,,,0,,,,,,,,,,,,,,,,,,,,,,,,,,,,,,,,,,,0,,,,,,,,,,,,,,,,,,,,,0,,,,,0,,,0,,,,,,,,,,0,,,,,,,,,,,,,,,,,,,0,,,,,,,,,,0,,0,,0,0,0,0,0,0,0,0,0,0,0,,0,0,0,0,0,0,0,0,0,0,0,,0,0,0,0,0,0,0,0,0,0,0,,,,,0,,,,,,0,,,,,,0,,,,,,,0,,,,,,,,,,,,,,,,,,,,,,,,,,,,,,,,,,,0,,,,,,,,,,,,,,,,,,,,,,,,,,,,,,,,,,,0,,,,,,,,,,,,,,,,,,,,,,,,,,,,,,,,,,,0,,,,,,,,,,,,,,,,,,,0,,,,,,,,,,,,,,,,,,,0,,,,,,,,,,,,,,,,,,,0
25-402,"2022-04-07 14:15:42",1,1,0,1,,2,,,0,,,0,,,,,,,,,0,0,0,0,0,0,0,0,0,0,0,0,0,,,,,,,,,,,,,,,,,,,,,,,,,,,,,,,,,,,,,,,,,,,,,,,,,,,,,,,,,,,,0,,0,0,0,0,0,0,0,0,0,0,0,0,0,0,0,0,0,0,0,0,0,0,0,0,0,0,0,0,0,0,0,0,0,0,0,0,0,0,0,0,0,0,0,0,0,0,0,0,0,0,0,0,0,0,0,0,0,0,0,0,0,0,0,0,0,,,,,,,,,,,,,,,,,0,,,,,,,,,0,0,0,0,0,0,,0,0,0,0,,0,0,0,0,0,0,0,0,0,0,0,0,0,0,0,0,,,,,,,,,,,,,,,,,,0,0,0,0,0,0,,0,0,0,0,,,,,,,,,,,,,,0,,,,,,,,,,,,,,,,,,,,,,,,0,,,0,,,0,,,,,,,,,,,,,,,,,,,,,0,,,,,,,,,,,,,,,,,,,,,,,,,,,,,,,,,,,0,,,,,,,,,,,,,,,,,,,,,0,,,,,0,,,0,,,,,,,,,,0,,,,,,,,,,,,,,,,,,,0,,,,,,,,,,0,,0,,0,0,0,0,0,0,0,0,0,0,0,,0,0,0,0,0,0,0,0,0,0,0,,0,0,0,0,0,0,0,0,0,0,0,,,,,0,,,,,,0,,,,,,0,,,,,,,0,,,,,,,,,,,,,,,,,,,,,,,,,,,,,,,,,,,0,,,,,,,,,,,,,,,,,,,,,,,,,,,,,,,,,,,0,,,,,,,,,,,,,,,,,,,,,,,,,,,,,,,,,,,0,,,,,,,,,,,,,,,,,,,0,,,,,,,,,,,,,,,,,,,0,,,,,,,,,,,,,,,,,,,0
25-403,"2022-05-14 10:19:53",1,1,0,0,1,2,1,1,2,1,19,2,2022-05-14,9,2,,30,,,,1,0,0,1,1,1,0,1,1,0,0,0,0,45,,21,,30,2,,30,45,,,,,0,,,,3,1,,,,,,,,,,1,0,,0,0,0,1,0,0,,0,,,1,40.6,147,35.6,146,160,135,28,92,15,1,0,0,1,18.788467768059604,2,0,0,2,1,0,0,0,0,0,0,1,1,0,0,0,0,0,0,0,0,1,1,1,1,0,0,0,0,0,0,0,0,0,0,0,0,0,0,0,0,0,0,0,0,0,0,0,0,0,0,0,0,0,0,0,0,0,0,0,0,0,0,0,0,0,0,0,0,2,1,,2,3,,,1,,,,,,1,11.2,79,8.0,2,1,,,1,1,0,0,,0,0,0,0,0,0,0,1,0,0,2,0,0,0,0,0,0,0,0,0,0,0,0,0,0,0,0,0,,,,,,,,,,,,,,,,,,0,0,0,0,0,0,,0,0,0,2,1,"2022-05-14 08:59","2022-05-14 12:50",1,"2022-05-14 13:25",1,1,1,"2022-05-14 08:23","2022-05-14 13:25",1,"2022-05-14 12:21","2022-05-14 13:25",2,4,65,65,65,65,4,65,65,65,65,1,1,65,65,1,65,65,1,65,65,1,65,65,2,25-403_cl_COT_ca_E.zip,1,2,1,0,2,4,3,4,4,0,3,0,3,0,3,4,0,0,0,0,,,,,,2,,,,,,,,,,,,,,,,,,,,,,,,,,,,,,,,,,,0,,,,,,,,,,,,,,,,,,,,,0,,,,,0,1,0,2,0,0,0,0,0,0,0,0,0,2,,,,,,,,,,,,,,,,,,,0,,,,,,,,,,0,cl_ben_face_25-403.jpg,2,0,1,1,0,0,1,0,0,0,0,0,2,,0,0,0,0,0,0,0,0,0,0,0,,0,0,0,0,0,0,0,0,0,0,0,,,,,0,1,2022-05-22,2,,,2,1,2022-06-17,2,,,2,2023-03-13,0,,,,,1,,,,,,,,,,,,,,,,,,,,,,,,,,,,,,,,,,,0,,,,,,,,,,,,,,,,,,,,,,,,,,,,,,,,,,,0,,,,,,,,,,,,,,,,,,,,,,,,,,,,,,,,,,,0,,,,,,,,,,,,,,,,,,,0,,,,,,,,,,,,,,,,,,,0,,,,,,,,,,,,,,,,,,,0
25-404,"2022-05-31 11:02:28",1,1,0,0,1,2,1,1,2,1,50,2,2022-05-31,9,2,,7,,,,1,0,1,1,0,1,0,1,1,0,0,1,0,7,,7,7,7,,,7,7,,,7,,0,,,,1,1,,,,,,,,,,1,1,2,0,0,0,1,0,1,2022-03-01,0,,,1,60.3,163,35.7,85,131,89,26,99,15,1,0,0,1,22.695622718205428,3,0,0,2,0,0,0,0,0,0,0,0,0,0,0,0,0,0,0,0,0,0,0,0,0,0,0,0,0,0,0,0,0,0,0,0,0,0,0,0,0,0,0,0,0,0,0,0,0,0,0,0,0,0,0,0,0,0,0,0,0,0,0,0,0,0,0,0,0,2,1,,1,3,,,1,,,,,,1,12.7,87,4.4,2,1,,,6,0,,1,10,1,0,0,1,0,0,0,1,0,0,2,,0,0,0,0,0,0,0,0,0,0,0,0,0,0,0,0,,,,,,,,,,,,,,,,,,0,0,0,0,0,0,,0,0,0,0,1,"2022-05-31 09:24","2022-05-31 12:50",1,"2022-05-31 13:25",1,1,1,"2022-05-31 08:53","2022-05-31 13:25",1,"2022-05-31 13:03","2022-05-31 13:25",2,4,66,66,66,66,4,66,66,66,66,1,1,66,66,1,66,66,1,66,66,1,66,66,2,25-404_cl_COT_ca_E.zip,1,2,1,0,2,0,3,3,0,0,0,0,3,0,0,0,0,0,0,0,,,,,,2,,,,,,,,,,,,,,,,,,,,,,,,,,,,,,,,,,,0,,,,,,,,,,,,,,,,,,,,,0,,,,,0,1,0,2,0,0,0,0,0,0,0,0,0,2,,,,,,,,,,,,,,,,,,,0,,,,,,,,,,0,cl_ben_face_25-404.jpg,2,1,0,0,0,0,0,0,0,0,0,0,2,,0,0,0,0,0,0,0,0,0,0,0,,0,0,0,0,0,0,0,0,0,0,0,,,,,0,1,2022-06-08,2,,,2,1,2022-07-04,1,,,2,,,,,,,0,,,,,,,,,,,,,,,,,,,,,,,,,,,,,,,,,,,0,,,,,,,,,,,,,,,,,,,,,,,,,,,,,,,,,,,0,,,,,,,,,,,,,,,,,,,,,,,,,,,,,,,,,,,0,,,,,,,,,,,,,,,,,,,0,,,,,,,,,,,,,,,,,,,0,,,,,,,,,,,,,,,,,,,0
25-405,"2022-03-21 10:17:26",1,1,0,0,1,2,1,1,2,1,25,2,2022-03-21,10,2,,14,,,,0,0,1,0,1,0,0,0,0,0,1,0,0,,,,14,,14,,,,,14,,,0,,,,3,1,,,,,,,,,,1,0,,0,0,0,1,0,0,,0,,,1,87.1,166,35.7,80,110,81,28,99,15,1,0,0,1,31.608361155465236,2,0,0,2,1,0,0,1,1,0,0,1,1,0,0,0,0,0,0,0,0,0,0,0,0,0,0,0,0,0,0,0,0,0,0,0,0,0,0,0,0,0,0,0,0,0,0,0,0,0,0,0,0,0,0,0,0,0,0,0,0,0,0,0,0,0,0,0,0,2,1,,1,3,,,1,,,,,,1,13.0,82,5.2,2,1,,,6,0,,1,10,1,0,0,0,0,0,0,1,0,0,2,,0,0,0,0,0,0,0,0,0,0,0,0,0,0,0,0,,,,,,,,,,,,,,,,,,0,0,0,0,0,0,,0,0,0,0,1,"2022-03-21 08:32","2022-03-21 12:45",1,"2022-03-21 14:22",1,1,1,"2022-03-21 08:32","2022-03-21 14:22",1,"2022-03-21 11:44","2022-03-21 14:22",2,4,67,67,67,67,4,67,67,67,67,1,1,67,67,1,67,67,1,67,67,1,67,67,2,25-405_cl_COT_ca_E.zip,1,2,1,0,2,0,0,3,0,0,0,0,0,0,0,0,0,0,0,0,,,,,,2,,,,,,,,,,,,,,,,,,,,,,,,,,,,,,,,,,,0,,,,,,,,,,,,,,,,,,,,,0,,,,,0,1,0,2,0,0,0,0,0,0,0,0,0,2,,,,,,,,,,,,,,,,,,,0,,,,,,,,,,0,cl_ben_face_25-405.jpg,2,1,0,0,0,0,0,0,0,0,0,0,2,,0,0,0,0,0,0,0,0,0,0,0,,0,0,0,0,0,0,0,0,0,0,0,,,,,0,1,2022-03-28,2,,,2,1,2022-04-23,3,,,2,,,,,,,0,,,,,,,,,,,,,,,,,,,,,,,,,,,,,,,,,,,0,,,,,,,,,,,,,,,,,,,,,,,,,,,,,,,,,,,0,,,,,,,,,,,,,,,,,,,,,,,,,,,,,,,,,,,0,,,,,,,,,,,,,,,,,,,0,,,,,,,,,,,,,,,,,,,0,,,,,,,,,,,,,,,,,,,0
25-406,"2022-05-10 11:38:00",1,1,0,0,1,2,1,1,2,1,57,2,2022-05-10,10,2,,150,,,,0,0,1,1,0,1,0,1,1,0,0,0,0,,,150,,3,,,150,150,,,,,0,,,,2,1,,,,,,,,,,1,0,,0,1,0,1,0,0,,0,,,1,60.3,166,35.7,128,152,81,30,,15,1,0,0,1,21.88271156916824,4,0,0,2,1,1,1,0,0,1,1,1,1,0,0,0,0,0,0,0,0,0,0,0,0,0,0,0,0,0,0,0,0,0,0,0,0,0,0,0,0,0,0,0,0,0,0,0,0,0,0,0,0,0,0,0,0,0,0,0,0,0,0,0,0,0,0,0,0,2,1,,1,3,,,2,2,,,,,1,10,79,6.8,0,1,,,11,0,,1,10,0,0,0,1,0,0,0,1,0,0,2,0,0,0,0,0,0,0,0,0,0,0,0,0,0,0,0,0,,,,,,,,,,,,,,,,,,0,0,0,0,0,0,,0,0,0,2,1,"2022-05-10 09:45","2022-05-10 13:05",1,"2022-05-10 14:22",1,1,1,"2022-05-10 08:45","2022-05-10 14:22",1,"2022-05-10 12:56","2022-05-10 14:22",2,4,68,68,68,68,4,68,68,68,68,1,1,68,68,1,68,68,1,68,68,1,68,68,2,25-406_cl_COT_ca_E.zip,0,0,1,0,2,0,0,0,0,0,0,0,3,0,3,0,0,0,0,0,,,,,,2,,,,,,,,,,,,,,,,,,,,,,,,,,,,,,,,,,,0,,,,,,,,,,,,,,,,,,,,,0,,,,,0,1,0,2,2,0,0,0,0,0,0,0,0,2,,,,,,,,,,,,,,,,,,,0,,,,,,,,,,0,cl_ben_face_25-406.jpg,2,1,0,0,0,0,0,0,0,0,0,0,2,,0,0,0,0,0,0,0,0,0,0,0,,0,0,0,0,0,0,0,0,0,0,0,,,,,0,1,2022-05-17,2,,,2,1,2022-06-12,1,,,2,,,,,,,0,,,,,,,,,,,,,,,,,,,,,,,,,,,,,,,,,,,0,,,,,,,,,,,,,,,,,,,,,,,,,,,,,,,,,,,0,,,,,,,,,,,,,,,,,,,,,,,,,,,,,,,,,,,0,,,,,,,,,,,,,,,,,,,0,,,,,,,,,,,,,,,,,,,0,,,,,,,,,,,,,,,,,,,0
25-407,"2022-05-30 09:49:56",1,1,0,0,1,2,1,1,2,2,26,2,2022-05-30,10,2,,120,,,,1,0,1,1,0,1,1,1,1,1,0,1,0,70,,90,90,90,,60,90,120,120,,90,,,,,,1,1,,,,,,,,,,1,0,,0,0,0,1,0,0,,0,,,1,53.6,177,36.4,106,116,74,34,97,15,1,0,0,1,17.108749082319896,4,0,0,2,1,0,0,0,1,0,1,1,0,0,0,0,0,0,0,0,0,1,1,1,0,1,0,0,1,0,0,0,0,0,0,0,0,0,0,0,0,0,0,0,0,0,0,0,0,0,0,0,0,0,0,0,0,0,0,0,0,0,0,0,0,0,0,0,0,2,1,,2,3,,,1,,,,,,1,12.6,78,11.4,2,1,,,1,1,0,0,,0,0,0,0,0,0,,1,0,0,2,0,0,0,0,0,0,0,0,0,0,0,0,0,0,0,0,0,,,,,,,,,,,,,,,,,,0,0,0,0,0,0,,0,0,0,2,1,"2022-05-30 09:02","2022-05-30 12:25",1,"2022-05-30 13:21",1,1,1,"2022-05-30 08:51","2022-05-30 13:21",1,"2022-05-30 12:15","2022-05-30 13:21",2,4,69,69,69,69,4,69,69,69,69,1,1,69,69,1,69,69,1,69,69,1,69,69,2,25-407_cl_COT_ca_E.zip,1,2,1,0,2,3,4,0,3,3,3,4,0,4,3,4,3,0,0,0,,,,,,2,,,,,,,,,,,,,,,,,,,,,,,,,,,,,,,,,,,0,,,,,,,,,,,,,,,,,,,,,0,,,,,0,1,0,2,0,0,0,0,0,0,0,0,0,2,,,,,,,,,,,,,,,,,,,0,,,,,,,,,,0,cl_ben_face_25-407.jpg,2,0,0,1,0,0,1,0,0,0,0,0,2,,0,0,0,0,0,0,0,0,0,0,0,,0,0,0,0,0,0,0,0,0,0,0,,,,,0,1,2022-06-14,2,,,2,1,2022-06-28,2,,,2,,,,,,,0,,,,,,,,,,,,,,,,,,,,,,,,,,,,,,,,,,,0,,,,,,,,,,,,,,,,,,,,,,,,,,,,,,,,,,,0,,,,,,,,,,,,,,,,,,,,,,,,,,,,,,,,,,,0,,,,,,,,,,,,,,,,,,,0,,,,,,,,,,,,,,,,,,,0,,,,,,,,,,,,,,,,,,,0
25-408,"2022-05-26 11:02:26",1,1,0,0,1,2,1,1,2,2,52,2,2022-05-26,10,2,,14,,,,1,0,1,1,0,1,0,1,1,0,0,1,0,14,,,,7,,,,,,,,,0,,,,2,2,2009,0,,3,,5,,,,2,0,,1,0,0,1,0,0,,0,,,0,63.1,182,36.2,103,107,77,28,98,15,1,0,0,1,19.049631686994324,4,0,0,2,1,1,1,1,1,0,0,0,0,0,0,0,0,0,0,0,0,0,0,0,0,0,0,0,0,0,0,0,0,0,0,0,0,0,0,0,0,0,0,0,0,0,0,0,0,0,0,0,0,0,0,0,0,0,0,0,0,0,0,0,0,0,0,0,1,2,1,,2,3,,,1,,,,,,1,12.4,76,10.9,2,1,,,1,1,1,0,,0,0,0,0,0,0,0,1,0,0,2,0,0,0,0,0,0,0,0,0,0,0,0,0,0,0,0,0,,,,,,,,,,,,,,,,,,0,0,0,0,0,0,,0,0,0,2,1,"2022-05-26 10:00","2022-05-26 12:25",1,"2022-05-26 13:21",1,1,1,"2022-05-26 08:59","2022-05-26 13:21",1,"2022-05-26 12:49","2022-05-26 13:21",2,4,70,70,70,70,4,70,70,70,70,1,1,70,70,1,70,70,1,70,70,1,70,70,2,25-408_cl_COT_ca_E.zip,1,2,1,0,2,3,0,3,3,3,4,4,4,4,4,3,0,4,4,1,2,1,,1,,2,,,,,,,,,,,,,,,,,,,,,,,,,,,,,,,,,,,0,,,,,,,,,,,,,,,,,,,,,0,,,,,0,1,0,2,0,0,0,0,0,1,0,0,0,2,,,,,,,,,,,,,,,,,,,0,,,,,,,,,,0,cl_ben_face_25-408.jpg,2,0,0,1,0,1,1,0,0,0,0,0,2,,0,0,0,0,0,0,0,0,0,0,0,,0,0,0,0,0,0,0,0,0,0,0,,,,,0,1,2022-06-10,2,,,2,1,2022-06-24,2,,,2,2023-03-20,0,,,,,1,,,,,,,,,,,,,,,,,,,,,,,,,,,,,,,,,,,0,,,,,,,,,,,,,,,,,,,,,,,,,,,,,,,,,,,0,,,,,,,,,,,,,,,,,,,,,,,,,,,,,,,,,,,0,,,,,,,,,,,,,,,,,,,0,,,,,,,,,,,,,,,,,,,0,,,,,,,,,,,,,,,,,,,0
25-409,"2022-03-22 10:29:44",1,1,0,0,1,2,1,1,2,2,48,2,2022-03-22,6,2,,21,,,,0,0,0,0,0,0,0,0,0,0,0,0,0,,,,,,,,,,,,,,0,,,,1,1,,,,,,,,,,1,0,,0,0,0,1,0,0,,0,,,1,56.9,168,36,68,141,95,22,98,15,1,0,0,1,20.16014739229025,1,0,0,2,1,0,0,0,0,0,0,1,0,0,0,0,0,0,0,0,0,0,0,0,0,0,0,0,0,0,0,0,0,0,0,0,0,0,0,0,0,0,0,0,0,0,0,0,0,0,0,0,0,0,0,0,0,0,0,0,0,0,0,0,0,0,0,0,0,2,1,,1,3,,,1,,,,,,1,15.3,81,6.3,2,1,,,11,0,,1,6,0,0,0,1,0,0,0,1,0,0,2,0,0,0,0,0,0,0,0,0,0,0,0,0,0,0,0,0,,,,,,,,,,,,,,,,,,0,0,0,0,0,0,,0,0,0,2,1,"2022-03-22 09:28","2022-03-22 13:41",1,"2022-03-22 15:29",1,1,1,"2022-03-22 09:07","2022-03-22 15:29",1,"2022-03-22 11:51","2022-03-22 15:29",2,4,71,71,71,71,4,71,71,71,71,1,1,71,71,1,71,71,1,71,71,1,71,71,2,25-409_cl_COT_ca_E.zip,1,2,1,0,2,0,0,0,0,0,0,0,0,0,0,0,0,5,3,0,,,,,,2,,,,,,,,,,,,,,,,,,,,,,,,,,,,,,,,,,,0,,,,,,,,,,,,,,,,,,,,,0,,,,,0,1,0,2,0,0,0,0,2,0,0,0,0,2,,,,,,,,,,,,,,,,,,,0,,,,,,,,,,0,cl_ben_face_25-409.jpg,2,1,0,0,0,0,0,0,0,0,0,0,2,,0,0,0,0,0,0,0,0,0,0,0,,0,0,0,0,0,0,0,0,0,0,0,,,,,0,1,2022-04-05,3,,,2,1,2022-04-28,2,,,2,,,,,,,0,,,,,,,,,,,,,,,,,,,,,,,,,,,,,,,,,,,0,,,,,,,,,,,,,,,,,,,,,,,,,,,,,,,,,,,0,,,,,,,,,,,,,,,,,,,,,,,,,,,,,,,,,,,0,,,,,,,,,,,,,,,,,,,0,,,,,,,,,,,,,,,,,,,0,,,,,,,,,,,,,,,,,,,0
25-410,"2022-04-12 12:57:52",1,1,0,0,1,2,1,1,2,1,46,2,2022-04-12,6,2,,210,,,,1,0,1,1,1,1,0,1,1,0,0,1,0,150,,,210,210,40,,210,210,,,210,,0,,,,1,2,2019,0,,3,,4,,,,4,0,,0,0,0,1,,1,2021-08-22,0,,,1,41,168,35.8,81,93,59,26,96,15,1,0,1,2,14.526643990929704,2,0,0,2,1,1,1,1,1,0,0,0,0,0,0,0,0,0,0,0,0,0,0,0,0,0,0,0,0,0,0,0,0,0,0,0,0,0,0,0,0,0,0,0,0,0,0,0,0,0,0,0,0,0,0,0,0,0,0,0,0,0,0,0,0,0,0,0,0,2,1,,1,3,,,1,,,,,,1,13.1,86,4.7,2,1,,,11,0,,1,6,0,0,0,1,0,0,0,1,0,0,2,0,0,0,0,0,0,0,0,0,0,0,0,0,0,0,0,0,,,,,,,,,,,,,,,,,,0,0,0,0,0,0,,0,0,0,2,1,"2022-04-12 12:15","2022-04-12 13:41",1,"2022-04-12 15:29",1,1,1,"2022-04-12 11:14","2022-04-12 15:29",1,"2022-04-12 15:25","2022-04-12 15:29",2,4,72,72,72,72,4,72,72,72,72,1,1,72,72,1,72,72,1,72,72,1,72,72,2,25-410_cl_COT_ca_E.zip,1,2,1,0,2,3,3,3,0,3,3,0,3,3,3,0,0,0,0,0,,,,,,2,,,,,,,,,,,,,,,,,,,,,,,,,,,,,,,,,,,0,,,,,,,,,,,,,,,,,,,,,0,,,,,0,1,0,2,1,0,0,0,0,0,0,0,0,2,,,,,,,,,,,,,,,,,,,0,,,,,,,,,,0,cl_ben_face_25-410.jpg,2,1,0,0,0,0,0,0,0,0,0,0,2,,0,0,0,0,0,0,0,0,0,0,0,,0,0,0,0,0,0,0,0,0,0,0,,,,,0,1,2022-04-26,3,,,2,1,2022-05-19,3,,,2,,,,,,,0,,,,,,,,,,,,,,,,,,,,,,,,,,,,,,,,,,,0,,,,,,,,,,,,,,,,,,,,,,,,,,,,,,,,,,,0,,,,,,,,,,,,,,,,,,,,,,,,,,,,,,,,,,,0,,,,,,,,,,,,,,,,,,,0,,,,,,,,,,,,,,,,,,,0,,,,,,,,,,,,,,,,,,,0
25-411,"2022-03-28 10:13:36",1,1,0,0,1,2,1,1,2,2,22,2,2022-03-28,9,2,,365,,,,1,0,0,0,0,1,0,0,0,0,0,0,0,,,150,,,,,,,,,,,0,,,,1,1,,,,,,,,,,4,0,,0,0,0,1,0,0,,0,,,0,51,171,35.8,80,111,71,40,96,15,1,0,0,1,17.4412639786601,1,0,0,2,1,0,0,1,1,0,0,1,1,0,0,0,0,0,0,0,0,0,0,0,0,0,0,0,0,0,0,0,0,0,0,0,0,0,0,0,0,0,0,0,0,0,0,0,0,0,0,0,0,0,0,0,0,0,0,0,0,0,0,0,0,0,0,0,0,2,1,,2,3,,,1,,,,,,1,15.1,80,5.4,2,1,,,1,1,0,0,,0,0,0,0,0,0,0,1,0,0,2,0,0,0,0,0,0,0,0,0,0,0,0,0,0,0,0,0,,,,,,,,,,,,,,,,,,0,0,0,0,0,0,,0,0,0,2,1,"2022-03-28 08:37",,1,"2022-03-28 13:20",1,1,1,"2022-03-28 08:37","2022-03-28 13:20",1,"2022-03-28 11:22","2022-03-28 13:20",2,4,73,73,73,73,4,73,73,73,73,1,1,73,73,1,73,73,1,73,73,1,73,73,2,,,0,1,0,2,0,3,3,0,3,0,3,0,0,4,3,0,0,3,0,,,,,,2,,,,,,,,,,,,,,,,,,,,,,,,,,,,,,,,,,,0,,,,,,,,,,,,,,,,,,,,,0,,,,,0,1,0,2,3,0,0,0,2,0,0,0,0,2,,,,,,,,,,,,,,,,,,,0,,,,,,,,,,0,cl_ben_face_25-411.jpg,2,0,0,1,0,0,1,0,0,0,0,0,2,,0,0,0,0,0,0,0,0,0,0,0,,0,0,0,0,0,0,0,0,0,0,0,,,,,0,1,2022-04-10,2,,,2,1,2022-05-03,2,,,2,2023-01-18,0,,,,,1,,,,,,,,,,,,,,,,,,,,,,,,,,,,,,,,,,,0,,,,,,,,,,,,,,,,,,,,,,,,,,,,,,,,,,,0,,,,,,,,,,,,,,,,,,,,,,,,,,,,,,,,,,,0,,,,,,,,,,,,,,,,,,,0,,,,,,,,,,,,,,,,,,,0,,,,,,,,,,,,,,,,,,,0
25-412,"2021-11-07 11:19:18",1,1,0,0,1,2,1,1,2,1,41,2,2021-11-07,9,2,,210,,,,1,0,1,1,1,1,1,1,1,1,1,1,0,210,,7,210,5,60,210,210,7,5,210,7,,0,,,,1,1,,,,,,,,,,4,0,,0,1,0,1,0,1,2021-04-09,0,,,1,70,162,35.7,80,151,111,24,97,15,1,0,0,1,26.6727632982777,3,0,0,2,1,1,1,0,0,0,0,0,0,0,0,0,0,0,0,0,0,0,0,0,1,1,0,0,0,0,0,0,0,0,0,0,0,0,0,0,0,0,0,0,0,0,0,0,0,0,0,0,0,0,0,0,0,0,0,0,0,0,0,0,0,0,0,0,0,2,1,,1,3,,,1,,,,,,1,11.7,84,6.7,2,1,,,16,0,,1,,0,0,0,1,0,0,0,1,0,0,2,,0,0,0,0,0,0,0,0,0,0,0,0,0,0,0,0,,,,,,,,,,,,,,,,,,0,0,0,0,0,0,,0,0,0,0,1,"2021-11-07 09:35","2021-11-07 12:29",1,"2021-11-07 13:20",1,1,1,"2021-11-07 09:09","2021-11-07 13:20",1,"2021-11-07 12:42","2021-11-07 13:20",2,4,74,74,74,74,4,74,74,74,74,1,1,74,74,1,74,74,1,74,74,1,74,74,2,25-412_cl_COT_ca_E.zip,1,2,1,0,2,0,0,0,0,0,0,0,0,0,0,0,0,0,0,0,,,,,,2,,,,,,,,,,,,,,,,,,,,,,,,,,,,,,,,,,,0,,,,,,,,,,,,,,,,,,,,,0,,,,,0,1,0,2,0,0,0,0,0,0,0,0,0,2,,,,,,,,,,,,,,,,,,,0,,,,,,,,,,0,cl_ben_face_25-412.jpg,2,1,0,0,0,0,0,0,0,0,0,0,2,,0,0,0,0,0,0,0,0,0,0,0,,0,0,0,0,0,0,0,0,0,0,0,,,,,0,,,,,,0,,,,,,0,,,,,,,0,,,,,,,,,,,,,,,,,,,,,,,,,,,,,,,,,,,0,,,,,,,,,,,,,,,,,,,,,,,,,,,,,,,,,,,0,,,,,,,,,,,,,,,,,,,,,,,,,,,,,,,,,,,0,,,,,,,,,,,,,,,,,,,0,,,,,,,,,,,,,,,,,,,0,,,,,,,,,,,,,,,,,,,0
25-413,"2022-01-17 16:01:01",1,1,0,0,2,2,,,0,,,0,,,,,,,,,0,0,0,0,0,0,0,0,0,0,0,0,0,,,,,,,,,,,,,,,,,,,,,,,,,,,,,,,,,,,,,,,,,,,,,,,,,,,,,,,,,,,,0,,0,0,0,0,0,0,0,0,0,0,0,0,0,0,0,0,0,0,0,0,0,0,0,0,0,0,0,0,0,0,0,0,0,0,0,0,0,0,0,0,0,0,0,0,0,0,0,0,0,0,0,0,0,0,0,0,0,0,0,0,0,0,0,0,0,,,,,,,,,,,,,,,,,0,,,,,,,,,0,0,0,0,0,0,,0,0,0,0,,0,0,0,0,0,0,0,0,0,0,0,0,0,0,0,0,,,,,,,,,,,,,,,,,,0,0,0,0,0,0,,0,0,0,0,,,,,,,,,,,,,,0,,,,,,,,,,,,,,,,,,,,,,,,0,,,0,,,0,,,,,,,,,,,,,,,,,,,,,0,,,,,,,,,,,,,,,,,,,,,,,,,,,,,,,,,,,0,,,,,,,,,,,,,,,,,,,,,0,,,,,0,,,0,,,,,,,,,,0,,,,,,,,,,,,,,,,,,,0,,,,,,,,,,0,,0,,0,0,0,0,0,0,0,0,0,0,0,,0,0,0,0,0,0,0,0,0,0,0,,0,0,0,0,0,0,0,0,0,0,0,,,,,0,,,,,,0,,,,,,0,,,,,,,0,,,,,,,,,,,,,,,,,,,,,,,,,,,,,,,,,,,0,,,,,,,,,,,,,,,,,,,,,,,,,,,,,,,,,,,0,,,,,,,,,,,,,,,,,,,,,,,,,,,,,,,,,,,0,,,,,,,,,,,,,,,,,,,0,,,,,,,,,,,,,,,,,,,0,,,,,,,,,,,,,,,,,,,0
25-414,"2021-09-19 16:04:50",1,1,0,0,2,2,,,0,,,0,,,,,,,,,0,0,0,0,0,0,0,0,0,0,0,0,0,,,,,,,,,,,,,,,,,,,,,,,,,,,,,,,,,,,,,,,,,,,,,,,,,,,,,,,,,,,,0,,0,0,0,0,0,0,0,0,0,0,0,0,0,0,0,0,0,0,0,0,0,0,0,0,0,0,0,0,0,0,0,0,0,0,0,0,0,0,0,0,0,0,0,0,0,0,0,0,0,0,0,0,0,0,0,0,0,0,0,0,0,0,0,0,0,,,,,,,,,,,,,,,,,0,,,,,,,,,0,0,0,0,0,0,,0,0,0,0,,0,0,0,0,0,0,0,0,0,0,0,0,0,0,0,0,,,,,,,,,,,,,,,,,,0,0,0,0,0,0,,0,0,0,0,,,,,,,,,,,,,,0,,,,,,,,,,,,,,,,,,,,,,,,0,,,0,,,0,,,,,,,,,,,,,,,,,,,,,0,,,,,,,,,,,,,,,,,,,,,,,,,,,,,,,,,,,0,,,,,,,,,,,,,,,,,,,,,0,,,,,0,,,0,,,,,,,,,,0,,,,,,,,,,,,,,,,,,,0,,,,,,,,,,0,,0,,0,0,0,0,0,0,0,0,0,0,0,,0,0,0,0,0,0,0,0,0,0,0,,0,0,0,0,0,0,0,0,0,0,0,,,,,0,,,,,,0,,,,,,0,,,,,,,0,,,,,,,,,,,,,,,,,,,,,,,,,,,,,,,,,,,0,,,,,,,,,,,,,,,,,,,,,,,,,,,,,,,,,,,0,,,,,,,,,,,,,,,,,,,,,,,,,,,,,,,,,,,0,,,,,,,,,,,,,,,,,,,0,,,,,,,,,,,,,,,,,,,0,,,,,,,,,,,,,,,,,,,0
25-415,"2022-05-11 09:47:48",1,1,0,0,1,2,1,1,2,2,53,2,2022-05-11,6,2,,28,,,,1,0,1,1,1,1,1,1,1,0,1,1,0,49,,30,28,28,28,28,28,28,,7,28,,1,1,1,0,2,1,,,,,,,,,,2,0,,0,0,0,1,0,1,2021-03-11,0,,,1,64.1,191,36.6,151,105,82,52,97,15,1,0,0,1,17.57079027438941,4,0,0,2,1,0,0,0,0,0,0,0,0,0,0,0,0,0,0,0,0,1,1,1,1,1,1,1,1,0,0,0,0,0,0,0,0,0,0,0,0,0,0,0,0,0,0,0,0,0,0,0,0,0,0,0,0,0,0,0,0,0,0,0,0,0,0,0,0,2,1,,2,3,,,1,,,,,,1,16.2,82,14.5,2,1,,,1,1,0,0,,0,0,0,0,0,0,0,1,0,0,2,0,0,0,0,0,0,0,0,0,0,0,0,0,0,0,0,0,,,,,,,,,,,,,,,,,,0,0,0,0,0,0,,0,0,0,2,1,"2022-05-11 08:58","2022-05-11 13:23",1,"2022-05-11 14:01",1,1,1,"2022-05-11 08:30","2022-05-11 14:01",1,"2022-05-11 09:22","2022-05-11 14:01",2,4,75,75,75,75,4,75,75,75,75,1,1,75,75,1,75,75,1,75,75,1,75,75,2,25-415_cl_COT_ca_E.zip,1,2,1,0,2,3,3,3,4,3,3,3,3,3,3,4,3,3,4,1,3,1,1,1,1,2,,,,,,,,,,,,,,,,,,,,,,,,,,,,,,,,,,,0,,,,,,,,,,,,,,,,,,,,,0,,,,,0,1,0,2,1,0,0,0,0,0,0,0,0,2,,,,,,,,,,,,,,,,,,,0,,,,,,,,,,0,cl_ben_face_25-415.jpg,2,0,1,1,0,1,1,0,0,0,0,0,2,,0,0,0,0,0,0,0,0,0,0,0,,0,0,0,0,0,0,0,0,0,0,0,,,,,0,1,2022-05-23,2,,,2,1,2022-06-15,2,,,2,2023-03-02,0,,,,,1,,,,,,,,,,,,,,,,,,,,,,,,,,,,,,,,,,,0,,,,,,,,,,,,,,,,,,,,,,,,,,,,,,,,,,,0,,,,,,,,,,,,,,,,,,,,,,,,,,,,,,,,,,,0,,,,,,,,,,,,,,,,,,,0,,,,,,,,,,,,,,,,,,,0,,,,,,,,,,,,,,,,,,,0
25-416,"2022-03-06 11:24:09",1,1,0,0,1,2,1,1,2,1,30,2,2022-03-06,6,2,,14,,,,1,0,1,1,0,1,0,1,1,0,0,1,0,21,,,14,14,,,21,21,,,21,,0,,,,3,1,,,,,,,,,,1,0,,0,0,0,1,0,0,,0,,,1,81,163,35.8,83,131,81,38,99,15,1,0,0,1,30.486657382664006,4,0,0,2,1,1,0,1,0,1,0,1,0,0,1,0,1,0,0,0,0,0,0,0,0,0,0,0,0,0,0,0,0,0,0,0,0,0,0,0,0,0,0,0,0,0,0,0,0,0,0,0,0,0,0,0,0,0,0,0,0,0,0,0,0,0,0,0,0,2,1,,1,3,,,1,,,,,,1,12.9,77,4.9,2,,,,,,,,,0,0,0,0,0,0,,0,0,0,0,,0,0,0,0,0,0,0,0,0,0,0,0,0,0,0,0,,,,,,,,,,,,,,,,,,0,0,0,0,0,0,,0,0,0,0,1,"2022-03-06 09:17","2022-03-06 13:23",1,"2022-03-06 14:01",1,1,1,"2022-03-06 08:45","2022-03-06 14:01",1,"2022-03-06 09:28","2022-03-06 14:01",2,4,76,76,76,76,4,76,76,76,76,1,1,76,76,1,76,76,1,76,76,1,76,76,2,25-416_cl_COT_ca_E.zip,1,2,1,0,2,0,0,3,0,0,0,0,3,0,3,0,0,0,0,0,,,,,,2,,,,,,,,,,,,,,,,,,,,,,,,,,,,,,,,,,,0,,,,,,,,,,,,,,,,,,,,,0,,,,,0,1,0,2,0,0,0,0,0,0,0,0,0,2,,,,,,,,,,,,,,,,,,,0,,,,,,,,,,0,cl_ben_face_25-416.jpg,2,1,0,0,0,0,0,0,0,0,0,0,2,,0,0,0,0,0,0,0,0,0,0,0,,0,0,0,0,0,0,0,0,0,0,0,,,,,0,1,2022-03-18,4,,,2,1,2022-04-10,2,,,2,,,,,,,0,,,,,,,,,,,,,,,,,,,,,,,,,,,,,,,,,,,0,,,,,,,,,,,,,,,,,,,,,,,,,,,,,,,,,,,0,,,,,,,,,,,,,,,,,,,,,,,,,,,,,,,,,,,0,,,,,,,,,,,,,,,,,,,0,,,,,,,,,,,,,,,,,,,0,,,,,,,,,,,,,,,,,,,0
25-417,"2022-03-27 12:32:08",1,1,0,0,2,2,,,0,,,0,,,,,,,,,0,0,0,0,0,0,0,0,0,0,0,0,0,,,,,,,,,,,,,,,,,,,,,,,,,,,,,,,,,,,,,,,,,,,,,,,,,,,,,,,,,,,,0,,0,0,0,0,0,0,0,0,0,0,0,0,0,0,0,0,0,0,0,0,0,0,0,0,0,0,0,0,0,0,0,0,0,0,0,0,0,0,0,0,0,0,0,0,0,0,0,0,0,0,0,0,0,0,0,0,0,0,0,0,0,0,0,0,0,,,,,,,,,,,,,,,,,0,,,,,,,,,0,0,0,0,0,0,,0,0,0,0,,0,0,0,0,0,0,0,0,0,0,0,0,0,0,0,0,,,,,,,,,,,,,,,,,,0,0,0,0,0,0,,0,0,0,0,,,,,,,,,,,,,,0,,,,,,,,,,,,,,,,,,,,,,,,0,,,0,,,0,,,,,,,,,,,,,,,,,,,,,0,,,,,,,,,,,,,,,,,,,,,,,,,,,,,,,,,,,0,,,,,,,,,,,,,,,,,,,,,0,,,,,0,,,0,,,,,,,,,,0,,,,,,,,,,,,,,,,,,,0,,,,,,,,,,0,,0,,0,0,0,0,0,0,0,0,0,0,0,,0,0,0,0,0,0,0,0,0,0,0,,0,0,0,0,0,0,0,0,0,0,0,,,,,0,,,,,,0,,,,,,0,,,,,,,0,,,,,,,,,,,,,,,,,,,,,,,,,,,,,,,,,,,0,,,,,,,,,,,,,,,,,,,,,,,,,,,,,,,,,,,0,,,,,,,,,,,,,,,,,,,,,,,,,,,,,,,,,,,0,,,,,,,,,,,,,,,,,,,0,,,,,,,,,,,,,,,,,,,0,,,,,,,,,,,,,,,,,,,0
25-418,"2022-06-11 12:32:38",1,1,0,1,,2,,,0,,,0,,,,,,,,,0,0,0,0,0,0,0,0,0,0,0,0,0,,,,,,,,,,,,,,,,,,,,,,,,,,,,,,,,,,,,,,,,,,,,,,,,,,,,,,,,,,,,0,,0,0,0,0,0,0,0,0,0,0,0,0,0,0,0,0,0,0,0,0,0,0,0,0,0,0,0,0,0,0,0,0,0,0,0,0,0,0,0,0,0,0,0,0,0,0,0,0,0,0,0,0,0,0,0,0,0,0,0,0,0,0,0,0,0,,,,,,,,,,,,,,,,,0,,,,,,,,,0,0,0,0,0,0,,0,0,0,0,,0,0,0,0,0,0,0,0,0,0,0,0,0,0,0,0,,,,,,,,,,,,,,,,,,0,0,0,0,0,0,,0,0,0,0,,,,,,,,,,,,,,0,,,,,,,,,,,,,,,,,,,,,,,,0,,,0,,,0,,,,,,,,,,,,,,,,,,,,,0,,,,,,,,,,,,,,,,,,,,,,,,,,,,,,,,,,,0,,,,,,,,,,,,,,,,,,,,,0,,,,,0,,,0,,,,,,,,,,0,,,,,,,,,,,,,,,,,,,0,,,,,,,,,,0,,0,,0,0,0,0,0,0,0,0,0,0,0,,0,0,0,0,0,0,0,0,0,0,0,,0,0,0,0,0,0,0,0,0,0,0,,,,,0,,,,,,0,,,,,,0,,,,,,,0,,,,,,,,,,,,,,,,,,,,,,,,,,,,,,,,,,,0,,,,,,,,,,,,,,,,,,,,,,,,,,,,,,,,,,,0,,,,,,,,,,,,,,,,,,,,,,,,,,,,,,,,,,,0,,,,,,,,,,,,,,,,,,,0,,,,,,,,,,,,,,,,,,,0,,,,,,,,,,,,,,,,,,,0
25-419,"2022-04-04 12:33:00",1,1,0,0,2,2,,,0,,,0,,,,,,,,,0,0,0,0,0,0,0,0,0,0,0,0,0,,,,,,,,,,,,,,,,,,,,,,,,,,,,,,,,,,,,,,,,,,,,,,,,,,,,,,,,,,,,0,,0,0,0,0,0,0,0,0,0,0,0,0,0,0,0,0,0,0,0,0,0,0,0,0,0,0,0,0,0,0,0,0,0,0,0,0,0,0,0,0,0,0,0,0,0,0,0,0,0,0,0,0,0,0,0,0,0,0,0,0,0,0,0,0,0,,,,,,,,,,,,,,,,,0,,,,,,,,,0,0,0,0,0,0,,0,0,0,0,,0,0,0,0,0,0,0,0,0,0,0,0,0,0,0,0,,,,,,,,,,,,,,,,,,0,0,0,0,0,0,,0,0,0,0,,,,,,,,,,,,,,0,,,,,,,,,,,,,,,,,,,,,,,,0,,,0,,,0,,,,,,,,,,,,,,,,,,,,,0,,,,,,,,,,,,,,,,,,,,,,,,,,,,,,,,,,,0,,,,,,,,,,,,,,,,,,,,,0,,,,,0,,,0,,,,,,,,,,0,,,,,,,,,,,,,,,,,,,0,,,,,,,,,,0,,0,,0,0,0,0,0,0,0,0,0,0,0,,0,0,0,0,0,0,0,0,0,0,0,,0,0,0,0,0,0,0,0,0,0,0,,,,,0,,,,,,0,,,,,,0,,,,,,,0,,,,,,,,,,,,,,,,,,,,,,,,,,,,,,,,,,,0,,,,,,,,,,,,,,,,,,,,,,,,,,,,,,,,,,,0,,,,,,,,,,,,,,,,,,,,,,,,,,,,,,,,,,,0,,,,,,,,,,,,,,,,,,,0,,,,,,,,,,,,,,,,,,,0,,,,,,,,,,,,,,,,,,,0
25-420,"2022-04-06 11:17:28",1,1,0,0,1,2,1,1,2,2,39,2,2022-04-06,6,2,,30,,,,0,0,0,1,0,0,0,1,0,0,0,0,0,,,,,7,,,30,,,,,,0,,,,1,1,,,,,,,,,,1,0,,0,0,0,1,,1,2021-02-04,0,,,1,96.2,184,36.2,83,147,103,20,95,15,0,0,0,0,28.41446124763705,1,0,0,2,1,0,0,0,0,0,0,0,0,0,0,0,1,0,0,0,0,0,0,0,0,1,1,1,1,0,0,0,0,0,0,0,0,0,0,0,0,0,0,0,0,0,0,0,0,0,0,0,0,0,0,0,0,0,0,0,0,0,0,0,0,0,0,0,0,2,1,,1,3,,,1,,,,,,1,15.8,85,5.3,2,1,,,11,0,,1,6,0,0,0,1,0,0,0,1,0,0,2,0,0,0,0,0,0,0,0,0,0,0,0,0,0,0,0,0,,,,,,,,,,,,,,,,,,0,0,0,0,0,0,,0,0,0,2,1,"2022-04-06 10:48","2022-04-06 12:54",1,"2022-04-06 13:57",1,1,1,"2022-04-06 10:33","2022-04-06 13:57",1,"2022-04-06 13:45","2022-04-06 13:57",2,4,77,77,77,77,4,77,77,77,77,1,1,77,77,1,77,77,1,77,77,1,77,77,2,25-420_cl_COT_ca_E.zip,1,2,1,0,2,3,3,0,0,0,0,0,0,0,0,0,0,0,0,0,,,,,,2,,,,,,,,,,,,,,,,,,,,,,,,,,,,,,,,,,,0,,,,,,,,,,,,,,,,,,,,,0,,,,,0,1,0,2,0,2,0,0,2,0,0,0,0,2,,,,,,,,,,,,,,,,,,,0,,,,,,,,,,0,cl_ben_face_25-420.jpg,2,1,0,0,0,0,0,0,0,0,0,0,2,,0,0,0,0,0,0,0,0,0,0,0,,0,0,0,0,0,0,0,0,0,0,0,,,,,0,1,2022-04-20,2,,,2,1,2022-04-29,1,,,2,,,,,,,0,,,,,,,,,,,,,,,,,,,,,,,,,,,,,,,,,,,0,,,,,,,,,,,,,,,,,,,,,,,,,,,,,,,,,,,0,,,,,,,,,,,,,,,,,,,,,,,,,,,,,,,,,,,0,,,,,,,,,,,,,,,,,,,0,,,,,,,,,,,,,,,,,,,0,,,,,,,,,,,,,,,,,,,0
25-421,"2021-11-17 13:09:44",1,1,0,0,3,2,,,0,,,0,,,,,,,,,0,0,0,0,0,0,0,0,0,0,0,0,0,,,,,,,,,,,,,,,,,,,,,,,,,,,,,,,,,,,,,,,,,,,,,,,,,,,,,,,,,,,,0,,0,0,0,0,0,0,0,0,0,0,0,0,0,0,0,0,0,0,0,0,0,0,0,0,0,0,0,0,0,0,0,0,0,0,0,0,0,0,0,0,0,0,0,0,0,0,0,0,0,0,0,0,0,0,0,0,0,0,0,0,0,0,0,0,0,,,,,,,,,,,,,,,,,0,,,,,,,,,0,0,0,0,0,0,,0,0,0,0,,0,0,0,0,0,0,0,0,0,0,0,0,0,0,0,0,,,,,,,,,,,,,,,,,,0,0,0,0,0,0,,0,0,0,0,,,,,,,,,,,,,,0,,,,,,,,,,,,,,,,,,,,,,,,0,,,0,,,0,,,,,,,,,,,,,,,,,,,,,0,,,,,,,,,,,,,,,,,,,,,,,,,,,,,,,,,,,0,,,,,,,,,,,,,,,,,,,,,0,,,,,0,,,0,,,,,,,,,,0,,,,,,,,,,,,,,,,,,,0,,,,,,,,,,0,,0,,0,0,0,0,0,0,0,0,0,0,0,,0,0,0,0,0,0,0,0,0,0,0,,0,0,0,0,0,0,0,0,0,0,0,,,,,0,,,,,,0,,,,,,0,,,,,,,0,,,,,,,,,,,,,,,,,,,,,,,,,,,,,,,,,,,0,,,,,,,,,,,,,,,,,,,,,,,,,,,,,,,,,,,0,,,,,,,,,,,,,,,,,,,,,,,,,,,,,,,,,,,0,,,,,,,,,,,,,,,,,,,0,,,,,,,,,,,,,,,,,,,0,,,,,,,,,,,,,,,,,,,0
25-422,"2022-07-01 10:30:26",1,1,0,0,1,2,1,1,2,2,39,2,2022-07-01,8,2,,30,,,,0,0,1,0,0,0,1,0,0,1,0,0,1,,,,7,,,30,,,7,,,7,0,,,,3,1,,,,,,,,,,1,0,,0,0,0,1,0,1,2021-10-01,0,,,1,76,176,35,91,122,87,24,94,15,1,0,0,1,24.535123966942148,1,0,0,2,1,0,0,0,0,0,0,1,0,0,1,1,0,0,0,0,0,0,0,0,0,0,0,0,0,0,0,0,0,0,0,0,0,0,0,0,0,0,0,0,0,0,0,0,0,0,0,0,0,0,0,0,0,0,0,0,0,0,0,0,0,0,0,0,0,2,1,,1,3,,,1,,,,,,1,16.6,85,5.1,2,1,,,16,0,,1,6,0,0,0,1,0,0,0,1,0,0,2,0,0,0,0,0,0,0,0,0,0,0,0,0,0,0,0,0,,,,,,,,,,,,,,,,,,0,0,0,0,0,0,,0,0,0,2,1,"2022-07-01 09:45","2022-07-01 11:23",1,"2022-07-01 14:08",1,1,1,"2022-07-01 09:21","2022-07-01 14:08",1,"2022-07-01 12:00","2022-07-01 14:08",2,4,78,78,78,78,4,78,78,78,78,1,1,78,78,1,78,78,1,78,78,1,78,78,2,25-422_cl_COT_ca_E.zip,1,2,1,0,2,0,0,3,3,3,0,0,0,0,0,0,0,0,0,0,,,,,,2,,,,,,,,,,,,,,,,,,,,,,,,,,,,,,,,,,,0,,,,,,,,,,,,,,,,,,,,,0,,,,,0,1,0,2,0,0,0,0,0,0,0,0,0,2,,,,,,,,,,,,,,,,,,,0,,,,,,,,,,0,cl_ben_face_25-422.jpg,2,1,0,0,0,0,0,0,0,0,0,0,2,,0,0,0,0,0,0,0,0,0,0,0,,0,0,0,0,0,0,0,0,0,0,0,,,,,0,1,2022-07-14,1,,,2,1,2022-08-04,1,,,2,,,,,,,0,,,,,,,,,,,,,,,,,,,,,,,,,,,,,,,,,,,0,,,,,,,,,,,,,,,,,,,,,,,,,,,,,,,,,,,0,,,,,,,,,,,,,,,,,,,,,,,,,,,,,,,,,,,0,,,,,,,,,,,,,,,,,,,0,,,,,,,,,,,,,,,,,,,0,,,,,,,,,,,,,,,,,,,0
25-423,"2022-05-20 15:38:26",1,1,0,0,3,2,,,0,,,0,,,,,,,,,0,0,0,0,0,0,0,0,0,0,0,0,0,,,,,,,,,,,,,,,,,,,,,,,,,,,,,,,,,,,,,,,,,,,,,,,,,,,,,,,,,,,,0,,0,0,0,0,0,0,0,0,0,0,0,0,0,0,0,0,0,0,0,0,0,0,0,0,0,0,0,0,0,0,0,0,0,0,0,0,0,0,0,0,0,0,0,0,0,0,0,0,0,0,0,0,0,0,0,0,0,0,0,0,0,0,0,0,0,,,,,,,,,,,,,,,,,0,,,,,,,,,0,0,0,0,0,0,,0,0,0,0,,0,0,0,0,0,0,0,0,0,0,0,0,0,0,0,0,,,,,,,,,,,,,,,,,,0,0,0,0,0,0,,0,0,0,0,,,,,,,,,,,,,,0,,,,,,,,,,,,,,,,,,,,,,,,0,,,0,,,0,,,,,,,,,,,,,,,,,,,,,0,,,,,,,,,,,,,,,,,,,,,,,,,,,,,,,,,,,0,,,,,,,,,,,,,,,,,,,,,0,,,,,0,,,0,,,,,,,,,,0,,,,,,,,,,,,,,,,,,,0,,,,,,,,,,0,,0,,0,0,0,0,0,0,0,0,0,0,0,,0,0,0,0,0,0,0,0,0,0,0,,0,0,0,0,0,0,0,0,0,0,0,,,,,0,,,,,,0,,,,,,0,,,,,,,0,,,,,,,,,,,,,,,,,,,,,,,,,,,,,,,,,,,0,,,,,,,,,,,,,,,,,,,,,,,,,,,,,,,,,,,0,,,,,,,,,,,,,,,,,,,,,,,,,,,,,,,,,,,0,,,,,,,,,,,,,,,,,,,0,,,,,,,,,,,,,,,,,,,0,,,,,,,,,,,,,,,,,,,0
25-424,"2022-04-21 10:39:18",1,1,0,0,1,2,1,1,2,2,36,2,2022-04-21,6,2,,14,,,,1,0,0,1,0,1,0,1,1,1,0,1,0,,,7,,14,,,14,2,14,,7,,0,,,,2,2,2010,0,,3,,5,,,,1,0,,0,0,0,1,0,1,2021-10-22,0,,,1,76.5,175,35.5,66,115,69,24,98,15,1,0,0,1,24.979591836734695,2,0,0,2,1,0,0,0,0,1,1,1,0,0,0,0,0,0,0,0,0,0,0,0,0,0,0,0,0,0,0,0,0,0,0,0,0,0,0,0,1,0,0,0,0,0,0,0,0,0,0,0,0,0,0,0,0,0,0,0,0,0,0,0,0,0,0,0,0,2,1,,1,3,,,1,,,,,,1,12,83,5.7,2,1,,,12,0,,1,10,1,0,0,1,0,0,0,1,0,0,2,0,0,0,0,0,0,0,0,0,0,0,0,0,0,0,0,0,,,,,,,,,,,,,,,,,,0,0,0,0,0,0,,0,0,0,2,1,"2022-04-21 09:45","2022-04-21 12:06",1,"2022-04-21 12:51",1,1,1,"2022-04-21 09:32","2022-04-21 12:51",1,"2022-04-21 11:51","2022-04-21 12:51",2,4,79,79,79,79,4,79,79,79,79,1,1,79,79,1,79,79,1,79,79,1,79,79,2,25-424_cl_COT_ca_E.zip,1,2,1,0,2,3,0,3,3,0,0,0,0,0,3,3,0,0,0,1,2,1,,1,,2,,,,,,,,,,,,,,,,,,,,,,,,,,,,,,,,,,,0,,,,,,,,,,,,,,,,,,,,,0,,,,,0,1,0,2,0,0,0,0,0,0,0,0,0,2,,,,,,,,,,,,,,,,,,,0,,,,,,,,,,0,cl_ben_25-424.jpg,2,0,0,0,0,0,0,0,0,0,0,1,2,,0,0,0,0,0,0,0,0,0,0,0,,0,0,0,0,0,0,0,0,0,0,0,,,,,0,1,2022-05-03,1,,,2,1,2022-05-24,1,,,2,,,,,,,0,,,,,,,,,,,,,,,,,,,,,,,,,,,,,,,,,,,0,,,,,,,,,,,,,,,,,,,,,,,,,,,,,,,,,,,0,,,,,,,,,,,,,,,,,,,,,,,,,,,,,,,,,,,0,,,,,,,,,,,,,,,,,,,0,,,,,,,,,,,,,,,,,,,0,,,,,,,,,,,,,,,,,,,0
25-425,"2022-06-08 09:02:46",1,1,0,0,3,2,,,0,,,0,,,,,,,,,0,0,0,0,0,0,0,0,0,0,0,0,0,,,,,,,,,,,,,,,,,,,,,,,,,,,,,,,,,,,,,,,,,,,,,,,,,,,,,,,,,,,,0,,0,0,0,0,0,0,0,0,0,0,0,0,0,0,0,0,0,0,0,0,0,0,0,0,0,0,0,0,0,0,0,0,0,0,0,0,0,0,0,0,0,0,0,0,0,0,0,0,0,0,0,0,0,0,0,0,0,0,0,0,0,0,0,0,0,,,,,,,,,,,,,,,,,0,,,,,,,,,0,0,0,0,0,0,,0,0,0,0,,0,0,0,0,0,0,0,0,0,0,0,0,0,0,0,0,,,,,,,,,,,,,,,,,,0,0,0,0,0,0,,0,0,0,0,,,,,,,,,,,,,,0,,,,,,,,,,,,,,,,,,,,,,,,0,,,0,,,0,,,,,,,,,,,,,,,,,,,,,0,,,,,,,,,,,,,,,,,,,,,,,,,,,,,,,,,,,0,,,,,,,,,,,,,,,,,,,,,0,,,,,0,,,0,,,,,,,,,,0,,,,,,,,,,,,,,,,,,,0,,,,,,,,,,0,,0,,0,0,0,0,0,0,0,0,0,0,0,,0,0,0,0,0,0,0,0,0,0,0,,0,0,0,0,0,0,0,0,0,0,0,,,,,0,,,,,,0,,,,,,0,,,,,,,0,,,,,,,,,,,,,,,,,,,,,,,,,,,,,,,,,,,0,,,,,,,,,,,,,,,,,,,,,,,,,,,,,,,,,,,0,,,,,,,,,,,,,,,,,,,,,,,,,,,,,,,,,,,0,,,,,,,,,,,,,,,,,,,0,,,,,,,,,,,,,,,,,,,0,,,,,,,,,,,,,,,,,,,0
25-426,"2022-04-21 09:03:16",1,1,0,1,,2,,,0,,,0,,,,,,,,,0,0,0,0,0,0,0,0,0,0,0,0,0,,,,,,,,,,,,,,,,,,,,,,,,,,,,,,,,,,,,,,,,,,,,,,,,,,,,,,,,,,,,0,,0,0,0,0,0,0,0,0,0,0,0,0,0,0,0,0,0,0,0,0,0,0,0,0,0,0,0,0,0,0,0,0,0,0,0,0,0,0,0,0,0,0,0,0,0,0,0,0,0,0,0,0,0,0,0,0,0,0,0,0,0,0,0,0,0,,,,,,,,,,,,,,,,,0,,,,,,,,,0,0,0,0,0,0,,0,0,0,0,,0,0,0,0,0,0,0,0,0,0,0,0,0,0,0,0,,,,,,,,,,,,,,,,,,0,0,0,0,0,0,,0,0,0,0,,,,,,,,,,,,,,0,,,,,,,,,,,,,,,,,,,,,,,,0,,,0,,,0,,,,,,,,,,,,,,,,,,,,,0,,,,,,,,,,,,,,,,,,,,,,,,,,,,,,,,,,,0,,,,,,,,,,,,,,,,,,,,,0,,,,,0,,,0,,,,,,,,,,0,,,,,,,,,,,,,,,,,,,0,,,,,,,,,,0,,0,,0,0,0,0,0,0,0,0,0,0,0,,0,0,0,0,0,0,0,0,0,0,0,,0,0,0,0,0,0,0,0,0,0,0,,,,,0,,,,,,0,,,,,,0,,,,,,,0,,,,,,,,,,,,,,,,,,,,,,,,,,,,,,,,,,,0,,,,,,,,,,,,,,,,,,,,,,,,,,,,,,,,,,,0,,,,,,,,,,,,,,,,,,,,,,,,,,,,,,,,,,,0,,,,,,,,,,,,,,,,,,,0,,,,,,,,,,,,,,,,,,,0,,,,,,,,,,,,,,,,,,,0
25-427,"2022-05-17 10:51:57",1,1,0,0,1,2,1,1,2,2,48,2,2022-05-17,10,2,,14,,,,1,0,0,0,0,1,0,1,0,0,0,1,0,14,,14,,,,,14,,,,14,,0,,,,1,1,,,,,,,,,,1,0,,0,0,0,1,0,0,,0,,,1,51.6,174,36.6,136,138,84,36,98,15,1,0,0,1,17.043202536662704,2,0,0,2,1,0,0,0,0,0,0,0,0,0,0,0,0,0,0,0,0,1,0,1,1,1,1,1,1,0,0,0,0,0,0,0,0,0,0,0,0,0,0,0,0,0,0,0,0,0,0,0,0,0,0,0,0,0,0,0,0,0,0,0,0,0,0,0,0,2,2,41.2,2,3,,,1,,,,,,1,10.9,66,10.9,2,1,,,1,1,0,0,,0,0,0,0,0,0,0,1,0,0,2,0,0,0,0,0,0,0,0,0,0,0,0,0,0,0,0,0,,,,,,,,,,,,,,,,,,0,0,0,0,0,0,,0,0,0,2,1,"2022-05-18 10:30","2022-05-18 14:30",1,"2022-05-18 15:30",1,1,1,"2022-05-18 10:02","2022-05-18 15:30",1,"2022-05-18 11:30","2022-05-18 15:30",2,4,80,80,80,80,4,80,80,80,80,1,1,80,80,1,80,80,1,80,80,1,80,80,2,25-427_cl_COT_ca_E.zip,1,2,1,0,2,3,4,4,4,0,3,0,3,3,3,4,4,3,0,1,2,1,,1,,2,,,,,,,,,,,,,,,,,,,,,,,,,,,,,,,,,,,0,,,,,,,,,,,,,,,,,,,,,0,,,,,0,1,0,2,0,0,0,0,0,0,0,0,0,2,,,,,,,,,,,,,,,,,,,0,,,,,,,,,,0,cl_ben_face_25-427.jpg,2,0,1,1,0,0,1,0,0,0,0,0,2,,0,0,0,0,0,0,0,0,0,0,0,,0,0,0,0,0,0,0,0,0,0,0,,,,,0,1,2022-05-24,2,,,2,1,2022-06-14,2,,,2,2023-02-17,0,,,,,1,,,,,,,,,,,,,,,,,,,,,,,,,,,,,,,,,,,0,,,,,,,,,,,,,,,,,,,,,,,,,,,,,,,,,,,0,,,,,,,,,,,,,,,,,,,,,,,,,,,,,,,,,,,0,,,,,,,,,,,,,,,,,,,0,,,,,,,,,,,,,,,,,,,0,,,,,,,,,,,,,,,,,,,0
25-428,"2022-05-25 11:57:43",1,1,0,0,1,2,1,1,2,2,43,2,2022-05-25,10,2,,60,,,,1,0,1,1,0,1,1,1,1,1,0,1,0,60,,30,60,30,,60,60,60,30,,60,,1,0,1,0,2,1,,,,,,,,,,3,0,,0,0,0,1,,1,2020-12-23,0,,,1,47.5,170,36.8,121,102,61,30,92,15,1,0,0,1,16.43598615916955,3,0,0,2,1,0,0,0,0,1,1,1,1,0,0,0,0,0,0,0,0,0,0,1,1,0,0,0,0,0,0,0,0,0,0,0,0,0,0,0,0,0,0,0,0,0,0,0,0,0,0,0,0,0,0,0,0,0,0,0,0,0,0,0,0,0,0,0,0,2,1,,2,3,,,1,,,,,,1,8.8,79,9.9,2,1,,,1,1,0,0,,0,0,0,0,0,0,0,1,0,0,2,0,0,0,0,0,0,0,0,0,0,0,0,0,0,0,0,0,,,,,,,,,,,,,,,,,,0,0,0,0,0,0,,0,0,0,2,1,"2022-05-26 10:55","2022-05-26 14:20",1,"2022-05-26 15:30",1,1,1,"2022-05-26 10:15","2022-05-26 15:30",1,"2022-05-26 13:23","2022-05-26 15:30",2,4,81,81,81,81,4,81,81,81,81,1,1,81,81,1,81,81,1,81,81,1,81,81,2,25-428_cl_COT_ca_E.zip,1,2,1,0,2,3,4,4,4,4,4,4,4,4,0,3,0,3,3,0,,,,,,2,,,,,,,,,,,,,,,,,,,,,,,,,,,,,,,,,,,0,,,,,,,,,,,,,,,,,,,,,0,,,,,0,1,0,2,1,0,0,0,0,0,0,0,0,2,,,,,,,,,,,,,,,,,,,0,,,,,,,,,,0,cl_ben_face_25-428.jpg,2,0,0,1,0,1,1,0,0,0,0,0,2,,0,0,0,0,0,0,0,0,0,0,0,,0,0,0,0,0,0,0,0,0,0,0,,,,,0,1,2022-06-01,2,,,2,1,2022-06-22,2,,,2,,,,,,,0,,,,,,,,,,,,,,,,,,,,,,,,,,,,,,,,,,,0,,,,,,,,,,,,,,,,,,,,,,,,,,,,,,,,,,,0,,,,,,,,,,,,,,,,,,,,,,,,,,,,,,,,,,,0,,,,,,,,,,,,,,,,,,,0,,,,,,,,,,,,,,,,,,,0,,,,,,,,,,,,,,,,,,,0
25-429,"2022-04-19 18:07:39",1,1,0,0,3,2,,,0,,,0,,,,,,,,,0,0,0,0,0,0,0,0,0,0,0,0,0,,,,,,,,,,,,,,,,,,,,,,,,,,,,,,,,,,,,,,,,,,,,,,,,,,,,,,,,,,,,0,,0,0,0,0,0,0,0,0,0,0,0,0,0,0,0,0,0,0,0,0,0,0,0,0,0,0,0,0,0,0,0,0,0,0,0,0,0,0,0,0,0,0,0,0,0,0,0,0,0,0,0,0,0,0,0,0,0,0,0,0,0,0,0,0,0,,,,,,,,,,,,,,,,,0,,,,,,,,,0,0,0,0,0,0,,0,0,0,0,,0,0,0,0,0,0,0,0,0,0,0,0,0,0,0,0,,,,,,,,,,,,,,,,,,0,0,0,0,0,0,,0,0,0,0,,,,,,,,,,,,,,0,,,,,,,,,,,,,,,,,,,,,,,,0,,,0,,,0,,,,,,,,,,,,,,,,,,,,,0,,,,,,,,,,,,,,,,,,,,,,,,,,,,,,,,,,,0,,,,,,,,,,,,,,,,,,,,,0,,,,,0,,,0,,,,,,,,,,0,,,,,,,,,,,,,,,,,,,0,,,,,,,,,,0,,0,,0,0,0,0,0,0,0,0,0,0,0,,0,0,0,0,0,0,0,0,0,0,0,,0,0,0,0,0,0,0,0,0,0,0,,,,,0,,,,,,0,,,,,,0,,,,,,,0,,,,,,,,,,,,,,,,,,,,,,,,,,,,,,,,,,,0,,,,,,,,,,,,,,,,,,,,,,,,,,,,,,,,,,,0,,,,,,,,,,,,,,,,,,,,,,,,,,,,,,,,,,,0,,,,,,,,,,,,,,,,,,,0,,,,,,,,,,,,,,,,,,,0,,,,,,,,,,,,,,,,,,,0
25-430,"2022-04-22 10:49:21",1,1,0,0,1,2,1,1,2,2,21,2,2022-04-22,6,2,,90,,,,1,1,1,1,1,1,0,1,1,1,0,0,0,240,,30,180,90,90,,,240,240,,,,1,0,1,0,2,1,,,,,,,,,,4,0,,0,0,0,1,0,0,,0,,,1,60.9,174,35.6,89,103,75,36,98,15,1,0,0,1,20.114942528735632,2,0,0,2,1,0,0,0,0,0,0,0,0,0,0,0,0,0,0,0,0,1,1,1,1,1,1,1,1,0,0,0,0,0,0,0,0,0,0,0,0,0,0,0,0,0,0,0,0,0,0,0,0,0,0,0,0,0,0,0,0,0,0,0,0,0,0,0,0,2,1,,1,3,,,1,,,,,,1,10.0,77,5.1,2,1,,,11,0,,1,,0,0,0,1,0,0,0,1,0,0,2,0,0,0,0,0,0,0,0,0,0,0,0,0,0,0,0,0,,,,,,,,,,,,,,,,,,0,0,0,0,0,0,,0,0,0,2,1,"2022-04-22 11:05","2022-04-22 12:40",1,"2022-04-22 15:10",1,1,1,"2022-04-22 10:47","2022-04-22 15:10",1,"2022-04-22 13:30","2022-04-22 15:10",2,4,1,1,1,1,4,1,1,1,1,1,1,1,1,1,1,1,1,1,1,1,1,1,2,25-430_cl_COT_ca_E.zip,1,2,1,0,2,0,0,3,0,0,0,0,3,0,0,0,0,0,0,0,,,,,,2,,,,,,,,,,,,,,,,,,,,,,,,,,,,,,,,,,,0,,,,,,,,,,,,,,,,,,,,,0,,,,,0,1,0,2,0,0,0,0,0,0,0,0,0,2,,,,,,,,,,,,,,,,,,,0,,,,,,,,,,0,cl_ben_face_25-430.jpg,2,1,0,0,0,0,0,0,0,0,0,0,2,,0,0,0,0,0,0,0,0,0,0,0,,0,0,0,0,0,0,0,0,0,0,0,,,,,0,1,2022-05-04,2,,,2,1,2022-05-19,1,,,2,,,,,,,0,,,,,,,,,,,,,,,,,,,,,,,,,,,,,,,,,,,0,,,,,,,,,,,,,,,,,,,,,,,,,,,,,,,,,,,0,,,,,,,,,,,,,,,,,,,,,,,,,,,,,,,,,,,0,,,,,,,,,,,,,,,,,,,0,,,,,,,,,,,,,,,,,,,0,,,,,,,,,,,,,,,,,,,0
25-431,"2022-05-20 10:52:13",1,1,0,0,1,2,1,1,2,1,60,2,2022-05-20,6,2,,90,,,,1,0,0,1,1,1,0,0,0,0,0,0,0,1000,,150,,7,360,,,,,,,,0,,,,2,1,,,,,,,,,,1,0,,0,0,0,1,0,1,2022-02-17,0,,,1,78.4,176,36,77,152,96,26,96,15,1,0,0,1,25.3099173553719,1,0,0,2,1,1,1,1,0,0,0,1,1,0,0,0,0,0,0,0,0,0,0,0,0,0,0,0,0,0,0,0,0,0,0,0,0,0,0,0,0,0,0,0,0,0,0,0,0,0,0,0,0,0,0,0,0,0,0,0,0,0,0,0,0,0,0,0,0,2,1,,1,3,,,1,,,,,,1,12.6,85,5.4,2,1,,,13,0,,1,,1,0,0,1,0,0,0,1,0,0,2,,0,0,0,0,0,0,0,0,0,0,0,0,0,0,0,0,,,,,,,,,,,,,,,,,,0,0,0,0,0,0,,0,0,0,0,1,"2022-05-20 10:00","2022-05-20 12:40",1,"2022-05-20 15:10",1,1,1,"2022-05-20 09:40","2022-05-20 15:10",1,"2022-05-20 13:45","2022-05-20 15:10",2,4,2,2,2,2,4,2,2,2,2,1,1,2,2,1,2,2,1,2,2,1,2,2,2,25-431_cl_COT_ca_E.zip,1,2,1,0,2,0,4,3,0,3,0,0,4,0,3,3,3,0,3,0,,,,,,2,,,,,,,,,,,,,,,,,,,,,,,,,,,,,,,,,,,0,,,,,,,,,,,,,,,,,,,,,0,,,,,0,1,0,2,0,0,0,1,0,0,0,0,0,2,,,,,,,,,,,,,,,,,,,0,,,,,,,,,,0,cl_ben_face_25-431.jpg,2,0,0,1,0,0,1,0,0,0,0,0,2,,0,0,0,0,0,0,0,0,0,0,0,,0,0,0,0,0,0,0,0,0,0,0,,,,,0,1,2022-06-04,2,,,2,1,2022-06-24,2,,,2,,,,,,,0,,,,,,,,,,,,,,,,,,,,,,,,,,,,,,,,,,,0,,,,,,,,,,,,,,,,,,,,,,,,,,,,,,,,,,,0,,,,,,,,,,,,,,,,,,,,,,,,,,,,,,,,,,,0,,,,,,,,,,,,,,,,,,,0,,,,,,,,,,,,,,,,,,,0,,,,,,,,,,,,,,,,,,,0
25-432,"2022-07-11 12:12:56",1,1,0,0,3,2,,,0,,,0,,,,,,,,,0,0,0,0,0,0,0,0,0,0,0,0,0,,,,,,,,,,,,,,,,,,,,,,,,,,,,,,,,,,,,,,,,,,,,,,,,,,,,,,,,,,,,0,,0,0,0,0,0,0,0,0,0,0,0,0,0,0,0,0,0,0,0,0,0,0,0,0,0,0,0,0,0,0,0,0,0,0,0,0,0,0,0,0,0,0,0,0,0,0,0,0,0,0,0,0,0,0,0,0,0,0,0,0,0,0,0,0,0,,,,,,,,,,,,,,,,,0,,,,,,,,,0,0,0,0,0,0,,0,0,0,0,,0,0,0,0,0,0,0,0,0,0,0,0,0,0,0,0,,,,,,,,,,,,,,,,,,0,0,0,0,0,0,,0,0,0,0,,,,,,,,,,,,,,0,,,,,,,,,,,,,,,,,,,,,,,,0,,,0,,,0,,,,,,,,,,,,,,,,,,,,,0,,,,,,,,,,,,,,,,,,,,,,,,,,,,,,,,,,,0,,,,,,,,,,,,,,,,,,,,,0,,,,,0,,,0,,,,,,,,,,0,,,,,,,,,,,,,,,,,,,0,,,,,,,,,,0,,0,,0,0,0,0,0,0,0,0,0,0,0,,0,0,0,0,0,0,0,0,0,0,0,,0,0,0,0,0,0,0,0,0,0,0,,,,,0,,,,,,0,,,,,,0,,,,,,,0,,,,,,,,,,,,,,,,,,,,,,,,,,,,,,,,,,,0,,,,,,,,,,,,,,,,,,,,,,,,,,,,,,,,,,,0,,,,,,,,,,,,,,,,,,,,,,,,,,,,,,,,,,,0,,,,,,,,,,,,,,,,,,,0,,,,,,,,,,,,,,,,,,,0,,,,,,,,,,,,,,,,,,,0
25-433,"2022-04-13 10:35:40",1,1,0,0,1,2,1,1,2,1,55,2,2022-04-13,10,1,21,,,,,1,0,1,1,0,1,0,1,1,0,0,1,0,21,,7,21,21,,,21,21,,,21,,1,1,0,0,1,2,2010,0,,3,,5,,,,1,0,,0,0,0,1,0,1,2020-11-11,0,,,0,106.8,165,35.8,95,134,101,28,95,15,1,0,0,1,39.22865013774105,2,0,0,2,1,1,0,1,1,1,1,1,1,0,0,0,0,0,0,0,0,0,0,0,0,0,0,0,0,0,0,0,0,0,0,0,0,0,0,0,0,0,0,0,0,0,0,0,0,0,0,0,0,0,0,0,0,0,0,0,0,0,0,0,0,0,0,0,0,2,1,,1,3,,,1,,,,,,1,14.3,79,3.8,2,1,,,12,0,,1,10,1,0,0,1,0,0,0,1,0,0,2,0,0,0,0,0,0,0,0,0,0,0,0,0,0,0,0,0,,,,,,,,,,,,,,,,,,0,0,0,0,0,0,,0,0,0,2,1,"2022-04-13 09:45","2022-04-13 12:29",1,"2022-04-13 14:23",1,1,1,"2022-04-13 09:30","2022-04-13 14:23",1,"2022-04-13 12:45","2022-04-13 14:23",2,4,3,3,3,3,4,3,3,3,3,1,1,3,3,1,3,3,1,3,3,1,3,3,2,25-433_cl_COT_ca_E.zip,1,2,1,0,2,0,3,3,0,0,3,0,4,0,3,0,0,0,0,1,2,1,,1,,2,,,,,,,,,,,,,,,,,,,,,,,,,,,,,,,,,,,0,,,,,,,,,,,,,,,,,,,,,0,,,,,0,1,0,2,0,0,0,0,0,1,0,0,2,2,,,,,,,,,,,,,,,,,,,0,,,,,,,,,,0,cl_ben_face_25-433.jpg,2,0,0,0,0,0,0,0,0,0,0,1,2,,0,0,0,0,0,0,0,0,0,0,0,,0,0,0,0,0,0,0,0,0,0,0,,,,,0,1,2022-04-23,1,,,2,1,2022-05-14,1,,,2,,,,,,,0,,,,,,,,,,,,,,,,,,,,,,,,,,,,,,,,,,,0,,,,,,,,,,,,,,,,,,,,,,,,,,,,,,,,,,,0,,,,,,,,,,,,,,,,,,,,,,,,,,,,,,,,,,,0,,,,,,,,,,,,,,,,,,,0,,,,,,,,,,,,,,,,,,,0,,,,,,,,,,,,,,,,,,,0
25-434,"2022-05-27 18:21:58",1,1,0,1,,2,,,0,,,0,,,,,,,,,0,0,0,0,0,0,0,0,0,0,0,0,0,,,,,,,,,,,,,,,,,,,,,,,,,,,,,,,,,,,,,,,,,,,,,,,,,,,,,,,,,,,,0,,0,0,0,0,0,0,0,0,0,0,0,0,0,0,0,0,0,0,0,0,0,0,0,0,0,0,0,0,0,0,0,0,0,0,0,0,0,0,0,0,0,0,0,0,0,0,0,0,0,0,0,0,0,0,0,0,0,0,0,0,0,0,0,0,0,,,,,,,,,,,,,,,,,0,,,,,,,,,0,0,0,0,0,0,,0,0,0,0,,0,0,0,0,0,0,0,0,0,0,0,0,0,0,0,0,,,,,,,,,,,,,,,,,,0,0,0,0,0,0,,0,0,0,0,,,,,,,,,,,,,,0,,,,,,,,,,,,,,,,,,,,,,,,0,,,0,,,0,,,,,,,,,,,,,,,,,,,,,0,,,,,,,,,,,,,,,,,,,,,,,,,,,,,,,,,,,0,,,,,,,,,,,,,,,,,,,,,0,,,,,0,,,0,,,,,,,,,,0,,,,,,,,,,,,,,,,,,,0,,,,,,,,,,0,,0,,0,0,0,0,0,0,0,0,0,0,0,,0,0,0,0,0,0,0,0,0,0,0,,0,0,0,0,0,0,0,0,0,0,0,,,,,0,,,,,,0,,,,,,0,,,,,,,0,,,,,,,,,,,,,,,,,,,,,,,,,,,,,,,,,,,0,,,,,,,,,,,,,,,,,,,,,,,,,,,,,,,,,,,0,,,,,,,,,,,,,,,,,,,,,,,,,,,,,,,,,,,0,,,,,,,,,,,,,,,,,,,0,,,,,,,,,,,,,,,,,,,0,,,,,,,,,,,,,,,,,,,0
25-435,"2022-05-03 18:22:31",1,1,0,1,,2,,,0,,,0,,,,,,,,,0,0,0,0,0,0,0,0,0,0,0,0,0,,,,,,,,,,,,,,,,,,,,,,,,,,,,,,,,,,,,,,,,,,,,,,,,,,,,,,,,,,,,0,,0,0,0,0,0,0,0,0,0,0,0,0,0,0,0,0,0,0,0,0,0,0,0,0,0,0,0,0,0,0,0,0,0,0,0,0,0,0,0,0,0,0,0,0,0,0,0,0,0,0,0,0,0,0,0,0,0,0,0,0,0,0,0,0,0,,,,,,,,,,,,,,,,,0,,,,,,,,,0,0,0,0,0,0,,0,0,0,0,,0,0,0,0,0,0,0,0,0,0,0,0,0,0,0,0,,,,,,,,,,,,,,,,,,0,0,0,0,0,0,,0,0,0,0,,,,,,,,,,,,,,0,,,,,,,,,,,,,,,,,,,,,,,,0,,,0,,,0,,,,,,,,,,,,,,,,,,,,,0,,,,,,,,,,,,,,,,,,,,,,,,,,,,,,,,,,,0,,,,,,,,,,,,,,,,,,,,,0,,,,,0,,,0,,,,,,,,,,0,,,,,,,,,,,,,,,,,,,0,,,,,,,,,,0,,0,,0,0,0,0,0,0,0,0,0,0,0,,0,0,0,0,0,0,0,0,0,0,0,,0,0,0,0,0,0,0,0,0,0,0,,,,,0,,,,,,0,,,,,,0,,,,,,,0,,,,,,,,,,,,,,,,,,,,,,,,,,,,,,,,,,,0,,,,,,,,,,,,,,,,,,,,,,,,,,,,,,,,,,,0,,,,,,,,,,,,,,,,,,,,,,,,,,,,,,,,,,,0,,,,,,,,,,,,,,,,,,,0,,,,,,,,,,,,,,,,,,,0,,,,,,,,,,,,,,,,,,,0
25-436,"2022-05-03 10:23:03",1,1,0,0,1,2,1,1,2,1,33,2,2022-05-03,6,2,,60,,,,1,0,0,1,0,0,0,0,0,1,0,0,0,61,,,,60,,,,,60,,,,0,,,,1,1,,,,,,,,,,1,0,,0,0,0,1,0,1,2021-06-03,0,,,1,74,164,36.6,73,114,86,24,100,15,1,0,0,1,27.51338488994646,1,0,0,2,,0,0,0,0,0,0,0,0,0,0,0,0,0,0,0,0,0,0,0,0,0,0,0,0,0,0,0,0,0,0,0,0,0,0,0,0,0,0,0,0,0,0,0,0,0,0,0,0,0,0,0,0,0,0,0,0,0,0,0,0,0,0,0,0,0,1,,1,3,,,1,,,,,,1,11.5,85,4.1,2,1,,,11,0,,,,0,0,0,0,0,0,0,1,0,0,0,,0,0,0,0,0,0,0,0,0,0,0,0,0,0,0,0,,,,,,,,,,,,,,,,,,0,0,0,0,0,0,,0,0,0,0,1,"2022-05-03 09:44","2022-05-03 11:37",1,"2022-05-03 15:11",1,1,1,"2022-05-03 09:35","2022-05-03 15:11",1,"2022-05-03 12:57","2022-05-03 15:11",2,4,4,4,4,4,4,4,4,4,4,1,1,4,4,1,4,4,1,4,4,1,4,4,2,,,0,1,0,2,0,0,0,0,0,0,0,0,0,0,0,0,0,0,0,,,,,,2,,,,,,,,,,,,,,,,,,,,,,,,,,,,,,,,,,,0,,,,,,,,,,,,,,,,,,,,,0,,,,,0,1,0,2,0,0,0,0,0,0,0,0,0,2,,,,,,,,,,,,,,,,,,,0,,,,,,,,,,0,cl_ben_face_25-436.jpg,2,1,0,0,0,0,0,0,0,0,0,0,2,,0,0,0,0,0,0,0,0,0,0,0,,0,0,0,0,0,0,0,0,0,0,0,,,,,0,1,2022-05-12,3,,,2,1,2022-06-07,3,,,2,,,,,,,0,,,,,,,,,,,,,,,,,,,,,,,,,,,,,,,,,,,0,,,,,,,,,,,,,,,,,,,,,,,,,,,,,,,,,,,0,,,,,,,,,,,,,,,,,,,,,,,,,,,,,,,,,,,0,,,,,,,,,,,,,,,,,,,0,,,,,,,,,,,,,,,,,,,0,,,,,,,,,,,,,,,,,,,0
25-437,"2022-02-06 10:59:22",1,1,0,0,1,2,1,1,2,2,53,2,2022-02-06,8,2,,120,,,,1,0,0,1,1,1,0,1,0,0,0,0,0,,,60,,60,60,,,,,,,,0,,,,2,1,,,,,,,,,,2,0,,0,0,0,1,0,0,,0,,,0,60,177,35.7,96,133,92,30,97,15,1,0,0,1,19.151584793641675,2,0,0,2,,0,0,0,0,0,0,0,0,0,0,0,0,0,0,0,0,0,0,0,0,0,0,0,0,0,0,0,0,0,0,0,0,0,0,0,0,0,0,0,0,0,0,0,0,0,0,0,0,0,0,0,0,0,0,0,0,0,0,0,0,0,0,0,0,0,1,,2,3,,,1,,,,,,2,12.1,83,7.9,2,1,,,1,,,0,,0,0,0,0,0,0,0,1,0,0,0,,0,0,0,0,0,0,0,0,0,0,0,0,0,0,0,0,,,,,,,,,,,,,,,,,,0,0,0,0,0,0,,0,0,0,0,1,"2022-02-06 09:10","2022-02-06 11:58",1,"2022-02-06 12:34",1,1,1,"2022-02-06 08:58","2022-02-06 12:34",1,"2022-02-06 11:30","2022-02-06 12:34",2,4,5,5,5,5,4,5,5,5,5,1,1,5,5,1,5,5,1,5,5,1,5,5,2,,,0,1,0,2,4,4,4,4,3,4,4,3,4,0,4,3,4,3,0,,,,,,2,,,,,,,,,,,,,,,,,,,,,,,,,,,,,,,,,,,0,,,,,,,,,,,,,,,,,,,,,0,,,,,0,1,0,2,0,0,0,0,0,0,0,0,0,2,,,,,,,,,,,,,,,,,,,0,,,,,,,,,,0,cl_ben_face_25-437.jpg,2,0,1,1,0,1,1,0,0,0,0,0,2,,0,0,0,0,0,0,0,0,0,0,0,,0,0,0,0,0,0,0,0,0,0,0,,,,,0,1,2022-02-14,2,,,2,1,2022-03-20,2,,,2,,,,,,,0,,,,,,,,,,,,,,,,,,,,,,,,,,,,,,,,,,,0,,,,,,,,,,,,,,,,,,,,,,,,,,,,,,,,,,,0,,,,,,,,,,,,,,,,,,,,,,,,,,,,,,,,,,,0,,,,,,,,,,,,,,,,,,,0,,,,,,,,,,,,,,,,,,,0,,,,,,,,,,,,,,,,,,,0
25-438,"2022-06-25 09:47:34",1,1,0,0,1,2,1,1,2,1,56,2,2022-06-25,6,2,,21,,,,0,0,1,1,0,1,0,1,0,0,0,0,0,,,10,10,10,,,10,,,,,,0,,,,3,1,,,,,,,,,,1,0,,1,0,0,1,0,1,2021-05-25,0,,,1,78,175,36.3,107,131,95,28,96,15,1,0,0,1,25.46938775510204,2,0,0,2,,0,0,0,0,0,0,0,0,0,0,0,0,0,0,0,0,0,0,0,0,0,0,0,0,0,0,0,0,0,0,0,0,0,0,0,0,0,0,0,0,0,0,0,0,0,0,0,0,0,0,0,0,0,0,0,0,0,0,0,0,0,0,0,0,0,1,,1,3,,,1,,,,,,1,13.9,85,4.7,2,1,,,11,0,,1,,0,0,0,1,0,0,0,1,0,0,2,,0,0,0,0,0,0,0,0,0,0,0,0,0,0,0,0,,,,,,,,,,,,,,,,,,0,0,0,0,0,0,,0,0,0,0,1,"2022-06-25 08:40","2022-06-25 12:24",1,"2022-06-25 13:38",1,1,1,"2022-06-25 08:34","2022-06-25 13:38",1,"2022-06-25 11:17","2022-06-25 13:38",2,4,6,6,6,6,4,6,6,6,6,1,1,6,6,1,6,6,1,6,6,1,6,6,2,,,0,1,0,2,0,3,3,0,3,0,0,3,0,3,0,0,0,0,0,,,,,,2,,,,,,,,,,,,,,,,,,,,,,,,,,,,,,,,,,,0,,,,,,,,,,,,,,,,,,,,,0,,,,,0,1,0,2,0,0,0,0,0,0,0,0,0,2,,,,,,,,,,,,,,,,,,,0,,,,,,,,,,0,cl_ben_face_25-438.jpg,2,0,0,0,0,0,0,0,1,0,0,0,2,,0,0,0,0,0,0,0,0,0,0,0,,0,0,0,0,0,0,0,0,0,0,0,,,,,0,1,2022-07-02,2,,,2,0,,,,,2,,,,,,,0,,,,,,,,,,,,,,,,,,,,,,,,,,,,,,,,,,,0,,,,,,,,,,,,,,,,,,,,,,,,,,,,,,,,,,,0,,,,,,,,,,,,,,,,,,,,,,,,,,,,,,,,,,,0,,,,,,,,,,,,,,,,,,,0,,,,,,,,,,,,,,,,,,,0,,,,,,,,,,,,,,,,,,,0
25-439,"2022-03-31 11:10:15",1,1,0,0,1,2,1,1,2,2,60,2,2022-03-31,6,2,,14,,,,1,0,1,0,0,1,1,1,0,0,0,0,0,14,,14,14,,,14,3,,,,,,0,,,,1,1,,,,,,,,,,1,0,,0,0,0,1,0,0,,0,,,0,76.2,175,38.8,70,110,90,36,93,15,1,0,0,1,24.881632653061224,3,0,0,2,,0,0,0,0,0,0,0,0,0,0,0,0,0,0,0,0,0,0,0,0,0,0,0,0,0,0,0,0,0,0,0,0,0,0,0,0,0,0,0,0,0,0,0,0,0,0,0,0,0,0,0,0,0,0,0,0,0,0,0,0,0,0,0,0,0,1,,1,3,,,1,,,,,,1,6.6,92,124.5,2,1,,,,0,,1,,1,0,0,0,0,0,0,1,0,0,2,,0,0,0,0,0,0,0,0,0,0,0,0,0,0,0,0,,,,,,,,,,,,,,,,,,0,0,0,0,0,0,,0,0,0,0,1,"2022-03-31 09:00","2022-03-31 12:24",1,"2022-03-31 13:38",1,1,1,"2022-03-31 08:40","2022-03-31 13:38",1,"2022-03-26 12:20","2022-03-31 13:38",2,4,7,7,7,7,4,7,7,7,7,1,1,7,7,1,7,7,1,7,7,1,7,7,2,,,0,1,0,2,3,3,3,0,3,3,3,3,3,3,3,3,0,3,0,,,,,,2,,,,,,,,,,,,,,,,,,,,,,,,,,,,,,,,,,,0,,,,,,,,,,,,,,,,,,,,,0,,,,,0,1,0,2,0,0,1,0,0,0,0,0,0,2,,,,,,,,,,,,,,,,,,,0,,,,,,,,,,0,cl_ben_face_25-439.jpg,2,0,0,0,0,0,0,0,0,0,1,0,2,,0,0,0,0,0,0,0,0,0,0,0,,0,0,0,0,0,0,0,0,0,0,0,,,,,0,1,2022-04-19,2,,,2,1,2022-05-11,2,,,2,,,,,,,0,,,,,,,,,,,,,,,,,,,,,,,,,,,,,,,,,,,0,,,,,,,,,,,,,,,,,,,,,,,,,,,,,,,,,,,0,,,,,,,,,,,,,,,,,,,,,,,,,,,,,,,,,,,0,,,,,,,,,,,,,,,,,,,0,,,,,,,,,,,,,,,,,,,0,,,,,,,,,,,,,,,,,,,0
25-440,"2021-09-29 10:32:03",1,1,0,0,1,2,1,1,2,2,32,2,2021-09-29,10,2,,7,,,,0,0,0,0,1,0,0,0,0,0,0,0,0,,,,,,7,,,,,,,,0,,,,1,1,,,,,,,,,,1,0,,0,0,0,1,0,0,,0,,,1,63.3,163,36.6,105,123,76,26,98,15,1,0,0,1,23.824758176822613,1,0,0,2,,0,0,0,0,0,0,0,0,0,0,0,0,0,0,0,0,0,0,0,0,0,0,0,0,0,0,0,0,0,0,0,0,0,0,0,0,0,0,0,0,0,0,0,0,0,0,0,0,0,0,0,0,0,0,0,0,0,0,0,0,0,0,0,0,0,1,,1,3,,,1,,,,,,1,12,76,7.1,2,1,,,,0,,0,,0,0,0,0,0,0,0,1,0,0,2,0,0,0,0,0,0,0,0,0,0,0,0,0,0,0,0,0,,,,,,,,,,,,,,,,,,0,0,0,0,0,0,,0,0,0,2,1,"2021-09-29 09:55","2021-09-29 12:19",1,"2021-09-29 12:52",1,1,1,"2021-09-29 08:59","2021-09-29 12:52",1,"2021-09-29 11:37","2021-09-29 12:52",2,4,8,8,8,8,4,8,8,8,8,1,1,8,8,1,8,8,1,8,8,1,8,8,2,,,0,1,0,2,3,0,0,0,0,0,0,0,0,1,0,0,0,0,0,,,,,,2,,,,,,,,,,,,,,,,,,,,,,,,,,,,,,,,,,,0,,,,,,,,,,,,,,,,,,,,,0,,,,,0,1,0,2,0,0,0,0,0,0,0,0,0,2,,,,,,,,,,,,,,,,,,,0,,,,,,,,,,0,cl_ben_face_25-440.jpg,2,0,0,0,0,0,0,0,0,0,1,0,2,,0,0,0,0,0,0,0,0,0,0,0,,0,0,0,0,0,0,0,0,0,0,0,,,,,0,1,2021-10-14,2,,,2,1,2021-10-28,2,,,2,,,,,,,0,,,,,,,,,,,,,,,,,,,,,,,,,,,,,,,,,,,0,,,,,,,,,,,,,,,,,,,,,,,,,,,,,,,,,,,0,,,,,,,,,,,,,,,,,,,,,,,,,,,,,,,,,,,0,,,,,,,,,,,,,,,,,,,0,,,,,,,,,,,,,,,,,,,0,,,,,,,,,,,,,,,,,,,0
25-441,"2022-06-20 09:46:35",1,1,0,1,,2,,,0,,,0,,,,,,,,,0,0,0,0,0,0,0,0,0,0,0,0,0,,,,,,,,,,,,,,,,,,,,,,,,,,,,,,,,,,,,,,,,,,,,,,,,,,,,,,,,,,,,0,,0,0,0,0,0,0,0,0,0,0,0,0,0,0,0,0,0,0,0,0,0,0,0,0,0,0,0,0,0,0,0,0,0,0,0,0,0,0,0,0,0,0,0,0,0,0,0,0,0,0,0,0,0,0,0,0,0,0,0,0,0,0,0,0,0,,,,,,,,,,,,,,,,,0,,,,,,,,,0,0,0,0,0,0,,0,0,0,0,,0,0,0,0,0,0,0,0,0,0,0,0,0,0,0,0,,,,,,,,,,,,,,,,,,0,0,0,0,0,0,,0,0,0,0,,,,,,,,,,,,,,0,,,,,,,,,,,,,,,,,,,,,,,,0,,,0,,,0,,,,,,,,,,,,,,,,,,,,,0,,,,,,,,,,,,,,,,,,,,,,,,,,,,,,,,,,,0,,,,,,,,,,,,,,,,,,,,,0,,,,,0,,,0,,,,,,,,,,0,,,,,,,,,,,,,,,,,,,0,,,,,,,,,,0,,0,,0,0,0,0,0,0,0,0,0,0,0,,0,0,0,0,0,0,0,0,0,0,0,,0,0,0,0,0,0,0,0,0,0,0,,,,,0,,,,,,0,,,,,,0,,,,,,,0,,,,,,,,,,,,,,,,,,,,,,,,,,,,,,,,,,,0,,,,,,,,,,,,,,,,,,,,,,,,,,,,,,,,,,,0,,,,,,,,,,,,,,,,,,,,,,,,,,,,,,,,,,,0,,,,,,,,,,,,,,,,,,,0,,,,,,,,,,,,,,,,,,,0,,,,,,,,,,,,,,,,,,,0
25-442,"2022-05-21 09:46:57",1,1,0,0,1,2,1,1,2,1,43,2,2022-05-21,6,2,,60,,,,1,0,0,0,0,0,0,1,1,0,0,0,0,3,,,,,,,60,4,,,,,0,,,,1,1,,,,,,,,,,1,0,,0,0,0,1,0,1,2021-01-10,0,,,0,74.3,164,36,77,119,82,36,99,15,1,0,0,1,27.624925639500297,3,0,0,2,,0,0,0,0,0,0,0,0,0,0,0,0,0,0,0,0,0,0,0,0,0,0,0,0,0,0,0,0,0,0,0,0,0,0,0,0,0,0,0,0,0,0,0,0,0,0,0,0,0,0,0,0,0,0,0,0,0,0,0,0,0,0,0,0,0,2,21.7,1,3,,,1,,,,,,1,9.4,74,2.3,2,1,,,9,0,,1,,0,0,0,1,0,0,0,1,0,0,2,,0,0,0,0,0,0,0,0,0,0,0,0,0,0,0,0,,,,,,,,,,,,,,,,,,0,0,0,0,0,0,,0,0,0,0,1,"2022-05-21 10:30","2022-05-21 12:56",1,"2022-05-21 14:22",1,1,1,"2022-05-21 09:16","2022-05-21 14:22",1,"2022-05-21 11:57","2022-05-21 14:22",2,4,9,9,9,9,4,9,9,9,9,1,1,9,9,1,9,9,1,9,9,1,9,9,2,,,0,1,0,2,0,0,3,0,0,0,0,0,0,3,0,0,0,0,0,,,,,,2,,,,,,,,,,,,,,,,,,,,,,,,,,,,,,,,,,,0,,,,,,,,,,,,,,,,,,,,,0,,,,,0,1,0,2,0,2,0,0,0,0,0,0,0,2,,,,,,,,,,,,,,,,,,,0,,,,,,,,,,0,cl_ben_face_25-442.jpg,2,1,0,0,0,0,0,0,0,0,0,0,2,,0,0,0,0,0,0,0,0,0,0,0,,0,0,0,0,0,0,0,0,0,0,0,,,,,0,1,2022-06-05,1,,,2,1,2022-06-18,1,,,2,,,,,,,0,,,,,,,,,,,,,,,,,,,,,,,,,,,,,,,,,,,0,,,,,,,,,,,,,,,,,,,,,,,,,,,,,,,,,,,0,,,,,,,,,,,,,,,,,,,,,,,,,,,,,,,,,,,0,,,,,,,,,,,,,,,,,,,0,,,,,,,,,,,,,,,,,,,0,,,,,,,,,,,,,,,,,,,0
25-443,"2022-06-30 09:55:38",1,1,0,0,1,2,1,1,2,2,48,2,2022-06-30,6,2,,1000,,,,0,0,0,1,0,0,0,0,0,0,0,0,0,,,,,2,,,,,,,,,0,,,,2,1,,,,,,,,,,1,0,,0,0,0,1,0,0,,0,,,0,74,174,36.3,72,135,95,26,99,15,1,0,0,1,24.441802087462015,1,0,0,2,,0,0,0,0,0,0,0,0,0,0,0,0,0,0,0,0,0,0,0,0,0,0,0,0,0,0,0,0,0,0,0,0,0,0,0,0,0,0,0,0,0,0,0,0,0,0,0,0,0,0,0,0,0,0,0,0,0,0,0,0,0,0,0,0,0,2,28.5,1,3,,,1,,,,,,1,15.4,82,3.5,2,1,,,9,0,,1,6,0,0,0,1,0,0,0,1,0,0,2,,0,0,0,0,0,0,0,0,0,0,0,0,0,0,0,0,,,,,,,,,,,,,,,,,,0,0,0,0,0,0,,0,0,0,0,1,"2022-06-29 10:35","2022-06-29 12:56",1,"2022-06-29 14:22",1,1,1,"2022-06-29 09:05","2022-06-29 14:22",1,"2022-06-29 12:52","2022-06-29 14:22",2,4,10,10,10,10,4,10,10,10,10,1,1,10,10,1,10,10,1,10,10,1,10,10,2,,,0,1,0,2,0,0,3,0,3,0,0,3,0,0,0,0,0,0,0,,,,,,2,,,,,,,,,,,,,,,,,,,,,,,,,,,,,,,,,,,0,,,,,,,,,,,,,,,,,,,,,0,,,,,0,1,0,2,0,0,0,0,0,0,0,0,0,2,,,,,,,,,,,,,,,,,,,0,,,,,,,,,,0,cl_ben_face_25-443.jpg,2,0,0,0,0,0,0,0,0,0,0,1,2,,0,0,0,0,0,0,0,0,0,0,0,,0,0,0,0,0,0,0,0,0,0,0,,,,,0,1,2022-07-13,2,,,2,1,2022-07-27,2,,,2,,,,,,,0,,,,,,,,,,,,,,,,,,,,,,,,,,,,,,,,,,,0,,,,,,,,,,,,,,,,,,,,,,,,,,,,,,,,,,,0,,,,,,,,,,,,,,,,,,,,,,,,,,,,,,,,,,,0,,,,,,,,,,,,,,,,,,,0,,,,,,,,,,,,,,,,,,,0,,,,,,,,,,,,,,,,,,,0
25-444,"2022-02-22 10:03:29",1,1,0,0,1,2,1,1,2,1,27,2,2022-02-22,9,2,,30,,,,0,0,0,1,0,1,0,0,0,0,0,0,0,,,30,,21,,,,,,,,,0,,,,1,1,,,,,,,,,,1,0,,0,0,0,1,0,0,,0,,,1,50,165,36.8,83,123,85,18,97,15,0,0,0,0,18.365472910927455,1,0,0,2,,0,0,0,0,0,0,0,0,0,0,0,0,0,0,0,0,0,0,0,0,0,0,0,0,0,0,0,0,0,0,0,0,0,0,0,0,0,0,0,0,0,0,0,0,0,0,0,0,0,0,0,0,0,0,0,0,0,0,0,0,0,0,0,0,0,2,29.8,1,3,,,1,,,,,,2,12.2,91,8.1,2,1,,,13,0,,1,10,1,0,0,1,0,0,0,1,0,0,2,,0,0,0,0,0,0,0,0,0,0,0,0,0,0,0,0,,,,,,,,,,,,,,,,,,0,0,0,0,0,0,,0,0,0,0,1,"2022-02-22 09:17","2022-02-22 11:47",1,"2022-02-22 13:16",1,1,1,"2022-02-22 09:10","2022-02-22 13:16",1,"2022-02-22 11:45","2022-02-22 13:16",2,4,11,11,11,11,4,11,11,11,11,1,1,11,11,1,11,11,1,11,11,1,11,11,2,,,0,1,0,2,4,0,0,4,3,5,0,0,0,4,0,3,5,3,1,3,2,1,1,1,2,,,,,,,,,,,,,,,,,,,,,,,,,,,,,,,,,,,0,,,,,,,,,,,,,,,,,,,,,0,,,,,0,1,0,2,1,0,0,0,0,0,0,0,0,2,,,,,,,,,,,,,,,,,,,0,,,,,,,,,,0,cl_ben_face_25-444.jpg,2,0,0,0,0,0,0,0,0,0,1,0,2,,0,0,0,0,0,0,0,0,0,0,0,,0,0,0,0,0,0,0,0,0,0,0,,,,,0,1,2022-03-07,1,,,2,1,2022-03-27,1,,,2,,,,,,,0,,,,,,,,,,,,,,,,,,,,,,,,,,,,,,,,,,,0,,,,,,,,,,,,,,,,,,,,,,,,,,,,,,,,,,,0,,,,,,,,,,,,,,,,,,,,,,,,,,,,,,,,,,,0,,,,,,,,,,,,,,,,,,,0,,,,,,,,,,,,,,,,,,,0,,,,,,,,,,,,,,,,,,,0
25-445,"2022-03-31 10:17:57",1,1,0,0,1,2,1,1,2,2,28,2,2022-03-31,9,2,,21,,,,0,0,0,1,1,0,0,0,0,0,0,0,0,,,,,14,14,,,,,,,,0,,,,2,1,,,,,,,,,,1,0,,0,0,0,1,0,1,2021-09-03,0,,,1,74.2,174,36.6,62,131,80,20,99,15,0,0,0,0,24.507861012022726,1,0,1,2,,0,0,0,0,0,0,0,0,0,0,0,0,0,0,0,0,0,0,0,0,0,0,0,0,0,0,0,0,0,0,0,0,0,0,0,0,0,0,0,0,0,0,0,0,0,0,0,0,0,0,0,0,0,0,0,0,0,0,0,0,0,0,0,0,0,1,,1,3,,,1,,,,,,1,15.5,81,5.5,2,1,,,11,0,,1,6,0,0,0,1,0,0,0,1,0,0,2,,0,0,0,0,0,0,0,0,0,0,0,0,0,0,0,0,,,,,,,,,,,,,,,,,,0,0,0,0,0,0,,0,0,0,0,1,"2022-03-31 09:43","2022-03-31 11:47",1,"2022-03-31 13:16",1,1,1,"2022-03-31 09:08","2022-03-31 13:16",1,"2022-03-31 12:22","2022-03-31 13:16",2,4,12,12,12,12,4,12,12,12,12,1,1,12,12,1,12,12,1,12,12,1,12,12,2,,,0,1,0,2,3,3,0,0,3,0,0,3,0,0,0,0,0,2,0,,,,,,2,,,,,,,,,,,,,,,,,,,,,,,,,,,,,,,,,,,0,,,,,,,,,,,,,,,,,,,,,0,,,,,0,1,0,2,3,2,2,0,0,0,0,0,0,2,,,,,,,,,,,,,,,,,,,0,,,,,,,,,,0,cl_ben_face_25-445.jpg,2,1,0,0,0,0,0,0,0,0,0,0,2,,0,0,0,0,0,0,0,0,0,0,0,,0,0,0,0,0,0,0,0,0,0,0,,,,,0,1,2022-04-13,3,,,2,1,2022-05-03,3,,,2,,,,,,,0,,,,,,,,,,,,,,,,,,,,,,,,,,,,,,,,,,,0,,,,,,,,,,,,,,,,,,,,,,,,,,,,,,,,,,,0,,,,,,,,,,,,,,,,,,,,,,,,,,,,,,,,,,,0,,,,,,,,,,,,,,,,,,,0,,,,,,,,,,,,,,,,,,,0,,,,,,,,,,,,,,,,,,,0
25-446,"2021-10-03 10:52:08",1,1,0,0,1,2,1,1,2,2,63,2,2021-10-03,6,2,,30,,,,1,0,0,0,0,0,0,1,0,0,0,0,0,30,,,,,,,30,,,,,,0,,,,1,1,,,,,,,,,,4,0,,0,0,0,1,0,0,,0,,,1,55.3,171,36.5,108,109,72,18,94,15,0,0,0,0,18.911801921958894,1,0,0,2,,0,0,0,0,0,0,0,0,0,0,0,0,0,0,0,0,0,0,0,0,0,0,0,0,0,0,0,0,0,0,0,0,0,0,0,0,0,0,0,0,0,0,0,0,0,0,0,0,0,0,0,0,0,0,0,0,0,0,0,0,0,0,0,0,0,1,,2,3,,,1,,,,,,1,10.0,71,7.9,2,1,,,1,1,0,0,,0,0,0,0,0,0,0,1,0,0,2,0,0,0,0,0,0,0,0,0,0,0,0,0,0,0,0,0,,,,,,,,,,,,,,,,,,0,0,0,0,0,0,,0,0,0,2,1,"2021-10-03 10:00","2021-10-03 12:41",1,"2021-10-03 13:43",1,1,1,"2021-10-03 09:27","2021-10-03 14:14",1,"2021-10-03 12:45","2021-10-03 14:14",2,4,13,13,13,13,4,13,13,13,13,1,1,13,13,1,13,13,1,13,13,1,13,13,2,,,0,1,0,2,3,3,3,3,3,3,3,3,3,3,3,3,3,3,0,,,,,,2,,,,,,,,,,,,,,,,,,,,,,,,,,,,,,,,,,,0,,,,,,,,,,,,,,,,,,,,,0,,,,,0,1,0,2,0,0,0,0,0,0,0,0,0,2,,,,,,,,,,,,,,,,,,,0,,,,,,,,,,0,cl_ben_face_25-446.jpg,2,0,1,0,0,1,0,0,0,0,0,1,2,,0,0,0,0,0,0,0,0,0,0,0,,0,0,0,0,0,0,0,0,0,0,0,,,,,0,1,2021-10-16,2,,,2,1,2021-10-30,2,,,2,2022-06-13,0,,,,,1,,,,,,,,,,,,,,,,,,,,,,,,,,,,,,,,,,,0,,,,,,,,,,,,,,,,,,,,,,,,,,,,,,,,,,,0,,,,,,,,,,,,,,,,,,,,,,,,,,,,,,,,,,,0,,,,,,,,,,,,,,,,,,,0,,,,,,,,,,,,,,,,,,,0,,,,,,,,,,,,,,,,,,,0
25-447,"2021-09-16 12:05:37",1,1,0,0,1,2,1,1,2,2,61,2,2021-09-16,6,2,,180,,,,0,0,0,0,0,0,0,0,0,0,0,0,0,,,,,,,,,,,,,,0,,,,1,1,,,,,,,,,,1,0,,0,0,0,1,0,1,2020-12-16,0,,,0,92.6,176,36.2,54,115,71,18,98,15,0,0,0,0,29.894111570247933,1,0,0,2,,0,0,0,0,0,0,0,0,0,0,0,0,0,0,0,0,0,0,0,0,0,0,0,0,0,0,0,0,0,0,0,0,0,0,0,0,0,0,0,0,0,0,0,0,0,0,0,0,0,0,0,0,0,0,0,0,0,0,0,0,0,0,0,0,0,1,,1,3,,,1,,,,,,1,10.0,71,7.9,2,1,,,9,0,,1,6,0,0,0,1,0,0,0,1,0,0,2,,0,0,0,0,0,0,0,0,0,0,0,0,0,0,0,0,,,,,,,,,,,,,,,,,,0,0,0,0,0,0,,0,0,0,0,1,"2021-09-16 11:14","2021-09-16 12:41",1,"2021-09-16 13:43",1,1,1,"2021-09-16 10:44","2021-09-16 14:14",1,"2021-09-16 13:17","2021-09-16 14:14",2,4,14,14,14,14,4,14,14,14,14,1,1,14,14,1,14,14,1,14,14,1,14,14,2,,,0,1,0,2,0,0,0,0,3,0,0,0,0,0,0,0,0,0,0,,,,,,2,,,,,,,,,,,,,,,,,,,,,,,,,,,,,,,,,,,0,,,,,,,,,,,,,,,,,,,,,0,,,,,0,1,0,2,0,2,0,0,0,0,0,0,0,2,,,,,,,,,,,,,,,,,,,0,,,,,,,,,,0,cl_ben_face_25-447.jpg,2,0,0,0,0,0,0,0,0,0,0,1,2,,0,0,0,0,0,0,0,0,0,0,0,,0,0,0,0,0,0,0,0,0,0,0,,,,,0,1,2021-09-29,2,,,2,1,2021-10-13,1,,,2,,,,,,,0,,,,,,,,,,,,,,,,,,,,,,,,,,,,,,,,,,,0,,,,,,,,,,,,,,,,,,,,,,,,,,,,,,,,,,,0,,,,,,,,,,,,,,,,,,,,,,,,,,,,,,,,,,,0,,,,,,,,,,,,,,,,,,,0,,,,,,,,,,,,,,,,,,,0,,,,,,,,,,,,,,,,,,,0
25-448,"2022-05-30 11:09:28",1,1,0,0,1,2,1,1,2,1,30,2,2022-05-30,10,2,,7,,,,0,0,1,1,0,1,0,1,1,1,0,1,0,,,7,7,7,,,7,7,7,,,,0,,,,1,1,,,,,,,,,,1,0,,0,0,0,1,0,1,2020-11-27,0,,,0,51.4,167,36.5,58,131,87,32,100,15,1,0,0,1,18.430205457348777,2,0,0,2,,0,0,0,0,0,0,0,0,0,0,0,0,0,0,0,0,0,0,0,0,0,0,0,0,0,0,0,0,0,0,0,0,0,0,0,0,0,0,0,0,0,0,0,0,0,0,0,0,0,0,0,0,0,0,0,0,0,0,0,0,0,0,0,0,0,1,,1,3,,,1,,,,,,1,6.8,59,5.4,2,1,,,16,0,,1,6,0,0,0,1,0,0,0,1,0,0,2,,0,0,0,0,0,0,0,0,0,0,0,0,0,0,0,0,,,,,,,,,,,,,,,,,,0,0,0,0,0,0,,0,0,0,0,1,"2022-05-30 09:45","2022-05-30 13:47",1,"2022-05-30 14:45",1,1,1,"2022-05-30 09:15","2022-05-30 14:57",1,"2022-05-30 11:25","2022-05-30 14:57",2,4,15,15,15,15,4,15,15,15,15,1,1,15,15,1,15,15,1,15,15,1,15,15,2,,,0,1,0,2,0,3,3,0,0,0,3,0,0,3,3,3,0,0,0,,,,,,2,,,,,,,,,,,,,,,,,,,,,,,,,,,,,,,,,,,0,,,,,,,,,,,,,,,,,,,,,0,,,,,0,1,0,2,0,0,0,0,0,0,0,0,0,2,,,,,,,,,,,,,,,,,,,0,,,,,,,,,,0,cl_ben_face_25-448.jpg,2,1,0,0,0,0,0,0,0,0,0,0,2,,0,0,0,0,0,0,0,0,0,0,0,,0,0,0,0,0,0,0,0,0,0,0,,,,,0,1,2022-06-08,2,,,2,1,2022-07-05,2,,,2,,,,,,,0,,,,,,,,,,,,,,,,,,,,,,,,,,,,,,,,,,,0,,,,,,,,,,,,,,,,,,,,,,,,,,,,,,,,,,,0,,,,,,,,,,,,,,,,,,,,,,,,,,,,,,,,,,,0,,,,,,,,,,,,,,,,,,,0,,,,,,,,,,,,,,,,,,,0,,,,,,,,,,,,,,,,,,,0
25-449,"2022-07-04 11:10:02",1,1,0,0,1,2,1,1,2,2,62,2,2022-07-04,10,2,,15,,,,0,0,1,1,0,0,0,1,0,0,0,0,0,,,,15,6,,,15,,,,,,0,,,,1,1,,,,,,,,,,1,0,,0,1,0,1,0,0,,0,,,1,70.6,166,36.5,81,109,73,18,99,15,0,0,0,0,25.620554507185368,2,0,0,2,,0,0,0,0,0,0,0,0,0,0,0,0,0,0,0,0,0,0,0,0,0,0,0,0,0,0,0,0,0,0,0,0,0,0,0,0,0,0,0,0,0,0,0,0,0,0,0,0,0,0,0,0,0,0,0,0,0,0,0,0,0,0,0,0,0,2,22.00,1,3,,,1,,,,,,1,11.3,104,8.3,2,1,,,9,0,,1,10,1,0,0,0,0,0,0,1,0,0,2,,0,0,0,0,0,0,0,0,0,0,0,0,0,0,0,0,,,,,,,,,,,,,,,,,,0,0,0,0,0,0,,0,0,0,0,1,"2022-07-04 10:45","2022-07-04 13:47",1,"2022-07-04 14:57",1,1,1,"2022-07-04 09:30","2022-07-04 14:57",1,"2022-07-04 12:45","2022-07-04 14:57",2,4,16,16,16,16,4,16,16,16,16,1,1,16,16,1,16,16,1,16,16,1,16,16,2,,,0,1,0,2,3,3,3,3,3,3,3,3,0,0,0,0,0,0,0,,,,,,2,,,,,,,,,,,,,,,,,,,,,,,,,,,,,,,,,,,0,,,,,,,,,,,,,,,,,,,,,0,,,,,0,1,0,2,0,0,0,0,0,0,0,0,0,2,,,,,,,,,,,,,,,,,,,0,,,,,,,,,,0,cl_ben_face_25-449.jpg,2,0,0,0,0,0,0,0,1,0,0,0,2,,0,0,0,0,0,0,0,0,0,0,0,,0,0,0,0,0,0,0,0,0,0,0,,,,,0,1,2022-07-13,6,2022-07-10,,2,,,6,2022-07-10,,2,,,,,,,0,,,,,,,,,,,,,,,,,,,,,,,,,,,,,,,,,,,0,,,,,,,,,,,,,,,,,,,,,,,,,,,,,,,,,,,0,,,,,,,,,,,,,,,,,,,,,,,,,,,,,,,,,,,0,,,,,,,,,,,,,,,,,,,0,,,,,,,,,,,,,,,,,,,0,,,,,,,,,,,,,,,,,,,0
25-450,"2022-05-02 10:00:26",1,1,0,0,1,2,1,1,2,2,20,2,2022-05-02,6,2,,7,,,,0,0,1,1,1,1,0,1,0,0,0,0,0,,,14,7,7,7,,7,,,,,,0,,,,1,1,,,,,,,,,,1,0,,0,0,,1,0,0,,0,,,0,60.6,173,36,69,134,73,26,99,15,1,0,0,1,20.24792007751679,3,0,0,2,,0,0,0,0,0,0,0,0,0,0,0,0,0,0,0,0,0,0,0,0,0,0,0,0,0,0,0,0,0,0,0,0,0,0,0,0,0,0,0,0,0,0,0,0,0,0,0,0,0,0,0,0,0,0,0,0,0,0,0,0,0,0,0,0,0,1,,1,3,,,1,,,,,,1,14.9,84,6.1,2,1,,,6,0,,1,10,1,0,0,1,0,0,0,1,0,0,2,,0,0,0,0,0,0,0,0,0,0,0,0,0,0,0,0,,,,,,,,,,,,,,,,,,0,0,0,0,0,0,,0,0,0,0,1,"2021-10-24 09:38","2022-05-02 12:09",1,"2022-05-02 13:23",1,1,1,"2022-05-02 08:30","2022-05-02 13:23",1,"2022-05-02 11:16","2022-05-02 13:23",2,4,17,17,17,17,4,17,17,17,17,1,1,17,17,1,17,17,1,17,17,1,17,17,2,,,0,1,0,2,0,0,0,0,0,0,0,3,0,3,0,0,0,0,0,,,,,,2,,,,,,,,,,,,,,,,,,,,,,,,,,,,,,,,,,,0,,,,,,,,,,,,,,,,,,,,,0,,,,,0,1,0,2,0,0,0,0,0,0,0,0,0,2,,,,,,,,,,,,,,,,,,,0,,,,,,,,,,0,cl_ben_face_25-450.jpg,2,1,0,0,0,0,0,0,0,0,0,0,2,,0,0,0,0,0,0,0,0,0,0,0,,0,0,0,0,0,0,0,0,0,0,0,,,,,0,0,,,,,2,1,2022-06-06,3,,,2,,,,,,,0,,,,,,,,,,,,,,,,,,,,,,,,,,,,,,,,,,,0,,,,,,,,,,,,,,,,,,,,,,,,,,,,,,,,,,,0,,,,,,,,,,,,,,,,,,,,,,,,,,,,,,,,,,,0,,,,,,,,,,,,,,,,,,,0,,,,,,,,,,,,,,,,,,,0,,,,,,,,,,,,,,,,,,,0
25-451,"2022-07-04 10:00:54",1,1,0,0,1,2,1,1,2,2,59,2,2022-07-04,6,2,,365,,,,1,0,1,1,1,1,0,1,1,0,0,0,0,365,,365,365,365,365,,365,365,,,,,1,1,0,1,2,1,,,,,,,,,,1,0,,0,0,0,1,0,0,,0,,,1,63.1,173,36.1,71,135,77,18,100,15,0,0,0,0,21.08323031173778,3,0,0,2,,0,0,0,0,0,0,0,0,0,0,0,0,0,0,0,0,0,0,0,0,0,0,0,0,0,0,0,0,0,0,0,0,0,0,0,0,0,0,0,0,0,0,0,0,0,0,0,0,0,0,0,0,0,0,0,0,0,0,0,0,0,0,0,0,0,1,,1,3,,,2,2,,,,,1,8.8,70,10.1,0,1,,,,,,,,0,0,0,0,0,0,,0,0,0,0,1,0,0,0,1,0,0,0,0,0,0,0,0,0,0,0,0,3,3,2,2,,,,,,,,,,,,,,0,0,0,0,0,0,,0,0,0,0,1,"2022-07-04 10:04","2022-07-04 12:09",1,"2022-07-04 13:23",1,1,1,"2022-07-04 09:00","2022-07-04 13:23",1,"2022-07-04 12:25","2022-07-04 13:23",2,4,18,18,18,18,4,18,18,18,18,1,1,18,18,1,18,18,1,18,18,1,18,18,2,,,0,1,0,2,0,0,0,0,0,0,0,0,0,6,0,0,0,0,1,2,2,,1,,2,,,,,,,,,,,,,,,,,,,,,,,,,,,,,,,,,,,0,,,,,,,,,,,,,,,,,,,,,0,,,,,0,1,0,2,0,0,0,0,0,1,0,0,0,2,,,,,,,,,,,,,,,,,,,0,,,,,,,,,,0,cl_ben_face_25-451.jpg,2,0,0,0,0,0,1,1,0,0,0,0,2,,0,0,0,0,0,0,0,0,0,0,0,,0,0,0,0,0,0,0,0,0,0,0,,,,,0,1,2022-07-12,2,,,2,1,2022-08-08,1,,,2,,,,,,,0,,,,,,,,,,,,,,,,,,,,,,,,,,,,,,,,,,,0,,,,,,,,,,,,,,,,,,,,,,,,,,,,,,,,,,,0,,,,,,,,,,,,,,,,,,,,,,,,,,,,,,,,,,,0,,,,,,,,,,,,,,,,,,,0,,,,,,,,,,,,,,,,,,,0,,,,,,,,,,,,,,,,,,,0
25-452,"2022-03-12 10:49:58",1,1,0,0,1,2,1,1,2,1,19,2,2022-03-12,9,2,,14,,,,0,0,0,0,1,0,0,0,0,1,0,0,0,,,,,,,,,,14,,,,0,,,,2,1,,,,,,,,,,4,0,,0,0,0,1,0,1,2021-02-09,0,,,1,61.4,165,35.7,70,124,80,16,99,15,0,0,0,0,22.552800734618916,1,0,0,2,,0,0,0,0,0,0,0,0,0,0,0,0,0,0,0,0,0,0,0,0,0,0,0,0,0,0,0,0,0,0,0,0,0,0,0,0,0,0,0,0,0,0,0,0,0,0,0,0,0,0,0,0,0,0,0,0,0,0,0,0,0,0,0,0,0,1,,1,3,,,1,,,,,,1,12.2,82,4.0,2,1,,,16,0,,0,,0,0,0,0,0,0,0,1,0,0,2,,0,0,0,0,0,0,0,0,0,0,0,0,0,0,0,0,,,,,,,,,,,,,,,,,,0,0,0,0,0,0,,0,0,0,0,1,"2022-03-12 09:22","2022-03-12 12:05",1,"2022-03-12 13:17",1,1,1,"2022-03-12 08:52","2022-03-12 13:17",1,"2022-03-12 12:01","2022-03-12 13:17",2,4,19,19,19,19,4,19,19,19,19,1,1,19,19,1,19,19,1,19,19,1,19,19,2,,,0,1,0,2,0,0,3,0,0,0,0,3,0,0,0,0,0,0,0,,,,,,2,,,,,,,,,,,,,,,,,,,,,,,,,,,,,,,,,,,0,,,,,,,,,,,,,,,,,,,,,0,,,,,0,1,0,2,0,0,0,0,0,0,0,0,0,2,,,,,,,,,,,,,,,,,,,0,,,,,,,,,,0,cl_ben_face_25-452.jpg,2,1,0,0,0,0,0,0,0,0,0,0,2,,0,0,0,0,0,0,0,0,0,0,0,,0,0,0,0,0,0,0,0,0,0,0,,,,,0,1,2022-03-19,2,,,2,1,2022-04-15,1,,,2,,,,,,,0,,,,,,,,,,,,,,,,,,,,,,,,,,,,,,,,,,,0,,,,,,,,,,,,,,,,,,,,,,,,,,,,,,,,,,,0,,,,,,,,,,,,,,,,,,,,,,,,,,,,,,,,,,,0,,,,,,,,,,,,,,,,,,,0,,,,,,,,,,,,,,,,,,,0,,,,,,,,,,,,,,,,,,,0
25-453,"2022-07-26 10:50:40",1,1,0,0,1,2,1,1,2,2,65,2,2022-07-26,9,2,,90,,,,0,0,0,1,0,1,0,0,1,1,0,0,0,,,90,,20,,,,90,90,,,,0,,,,1,1,,,,,,,,,,1,0,,0,0,0,1,0,0,,0,,,1,57.9,164,35,92,139,91,28,95,15,1,0,0,1,21.52736466389054,3,0,0,2,,0,0,0,0,0,0,0,0,0,0,0,0,0,0,0,0,0,0,0,0,0,0,0,0,0,0,0,0,0,0,0,0,0,0,0,0,0,0,0,0,0,0,0,0,0,0,0,0,0,0,0,0,0,0,0,0,0,0,0,0,0,0,0,0,0,1,,1,3,,,1,,,,,,1,15,81,3.4,2,1,,,11,0,,1,6,0,0,0,1,0,0,0,1,0,0,2,,0,0,0,0,0,0,0,0,0,0,0,0,0,0,0,0,,,,,,,,,,,,,,,,,,0,0,0,0,0,0,,0,0,0,0,1,"2022-07-26 10:02","2022-07-26 12:05",1,"2022-07-26 13:17",1,1,1,"2022-07-26 09:05","2022-07-26 13:17",1,"2022-07-26 13:00","2022-07-26 13:17",2,4,20,20,20,20,4,20,20,20,20,1,1,20,20,1,20,20,1,20,20,1,20,20,2,,,0,1,0,2,0,3,3,0,3,0,0,3,0,3,0,0,0,0,0,,,,,,2,,,,,,,,,,,,,,,,,,,,,,,,,,,,,,,,,,,0,,,,,,,,,,,,,,,,,,,,,0,,,,,0,1,0,2,0,0,0,0,0,0,0,0,0,2,,,,,,,,,,,,,,,,,,,0,,,,,,,,,,0,cl_ben_face_25-453.jpg,2,0,0,0,0,0,0,0,0,0,1,0,2,,0,0,0,0,0,0,0,0,0,0,0,,0,0,0,0,0,0,0,0,0,0,0,,,,,0,1,2022-08-02,2,,,2,1,2022-08-29,1,,,2,,,,,,,0,,,,,,,,,,,,,,,,,,,,,,,,,,,,,,,,,,,0,,,,,,,,,,,,,,,,,,,,,,,,,,,,,,,,,,,0,,,,,,,,,,,,,,,,,,,,,,,,,,,,,,,,,,,0,,,,,,,,,,,,,,,,,,,0,,,,,,,,,,,,,,,,,,,0,,,,,,,,,,,,,,,,,,,0
25-454,"2022-05-23 10:51:04",1,1,0,1,,2,,,0,,,0,,,,,,,,,0,0,0,0,0,0,0,0,0,0,0,0,0,,,,,,,,,,,,,,,,,,,,,,,,,,,,,,,,,,,,,,,,,,,,,,,,,,,,,,,,,,,,0,,0,0,0,0,0,0,0,0,0,0,0,0,0,0,0,0,0,0,0,0,0,0,0,0,0,0,0,0,0,0,0,0,0,0,0,0,0,0,0,0,0,0,0,0,0,0,0,0,0,0,0,0,0,0,0,0,0,0,0,0,0,0,0,0,0,,,,,,,,,,,,,,,,,0,,,,,,,,,0,0,0,0,0,0,,0,0,0,0,,0,0,0,0,0,0,0,0,0,0,0,0,0,0,0,0,,,,,,,,,,,,,,,,,,0,0,0,0,0,0,,0,0,0,0,,,,,,,,,,,,,,0,,,,,,,,,,,,,,,,,,,,,,,,0,,,0,,,0,,,,,,,,,,,,,,,,,,,,,0,,,,,,,,,,,,,,,,,,,,,,,,,,,,,,,,,,,0,,,,,,,,,,,,,,,,,,,,,0,,,,,0,,,0,,,,,,,,,,0,,,,,,,,,,,,,,,,,,,0,,,,,,,,,,0,,0,,0,0,0,0,0,0,0,0,0,0,0,,0,0,0,0,0,0,0,0,0,0,0,,0,0,0,0,0,0,0,0,0,0,0,,,,,0,,,,,,0,,,,,,0,,,,,,,0,,,,,,,,,,,,,,,,,,,,,,,,,,,,,,,,,,,0,,,,,,,,,,,,,,,,,,,,,,,,,,,,,,,,,,,0,,,,,,,,,,,,,,,,,,,,,,,,,,,,,,,,,,,0,,,,,,,,,,,,,,,,,,,0,,,,,,,,,,,,,,,,,,,0,,,,,,,,,,,,,,,,,,,0
25-455,"2022-07-23 11:57:42",1,1,0,0,1,2,1,1,2,2,37,2,2022-07-23,6,2,,45,,,,1,0,0,1,0,1,1,1,1,0,1,1,0,30,,210,,30,,7,30,45,,21,45,,0,,,,2,1,,,,,,,,,,3,0,,0,0,0,1,,1,2021-11-22,0,,,1,54.4,183,36.6,89,80,54,32,94,15,1,0,1,2,16.244139866821943,4,0,0,2,,0,0,0,0,0,0,0,0,0,0,0,0,0,0,0,0,0,0,0,0,0,0,0,0,0,0,0,0,0,0,0,0,0,0,0,0,0,0,0,0,0,0,0,0,0,0,0,0,0,0,0,0,0,0,0,0,0,0,0,0,0,0,0,0,0,1,,2,3,,,1,,,,,,1,9.8,84,7.2,2,1,,,1,1,,0,,0,0,0,0,0,0,0,1,0,0,2,0,0,0,0,0,0,0,0,0,0,0,0,0,0,0,0,0,,,,,,,,,,,,,,,,,,0,0,0,0,0,0,,0,0,0,2,1,"2022-07-23 10:25","2022-07-23 11:48",1,"2022-07-23 12:46",1,1,1,"2022-07-23 09:02","2022-07-23 12:46",1,"2022-07-23 12:03","2022-07-23 12:03",2,4,21,21,21,21,4,21,21,21,21,1,1,21,21,1,21,21,1,21,21,1,21,21,2,,,0,1,0,2,0,3,3,0,3,3,4,3,4,4,0,0,4,3,0,,,,,,2,,,,,,,,,,,,,,,,,,,,,,,,,,,,,,,,,,,0,,,,,,,,,,,,,,,,,,,,,0,,,,,0,1,0,2,0,0,0,0,0,0,0,0,2,2,,,,,,,,,,,,,,,,,,,0,,,,,,,,,,0,cl_ben_face_25-455.jpg,2,0,0,0,0,1,1,0,0,0,0,0,2,,0,0,0,0,0,0,0,0,0,0,0,,0,0,0,0,0,0,0,0,0,0,0,,,,,0,1,2022-08-04,2,,,2,1,2022-08-25,2,,,2,2023-03-26,0,,,,,1,,,,,,,,,,,,,,,,,,,,,,,,,,,,,,,,,,,0,,,,,,,,,,,,,,,,,,,,,,,,,,,,,,,,,,,0,,,,,,,,,,,,,,,,,,,,,,,,,,,,,,,,,,,0,,,,,,,,,,,,,,,,,,,0,,,,,,,,,,,,,,,,,,,0,,,,,,,,,,,,,,,,,,,0
25-456,"2022-07-05 17:21:17",1,1,0,1,,2,,,0,,,0,,,,,,,,,0,0,0,0,0,0,0,0,0,0,0,0,0,,,,,,,,,,,,,,,,,,,,,,,,,,,,,,,,,,,,,,,,,,,,,,,,,,,,,,,,,,,,0,,0,0,0,0,0,0,0,0,0,0,0,0,0,0,0,0,0,0,0,0,0,0,0,0,0,0,0,0,0,0,0,0,0,0,0,0,0,0,0,0,0,0,0,0,0,0,0,0,0,0,0,0,0,0,0,0,0,0,0,0,0,0,0,0,0,,,,,,,,,,,,,,,,,0,,,,,,,,,0,0,0,0,0,0,,0,0,0,0,,0,0,0,0,0,0,0,0,0,0,0,0,0,0,0,0,,,,,,,,,,,,,,,,,,0,0,0,0,0,0,,0,0,0,0,,,,,,,,,,,,,,0,,,,,,,,,,,,,,,,,,,,,,,,0,,,0,,,0,,,,,,,,,,,,,,,,,,,,,0,,,,,,,,,,,,,,,,,,,,,,,,,,,,,,,,,,,0,,,,,,,,,,,,,,,,,,,,,0,,,,,0,,,0,,,,,,,,,,0,,,,,,,,,,,,,,,,,,,0,,,,,,,,,,0,,0,,0,0,0,0,0,0,0,0,0,0,0,,0,0,0,0,0,0,0,0,0,0,0,,0,0,0,0,0,0,0,0,0,0,0,,,,,0,,,,,,0,,,,,,0,,,,,,,0,,,,,,,,,,,,,,,,,,,,,,,,,,,,,,,,,,,0,,,,,,,,,,,,,,,,,,,,,,,,,,,,,,,,,,,0,,,,,,,,,,,,,,,,,,,,,,,,,,,,,,,,,,,0,,,,,,,,,,,,,,,,,,,0,,,,,,,,,,,,,,,,,,,0,,,,,,,,,,,,,,,,,,,0
25-457,"2022-07-16 11:49:18",1,1,0,0,1,2,1,1,2,2,49,2,2022-07-16,9,2,,4,,,,1,0,0,1,0,0,0,0,0,1,0,0,0,1,,,,2,,,,,1,,,,0,,,,1,1,,,,,,,,,,1,0,,0,0,0,1,,1,2021-01-13,0,,,0,90.3,172,35.1,66,150,83,20,98,15,0,0,0,0,30.523255813953487,1,0,0,2,,0,0,0,0,0,0,0,0,0,0,0,0,0,0,0,0,0,0,0,0,0,0,0,0,0,0,0,0,0,0,0,0,0,0,0,0,0,0,0,0,0,0,0,0,0,0,0,0,0,0,0,0,0,0,0,0,0,0,0,0,0,0,0,0,0,1,,1,3,,,1,,,,,,1,13.0,84,5.4,2,1,,,11,0,,1,6,0,0,0,1,0,0,0,1,0,0,2,,0,0,0,0,0,0,0,0,0,0,0,0,0,0,0,0,,,,,,,,,,,,,,,,,,0,0,0,0,0,0,,0,0,0,0,1,"2022-07-16 10:38","2022-07-16 12:00",1,"2022-07-16 15:43",1,1,1,"2022-07-16 09:00","2022-07-16 15:43",1,"2022-07-16 13:15","2022-07-16 15:43",2,4,22,22,22,22,4,22,22,22,22,1,1,22,22,1,22,22,1,22,22,1,22,22,2,,,0,1,0,2,3,4,0,0,0,0,0,0,0,0,0,0,0,0,0,,,,,,2,,,,,,,,,,,,,,,,,,,,,,,,,,,,,,,,,,,0,,,,,,,,,,,,,,,,,,,,,0,,,,,0,1,0,2,0,2,0,0,0,0,0,0,0,2,,,,,,,,,,,,,,,,,,,0,,,,,,,,,,0,cl_ben_face_25-457.jpg,2,1,0,0,0,0,0,0,0,0,0,0,2,,0,0,0,0,0,0,0,0,0,0,0,,0,0,0,0,0,0,0,0,0,0,0,,,,,0,1,2022-07-24,2,,,2,1,2022-08-14,1,,,2,,,,,,,0,,,,,,,,,,,,,,,,,,,,,,,,,,,,,,,,,,,0,,,,,,,,,,,,,,,,,,,,,,,,,,,,,,,,,,,0,,,,,,,,,,,,,,,,,,,,,,,,,,,,,,,,,,,0,,,,,,,,,,,,,,,,,,,0,,,,,,,,,,,,,,,,,,,0,,,,,,,,,,,,,,,,,,,0
25-458,"2022-05-04 14:21:22",1,1,0,0,1,2,1,1,2,1,62,2,2022-05-04,6,2,,30,,,,0,0,0,0,0,0,0,0,0,0,0,0,0,,,,,,,,,,,,,,0,,,,1,1,,,,,,,,,,1,0,,0,1,0,1,0,0,,0,,,1,42.3,148,34,74,130,85,30,98,15,1,0,0,1,19.31154127100073,1,0,0,2,,0,0,0,0,0,0,0,0,0,0,0,0,0,0,0,0,0,0,0,0,0,0,0,0,0,0,0,0,0,0,0,0,0,0,0,0,0,0,0,0,0,0,0,0,0,0,0,0,0,0,0,0,0,0,0,0,0,0,0,0,0,0,0,0,0,1,,1,3,,,1,,,,,,1,13.1,83,5.4,2,1,,,11,0,,1,3,0,0,0,1,0,0,0,1,0,0,2,,0,0,0,0,0,0,0,0,0,0,0,0,0,0,0,0,,,,,,,,,,,,,,,,,,0,0,0,0,0,0,,0,0,0,0,1,"2022-05-04 13:31","2022-05-04 15:15",1,"2022-05-04 15:43",1,1,1,"2022-05-04 13:23","2022-05-04 15:43",1,"2022-05-04 15:30","2022-05-04 15:43",2,4,23,23,23,23,4,23,23,23,23,1,1,23,23,1,23,23,1,23,23,1,23,23,2,,,0,1,0,2,0,0,3,0,0,0,0,0,0,0,0,0,0,0,0,,,,,,2,,,,,,,,,,,,,,,,,,,,,,,,,,,,,,,,,,,0,,,,,,,,,,,,,,,,,,,,,0,,,,,0,1,0,2,0,0,0,0,0,0,0,0,0,2,,,,,,,,,,,,,,,,,,,0,,,,,,,,,,0,cl_ben_face_25-458.jpg,2,1,0,0,0,0,0,0,0,0,0,0,2,,0,0,0,0,0,0,0,0,0,0,0,,0,0,0,0,0,0,0,0,0,0,0,,,,,0,1,2022-05-12,2,,,2,1,2022-06-02,1,,,2,,,,,,,0,,,,,,,,,,,,,,,,,,,,,,,,,,,,,,,,,,,0,,,,,,,,,,,,,,,,,,,,,,,,,,,,,,,,,,,0,,,,,,,,,,,,,,,,,,,,,,,,,,,,,,,,,,,0,,,,,,,,,,,,,,,,,,,0,,,,,,,,,,,,,,,,,,,0,,,,,,,,,,,,,,,,,,,0
25-459,"2022-04-23 14:09:43",1,1,0,0,1,2,1,1,2,2,31,2,2022-04-23,10,2,,90,,,,1,0,1,1,0,1,1,1,1,0,1,1,0,7,,60,2,60,,30,60,30,,90,30,,0,,,,1,1,,,,,,,,,,1,0,,0,0,0,1,0,1,2021-07-15,0,,,1,52.1,175,37.2,113,117,72,48,95,15,1,0,0,1,17.012244897959185,2,0,0,2,,0,0,0,0,0,0,0,0,0,0,0,0,0,0,0,0,0,0,0,0,0,0,0,0,0,0,0,0,0,0,0,0,0,0,0,0,0,0,0,0,0,0,0,0,0,0,0,0,0,0,0,0,0,0,0,0,0,0,0,0,0,0,0,0,0,2,23.7,2,3,,,1,,,,,,1,12.1,79,9.1,2,1,,,1,1,0,0,,0,0,0,0,0,0,0,0,0,0,2,0,0,0,0,0,0,0,0,0,0,0,0,0,0,0,0,0,,,,,,,,,,,,,,,,,,0,0,0,0,0,0,,0,0,0,2,1,"2022-04-23 10:12","2022-04-23 13:48",1,"2022-04-23 14:48",1,1,1,"2022-04-23 08:40","2022-04-23 14:48",1,"2022-04-23 12:58","2022-04-23 14:48",2,4,24,24,24,24,4,24,24,24,24,1,1,24,24,1,24,24,1,24,24,1,24,24,2,,,0,1,0,2,3,3,3,2,0,4,4,3,4,0,3,0,4,3,0,,,,,,2,,,,,,,,,,,,,,,,,,,,,,,,,,,,,,,,,,,0,,,,,,,,,,,,,,,,,,,,,0,,,,,0,1,0,2,0,0,0,0,0,0,0,0,0,2,,,,,,,,,,,,,,,,,,,0,,,,,,,,,,0,cl_ben_face_25-459.jpg,2,,0,0,0,0,0,0,0,0,0,0,0,,0,0,0,0,0,0,0,0,0,0,0,,0,0,0,0,0,0,0,0,0,0,0,,,,,0,1,2022-04-30,2,,,2,1,2022-05-21,2,,,2,2022-12-20,0,,,,,1,,,,,,,,,,,,,,,,,,,,,,,,,,,,,,,,,,,0,,,,,,,,,,,,,,,,,,,,,,,,,,,,,,,,,,,0,,,,,,,,,,,,,,,,,,,,,,,,,,,,,,,,,,,0,,,,,,,,,,,,,,,,,,,0,,,,,,,,,,,,,,,,,,,0,,,,,,,,,,,,,,,,,,,0
25-460,"2022-04-22 15:04:29",1,1,0,1,,2,,,0,,,0,,,,,,,,,0,0,0,0,0,0,0,0,0,0,0,0,0,,,,,,,,,,,,,,,,,,,,,,,,,,,,,,,,,,,,,,,,,,,,,,,,,,,,,,,,,,,,0,,0,0,0,0,0,0,0,0,0,0,0,0,0,0,0,0,0,0,0,0,0,0,0,0,0,0,0,0,0,0,0,0,0,0,0,0,0,0,0,0,0,0,0,0,0,0,0,0,0,0,0,0,0,0,0,0,0,0,0,0,0,0,0,0,0,,,,,,,,,,,,,,,,,0,,,,,,,,,0,0,0,0,0,0,,0,0,0,0,,0,0,0,0,0,0,0,0,0,0,0,0,0,0,0,0,,,,,,,,,,,,,,,,,,0,0,0,0,0,0,,0,0,0,0,,,,,,,,,,,,,,0,,,,,,,,,,,,,,,,,,,,,,,,0,,,0,,,0,,,,,,,,,,,,,,,,,,,,,0,,,,,,,,,,,,,,,,,,,,,,,,,,,,,,,,,,,0,,,,,,,,,,,,,,,,,,,,,0,,,,,0,,,0,,,,,,,,,,0,,,,,,,,,,,,,,,,,,,0,,,,,,,,,,0,,0,,0,0,0,0,0,0,0,0,0,0,0,,0,0,0,0,0,0,0,0,0,0,0,,0,0,0,0,0,0,0,0,0,0,0,,,,,0,,,,,,0,,,,,,0,,,,,,,0,,,,,,,,,,,,,,,,,,,,,,,,,,,,,,,,,,,0,,,,,,,,,,,,,,,,,,,,,,,,,,,,,,,,,,,0,,,,,,,,,,,,,,,,,,,,,,,,,,,,,,,,,,,0,,,,,,,,,,,,,,,,,,,0,,,,,,,,,,,,,,,,,,,0,,,,,,,,,,,,,,,,,,,0
25-461,"2022-06-13 10:05:03",1,1,0,1,,2,,,0,,,0,,,,,,,,,0,0,0,0,0,0,0,0,0,0,0,0,0,,,,,,,,,,,,,,,,,,,,,,,,,,,,,,,,,,,,,,,,,,,,,,,,,,,,,,,,,,,,0,,0,0,0,0,0,0,0,0,0,0,0,0,0,0,0,0,0,0,0,0,0,0,0,0,0,0,0,0,0,0,0,0,0,0,0,0,0,0,0,0,0,0,0,0,0,0,0,0,0,0,0,0,0,0,0,0,0,0,0,0,0,0,0,0,0,,,,,,,,,,,,,,,,,0,,,,,,,,,0,0,0,0,0,0,,0,0,0,0,,0,0,0,0,0,0,0,0,0,0,0,0,0,0,0,0,,,,,,,,,,,,,,,,,,0,0,0,0,0,0,,0,0,0,0,,,,,,,,,,,,,,0,,,,,,,,,,,,,,,,,,,,,,,,0,,,0,,,0,,,,,,,,,,,,,,,,,,,,,0,,,,,,,,,,,,,,,,,,,,,,,,,,,,,,,,,,,0,,,,,,,,,,,,,,,,,,,,,0,,,,,0,,,0,,,,,,,,,,0,,,,,,,,,,,,,,,,,,,0,,,,,,,,,,0,,0,,0,0,0,0,0,0,0,0,0,0,0,,0,0,0,0,0,0,0,0,0,0,0,,0,0,0,0,0,0,0,0,0,0,0,,,,,0,,,,,,0,,,,,,0,,,,,,,0,,,,,,,,,,,,,,,,,,,,,,,,,,,,,,,,,,,0,,,,,,,,,,,,,,,,,,,,,,,,,,,,,,,,,,,0,,,,,,,,,,,,,,,,,,,,,,,,,,,,,,,,,,,0,,,,,,,,,,,,,,,,,,,0,,,,,,,,,,,,,,,,,,,0,,,,,,,,,,,,,,,,,,,0
25-462,"2022-07-14 10:05:52",1,1,0,0,1,2,1,1,2,1,24,2,2022-07-14,9,2,,90,,,,1,0,0,1,1,1,0,0,1,0,0,0,0,,,3,,90,90,,,60,,,,,0,,,,1,2,2016,0,,3,,5,,,,4,0,,0,0,0,1,0,0,,0,,,1,60.5,170,35.3,90,107,73,26,97,15,1,0,0,1,20.93425605536332,2,0,0,2,,0,0,0,0,0,0,0,0,0,0,0,0,0,0,0,0,0,0,0,0,0,0,0,0,0,0,0,0,0,0,0,0,0,0,0,0,0,0,0,0,0,0,0,0,0,0,0,0,0,0,0,0,0,0,0,0,0,0,0,0,0,0,0,0,0,1,,1,3,,,1,,,,,,1,11.6,76,6.9,2,1,,,12,0,,1,,1,0,0,0,0,0,0,1,0,0,2,,0,0,0,0,0,0,0,0,0,0,0,0,0,0,0,0,,,,,,,,,,,,,,,,,,0,0,0,0,0,0,,0,0,0,0,1,"2022-07-14 09:03","2022-07-14 12:42",1,"2022-07-14 14:15",1,1,1,"2022-07-14 08:29","2022-07-14 14:15",1,"2022-07-14 10:10","2022-07-14 14:15",2,4,25,25,25,25,4,25,25,25,25,1,1,25,25,1,25,25,1,25,25,1,25,25,2,,,0,1,0,2,0,3,3,0,0,3,3,3,3,0,3,0,0,3,0,,,,,,2,,,,,,,,,,,,,,,,,,,,,,,,,,,,,,,,,,,0,,,,,,,,,,,,,,,,,,,,,0,,,,,0,1,0,2,0,0,0,0,0,0,0,0,2,2,,,,,,,,,,,,,,,,,,,0,,,,,,,,,,0,cl_ben_face_25-462.jpg,2,0,0,0,1,0,0,0,0,0,0,1,2,,0,0,0,0,0,0,0,0,0,0,0,,0,0,0,0,0,0,0,0,0,0,0,,,,,0,1,2022-07-28,2,,,2,1,2022-08-10,3,,,2,,,,,,,0,,,,,,,,,,,,,,,,,,,,,,,,,,,,,,,,,,,0,,,,,,,,,,,,,,,,,,,,,,,,,,,,,,,,,,,0,,,,,,,,,,,,,,,,,,,,,,,,,,,,,,,,,,,0,,,,,,,,,,,,,,,,,,,0,,,,,,,,,,,,,,,,,,,0,,,,,,,,,,,,,,,,,,,0
25-463,"2022-07-30 17:23:17",1,1,0,1,,2,,,0,,,0,,,,,,,,,0,0,0,0,0,0,0,0,0,0,0,0,0,,,,,,,,,,,,,,,,,,,,,,,,,,,,,,,,,,,,,,,,,,,,,,,,,,,,,,,,,,,,0,,0,0,0,0,0,0,0,0,0,0,0,0,0,0,0,0,0,0,0,0,0,0,0,0,0,0,0,0,0,0,0,0,0,0,0,0,0,0,0,0,0,0,0,0,0,0,0,0,0,0,0,0,0,0,0,0,0,0,0,0,0,0,0,0,0,,,,,,,,,,,,,,,,,0,,,,,,,,,0,0,0,0,0,0,,0,0,0,0,,0,0,0,0,0,0,0,0,0,0,0,0,0,0,0,0,,,,,,,,,,,,,,,,,,0,0,0,0,0,0,,0,0,0,0,,,,,,,,,,,,,,0,,,,,,,,,,,,,,,,,,,,,,,,0,,,0,,,0,,,,,,,,,,,,,,,,,,,,,0,,,,,,,,,,,,,,,,,,,,,,,,,,,,,,,,,,,0,,,,,,,,,,,,,,,,,,,,,0,,,,,0,,,0,,,,,,,,,,0,,,,,,,,,,,,,,,,,,,0,,,,,,,,,,0,,0,,0,0,0,0,0,0,0,0,0,0,0,,0,0,0,0,0,0,0,0,0,0,0,,0,0,0,0,0,0,0,0,0,0,0,,,,,0,,,,,,0,,,,,,0,,,,,,,0,,,,,,,,,,,,,,,,,,,,,,,,,,,,,,,,,,,0,,,,,,,,,,,,,,,,,,,,,,,,,,,,,,,,,,,0,,,,,,,,,,,,,,,,,,,,,,,,,,,,,,,,,,,0,,,,,,,,,,,,,,,,,,,0,,,,,,,,,,,,,,,,,,,0,,,,,,,,,,,,,,,,,,,0
25-464,"2021-10-15 17:23:54",1,1,0,1,,2,,,0,,,0,,,,,,,,,0,0,0,0,0,0,0,0,0,0,0,0,0,,,,,,,,,,,,,,,,,,,,,,,,,,,,,,,,,,,,,,,,,,,,,,,,,,,,,,,,,,,,0,,0,0,0,0,0,0,0,0,0,0,0,0,0,0,0,0,0,0,0,0,0,0,0,0,0,0,0,0,0,0,0,0,0,0,0,0,0,0,0,0,0,0,0,0,0,0,0,0,0,0,0,0,0,0,0,0,0,0,0,0,0,0,0,0,0,,,,,,,,,,,,,,,,,0,,,,,,,,,0,0,0,0,0,0,,0,0,0,0,,0,0,0,0,0,0,0,0,0,0,0,0,0,0,0,0,,,,,,,,,,,,,,,,,,0,0,0,0,0,0,,0,0,0,0,,,,,,,,,,,,,,0,,,,,,,,,,,,,,,,,,,,,,,,0,,,0,,,0,,,,,,,,,,,,,,,,,,,,,0,,,,,,,,,,,,,,,,,,,,,,,,,,,,,,,,,,,0,,,,,,,,,,,,,,,,,,,,,0,,,,,0,,,0,,,,,,,,,,0,,,,,,,,,,,,,,,,,,,0,,,,,,,,,,0,,0,,0,0,0,0,0,0,0,0,0,0,0,,0,0,0,0,0,0,0,0,0,0,0,,0,0,0,0,0,0,0,0,0,0,0,,,,,0,,,,,,0,,,,,,0,,,,,,,0,,,,,,,,,,,,,,,,,,,,,,,,,,,,,,,,,,,0,,,,,,,,,,,,,,,,,,,,,,,,,,,,,,,,,,,0,,,,,,,,,,,,,,,,,,,,,,,,,,,,,,,,,,,0,,,,,,,,,,,,,,,,,,,0,,,,,,,,,,,,,,,,,,,0,,,,,,,,,,,,,,,,,,,0
25-465,"2022-06-08 11:24:25",1,1,0,1,,2,,,0,,,0,,,,,,,,,0,0,0,0,0,0,0,0,0,0,0,0,0,,,,,,,,,,,,,,,,,,,,,,,,,,,,,,,,,,,,,,,,,,,,,,,,,,,,,,,,,,,,0,,0,0,0,0,0,0,0,0,0,0,0,0,0,0,0,0,0,0,0,0,0,0,0,0,0,0,0,0,0,0,0,0,0,0,0,0,0,0,0,0,0,0,0,0,0,0,0,0,0,0,0,0,0,0,0,0,0,0,0,0,0,0,0,0,0,,,,,,,,,,,,,,,,,0,,,,,,,,,0,0,0,0,0,0,,0,0,0,0,,0,0,0,0,0,0,0,0,0,0,0,0,0,0,0,0,,,,,,,,,,,,,,,,,,0,0,0,0,0,0,,0,0,0,0,,,,,,,,,,,,,,0,,,,,,,,,,,,,,,,,,,,,,,,0,,,0,,,0,,,,,,,,,,,,,,,,,,,,,0,,,,,,,,,,,,,,,,,,,,,,,,,,,,,,,,,,,0,,,,,,,,,,,,,,,,,,,,,0,,,,,0,,,0,,,,,,,,,,0,,,,,,,,,,,,,,,,,,,0,,,,,,,,,,0,,0,,0,0,0,0,0,0,0,0,0,0,0,,0,0,0,0,0,0,0,0,0,0,0,,0,0,0,0,0,0,0,0,0,0,0,,,,,0,,,,,,0,,,,,,0,,,,,,,0,,,,,,,,,,,,,,,,,,,,,,,,,,,,,,,,,,,0,,,,,,,,,,,,,,,,,,,,,,,,,,,,,,,,,,,0,,,,,,,,,,,,,,,,,,,,,,,,,,,,,,,,,,,0,,,,,,,,,,,,,,,,,,,0,,,,,,,,,,,,,,,,,,,0,,,,,,,,,,,,,,,,,,,0
25-466,"2022-07-12 11:25:10",1,1,0,0,1,2,1,1,2,2,36,2,2022-07-12,8,2,,14,,,,0,0,1,1,0,1,0,0,0,0,0,0,0,,,7,14,14,,,,,,,,,0,,,,2,1,,,,,,,,,,1,0,,0,0,0,1,0,0,,0,,,1,53.3,170,35.7,66,141,97,18,96,15,0,0,0,0,18.442906574394463,2,0,0,2,,0,0,0,0,0,0,0,0,0,0,0,0,0,0,0,0,0,0,0,0,0,0,0,0,0,0,0,0,0,0,0,0,0,0,0,0,0,0,0,0,0,0,0,0,0,0,0,0,0,0,0,0,0,0,0,0,0,0,0,0,0,0,0,0,0,1,,1,3,,,1,,,,,,1,14.2,82,3.7,2,,,,,,,,,0,0,0,0,0,0,,0,0,0,0,,0,0,0,0,0,0,0,0,0,0,0,0,0,0,0,0,,,,,,,,,,,,,,,,,,0,0,0,0,0,0,,0,0,0,0,1,"2022-07-12 10:46","2022-07-12 12:51",1,"2022-07-12 14:30",1,1,1,"2022-07-12 10:05","2022-07-12 14:30",1,"2022-07-12 12:20","2022-07-12 14:30",2,4,26,26,26,26,4,26,26,26,26,1,1,26,26,1,26,26,1,26,26,1,26,26,2,,,0,1,0,2,0,0,3,0,3,0,0,0,0,3,0,0,0,0,0,,,,,,2,,,,,,,,,,,,,,,,,,,,,,,,,,,,,,,,,,,0,,,,,,,,,,,,,,,,,,,,,0,,,,,0,1,0,2,0,0,0,0,0,0,0,0,0,2,,,,,,,,,,,,,,,,,,,0,,,,,,,,,,0,cl_ben_face_25-466.jpg,2,,0,0,0,0,0,0,0,0,0,0,0,,0,0,0,0,0,0,0,0,0,0,0,,0,0,0,0,0,0,0,0,0,0,0,,,,,0,0,,,,,2,0,,,,,2,,,,,,,0,,,,,,,,,,,,,,,,,,,,,,,,,,,,,,,,,,,0,,,,,,,,,,,,,,,,,,,,,,,,,,,,,,,,,,,0,,,,,,,,,,,,,,,,,,,,,,,,,,,,,,,,,,,0,,,,,,,,,,,,,,,,,,,0,,,,,,,,,,,,,,,,,,,0,,,,,,,,,,,,,,,,,,,0
25-467,"2022-05-21 12:32:47",1,1,0,0,1,2,1,1,2,2,49,2,2022-05-21,8,2,,30,,,,1,0,0,1,0,1,0,0,1,0,0,0,0,30,,30,,30,,,,30,,,,,0,,,,1,1,,,,,,,,,,3,0,,0,0,0,1,0,1,2021-10-28,0,,,1,43.3,168,35.8,67,121,90,26,98,15,1,0,0,1,15.34155328798186,1,0,0,2,,0,0,0,0,0,0,0,0,0,0,0,0,0,0,0,0,0,0,0,0,0,0,0,0,0,0,0,0,0,0,0,0,0,0,0,0,0,0,0,0,0,0,0,0,0,0,0,0,0,0,0,0,0,0,0,0,0,0,0,0,0,0,0,0,0,1,,2,3,,,1,,,,,,1,8.6,92,10.4,2,1,,,1,1,1,0,,0,0,0,0,0,0,0,1,0,0,2,0,0,0,0,0,0,0,0,0,0,0,0,0,0,0,0,0,,,,,,,,,,,,,,,,,,0,0,0,0,0,0,,0,0,0,2,1,"2022-05-21 10:34","2022-05-21 12:51",1,"2022-05-21 14:30",1,1,1,"2022-05-21 10:30","2022-05-21 14:30",1,"2022-05-21 13:15","2022-05-21 14:30",2,4,27,27,27,27,4,27,27,27,27,1,1,27,27,1,27,27,1,27,27,1,27,27,2,,,0,1,0,2,3,0,3,3,0,0,0,3,4,0,4,4,4,3,0,,,,,,2,,,,,,,,,,,,,,,,,,,,,,,,,,,,,,,,,,,0,,,,,,,,,,,,,,,,,,,,,0,,,,,0,1,0,2,1,1,0,0,0,0,0,0,0,2,,,,,,,,,,,,,,,,,,,0,,,,,,,,,,0,cl_ben_face_25-467.jpg,2,0,0,1,1,0,1,0,0,0,0,0,2,,0,0,0,0,0,0,0,0,0,0,0,,0,0,0,0,0,0,0,0,0,0,0,,,,,0,,,,,,0,0,,,,,2,2023-01-15,0,,,,,1,,,,,,,,,,,,,,,,,,,,,,,,,,,,,,,,,,,0,,,,,,,,,,,,,,,,,,,,,,,,,,,,,,,,,,,0,,,,,,,,,,,,,,,,,,,,,,,,,,,,,,,,,,,0,,,,,,,,,,,,,,,,,,,0,,,,,,,,,,,,,,,,,,,0,,,,,,,,,,,,,,,,,,,0
25-468,"2022-07-17 10:12:29",1,1,0,0,1,2,1,1,2,2,45,2,2022-07-17,10,2,,730,,,,0,0,1,1,0,1,1,1,1,0,0,0,0,,,,,,,,,,,,,,1,0,0,1,1,1,,,,,,,,,,1,0,,0,0,0,1,0,0,,0,,,1,58.5,179,35.8,127,111,81,40,99,15,1,0,0,1,18.257857120564278,3,0,0,2,,0,0,0,0,0,0,0,0,0,0,0,0,0,0,0,0,0,0,0,0,0,0,0,0,0,0,0,0,0,0,0,0,0,0,0,0,0,0,0,0,0,0,0,0,0,0,0,0,0,0,0,0,0,0,0,0,0,0,0,0,0,0,0,0,0,2,42.8,1,3,,,1,,,,,,1,10.8,77,11.7,2,1,,,9,0,,1,6,0,0,0,1,0,0,0,1,0,0,2,1,0,0,0,0,0,0,0,0,0,0,0,0,0,0,0,0,,,,,,,,,,,,,,,,,,0,0,0,0,0,0,,0,0,0,0,1,"2022-07-17 09:45","2022-07-17 13:50",1,"2022-07-17 14:32",1,1,1,"2022-07-17 09:05","2022-07-17 14:32",1,"2022-07-17 11:36","2022-07-20 14:32",2,4,28,28,28,28,4,28,28,28,28,1,1,28,28,1,28,28,1,28,28,1,28,28,2,,,0,1,0,2,3,3,3,3,3,3,3,3,3,3,3,4,3,3,0,,,,,,2,,,,,,,,,,,,,,,,,,,,,,,,,,,,,,,,,,,0,,,,,,,,,,,,,,,,,,,,,0,,,,,0,1,0,2,0,0,0,0,0,1,0,0,0,2,,,,,,,,,,,,,,,,,,,0,,,,,,,,,,0,cl_ben_face_25-468.jpg,2,0,0,0,0,0,0,0,0,1,0,0,2,,0,0,0,0,0,0,0,0,0,0,0,,0,0,0,0,0,0,0,0,0,0,0,,,,,0,1,2022-07-24,2,,,2,,,,,,0,,,,,,,0,,,,,,,,,,,,,,,,,,,,,,,,,,,,,,,,,,,0,,,,,,,,,,,,,,,,,,,,,,,,,,,,,,,,,,,0,,,,,,,,,,,,,,,,,,,,,,,,,,,,,,,,,,,0,,,,,,,,,,,,,,,,,,,0,,,,,,,,,,,,,,,,,,,0,,,,,,,,,,,,,,,,,,,0
25-469,"2022-08-05 10:29:10",1,1,0,0,1,2,1,1,2,1,60,2,2022-08-06,10,2,,14,,,,1,0,0,1,0,1,1,1,1,0,0,1,0,14,,14,,14,,14,7,7,,,14,,0,,,,2,2,1998,0,,3,,5,,,,1,0,,0,0,0,1,0,0,,0,,,1,45.8,160,37.1,102,98,67,40,100,15,1,0,1,2,17.890625,4,0,0,2,,0,0,0,0,0,0,0,0,0,0,0,0,0,0,0,0,0,0,0,0,0,0,0,0,0,0,0,0,0,0,0,0,0,0,0,0,0,0,0,0,0,0,0,0,0,0,0,0,0,0,0,0,0,0,0,0,0,0,0,0,0,0,0,0,0,1,,1,3,,,1,,,,,,1,8.4,74,16.0,2,1,,,12,0,,1,10,1,0,1,0,0,0,0,1,0,0,2,,0,0,0,0,0,0,0,0,0,0,0,0,0,0,0,0,,,,,,,,,,,,,,,,,,0,0,0,0,0,0,,0,0,0,0,1,"2022-08-05 09:30","2022-08-05 13:50",1,"2022-08-05 14:32",1,1,1,"2022-08-05 08:50","2022-08-05 14:32",1,"2022-08-05 13:45","2022-08-05 14:32",2,4,29,29,29,29,4,29,29,29,29,1,1,29,29,1,29,29,1,29,29,1,29,29,2,,,0,1,0,2,0,0,0,3,0,5,5,5,3,0,0,0,3,3,0,,,,,,2,,,,,,,,,,,,,,,,,,,,,,,,,,,,,,,,,,,0,,,,,,,,,,,,,,,,,,,,,0,,,,,0,1,0,2,2,0,0,0,0,1,0,0,0,2,,,,,,,,,,,,,,,,,,,0,,,,,,,,,,0,cl_ben_face_25-469.jpg,2,0,0,0,0,0,0,0,0,0,0,1,2,,0,0,0,0,0,0,0,0,0,0,0,,0,0,0,0,0,0,0,0,0,0,0,,,,,0,1,2022-08-14,5,,2022-08-11,2,1,2022-09-03,3,,,2,,,,,,,0,,,,,,,,,,,,,,,,,,,,,,,,,,,,,,,,,,,0,,,,,,,,,,,,,,,,,,,,,,,,,,,,,,,,,,,0,,,,,,,,,,,,,,,,,,,,,,,,,,,,,,,,,,,0,,,,,,,,,,,,,,,,,,,0,,,,,,,,,,,,,,,,,,,0,,,,,,,,,,,,,,,,,,,0
25-470,"2022-05-04 10:29:42",1,1,0,0,1,2,1,1,2,1,35,2,2022-05-04,6,2,,365,,,,0,0,0,0,0,0,0,0,0,0,0,0,0,,,,,,,,,,,,,,0,,,,1,1,,,,,,,,,,1,0,,0,0,0,1,0,0,,0,,,0,78.8,176,36.4,88,146,101,24,96,15,1,0,0,1,25.43904958677686,1,0,0,2,,0,0,0,0,0,0,0,0,0,0,0,0,0,0,0,0,0,0,0,0,0,0,0,0,0,0,0,0,0,0,0,0,0,0,0,0,0,0,0,0,0,0,0,0,0,0,0,0,0,0,0,0,0,0,0,0,0,0,0,0,0,0,0,0,0,1,,1,3,,,1,,,,,,1,12.8,73,4.7,2,,,,,,,,,0,0,0,0,0,0,,0,0,0,0,,0,0,0,0,0,0,0,0,0,0,0,0,0,0,0,0,,,,,,,,,,,,,,,,,,0,0,0,0,0,0,,0,0,0,0,1,"2022-05-04 09:12","2022-05-04 12:34",1,"2022-05-04 14:16",1,1,1,"2022-05-04 08:50","2022-05-04 14:16",1,"2022-05-04 11:23","2022-05-04 14:16",2,4,30,30,30,30,4,30,30,30,30,1,1,30,30,1,30,30,1,30,30,1,30,30,2,,,0,1,0,2,0,3,3,0,0,0,0,3,0,3,0,0,0,0,0,,,,,,2,,,,,,,,,,,,,,,,,,,,,,,,,,,,,,,,,,,0,,,,,,,,,,,,,,,,,,,,,0,,,,,0,1,0,2,0,0,0,0,0,0,0,0,0,2,,,,,,,,,,,,,,,,,,,0,,,,,,,,,,0,cl_ben_face_25-470.jpg,2,1,0,0,0,0,0,0,0,0,0,0,2,,0,0,0,0,0,0,0,0,0,0,0,,0,0,0,0,0,0,0,0,0,0,0,,,,,0,1,2022-05-11,2,,,2,1,2022-06-01,2,,,2,,,,,,,0,,,,,,,,,,,,,,,,,,,,,,,,,,,,,,,,,,,0,,,,,,,,,,,,,,,,,,,,,,,,,,,,,,,,,,,0,,,,,,,,,,,,,,,,,,,,,,,,,,,,,,,,,,,0,,,,,,,,,,,,,,,,,,,0,,,,,,,,,,,,,,,,,,,0,,,,,,,,,,,,,,,,,,,0
25-471,"2022-05-01 11:49:36",1,1,0,0,1,2,1,1,2,1,66,2,2022-05-01,6,2,,30,,,,1,0,1,0,1,1,0,1,0,0,0,0,0,30,,290,,,6,,30,,,,,,1,0,0,0,1,2,2002,0,,3,,5,,,,4,0,,0,0,0,1,0,1,2021-05-01,0,,,1,45,156,36.2,77,147,96,42,97,15,1,0,0,1,18.49112426035503,2,0,0,2,,0,0,0,0,0,0,0,0,0,0,0,0,0,0,0,0,0,0,0,0,0,0,0,0,0,0,0,0,0,0,0,0,0,0,0,0,0,0,0,0,0,0,0,0,0,0,0,0,0,0,0,0,0,0,0,0,0,0,0,0,0,0,0,0,0,2,32.5,1,3,,,1,,,,,,1,11.9,88,4.6,2,1,,,12,0,,1,,1,0,0,1,0,0,0,1,0,0,2,,0,0,0,0,0,0,0,0,0,0,0,0,0,0,0,0,,,,,,,,,,,,,,,,,,0,0,0,0,0,0,,0,0,0,0,1,"2022-05-01 11:17","2022-05-01 12:34",1,"2022-05-01 14:16",1,1,1,"2022-05-01 11:10","2022-05-01 14:16",1,"2022-05-01 13:40","2022-05-01 14:16",2,4,31,31,31,31,4,31,31,31,31,1,1,31,31,1,31,31,1,31,31,1,31,31,2,,,0,1,0,2,3,3,0,0,4,0,0,0,0,0,4,0,4,0,0,,,,,,2,,,,,,,,,,,,,,,,,,,,,,,,,,,,,,,,,,,0,,,,,,,,,,,,,,,,,,,,,0,,,,,0,1,0,2,1,0,0,0,0,0,0,0,0,2,,,,,,,,,,,,,,,,,,,0,,,,,,,,,,0,cl_ben_face_25-471.jpg,2,0,1,1,0,1,1,0,0,0,0,1,2,,0,0,0,0,0,0,0,0,0,0,0,,0,0,0,0,0,0,0,0,0,0,0,,,,,0,1,2022-05-09,2,,,2,1,2022-05-29,2,,,2,,,,,,,0,,,,,,,,,,,,,,,,,,,,,,,,,,,,,,,,,,,0,,,,,,,,,,,,,,,,,,,,,,,,,,,,,,,,,,,0,,,,,,,,,,,,,,,,,,,,,,,,,,,,,,,,,,,0,,,,,,,,,,,,,,,,,,,0,,,,,,,,,,,,,,,,,,,0,,,,,,,,,,,,,,,,,,,0
25-472,"2022-07-27 10:46:28",1,1,0,0,1,2,1,1,2,2,35,2,2022-07-27,9,2,,10,,,,1,0,1,1,0,1,0,1,0,0,0,0,0,10,,10,10,5,,,5,,,,,,0,,,,1,1,,,,,,,,,,1,0,,1,0,0,1,0,0,,0,,,1,64.2,175,36.2,92,101,67,20,99,15,0,0,0,0,20.963265306122448,2,0,0,2,,0,0,0,0,0,0,0,0,0,0,0,0,0,0,0,0,0,0,0,0,0,0,0,0,0,0,0,0,0,0,0,0,0,0,0,0,0,0,0,0,0,0,0,0,0,0,0,0,0,0,0,0,0,0,0,0,0,0,0,0,0,0,0,0,0,1,,1,3,,,1,,,,,,1,16.3,80,4.7,2,,,,,,,,,0,0,0,0,0,0,,0,0,0,0,,0,0,0,0,0,0,0,0,0,0,0,0,0,0,0,0,,,,,,,,,,,,,,,,,,0,0,0,0,0,0,,0,0,0,0,1,"2022-07-27 09:58","2022-07-27 11:37",1,"2022-07-27 12:19",1,1,1,"2022-07-27 09:40","2022-07-27 12:19",1,"2022-07-27 12:00","2022-07-27 12:19",2,4,32,32,32,32,4,32,32,32,32,1,1,32,32,1,32,32,1,32,32,1,32,32,2,,,0,1,0,2,0,0,0,0,0,0,0,3,0,0,0,0,0,0,0,,,,,,2,,,,,,,,,,,,,,,,,,,,,,,,,,,,,,,,,,,0,,,,,,,,,,,,,,,,,,,,,0,,,,,0,1,0,2,0,0,0,0,0,0,0,0,0,2,,,,,,,,,,,,,,,,,,,0,,,,,,,,,,0,cl_ben_face_25-472.jpg,2,,0,0,0,0,0,0,0,0,0,0,0,,0,0,0,0,0,0,0,0,0,0,0,,0,0,0,0,0,0,0,0,0,0,0,,,,,0,1,2022-08-03,2,,,2,1,2022-08-31,1,,,2,,,,,,,0,,,,,,,,,,,,,,,,,,,,,,,,,,,,,,,,,,,0,,,,,,,,,,,,,,,,,,,,,,,,,,,,,,,,,,,0,,,,,,,,,,,,,,,,,,,,,,,,,,,,,,,,,,,0,,,,,,,,,,,,,,,,,,,0,,,,,,,,,,,,,,,,,,,0,,,,,,,,,,,,,,,,,,,0
25-473,"2022-05-11 11:54:22",1,1,0,0,1,2,1,1,2,1,22,2,2022-05-11,6,2,,14,,,,0,0,1,1,0,1,0,0,1,1,0,0,0,,,30,5,5,,,,2,2,,,,0,,,,1,1,,,,,,,,,,1,1,2,0,0,0,1,0,1,2021-04-10,0,,,0,58.2,172,36.3,101,110,70,24,98,15,1,0,0,1,19.672796106003243,1,0,0,2,,0,0,0,0,0,0,0,0,0,0,0,0,0,0,0,0,0,0,0,0,0,0,0,0,0,0,0,0,0,0,0,0,0,0,0,0,0,0,0,0,0,0,0,0,0,0,0,0,0,0,0,0,0,0,0,0,0,0,0,0,0,0,0,0,0,1,,1,3,,,1,,,,,,1,11.9,79,4.8,2,1,,,11,0,,1,6,0,0,0,1,0,0,0,1,0,0,2,,0,0,0,0,0,0,0,0,0,0,0,0,0,0,0,0,,,,,,,,,,,,,,,,,,0,0,0,0,0,0,,0,0,0,0,1,"2022-05-11 11:42","2022-05-11 12:15",1,"2022-05-11 14:15",1,1,1,"2022-05-11 11:25","2022-05-11 14:15",1,"2022-05-11 11:09","2022-05-11 14:15",2,4,33,33,33,33,4,33,33,33,33,1,1,33,33,1,33,33,1,33,33,1,33,33,2,,,0,1,0,2,0,3,0,0,0,0,3,0,0,0,0,0,0,0,0,,,,,,2,,,,,,,,,,,,,,,,,,,,,,,,,,,,,,,,,,,0,,,,,,,,,,,,,,,,,,,,,0,,,,,0,1,0,2,0,0,0,0,0,0,0,0,0,2,,,,,,,,,,,,,,,,,,,0,,,,,,,,,,0,cl_ben_face_25-473.jpg,2,1,0,0,0,0,0,0,0,0,0,0,2,,0,0,0,0,0,0,0,0,0,0,0,,0,0,0,0,0,0,0,0,0,0,0,,,,,0,1,2022-05-21,2,,,2,1,2022-06-14,2,,,2,,,,,,,0,,,,,,,,,,,,,,,,,,,,,,,,,,,,,,,,,,,0,,,,,,,,,,,,,,,,,,,,,,,,,,,,,,,,,,,0,,,,,,,,,,,,,,,,,,,,,,,,,,,,,,,,,,,0,,,,,,,,,,,,,,,,,,,0,,,,,,,,,,,,,,,,,,,0,,,,,,,,,,,,,,,,,,,0
25-474,"2022-08-08 09:55:50",1,1,0,0,1,2,1,1,2,1,23,2,2022-08-08,10,2,,21,,,,0,0,0,1,0,1,0,1,1,0,0,0,0,,,14,,14,,,21,21,,,,,0,,,,1,2,2020,0,,3,,4,,,,1,0,,0,0,0,1,0,1,2021-09-08,0,,,1,49.2,160,36,79,112,77,28,99,15,1,0,0,1,19.21875,1,0,0,2,,0,0,0,0,0,0,0,0,0,0,0,0,0,0,0,0,0,0,0,0,0,0,0,0,0,0,0,0,0,0,0,0,0,0,0,0,0,0,0,0,0,0,0,0,0,0,0,0,0,0,0,0,0,0,0,0,0,0,0,0,0,0,0,0,0,1,,1,3,,,1,,,,,,1,11.1,80,4.6,2,1,,,12,0,,1,,0,0,0,1,0,0,0,1,0,0,2,0,0,0,0,0,0,0,0,0,0,0,0,0,0,0,0,0,,,,,,,,,,,,,,,,,,0,0,0,0,0,0,,0,0,0,2,1,"2022-08-08 09:20","2022-08-08 12:09",1,"2022-08-08 15:15",1,1,1,"2022-08-08 08:55","2022-08-08 15:15",1,"2022-08-08 10:56","2022-08-08 15:15",2,4,34,34,34,34,4,34,34,34,34,1,1,34,34,1,34,34,1,34,34,1,34,34,2,,,0,1,0,2,0,0,3,0,0,0,3,3,0,0,0,0,0,0,0,,,,,,2,,,,,,,,,,,,,,,,,,,,,,,,,,,,,,,,,,,0,,,,,,,,,,,,,,,,,,,,,0,,,,,0,1,0,2,0,0,0,0,0,0,0,0,0,2,,,,,,,,,,,,,,,,,,,0,,,,,,,,,,0,cl_ben_face_25-474.jpg,2,1,0,0,0,0,0,0,0,0,0,0,2,,0,0,0,0,0,0,0,0,0,0,0,,0,0,0,0,0,0,0,0,0,0,0,,,,,0,1,2022-08-15,1,,,2,1,2022-09-07,1,,,2,,,,,,,0,,,,,,,,,,,,,,,,,,,,,,,,,,,,,,,,,,,0,,,,,,,,,,,,,,,,,,,,,,,,,,,,,,,,,,,0,,,,,,,,,,,,,,,,,,,,,,,,,,,,,,,,,,,0,,,,,,,,,,,,,,,,,,,0,,,,,,,,,,,,,,,,,,,0,,,,,,,,,,,,,,,,,,,0
25-475,"2022-07-06 10:51:59",1,1,0,0,1,2,1,1,2,2,43,2,2022-07-06,10,2,,30,,,,1,0,1,1,0,1,0,1,1,1,1,0,0,30,,1095,30,30,,,30,30,30,3,,,0,,,,1,1,,,,,,,,,,3,0,,0,0,0,1,0,0,,0,,,0,45.8,180,36,161,115,98,38,98,15,1,0,0,1,14.135802469135802,4,0,0,2,,0,0,0,0,0,0,0,0,0,0,0,0,0,0,0,0,0,0,0,0,0,0,0,0,0,0,0,0,0,0,0,0,0,0,0,0,0,0,0,0,0,0,0,0,0,0,0,0,0,0,0,0,0,0,0,0,0,0,0,0,0,0,0,0,0,1,,2,3,,,1,,,,,,1,8.3,70,11.9,2,2,1,,1,1,,0,,0,0,0,0,0,0,0,1,0,0,0,0,0,0,0,0,0,0,0,0,0,0,0,0,0,0,0,0,,,,,,,,,,,,,,,,,,0,0,0,0,0,0,,0,0,0,2,1,"2022-07-06 09:48","2022-07-06 12:09",1,"2022-07-06 15:15",1,1,1,"2022-07-06 09:25","2022-07-06 15:15",1,"2022-07-06 13:30","2022-07-06 16:15",2,4,35,35,35,35,4,35,35,35,35,1,1,35,35,1,35,35,1,35,35,1,35,35,2,,,0,1,0,2,4,4,4,4,3,3,3,3,3,4,4,4,5,3,0,,,,,,2,,,,,,,,,,,,,,,,,,,,,,,,,,,,,,,,,,,0,,,,,,,,,,,,,,,,,,,,,0,,,,,0,1,0,2,2,0,0,0,0,0,0,0,0,2,,,,,,,,,,,,,,,,,,,0,,,,,,,,,,0,cl_ben_face_25-475.jpg,2,0,1,1,0,0,1,1,0,0,0,0,2,,0,0,0,0,0,0,0,0,0,0,0,,0,0,0,0,0,0,0,0,0,0,0,,,,,0,1,2022-07-13,5,,2022-07-06,2,1,2022-08-05,5,,2022-07-06,2,,,,,,,0,,,,,,,,,,,,,,,,,,,,,,,,,,,,,,,,,,,0,,,,,,,,,,,,,,,,,,,,,,,,,,,,,,,,,,,0,,,,,,,,,,,,,,,,,,,,,,,,,,,,,,,,,,,0,,,,,,,,,,,,,,,,,,,0,,,,,,,,,,,,,,,,,,,0,,,,,,,,,,,,,,,,,,,0
25-476,"2022-07-11 09:04:04",1,1,0,0,1,2,1,1,2,2,65,2,2022-07-11,6,2,,30,,,,1,0,0,1,0,1,0,1,0,0,1,0,0,30,,30,,7,,,30,,,14,,,0,,,,3,1,,,,,,,,,,1,0,,0,0,0,1,0,0,,0,,,1,86.8,178,36,97,134,89,26,96,15,1,0,0,1,27.395530867314733,3,0,0,2,,0,0,0,0,0,0,0,0,0,0,0,0,0,0,0,0,0,0,0,0,0,0,0,0,0,0,0,0,0,0,0,0,0,0,0,0,0,0,0,0,0,0,0,0,0,0,0,0,0,0,0,0,0,0,0,0,0,0,0,0,0,0,0,0,0,1,,1,3,,,1,,,,,,1,11.9,74,6.8,2,1,,,6,0,,1,,0,0,0,1,0,0,0,1,0,0,2,,0,0,0,0,0,0,0,0,0,0,0,0,0,0,0,0,,,,,,,,,,,,,,,,,,0,0,0,0,0,0,,0,0,0,0,1,"2022-07-11 08:49","2022-07-11 12:00",1,"2022-07-11 14:28",1,1,1,"2022-07-11 08:25","2022-07-11 14:28",1,"2022-07-11 11:33","2022-07-11 14:28",2,4,36,36,36,36,4,36,36,36,36,1,1,36,36,1,36,36,1,36,36,1,36,36,2,,,0,1,0,2,0,3,3,0,0,0,0,3,0,3,0,0,0,0,0,,,,,,2,,,,,,,,,,,,,,,,,,,,,,,,,,,,,,,,,,,0,,,,,,,,,,,,,,,,,,,,,0,,,,,0,1,0,2,0,0,0,0,0,0,0,0,0,2,,,,,,,,,,,,,,,,,,,0,,,,,,,,,,0,cl_ben_face_25-476.jpg,2,1,0,0,0,0,0,0,0,0,0,0,2,,0,0,0,0,0,0,0,0,0,0,0,,0,0,0,0,0,0,0,0,0,0,0,,,,,0,1,2022-07-20,2,,,2,1,2022-08-09,1,,,2,,,,,,,0,,,,,,,,,,,,,,,,,,,,,,,,,,,,,,,,,,,0,,,,,,,,,,,,,,,,,,,,,,,,,,,,,,,,,,,0,,,,,,,,,,,,,,,,,,,,,,,,,,,,,,,,,,,0,,,,,,,,,,,,,,,,,,,0,,,,,,,,,,,,,,,,,,,0,,,,,,,,,,,,,,,,,,,0
25-477,"2021-10-27 10:42:41",1,1,0,0,1,2,1,1,2,2,28,2,2021-10-27,6,2,,60,,,,1,0,1,1,0,1,1,1,1,0,1,0,0,60,,30,60,30,,60,60,60,,60,,,0,,,,1,1,,,,,,,,,,1,0,,0,0,0,1,0,0,,0,,,1,46.8,167,35.9,84,100,61,28,100,15,1,0,1,2,16.780809638208613,4,0,0,2,,0,0,0,0,0,0,0,0,0,0,0,0,0,0,0,0,0,0,0,0,0,0,0,0,0,0,0,0,0,0,0,0,0,0,0,0,0,0,0,0,0,0,0,0,0,0,0,0,0,0,0,0,0,0,0,0,0,0,0,0,0,0,0,0,0,2,41.9,1,3,,,2,2,,,,,1,8.2,71,6.8,0,1,,,3,1,1,0,,0,0,0,0,0,0,0,1,0,0,2,0,0,0,0,0,0,0,0,0,0,0,0,0,0,0,0,0,,,,,,,,,,,,,,,,,,0,0,0,0,0,0,,0,0,0,2,1,"2021-10-27 09:02","2021-10-27 12:00",1,"2021-10-27 14:28",1,1,1,"2021-10-27 08:32","2021-10-27 14:28",1,"2021-10-27 13:00","2021-10-27 14:28",2,4,37,37,37,37,4,37,37,37,37,1,1,37,37,1,37,37,1,37,37,1,37,37,2,,,0,1,0,2,3,3,3,3,0,0,3,0,0,4,3,3,0,0,0,,,,,,2,,,,,,,,,,,,,,,,,,,,,,,,,,,,,,,,,,,0,,,,,,,,,,,,,,,,,,,,,0,,,,,0,1,0,2,1,0,0,0,0,0,0,0,0,2,,,,,,,,,,,,,,,,,,,0,,,,,,,,,,0,cl_ben_face_25-477.jpg,2,0,0,1,0,0,1,0,0,0,0,0,2,,0,0,0,0,0,0,0,0,0,0,0,,0,0,0,0,0,0,0,0,0,0,0,,,,,0,1,2021-11-05,2,,,2,1,2021-11-25,2,,,2,,,,,,,0,,,,,,,,,,,,,,,,,,,,,,,,,,,,,,,,,,,0,,,,,,,,,,,,,,,,,,,,,,,,,,,,,,,,,,,0,,,,,,,,,,,,,,,,,,,,,,,,,,,,,,,,,,,0,,,,,,,,,,,,,,,,,,,0,,,,,,,,,,,,,,,,,,,0,,,,,,,,,,,,,,,,,,,0
25-478,"2022-08-20 14:02:40",1,1,0,1,,2,,,0,,,0,,,,,,,,,0,0,0,0,0,0,0,0,0,0,0,0,0,,,,,,,,,,,,,,,,,,,,,,,,,,,,,,,,,,,,,,,,,,,,,,,,,,,,,,,,,,,,0,,0,0,0,0,0,0,0,0,0,0,0,0,0,0,0,0,0,0,0,0,0,0,0,0,0,0,0,0,0,0,0,0,0,0,0,0,0,0,0,0,0,0,0,0,0,0,0,0,0,0,0,0,0,0,0,0,0,0,0,0,0,0,0,0,0,,,,,,,,,,,,,,,,,0,,,,,,,,,0,0,0,0,0,0,,0,0,0,0,,0,0,0,0,0,0,0,0,0,0,0,0,0,0,0,0,,,,,,,,,,,,,,,,,,0,0,0,0,0,0,,0,0,0,0,,,,,,,,,,,,,,0,,,,,,,,,,,,,,,,,,,,,,,,0,,,0,,,0,,,,,,,,,,,,,,,,,,,,,0,,,,,,,,,,,,,,,,,,,,,,,,,,,,,,,,,,,0,,,,,,,,,,,,,,,,,,,,,0,,,,,0,,,0,,,,,,,,,,0,,,,,,,,,,,,,,,,,,,0,,,,,,,,,,0,,0,,0,0,0,0,0,0,0,0,0,0,0,,0,0,0,0,0,0,0,0,0,0,0,,0,0,0,0,0,0,0,0,0,0,0,,,,,0,,,,,,0,,,,,,0,,,,,,,0,,,,,,,,,,,,,,,,,,,,,,,,,,,,,,,,,,,0,,,,,,,,,,,,,,,,,,,,,,,,,,,,,,,,,,,0,,,,,,,,,,,,,,,,,,,,,,,,,,,,,,,,,,,0,,,,,,,,,,,,,,,,,,,0,,,,,,,,,,,,,,,,,,,0,,,,,,,,,,,,,,,,,,,0
25-479,"2022-05-25 14:03:00",1,1,0,1,,2,,,0,,,0,,,,,,,,,0,0,0,0,0,0,0,0,0,0,0,0,0,,,,,,,,,,,,,,,,,,,,,,,,,,,,,,,,,,,,,,,,,,,,,,,,,,,,,,,,,,,,0,,0,0,0,0,0,0,0,0,0,0,0,0,0,0,0,0,0,0,0,0,0,0,0,0,0,0,0,0,0,0,0,0,0,0,0,0,0,0,0,0,0,0,0,0,0,0,0,0,0,0,0,0,0,0,0,0,0,0,0,0,0,0,0,0,0,,,,,,,,,,,,,,,,,0,,,,,,,,,0,0,0,0,0,0,,0,0,0,0,,0,0,0,0,0,0,0,0,0,0,0,0,0,0,0,0,,,,,,,,,,,,,,,,,,0,0,0,0,0,0,,0,0,0,0,,,,,,,,,,,,,,0,,,,,,,,,,,,,,,,,,,,,,,,0,,,0,,,0,,,,,,,,,,,,,,,,,,,,,0,,,,,,,,,,,,,,,,,,,,,,,,,,,,,,,,,,,0,,,,,,,,,,,,,,,,,,,,,0,,,,,0,,,0,,,,,,,,,,0,,,,,,,,,,,,,,,,,,,0,,,,,,,,,,0,,0,,0,0,0,0,0,0,0,0,0,0,0,,0,0,0,0,0,0,0,0,0,0,0,,0,0,0,0,0,0,0,0,0,0,0,,,,,0,,,,,,0,,,,,,0,,,,,,,0,,,,,,,,,,,,,,,,,,,,,,,,,,,,,,,,,,,0,,,,,,,,,,,,,,,,,,,,,,,,,,,,,,,,,,,0,,,,,,,,,,,,,,,,,,,,,,,,,,,,,,,,,,,0,,,,,,,,,,,,,,,,,,,0,,,,,,,,,,,,,,,,,,,0,,,,,,,,,,,,,,,,,,,0
25-480,"2022-05-09 14:03:23",1,1,0,0,3,2,,,0,,,0,,,,,,,,,0,0,0,0,0,0,0,0,0,0,0,0,0,,,,,,,,,,,,,,,,,,,,,,,,,,,,,,,,,,,,,,,,,,,,,,,,,,,,,,,,,,,,0,,0,0,0,0,0,0,0,0,0,0,0,0,0,0,0,0,0,0,0,0,0,0,0,0,0,0,0,0,0,0,0,0,0,0,0,0,0,0,0,0,0,0,0,0,0,0,0,0,0,0,0,0,0,0,0,0,0,0,0,0,0,0,0,0,0,,,,,,,,,,,,,,,,,0,,,,,,,,,0,0,0,0,0,0,,0,0,0,0,,0,0,0,0,0,0,0,0,0,0,0,0,0,0,0,0,,,,,,,,,,,,,,,,,,0,0,0,0,0,0,,0,0,0,0,,,,,,,,,,,,,,0,,,,,,,,,,,,,,,,,,,,,,,,0,,,0,,,0,,,,,,,,,,,,,,,,,,,,,0,,,,,,,,,,,,,,,,,,,,,,,,,,,,,,,,,,,0,,,,,,,,,,,,,,,,,,,,,0,,,,,0,,,0,,,,,,,,,,0,,,,,,,,,,,,,,,,,,,0,,,,,,,,,,0,,0,,0,0,0,0,0,0,0,0,0,0,0,,0,0,0,0,0,0,0,0,0,0,0,,0,0,0,0,0,0,0,0,0,0,0,,,,,0,,,,,,0,,,,,,0,,,,,,,0,,,,,,,,,,,,,,,,,,,,,,,,,,,,,,,,,,,0,,,,,,,,,,,,,,,,,,,,,,,,,,,,,,,,,,,0,,,,,,,,,,,,,,,,,,,,,,,,,,,,,,,,,,,0,,,,,,,,,,,,,,,,,,,0,,,,,,,,,,,,,,,,,,,0,,,,,,,,,,,,,,,,,,,0
25-481,"2022-05-14 11:03:05",1,1,0,0,1,2,1,1,2,1,42,2,2022-05-14,6,2,,90,,,,1,0,1,0,0,1,1,1,0,1,0,0,0,90,,30,90,,,90,60,,60,,,,0,,,,2,1,,,,,,,,,,1,0,,0,1,0,1,0,0,,0,,,1,69.5,163,37.5,134,125,77,32,97,15,1,0,0,1,26.15830479129813,3,0,0,2,,0,0,0,0,0,0,0,0,0,0,0,0,0,0,0,0,0,0,0,0,0,0,0,0,0,0,0,0,0,0,0,0,0,0,0,0,0,0,0,0,0,0,0,0,0,0,0,0,0,0,0,0,0,0,0,0,0,0,0,0,0,0,0,0,0,1,,2,3,,,2,2,,,,,1,8.0,76,8.1,0,1,,,1,1,1,0,,0,0,0,0,0,0,0,1,0,0,2,0,0,0,0,0,0,0,0,0,0,0,0,0,0,0,0,0,,,,,,,,,,,,,,,,,,0,0,0,0,0,0,,0,0,0,2,1,"2022-05-14 09:30","2022-05-14 12:20",1,"2022-05-14 14:43",1,1,1,"2022-05-14 08:50","2022-05-14 14:43",1,"2022-05-14 13:00","2022-05-14 14:43",2,4,38,38,38,38,4,38,38,38,38,1,1,38,38,1,38,38,1,38,38,1,38,38,2,,,0,1,0,2,4,3,4,4,4,3,0,0,4,3,4,5,5,5,0,,,,,,2,,,,,,,,,,,,,,,,,,,,,,,,,,,,,,,,,,,0,,,,,,,,,,,,,,,,,,,,,0,,,,,0,1,0,2,1,0,0,0,0,0,0,0,0,2,,,,,,,,,,,,,,,,,,,0,,,,,,,,,,0,cl_ben_face_25-481.jpg,2,0,0,0,0,0,0,0,0,0,0,1,2,,0,0,0,0,0,0,0,0,0,0,0,,0,0,0,0,0,0,0,0,0,0,0,,,,,0,1,2022-05-21,2,,,2,1,2022-06-10,2,,,2,2022-12-25,0,,,,,1,,,,,,,,,,,,,,,,,,,,,,,,,,,,,,,,,,,0,,,,,,,,,,,,,,,,,,,,,,,,,,,,,,,,,,,0,,,,,,,,,,,,,,,,,,,,,,,,,,,,,,,,,,,0,,,,,,,,,,,,,,,,,,,0,,,,,,,,,,,,,,,,,,,0,,,,,,,,,,,,,,,,,,,0
25-482,"2022-05-26 12:41:03",1,1,0,0,1,2,1,1,2,2,65,2,2022-05-26,6,2,,40,,,,1,0,1,1,0,1,0,1,1,1,0,0,0,40,,40,40,40,,,40,40,30,,,,1,1,0,0,2,1,,,,,,,,,,1,0,,0,1,0,1,0,0,,0,,,1,44.6,167,34.7,92,100,63,34,99,15,1,0,1,2,15.991968159489405,2,1,0,2,,0,0,0,0,0,0,0,0,0,0,0,0,0,0,0,0,0,0,0,0,0,0,0,0,0,0,0,0,0,0,0,0,0,0,0,0,0,0,0,0,0,0,0,0,0,0,0,0,0,0,0,0,0,0,0,0,0,0,0,0,0,0,0,0,0,1,,1,3,,,1,,,,,,1,6.9,81,14.5,2,2,1,,,0,,1,,1,1,0,0,0,0,0,1,0,0,2,0,0,0,0,0,0,0,0,0,0,0,0,0,0,0,0,0,,,,,,,,,,,,,,,,,,0,0,0,0,0,0,,0,0,0,2,1,"2022-05-26 10:50","2022-05-26 12:20",1,"2021-09-30 14:43",1,1,1,"2022-05-26 10:25","2022-05-26 14:43",1,"2022-05-26 14:00","2022-05-26 14:43",2,4,39,39,39,39,4,39,39,39,39,1,1,39,39,1,39,39,1,39,39,1,39,39,2,,,0,1,0,2,5,4,4,5,4,0,0,0,0,3,4,0,5,3,1,1,,2,,2,2,,,,,,,,,,,,,,,,,,,,,,,,,,,,,,,,,,,0,,,,,,,,,,,,,,,,,,,,,0,,,,,0,1,0,2,0,0,0,0,0,0,0,0,0,2,,,,,,,,,,,,,,,,,,,0,,,,,,,,,,0,cl_ben_face_25-482.jpg,2,0,0,1,1,0,1,0,0,0,0,0,2,,0,0,0,0,0,0,0,0,0,0,0,,0,0,0,0,0,0,0,0,0,0,0,,,,,0,1,2022-06-07,5,,2022-05-26,2,1,2022-06-22,5,,2022-05-26,2,,,,,,,0,,,,,,,,,,,,,,,,,,,,,,,,,,,,,,,,,,,0,,,,,,,,,,,,,,,,,,,,,,,,,,,,,,,,,,,0,,,,,,,,,,,,,,,,,,,,,,,,,,,,,,,,,,,0,,,,,,,,,,,,,,,,,,,0,,,,,,,,,,,,,,,,,,,0,,,,,,,,,,,,,,,,,,,0
25-483,"2022-06-27 17:40:02",1,1,0,0,2,2,,,0,,,0,,,,,,,,,0,0,0,0,0,0,0,0,0,0,0,0,0,,,,,,,,,,,,,,,,,,,,,,,,,,,,,,,,,,,,,,,,,,,,,,,,,,,,,,,,,,,,0,,0,0,0,0,0,0,0,0,0,0,0,0,0,0,0,0,0,0,0,0,0,0,0,0,0,0,0,0,0,0,0,0,0,0,0,0,0,0,0,0,0,0,0,0,0,0,0,0,0,0,0,0,0,0,0,0,0,0,0,0,0,0,0,0,0,,,,,,,,,,,,,,,,,0,,,,,,,,,0,0,0,0,0,0,,0,0,0,0,,0,0,0,0,0,0,0,0,0,0,0,0,0,0,0,0,,,,,,,,,,,,,,,,,,0,0,0,0,0,0,,0,0,0,0,,,,,,,,,,,,,,0,,,,,,,,,,,,,,,,,,,,,,,,0,,,0,,,0,,,,,,,,,,,,,,,,,,,,,0,,,,,,,,,,,,,,,,,,,,,,,,,,,,,,,,,,,0,,,,,,,,,,,,,,,,,,,,,0,,,,,0,,,0,,,,,,,,,,0,,,,,,,,,,,,,,,,,,,0,,,,,,,,,,0,,0,,0,0,0,0,0,0,0,0,0,0,0,,0,0,0,0,0,0,0,0,0,0,0,,0,0,0,0,0,0,0,0,0,0,0,,,,,0,,,,,,0,,,,,,0,,,,,,,0,,,,,,,,,,,,,,,,,,,,,,,,,,,,,,,,,,,0,,,,,,,,,,,,,,,,,,,,,,,,,,,,,,,,,,,0,,,,,,,,,,,,,,,,,,,,,,,,,,,,,,,,,,,0,,,,,,,,,,,,,,,,,,,0,,,,,,,,,,,,,,,,,,,0,,,,,,,,,,,,,,,,,,,0
25-484,"2022-05-26 09:35:53",1,1,0,0,1,2,1,1,2,1,37,2,2022-05-26,9,2,,60,,,,1,0,0,1,0,1,0,1,1,0,0,0,0,30,,40,,14,,,30,30,,,,,0,,,,2,1,,,,,,,,,,1,0,,0,0,0,1,0,1,2021-01-03,0,,,1,51.7,168,34.9,121,98,75,46,98,15,1,0,1,2,18.317743764172334,3,0,0,2,,0,0,0,0,0,0,0,0,0,0,0,0,0,0,0,0,0,0,0,0,0,0,0,0,0,0,0,0,0,0,0,0,0,0,0,0,0,0,0,0,0,0,0,0,0,0,0,0,0,0,0,0,0,0,0,0,0,0,0,0,0,0,0,0,0,1,,2,3,,,1,,,,,,1,8.9,72,8.0,2,1,,,1,1,0,0,,0,0,0,0,0,0,0,1,0,0,2,0,0,0,0,0,0,0,0,0,0,0,0,0,0,0,0,0,,,,,,,,,,,,,,,,,,0,0,0,0,0,0,,0,0,0,2,1,"2022-05-26 08:37","2022-05-26 11:55",1,"2022-05-26 14:45",1,1,1,"2022-05-26 08:10","2022-05-26 14:45",1,"2022-05-26 10:39","2022-05-26 14:45",2,4,40,40,40,40,4,40,40,40,40,1,1,40,40,1,40,40,1,40,40,1,40,40,2,,,0,1,0,2,3,3,3,0,3,4,4,0,4,3,3,3,4,3,0,,,,,,2,,,,,,,,,,,,,,,,,,,,,,,,,,,,,,,,,,,0,,,,,,,,,,,,,,,,,,,,,0,,,,,0,1,0,2,1,0,0,0,0,0,0,0,0,2,,,,,,,,,,,,,,,,,,,0,,,,,,,,,,0,cl_ben_face_25-484.jpg,2,0,0,1,0,0,1,0,0,0,0,0,2,,0,0,0,0,0,0,0,0,0,0,0,,0,0,0,0,0,0,0,0,0,0,0,,,,,0,1,2022-06-03,2,,,2,1,2022-06-27,2,,,2,2023-01-02,0,,,,,1,,,,,,,,,,,,,,,,,,,,,,,,,,,,,,,,,,,0,,,,,,,,,,,,,,,,,,,,,,,,,,,,,,,,,,,0,,,,,,,,,,,,,,,,,,,,,,,,,,,,,,,,,,,0,,,,,,,,,,,,,,,,,,,0,,,,,,,,,,,,,,,,,,,0,,,,,,,,,,,,,,,,,,,0
25-485,"2022-07-14 10:32:40",1,1,1,1,,2,1,1,2,1,30,2,2022-07-14,9,2,,30,,,,0,0,1,0,0,1,0,1,0,0,1,0,0,,,30,30,,,,30,,,30,,,1,1,0,0,1,2,1998,0,,4,,,2,5,,4,0,,0,0,0,1,0,0,,0,,,0,41.6,156,34.8,106,110,69,22,97,15,1,0,0,1,17.094017094017094,2,0,0,2,,0,0,0,0,0,0,0,0,0,0,0,0,0,0,0,0,0,0,0,0,0,0,0,0,0,0,0,0,0,0,0,0,0,0,0,0,0,0,0,0,0,0,0,0,0,0,0,0,0,0,0,0,0,0,0,0,0,0,0,0,0,0,0,0,0,1,,1,3,,,1,,,,,,2,11.2,79,6.5,2,1,,,12,0,,1,10,1,0,1,0,0,0,0,1,0,0,2,,0,0,0,0,0,0,0,0,0,0,0,0,0,0,0,0,,,,,,,,,,,,,,,,,,0,0,0,0,0,0,,0,0,0,0,1,"2022-07-14 09:15","2022-07-14 11:55",1,"2022-07-14 14:45",1,1,1,"2022-07-14 08:30","2022-07-14 14:45",1,"2022-07-14 11:50","2022-07-14 14:45",2,4,41,41,41,41,4,41,41,41,41,1,1,41,41,1,41,41,1,41,41,1,41,41,2,,,0,1,0,2,0,3,3,0,0,0,3,3,0,0,3,0,4,0,0,,,,,,2,,,,,,,,,,,,,,,,,,,,,,,,,,,,,,,,,,,0,,,,,,,,,,,,,,,,,,,,,0,,,,,0,1,0,2,0,0,0,0,0,0,0,0,0,2,,,,,,,,,,,,,,,,,,,0,,,,,,,,,,0,cl_ben_face_25-485.jpg,2,0,0,0,0,0,0,0,0,0,0,1,2,,0,0,0,0,0,0,0,0,0,0,0,,0,0,0,0,0,0,0,0,0,0,0,,,,,0,1,2022-07-22,2,,,2,,,,,,0,,,,,,,0,,,,,,,,,,,,,,,,,,,,,,,,,,,,,,,,,,,0,,,,,,,,,,,,,,,,,,,,,,,,,,,,,,,,,,,0,,,,,,,,,,,,,,,,,,,,,,,,,,,,,,,,,,,0,,,,,,,,,,,,,,,,,,,0,,,,,,,,,,,,,,,,,,,0,,,,,,,,,,,,,,,,,,,0
25-486,"2022-06-08 11:21:42",1,1,0,0,1,2,1,1,2,2,23,2,2022-06-08,9,2,,30,,,,0,0,1,1,1,1,0,1,1,1,1,0,1,,,14,14,30,30,,21,7,14,7,,7,0,,,,2,1,,,,,,,,,,4,0,,0,0,0,1,0,0,,0,,,0,62.9,177,36.7,103,108,60,28,96,15,1,0,0,1,20.077244725334356,2,0,0,2,,0,0,0,0,0,0,0,0,0,0,0,0,0,0,0,0,0,0,0,0,0,0,0,0,0,0,0,0,0,0,0,0,0,0,0,0,0,0,0,0,0,0,0,0,0,0,0,0,0,0,0,0,0,0,0,0,0,0,0,0,0,0,0,0,0,1,,2,3,,,1,,,,,,1,9.9,80,5.8,2,1,,,1,1,1,0,,0,0,0,0,0,0,0,1,0,0,2,0,0,0,0,0,0,0,0,0,0,0,0,0,0,0,0,0,,,,,,,,,,,,,,,,,,0,0,0,0,0,0,,0,0,0,2,1,"2022-06-08 10:55","2022-06-08 11:55",1,"2022-06-08 14:06",1,1,1,"2022-06-08 10:20","2022-06-08 14:06",1,"2022-06-08 12:58","2022-06-08 14:06",2,4,42,42,42,42,4,42,42,42,42,1,1,42,42,1,42,42,1,42,42,1,42,42,2,,,0,1,1,2,0,0,3,0,0,3,3,3,3,4,0,0,3,2,0,,,,,,2,,,,,,,,,,,,,,,,,,,,,,,,,,,,,,,,,,,0,,,,,,,,,,,,,,,,,,,,,0,,,,,0,1,0,2,0,0,0,0,0,0,0,0,0,2,,,,,,,,,,,,,,,,,,,0,,,,,,,,,,0,cl_ben_face_25-486.jpg,2,0,0,0,0,0,1,0,0,0,0,0,2,,0,0,0,0,0,0,0,0,0,0,0,,0,0,0,0,0,0,0,0,0,0,0,,,,,0,1,2022-06-15,2,,,2,1,2022-07-09,2,,,2,,,,,,,0,,,,,,,,,,,,,,,,,,,,,,,,,,,,,,,,,,,0,,,,,,,,,,,,,,,,,,,,,,,,,,,,,,,,,,,0,,,,,,,,,,,,,,,,,,,,,,,,,,,,,,,,,,,0,,,,,,,,,,,,,,,,,,,0,,,,,,,,,,,,,,,,,,,0,,,,,,,,,,,,,,,,,,,0
25-487,"2022-05-12 17:50:07",1,1,0,1,,2,,,0,,,0,,,,,,,,,0,0,0,0,0,0,0,0,0,0,0,0,0,,,,,,,,,,,,,,,,,,,,,,,,,,,,,,,,,,,,,,,,,,,,,,,,,,,,,,,,,,,,0,,0,0,0,0,0,0,0,0,0,0,0,0,0,0,0,0,0,0,0,0,0,0,0,0,0,0,0,0,0,0,0,0,0,0,0,0,0,0,0,0,0,0,0,0,0,0,0,0,0,0,0,0,0,0,0,0,0,0,0,0,0,0,0,0,0,,,,,,,,,,,,,,,,,0,,,,,,,,,0,0,0,0,0,0,,0,0,0,0,,0,0,0,0,0,0,0,0,0,0,0,0,0,0,0,0,,,,,,,,,,,,,,,,,,0,0,0,0,0,0,,0,0,0,0,,,,,,,,,,,,,,0,,,,,,,,,,,,,,,,,,,,,,,,0,,,0,,,0,,,,,,,,,,,,,,,,,,,,,0,,,,,,,,,,,,,,,,,,,,,,,,,,,,,,,,,,,0,,,,,,,,,,,,,,,,,,,,,0,,,,,0,,,0,,,,,,,,,,0,,,,,,,,,,,,,,,,,,,0,,,,,,,,,,0,,0,,0,0,0,0,0,0,0,0,0,0,0,,0,0,0,0,0,0,0,0,0,0,0,,0,0,0,0,0,0,0,0,0,0,0,,,,,0,,,,,,0,,,,,,0,,,,,,,0,,,,,,,,,,,,,,,,,,,,,,,,,,,,,,,,,,,0,,,,,,,,,,,,,,,,,,,,,,,,,,,,,,,,,,,0,,,,,,,,,,,,,,,,,,,,,,,,,,,,,,,,,,,0,,,,,,,,,,,,,,,,,,,0,,,,,,,,,,,,,,,,,,,0,,,,,,,,,,,,,,,,,,,0
25-488,"2022-07-27 09:50:36",1,1,0,0,1,2,1,1,2,2,44,2,2022-07-27,10,2,,7,,,,0,0,1,1,0,1,0,1,0,0,0,0,1,,,7,7,7,,,7,,,,,7,0,,,,1,1,,,,,,,,,,1,1,2,0,0,0,1,0,1,2021-10-20,0,,,1,61.5,179,36,64,115,74,26,99,15,1,0,0,1,19.19415748572142,1,0,0,2,,0,0,0,0,0,0,0,0,0,0,0,0,0,0,0,0,0,0,0,0,0,0,0,0,0,0,0,0,0,0,0,0,0,0,0,0,0,0,0,0,0,0,0,0,0,0,0,0,0,0,0,0,0,0,0,0,0,0,0,0,0,0,0,0,0,1,,1,3,,,1,,,,,,1,14.1,82,4.2,2,,,,,,,,,0,0,0,0,0,0,,0,0,0,0,,0,0,0,0,0,0,0,0,0,0,0,0,0,0,0,0,,,,,,,,,,,,,,,,,,0,0,0,0,0,0,,0,0,0,0,1,"2022-07-27 08:55","2022-07-27 11:18",1,"2022-07-27 12:21",1,1,1,"2022-07-27 08:33","2022-07-27 12:21",1,"2022-07-27 09:15","2022-07-27 12:21",2,4,43,43,43,43,4,43,43,43,43,1,1,43,43,1,43,43,1,43,43,1,43,43,2,,,0,1,0,2,0,0,3,0,0,0,0,0,0,0,0,0,0,0,0,,,,,,2,,,,,,,,,,,,,,,,,,,,,,,,,,,,,,,,,,,0,,,,,,,,,,,,,,,,,,,,,0,,,,,0,1,0,2,0,0,0,0,0,0,0,2,0,2,,,,,,,,,,,,,,,,,,,0,,,,,,,,,,0,cl_ben_face_25-488.jpg,2,1,0,0,0,0,0,0,0,0,0,0,2,,0,0,0,0,0,0,0,0,0,0,0,,0,0,0,0,0,0,0,0,0,0,0,,,,,0,1,2022-08-05,2,,,2,1,2022-08-26,2,,,2,,,,,,,0,,,,,,,,,,,,,,,,,,,,,,,,,,,,,,,,,,,0,,,,,,,,,,,,,,,,,,,,,,,,,,,,,,,,,,,0,,,,,,,,,,,,,,,,,,,,,,,,,,,,,,,,,,,0,,,,,,,,,,,,,,,,,,,0,,,,,,,,,,,,,,,,,,,0,,,,,,,,,,,,,,,,,,,0
25-489,"2022-06-13 11:09:05",1,1,0,0,1,2,1,1,2,2,65,2,2022-06-13,10,2,,30,,,,1,0,1,1,0,0,0,1,1,0,0,0,0,30,,,30,30,,,30,30,,,,,1,0,0,1,3,1,,,,,,,,,,1,0,,0,0,0,1,0,0,,0,,,,83.2,186,35.1,85,136,93,30,100,15,1,0,0,1,24.049023008440283,3,1,0,2,,0,0,0,0,0,0,0,0,0,0,0,0,0,0,0,0,0,0,0,0,0,0,0,0,0,0,0,0,0,0,0,0,0,0,0,0,0,0,0,0,0,0,0,0,0,0,0,0,0,0,0,0,0,0,0,0,0,0,0,0,0,0,0,0,0,2,42.8,1,3,,,1,,,,,,1,11.8,87,7.2,2,1,,,9,0,,0,,0,0,0,0,0,0,0,1,0,0,2,0,0,0,0,0,0,0,0,0,0,0,0,0,0,0,0,0,,,,,,,,,,,,,,,,,,0,0,0,0,0,0,,0,0,0,2,1,"2022-06-13 09:12","2022-06-13 11:18",1,"2022-06-13 13:21",1,1,1,"2022-06-13 08:50","2022-06-13 12:21",1,"2022-06-13 11:13","2022-06-13 12:21",2,4,44,44,44,44,4,44,44,44,44,1,1,44,44,1,44,44,1,44,44,1,44,44,2,,,0,1,0,2,3,3,3,3,6,3,3,3,3,6,3,3,3,6,1,3,2,2,1,1,2,,,,,,,,,,,,,,,,,,,,,,,,,,,,,,,,,,,0,,,,,,,,,,,,,,,,,,,,,0,,,,,0,,,0,,,,,,,,,,0,,,,,,,,,,,,,,,,,,,0,,,,,,,,,,0,cl_ben_face_25-489.jpg,2,0,0,1,0,0,1,0,0,0,0,0,2,,0,0,0,0,0,0,0,0,0,0,0,,0,0,0,0,0,0,0,0,0,0,0,,,,,0,1,2022-06-22,5,,2022-06-14,2,1,2022-07-13,1,,,2,,,,,,,0,,,,,,,,,,,,,,,,,,,,,,,,,,,,,,,,,,,0,,,,,,,,,,,,,,,,,,,,,,,,,,,,,,,,,,,0,,,,,,,,,,,,,,,,,,,,,,,,,,,,,,,,,,,0,,,,,,,,,,,,,,,,,,,0,,,,,,,,,,,,,,,,,,,0,,,,,,,,,,,,,,,,,,,0
25-490,"2022-06-02 10:07:52",1,1,0,0,1,2,1,1,2,1,70,2,2022-06-02,6,2,,180,,,,0,0,1,1,0,1,1,1,0,1,0,0,0,,,150,180,180,,150,180,,150,,,,1,1,1,0,1,1,,,,,,,,,,1,0,,0,1,0,1,0,0,,0,,,0,60.5,163,35.8,101,169,92,24,95,15,1,0,0,1,22.770898415446574,3,0,0,2,,0,0,0,0,0,0,0,0,0,0,0,0,0,0,0,0,0,0,0,0,0,0,0,0,0,0,0,0,0,0,0,0,0,0,0,0,0,0,0,0,0,0,0,0,0,0,0,0,0,0,0,0,0,0,0,0,0,0,0,0,0,0,0,0,0,1,,1,3,,,1,,,,,,1,12.4,80,4.6,2,1,,,,0,,0,,0,0,0,0,0,0,0,1,0,0,2,,0,0,0,0,0,0,0,0,0,0,0,0,0,0,0,0,,,,,,,,,,,,,,,,,,0,0,0,0,0,0,,0,0,0,0,1,"2022-06-02 09:54","2022-06-02 12:40",1,"2022-06-02 14:37",1,1,1,"2022-06-02 09:35","2022-06-02 14:37",1,"2022-06-02 11:28","2022-06-02 14:37",2,4,45,45,45,45,4,45,45,45,45,1,1,45,45,1,45,45,1,45,45,1,45,45,2,,,0,1,0,2,3,3,3,3,0,3,3,1,0,3,3,3,0,3,0,,,,,,2,,,,,,,,,,,,,,,,,,,,,,,,,,,,,,,,,,,0,,,,,,,,,,,,,,,,,,,,,0,,,,,0,1,0,2,0,0,0,0,0,0,2,0,0,2,,,,,,,,,,,,,,,,,,,0,,,,,,,,,,0,cl_ben_face_25-490.png,2,0,0,0,0,0,1,0,0,0,1,0,2,,0,0,0,0,0,0,0,0,0,0,0,,0,0,0,0,0,0,0,0,0,0,0,,,,,0,1,2022-06-09,2,,,2,1,2022-06-30,4,,,2,,,,,,,0,,,,,,,,,,,,,,,,,,,,,,,,,,,,,,,,,,,0,,,,,,,,,,,,,,,,,,,,,,,,,,,,,,,,,,,0,,,,,,,,,,,,,,,,,,,,,,,,,,,,,,,,,,,0,,,,,,,,,,,,,,,,,,,0,,,,,,,,,,,,,,,,,,,0,,,,,,,,,,,,,,,,,,,0
25-491,"2022-07-30 11:19:56",1,1,0,0,1,2,1,1,2,1,69,2,2022-07-30,6,2,,60,,,,0,0,1,0,0,0,0,0,0,1,0,0,0,,,,60,,,,,,60,,,,1,0,0,0,3,1,,,,,,,,,,1,1,2,0,1,0,1,0,1,2021-12-20,0,,,1,56.6,165,34.8,74,129,67,22,99,15,1,0,0,1,20.78971533516988,1,0,0,2,,0,0,0,0,0,0,0,0,0,0,0,0,0,0,0,0,0,0,0,0,0,0,0,0,0,0,0,0,0,0,0,0,0,0,0,0,0,0,0,0,0,0,0,0,0,0,0,0,0,0,0,0,0,0,0,0,0,0,0,0,0,0,0,0,0,1,,1,3,,,3,,,,,,1,12.5,87,3.4,2,,,,,,,,,0,0,0,0,0,0,,0,0,0,0,,0,0,0,0,0,0,0,0,0,0,0,0,0,0,0,0,,,,,,,,,,,,,,,,,,0,0,0,0,0,0,,0,0,0,0,1,"2022-07-30 09:25","2022-07-30 12:40",1,"2022-07-30 14:37",1,1,1,"2022-07-30 08:48","2022-07-30 14:37",1,"2022-07-30 10:05","2022-07-30 14:37",2,4,46,46,46,46,4,46,46,46,46,1,1,46,46,1,46,46,1,46,46,1,46,46,2,,,0,1,0,2,5,5,3,5,0,0,0,0,0,0,5,0,5,0,0,,,,,,2,,,,,,,,,,,,,,,,,,,,,,,,,,,,,,,,,,,0,,,,,,,,,,,,,,,,,,,,,0,,,,,0,1,0,2,0,0,0,0,0,0,0,0,0,2,,,,,,,,,,,,,,,,,,,0,,,,,,,,,,0,cl_ben_face_25-491.jpg,2,0,0,0,0,0,0,0,0,0,0,1,2,,0,0,0,0,0,0,0,0,0,0,0,,0,0,0,0,0,0,0,0,0,0,0,,,,,0,1,2022-08-06,2,,,2,1,2022-08-27,1,,,2,,,,,,,0,,,,,,,,,,,,,,,,,,,,,,,,,,,,,,,,,,,0,,,,,,,,,,,,,,,,,,,,,,,,,,,,,,,,,,,0,,,,,,,,,,,,,,,,,,,,,,,,,,,,,,,,,,,0,,,,,,,,,,,,,,,,,,,0,,,,,,,,,,,,,,,,,,,0,,,,,,,,,,,,,,,,,,,0
25-492,"2022-06-11 10:06:51",1,1,0,0,1,2,1,1,2,2,56,2,2022-06-11,9,2,,60,,,,1,0,1,1,1,1,0,1,0,0,0,1,0,60,,60,7,60,60,,7,,,,400,,0,,,,1,1,,,,,,,,,,3,0,,0,0,0,1,0,0,,0,,,1,67.6,192,34.7,129,125,83,36,82,15,1,0,0,1,18.33767361111111,4,0,0,2,,0,0,0,0,0,0,0,0,0,0,0,0,0,0,0,0,0,0,0,0,0,0,0,0,0,0,0,0,0,0,0,0,0,0,0,0,0,0,0,0,0,0,0,0,0,0,0,0,0,0,0,0,0,0,0,0,0,0,0,0,0,0,0,0,0,1,,2,3,,,1,,,,,,1,18.1,85,6.7,2,2,1,,1,1,,0,,0,0,0,0,0,0,1,1,0,0,0,0,0,0,0,0,0,0,0,0,0,0,0,0,0,0,0,0,,,,,,,,,,,,,,,,,,0,0,0,0,0,0,,0,0,0,2,1,"2022-06-11 09:15","2021-10-02 12:28",1,"2022-06-11 15:05",1,1,1,"2022-06-11 08:50","2022-06-11 15:05",1,"2022-06-11 11:36","2022-06-11 15:05",2,4,47,47,47,47,4,47,47,47,47,1,1,47,47,1,47,47,1,47,47,1,47,47,2,,,0,1,0,2,1,3,3,2,0,4,4,4,4,6,2,1,4,4,1,2,2,,1,,2,,,,,,,,,,,,,,,,,,,,,,,,,,,,,,,,,,,0,,,,,,,,,,,,,,,,,,,,,0,,,,,0,1,0,2,0,0,0,0,0,1,1,0,0,2,,,,,,,,,,,,,,,,,,,0,,,,,,,,,,0,,0,,0,0,0,0,0,0,0,0,0,0,0,,0,0,0,0,0,0,0,0,0,0,0,,0,0,0,0,0,0,0,0,0,0,0,,,,,0,1,2022-06-18,5,,2022-06-11,2,1,2022-07-09,5,,2022-06-18,2,,,,,,,0,,,,,,,,,,,,,,,,,,,,,,,,,,,,,,,,,,,0,,,,,,,,,,,,,,,,,,,,,,,,,,,,,,,,,,,0,,,,,,,,,,,,,,,,,,,,,,,,,,,,,,,,,,,0,,,,,,,,,,,,,,,,,,,0,,,,,,,,,,,,,,,,,,,0,,,,,,,,,,,,,,,,,,,0
25-493,"2022-06-15 15:03:16",1,1,0,0,3,2,,,0,,,0,,,,,,,,,0,0,0,0,0,0,0,0,0,0,0,0,0,,,,,,,,,,,,,,,,,,,,,,,,,,,,,,,,,,,,,,,,,,,,,,,,,,,,,,,,,,,,0,,0,0,0,0,0,0,0,0,0,0,0,0,0,0,0,0,0,0,0,0,0,0,0,0,0,0,0,0,0,0,0,0,0,0,0,0,0,0,0,0,0,0,0,0,0,0,0,0,0,0,0,0,0,0,0,0,0,0,0,0,0,0,0,0,0,,,,,,,,,,,,,,,,,0,,,,,,,,,0,0,0,0,0,0,,0,0,0,0,,0,0,0,0,0,0,0,0,0,0,0,0,0,0,0,0,,,,,,,,,,,,,,,,,,0,0,0,0,0,0,,0,0,0,0,,,,,,,,,,,,,,0,,,,,,,,,,,,,,,,,,,,,,,,0,,,0,,,0,,,,,,,,,,,,,,,,,,,,,0,,,,,,,,,,,,,,,,,,,,,,,,,,,,,,,,,,,0,,,,,,,,,,,,,,,,,,,,,0,,,,,0,,,0,,,,,,,,,,0,,,,,,,,,,,,,,,,,,,0,,,,,,,,,,0,,0,,0,0,0,0,0,0,0,0,0,0,0,,0,0,0,0,0,0,0,0,0,0,0,,0,0,0,0,0,0,0,0,0,0,0,,,,,0,,,,,,0,,,,,,0,,,,,,,0,,,,,,,,,,,,,,,,,,,,,,,,,,,,,,,,,,,0,,,,,,,,,,,,,,,,,,,,,,,,,,,,,,,,,,,0,,,,,,,,,,,,,,,,,,,,,,,,,,,,,,,,,,,0,,,,,,,,,,,,,,,,,,,0,,,,,,,,,,,,,,,,,,,0,,,,,,,,,,,,,,,,,,,0
25-494,"2022-05-30 15:04:19",1,1,0,1,,2,,,0,,,0,,,,,,,,,0,0,0,0,0,0,0,0,0,0,0,0,0,,,,,,,,,,,,,,,,,,,,,,,,,,,,,,,,,,,,,,,,,,,,,,,,,,,,,,,,,,,,0,,0,0,0,0,0,0,0,0,0,0,0,0,0,0,0,0,0,0,0,0,0,0,0,0,0,0,0,0,0,0,0,0,0,0,0,0,0,0,0,0,0,0,0,0,0,0,0,0,0,0,0,0,0,0,0,0,0,0,0,0,0,0,0,0,0,,,,,,,,,,,,,,,,,0,,,,,,,,,0,0,0,0,0,0,,0,0,0,0,,0,0,0,0,0,0,0,0,0,0,0,0,0,0,0,0,,,,,,,,,,,,,,,,,,0,0,0,0,0,0,,0,0,0,0,,,,,,,,,,,,,,0,,,,,,,,,,,,,,,,,,,,,,,,0,,,0,,,0,,,,,,,,,,,,,,,,,,,,,0,,,,,,,,,,,,,,,,,,,,,,,,,,,,,,,,,,,0,,,,,,,,,,,,,,,,,,,,,0,,,,,0,,,0,,,,,,,,,,0,,,,,,,,,,,,,,,,,,,0,,,,,,,,,,0,,0,,0,0,0,0,0,0,0,0,0,0,0,,0,0,0,0,0,0,0,0,0,0,0,,0,0,0,0,0,0,0,0,0,0,0,,,,,0,,,,,,0,,,,,,0,,,,,,,0,,,,,,,,,,,,,,,,,,,,,,,,,,,,,,,,,,,0,,,,,,,,,,,,,,,,,,,,,,,,,,,,,,,,,,,0,,,,,,,,,,,,,,,,,,,,,,,,,,,,,,,,,,,0,,,,,,,,,,,,,,,,,,,0,,,,,,,,,,,,,,,,,,,0,,,,,,,,,,,,,,,,,,,0
25-495,"2022-05-25 10:05:38",1,1,0,0,1,2,1,1,2,1,32,2,2022-05-25,6,2,,90,,,,1,0,0,1,0,0,1,1,1,1,1,0,0,21,,,,90,,90,21,21,90,21,,,0,,,,3,1,,,,,,,,,,1,0,,0,0,0,1,0,0,,0,,,1,53,170,36.8,138,141,91,32,97,15,1,0,0,1,18.33910034602076,4,0,0,2,,0,0,0,0,0,0,0,0,0,0,0,0,0,0,0,0,0,0,0,0,0,0,0,0,0,0,0,0,0,0,0,0,0,0,0,0,0,0,0,0,0,0,0,0,0,0,0,0,0,0,0,0,0,0,0,0,0,0,0,0,0,0,0,0,0,1,,2,3,,,1,,,,,,1,8.8,64,10.1,2,1,,,1,1,0,0,,0,0,0,0,0,0,0,1,0,0,2,0,0,0,0,0,0,0,0,0,0,0,0,0,0,0,0,0,,,,,,,,,,,,,,,,,,0,0,0,0,0,0,,0,0,0,2,1,"2022-05-25 09:20","2022-05-25 12:07",1,"2022-05-25 13:33",1,1,1,"2022-05-25 08:55","2022-05-25 13:33",1,"2022-05-25 10:00","2022-05-25 13:33",2,4,48,48,48,48,4,48,48,48,48,1,1,48,48,1,48,48,1,48,48,1,48,48,2,,,0,1,0,2,0,0,3,0,3,3,0,0,4,3,0,0,4,0,0,,,,,,2,,,,,,,,,,,,,,,,,,,,,,,,,,,,,,,,,,,0,,,,,,,,,,,,,,,,,,,,,0,,,,,0,1,0,2,0,0,0,0,0,0,0,0,0,2,,,,,,,,,,,,,,,,,,,0,,,,,,,,,,0,cl_ben_face_25-495.jpg,2,0,0,0,0,0,1,0,0,0,0,0,2,,0,0,0,0,0,0,0,0,0,0,0,,0,0,0,0,0,0,0,0,0,0,0,,,,,0,1,2022-06-07,2,,,2,1,2022-06-21,2,,,2,2022-12-22,0,,,,,1,,,,,,,,,,,,,,,,,,,,,,,,,,,,,,,,,,,0,,,,,,,,,,,,,,,,,,,,,,,,,,,,,,,,,,,0,,,,,,,,,,,,,,,,,,,,,,,,,,,,,,,,,,,0,,,,,,,,,,,,,,,,,,,0,,,,,,,,,,,,,,,,,,,0,,,,,,,,,,,,,,,,,,,0
25-496,"2022-07-14 09:53:47",1,1,0,0,1,2,1,1,2,2,42,2,2022-07-14,10,2,,7,,,,0,0,1,1,1,1,1,1,1,0,0,0,0,,,3,7,7,3,7,7,7,,,,,0,,,,1,1,,,,,,,,,,3,0,,0,0,0,1,0,1,2021-01-12,0,,,1,66.3,180,37.4,107,107,66,36,96,15,1,0,0,1,20.462962962962962,5,1,0,2,,0,0,0,0,0,0,0,0,0,0,0,0,0,0,0,0,0,0,0,0,0,0,0,0,0,0,0,0,0,0,0,0,0,0,0,0,0,0,0,0,0,0,0,0,0,0,0,0,0,0,0,0,0,0,0,0,0,0,0,0,0,0,0,0,0,1,,1,3,,,2,3,,,,,1,11.2,91,13,0,3,,1,3,1,1,1,,0,0,0,0,1,0,0,1,0,0,2,1,0,0,0,1,0,0,0,0,0,0,0,0,0,0,0,0,3,3,1,1,,,,,,,,,,1,,1,,0,0,0,0,1,0,0,1,0,0,0,1,"2022-07-14 08:50","2022-07-14 12:46",1,"2022-07-14 13:59",1,1,1,"2022-07-14 08:40","2022-07-14 13:59",1,"2022-07-14 12:05","2022-07-14 13:59",2,4,49,49,49,49,4,49,49,49,49,1,1,49,49,1,49,49,1,49,49,1,49,49,2,,,0,1,0,2,3,3,6,0,6,0,0,3,0,3,0,6,0,0,1,3,2,2,1,2,2,,,,,,,,,,,,,,,,,,,,,,,,,,,,,,,,,,,0,,,,,,,,,,,,,,,,,,,,,0,,,,,0,1,0,2,0,0,1,0,0,1,0,0,0,2,,,,,,,,,,,,,,,,,,,0,,,,,,,,,,0,cl_ben_face_25-496.jpg,2,0,0,0,1,0,0,0,0,0,0,0,2,,0,0,0,0,0,0,0,0,0,0,0,,0,0,0,0,0,0,0,0,0,0,0,,,,,0,1,2022-07-21,3,,,2,1,2022-08-14,2,,,2,,,,,,,0,,,,,,,,,,,,,,,,,,,,,,,,,,,,,,,,,,,0,,,,,,,,,,,,,,,,,,,,,,,,,,,,,,,,,,,0,,,,,,,,,,,,,,,,,,,,,,,,,,,,,,,,,,,0,,,,,,,,,,,,,,,,,,,0,,,,,,,,,,,,,,,,,,,0,,,,,,,,,,,,,,,,,,,0
25-497,"2022-06-12 11:06:16",1,1,0,0,1,2,1,1,2,1,77,2,2022-06-12,10,2,,30,,,,0,0,0,1,0,1,0,1,0,0,0,0,0,,,21,,14,,,30,,,,,,0,,,,2,1,,,,,,,,,,1,0,,0,1,0,1,0,0,,0,,,0,70.1,163,34.7,75,143,86,24,97,15,1,0,0,1,26.384131883021567,3,0,0,2,,0,0,0,0,0,0,0,0,0,0,0,0,0,0,0,0,0,0,0,0,0,0,0,0,0,0,0,0,0,0,0,0,0,0,0,0,0,0,0,0,0,0,0,0,0,0,0,0,0,0,0,0,0,0,0,0,0,0,0,0,0,0,0,0,0,1,,1,3,,,1,,,,,,1,10.3,81,2.4,2,1,,,11,0,,1,6,0,0,0,1,0,0,0,1,0,0,2,,0,0,0,0,0,0,0,0,0,0,0,0,0,0,0,0,,,,,,,,,,,,,,,,,,0,0,0,0,0,0,,0,0,0,0,1,"2022-06-12 10:45","2022-06-12 12:46",1,"2022-06-12 13:49",1,1,1,"2022-06-12 09:55","2022-06-12 13:59",1,"2022-06-12 13:20","2022-06-12 13:59",2,4,50,50,50,50,4,50,50,50,50,1,1,50,50,1,50,50,1,50,50,1,50,50,2,,,0,1,0,2,0,3,3,0,0,0,0,0,0,3,0,0,0,0,0,,,,,,2,,,,,,,,,,,,,,,,,,,,,,,,,,,,,,,,,,,0,,,,,,,,,,,,,,,,,,,,,0,,,,,0,1,0,2,0,0,0,0,0,0,0,0,0,2,,,,,,,,,,,,,,,,,,,0,,,,,,,,,,0,cl_ben_face_25-497.jpg,2,0,0,0,0,0,0,0,0,0,1,0,2,,0,0,0,0,0,0,0,0,0,0,0,,0,0,0,0,0,0,0,0,0,0,0,,,,,0,1,2022-06-21,2,,,2,1,2022-07-13,1,,,2,,,,,,,0,,,,,,,,,,,,,,,,,,,,,,,,,,,,,,,,,,,0,,,,,,,,,,,,,,,,,,,,,,,,,,,,,,,,,,,0,,,,,,,,,,,,,,,,,,,,,,,,,,,,,,,,,,,0,,,,,,,,,,,,,,,,,,,0,,,,,,,,,,,,,,,,,,,0,,,,,,,,,,,,,,,,,,,0
25-498,"2022-06-04 10:14:04",1,1,0,0,1,2,1,1,2,1,49,2,2022-06-04,6,2,,120,,,,0,0,0,1,0,0,0,0,0,0,0,0,0,,,,,3,,,,,,,,,0,,,,2,1,,,,,,,,,,1,0,,0,1,0,1,0,0,,0,,,1,108.9,174,35.4,104,177,123,26,95,15,1,0,0,1,35.96908442330559,1,0,0,2,,0,0,0,0,0,0,0,0,0,0,0,0,0,0,0,0,0,0,0,0,0,0,0,0,0,0,0,0,0,0,0,0,0,0,0,0,0,0,0,0,0,0,0,0,0,0,0,0,0,0,0,0,0,0,0,0,0,0,0,0,0,0,0,0,0,1,,1,3,,,1,,,,,,1,15.2,82,4.5,2,1,,,11,0,,1,,0,0,0,1,0,0,0,1,0,0,2,,0,0,0,0,0,0,0,0,0,0,0,0,0,0,0,0,,,,,,,,,,,,,,,,,,0,0,0,0,0,0,,0,0,0,0,1,"2022-06-04 09:10","2022-06-04 11:30",1,"2022-06-04 12:40",1,1,1,"2022-06-04 08:45","2022-06-04 12:40",1,"2022-06-04 12:00","2022-06-04 12:40",2,4,51,51,51,51,4,51,51,51,51,1,1,51,51,1,51,51,1,51,51,1,51,51,2,,,0,1,0,2,0,0,0,0,0,0,0,0,0,0,0,0,0,0,0,,,,,,2,,,,,,,,,,,,,,,,,,,,,,,,,,,,,,,,,,,0,,,,,,,,,,,,,,,,,,,,,0,,,,,0,1,0,2,0,2,0,0,0,0,0,0,0,2,,,,,,,,,,,,,,,,,,,0,,,,,,,,,,0,cl_ben_face_25-498.jpg,2,1,0,0,0,0,0,0,0,0,0,0,2,,0,0,0,0,0,0,0,0,0,0,0,,0,0,0,0,0,0,0,0,0,0,0,,,,,0,1,2022-06-12,2,,,2,1,,1,,,2,,,,,,,0,,,,,,,,,,,,,,,,,,,,,,,,,,,,,,,,,,,0,,,,,,,,,,,,,,,,,,,,,,,,,,,,,,,,,,,0,,,,,,,,,,,,,,,,,,,,,,,,,,,,,,,,,,,0,,,,,,,,,,,,,,,,,,,0,,,,,,,,,,,,,,,,,,,0,,,,,,,,,,,,,,,,,,,0
25-499,"2022-07-03 11:31:00",1,1,0,0,1,2,1,1,2,1,54,2,2022-07-03,6,2,,30,,,,1,0,1,1,0,1,0,1,1,0,0,0,0,44,,30,30,30,,,30,30,,,,,1,0,0,1,1,1,,,,,,,,,,1,1,2,0,0,0,1,0,0,,0,,,,45.8,156,34.2,70,139,71,24,98,15,1,0,0,1,18.819855358316897,2,0,0,2,,0,0,0,0,0,0,0,0,0,0,0,0,0,0,0,0,0,0,0,0,0,0,0,0,0,0,0,0,0,0,0,0,0,0,0,0,0,0,0,0,0,0,0,0,0,0,0,0,0,0,0,0,0,0,0,0,0,0,0,0,0,0,0,0,0,1,,1,3,,,1,,,,,,1,7.3,97,4.1,2,1,,,,0,,1,,0,0,0,1,0,0,0,1,0,0,2,,0,0,0,0,0,0,0,0,0,0,0,0,0,0,0,0,,,,,,,,,,,,,,,,,,0,0,0,0,0,0,,0,0,0,0,1,"2022-07-03 09:20","2022-07-03 11:30",1,"2022-07-03 12:40",1,1,1,"2022-07-03 08:53","2022-07-03 12:40",1,"2022-07-03 12:25","2022-07-03 12:40",2,4,52,52,52,52,4,52,52,52,52,1,1,52,52,1,52,52,1,52,52,1,52,52,2,,,0,1,0,2,0,3,3,0,2,0,0,0,0,0,0,0,0,0,0,,,,,,2,,,,,,,,,,,,,,,,,,,,,,,,,,,,,,,,,,,0,,,,,,,,,,,,,,,,,,,,,0,,,,,0,1,0,2,0,0,0,0,0,0,0,0,0,2,,,,,,,,,,,,,,,,,,,0,,,,,,,,,,0,cl_ben_face_25-499.jpg,2,0,0,1,0,0,1,0,1,0,0,0,2,,0,0,0,0,0,0,0,0,0,0,0,,0,0,0,0,0,0,0,0,0,0,0,,,,,0,1,2022-07-11,2,,,2,,,,,,0,,,,,,,0,,,,,,,,,,,,,,,,,,,,,,,,,,,,,,,,,,,0,,,,,,,,,,,,,,,,,,,,,,,,,,,,,,,,,,,0,,,,,,,,,,,,,,,,,,,,,,,,,,,,,,,,,,,0,,,,,,,,,,,,,,,,,,,0,,,,,,,,,,,,,,,,,,,0,,,,,,,,,,,,,,,,,,,0
25-500,"2022-09-04 16:20:40",1,1,0,1,,2,,,0,,,0,,,,,,,,,0,0,0,0,0,0,0,0,0,0,0,0,0,,,,,,,,,,,,,,,,,,,,,,,,,,,,,,,,,,,,,,,,,,,,,,,,,,,,,,,,,,,,0,,0,0,0,0,0,0,0,0,0,0,0,0,0,0,0,0,0,0,0,0,0,0,0,0,0,0,0,0,0,0,0,0,0,0,0,0,0,0,0,0,0,0,0,0,0,0,0,0,0,0,0,0,0,0,0,0,0,0,0,0,0,0,0,0,0,,,,,,,,,,,,,,,,,0,,,,,,,,,0,0,0,0,0,0,,0,0,0,0,,0,0,0,0,0,0,0,0,0,0,0,0,0,0,0,0,,,,,,,,,,,,,,,,,,0,0,0,0,0,0,,0,0,0,0,,,,,,,,,,,,,,0,,,,,,,,,,,,,,,,,,,,,,,,0,,,0,,,0,,,,,,,,,,,,,,,,,,,,,0,,,,,,,,,,,,,,,,,,,,,,,,,,,,,,,,,,,0,,,,,,,,,,,,,,,,,,,,,0,,,,,0,,,0,,,,,,,,,,0,,,,,,,,,,,,,,,,,,,0,,,,,,,,,,0,,0,,0,0,0,0,0,0,0,0,0,0,0,,0,0,0,0,0,0,0,0,0,0,0,,0,0,0,0,0,0,0,0,0,0,0,,,,,0,,,,,,0,,,,,,0,,,,,,,0,,,,,,,,,,,,,,,,,,,,,,,,,,,,,,,,,,,0,,,,,,,,,,,,,,,,,,,,,,,,,,,,,,,,,,,0,,,,,,,,,,,,,,,,,,,,,,,,,,,,,,,,,,,0,,,,,,,,,,,,,,,,,,,0,,,,,,,,,,,,,,,,,,,0,,,,,,,,,,,,,,,,,,,0
25-501,"2022-07-14 16:21:12",1,1,0,1,,2,,,0,,,0,,,,,,,,,0,0,0,0,0,0,0,0,0,0,0,0,0,,,,,,,,,,,,,,,,,,,,,,,,,,,,,,,,,,,,,,,,,,,,,,,,,,,,,,,,,,,,0,,0,0,0,0,0,0,0,0,0,0,0,0,0,0,0,0,0,0,0,0,0,0,0,0,0,0,0,0,0,0,0,0,0,0,0,0,0,0,0,0,0,0,0,0,0,0,0,0,0,0,0,0,0,0,0,0,0,0,0,0,0,0,0,0,0,,,,,,,,,,,,,,,,,0,,,,,,,,,0,0,0,0,0,0,,0,0,0,0,,0,0,0,0,0,0,0,0,0,0,0,0,0,0,0,0,,,,,,,,,,,,,,,,,,0,0,0,0,0,0,,0,0,0,0,,,,,,,,,,,,,,0,,,,,,,,,,,,,,,,,,,,,,,,0,,,0,,,0,,,,,,,,,,,,,,,,,,,,,0,,,,,,,,,,,,,,,,,,,,,,,,,,,,,,,,,,,0,,,,,,,,,,,,,,,,,,,,,0,,,,,0,,,0,,,,,,,,,,0,,,,,,,,,,,,,,,,,,,0,,,,,,,,,,0,,0,,0,0,0,0,0,0,0,0,0,0,0,,0,0,0,0,0,0,0,0,0,0,0,,0,0,0,0,0,0,0,0,0,0,0,,,,,0,,,,,,0,,,,,,0,,,,,,,0,,,,,,,,,,,,,,,,,,,,,,,,,,,,,,,,,,,0,,,,,,,,,,,,,,,,,,,,,,,,,,,,,,,,,,,0,,,,,,,,,,,,,,,,,,,,,,,,,,,,,,,,,,,0,,,,,,,,,,,,,,,,,,,0,,,,,,,,,,,,,,,,,,,0,,,,,,,,,,,,,,,,,,,0
25-502,"2022-08-24 11:21:47",1,1,0,0,1,2,1,1,2,2,30,2,2022-08-24,9,2,,120,,,,1,1,1,1,0,1,1,1,0,1,0,0,1,120,120,90,90,120,,90,12,,30,,,120,0,,,,2,1,,,,,,,,,,1,0,,0,0,0,1,0,0,,0,,,0,45.7,166,36.3,111,95,61,30,99,15,1,0,1,2,16.584409928872116,2,0,0,2,,0,0,0,0,0,0,0,0,0,0,0,0,0,0,0,0,0,0,0,0,0,0,0,0,0,0,0,0,0,0,0,0,0,0,0,0,0,0,0,0,0,0,0,0,0,0,0,0,0,0,0,0,0,0,0,0,0,0,0,0,0,0,0,0,0,1,,2,3,,,1,,,,,,1,7.6,77,9.9,2,1,,,1,1,0,0,,0,0,0,0,0,0,0,1,0,0,2,0,0,0,0,0,0,0,0,0,0,0,0,0,0,0,0,0,,,,,,,,,,,,,,,,,,0,0,0,0,0,0,,0,0,0,2,1,"2022-08-24 10:23","2022-08-24 13:53",1,"2022-08-24 14:45",1,1,1,"2022-08-24 09:58","2022-08-24 14:45",1,"2022-08-24 12:25","2022-08-24 14:45",2,4,53,53,53,53,4,53,53,53,53,1,1,53,53,1,53,53,1,53,53,1,53,53,2,,,0,1,0,2,4,3,4,4,2,2,3,3,3,0,4,4,0,3,0,,,,,,2,,,,,,,,,,,,,,,,,,,,,,,,,,,,,,,,,,,0,,,,,,,,,,,,,,,,,,,,,0,,,,,0,1,0,2,0,0,0,0,0,0,1,0,0,2,,,,,,,,,,,,,,,,,,,0,,,,,,,,,,0,cl_ben_face_25-502.jpg,2,0,1,1,0,1,1,0,0,0,0,0,2,,0,0,0,0,0,0,0,0,0,0,0,,0,0,0,0,0,0,0,0,0,0,0,,,,,0,0,,,,,2,0,,,,,2,,,,,,,0,,,,,,,,,,,,,,,,,,,,,,,,,,,,,,,,,,,0,,,,,,,,,,,,,,,,,,,,,,,,,,,,,,,,,,,0,,,,,,,,,,,,,,,,,,,,,,,,,,,,,,,,,,,0,,,,,,,,,,,,,,,,,,,0,,,,,,,,,,,,,,,,,,,0,,,,,,,,,,,,,,,,,,,0
25-503,"2022-07-24 12:41:26",1,1,0,0,1,2,1,1,2,2,47,2,2022-07-24,9,2,,90,,,,1,0,1,1,0,1,1,1,1,1,1,0,0,90,,90,,90,,90,90,90,90,3,,,1,1,0,0,1,1,,,,,,,,,,1,0,,0,0,0,1,0,0,,0,,,0,33.9,150,35.7,98,88,68,30,100,15,1,0,1,2,15.066666666666666,4,0,0,2,,0,0,0,0,0,0,0,0,0,0,0,0,0,0,0,0,0,0,0,0,0,0,0,0,0,0,0,0,0,0,0,0,0,0,0,0,0,0,0,0,0,0,0,0,0,0,0,0,0,0,0,0,0,0,0,0,0,0,0,0,0,0,0,0,0,1,,2,3,,,1,,,,,,1,9.0,81,8.1,2,1,,,1,1,0,0,,0,0,0,0,0,0,0,1,0,0,2,0,0,0,0,0,0,0,0,0,0,0,0,0,0,0,0,0,,,,,,,,,,,,,,,,,,0,0,0,0,0,0,,0,0,0,2,1,"2022-07-24 12:00","2022-07-24 13:53",1,"2022-07-24 14:45",1,1,1,"2022-07-24 11:40","2022-07-24 14:45",1,"2022-07-24 12:25","2022-07-24 14:45",2,4,54,54,54,54,4,54,54,54,54,1,1,54,54,1,54,54,1,54,54,1,54,54,2,,,0,1,0,2,4,4,0,4,3,3,3,3,3,3,3,4,0,0,0,,,,,,2,,,,,,,,,,,,,,,,,,,,,,,,,,,,,,,,,,,0,,,,,,,,,,,,,,,,,,,,,0,,,,,0,1,0,2,0,0,0,0,0,0,0,0,2,2,,,,,,,,,,,,,,,,,,,0,,,,,,,,,,0,cl_ben_face_25-503.jpg,2,0,1,1,0,0,1,0,0,0,0,0,2,,0,0,0,0,0,0,0,0,0,0,0,,0,0,0,0,0,0,0,0,0,0,0,,,,,0,1,2022-07-31,2,,,2,1,2022-08-28,2,,,2,2023-02-14,0,,,,,1,,,,,,,,,,,,,,,,,,,,,,,,,,,,,,,,,,,0,,,,,,,,,,,,,,,,,,,,,,,,,,,,,,,,,,,0,,,,,,,,,,,,,,,,,,,,,,,,,,,,,,,,,,,0,,,,,,,,,,,,,,,,,,,0,,,,,,,,,,,,,,,,,,,0,,,,,,,,,,,,,,,,,,,0
25-504,"2022-06-29 17:37:44",1,1,0,1,,2,,,0,,,0,,,,,,,,,0,0,0,0,0,0,0,0,0,0,0,0,0,,,,,,,,,,,,,,,,,,,,,,,,,,,,,,,,,,,,,,,,,,,,,,,,,,,,,,,,,,,,0,,0,0,0,0,0,0,0,0,0,0,0,0,0,0,0,0,0,0,0,0,0,0,0,0,0,0,0,0,0,0,0,0,0,0,0,0,0,0,0,0,0,0,0,0,0,0,0,0,0,0,0,0,0,0,0,0,0,0,0,0,0,0,0,0,0,,,,,,,,,,,,,,,,,0,,,,,,,,,0,0,0,0,0,0,,0,0,0,0,,0,0,0,0,0,0,0,0,0,0,0,0,0,0,0,0,,,,,,,,,,,,,,,,,,0,0,0,0,0,0,,0,0,0,0,,,,,,,,,,,,,,0,,,,,,,,,,,,,,,,,,,,,,,,0,,,0,,,0,,,,,,,,,,,,,,,,,,,,,0,,,,,,,,,,,,,,,,,,,,,,,,,,,,,,,,,,,0,,,,,,,,,,,,,,,,,,,,,0,,,,,0,,,0,,,,,,,,,,0,,,,,,,,,,,,,,,,,,,0,,,,,,,,,,0,,0,,0,0,0,0,0,0,0,0,0,0,0,,0,0,0,0,0,0,0,0,0,0,0,,0,0,0,0,0,0,0,0,0,0,0,,,,,0,,,,,,0,,,,,,0,,,,,,,0,,,,,,,,,,,,,,,,,,,,,,,,,,,,,,,,,,,0,,,,,,,,,,,,,,,,,,,,,,,,,,,,,,,,,,,0,,,,,,,,,,,,,,,,,,,,,,,,,,,,,,,,,,,0,,,,,,,,,,,,,,,,,,,0,,,,,,,,,,,,,,,,,,,0,,,,,,,,,,,,,,,,,,,0
25-505,"2022-06-10 09:38:09",1,1,0,0,1,2,1,1,2,2,34,2,2022-06-10,6,2,,150,,,,1,0,1,1,0,1,1,1,1,1,0,0,0,150,,90,4,4,,150,150,150,150,,,,0,,,,1,1,,,,,,,,,,2,0,,0,1,0,1,0,1,2020-12-02,0,,,1,48.6,176,35,91,120,79,18,99,15,0,0,0,0,15.68956611570248,4,0,0,2,,0,0,0,0,0,0,0,0,0,0,0,0,0,0,0,0,0,0,0,0,0,0,0,0,0,0,0,0,0,0,0,0,0,0,0,0,0,0,0,0,0,0,0,0,0,0,0,0,0,0,0,0,0,0,0,0,0,0,0,0,0,0,0,0,0,1,,1,3,,,1,,,,,,1,11.1,85,6.1,2,,,,,,,,,0,0,0,0,0,0,,0,0,0,0,,0,0,0,0,0,0,0,0,0,0,0,0,0,0,0,0,,,,,,,,,,,,,,,,,,0,0,0,0,0,0,,0,0,0,0,1,"2022-06-10 09:00","2022-06-10 12:57",1,"2022-06-10 14:44",1,1,1,"2022-06-10 08:35","2022-06-10 14:44",1,"2022-06-10 11:55","2022-06-10 14:44",2,4,55,55,55,55,4,55,55,55,55,1,1,55,55,1,55,55,1,55,55,1,55,55,2,,,0,1,0,2,0,0,3,0,3,3,3,3,0,3,0,3,0,0,0,,,,,,2,,,,,,,,,,,,,,,,,,,,,,,,,,,,,,,,,,,0,,,,,,,,,,,,,,,,,,,,,0,,,,,0,1,0,2,0,0,0,0,0,1,0,0,0,2,,,,,,,,,,,,,,,,,,,0,,,,,,,,,,0,cl_ben_face_25-505.jpg,2,0,0,1,0,0,1,1,0,0,0,0,2,,0,0,0,0,0,0,0,0,0,0,0,,0,0,0,0,0,0,0,0,0,0,0,,,,,0,0,,,,,2,,,,,,0,,,,,,,0,,,,,,,,,,,,,,,,,,,,,,,,,,,,,,,,,,,0,,,,,,,,,,,,,,,,,,,,,,,,,,,,,,,,,,,0,,,,,,,,,,,,,,,,,,,,,,,,,,,,,,,,,,,0,,,,,,,,,,,,,,,,,,,0,,,,,,,,,,,,,,,,,,,0,,,,,,,,,,,,,,,,,,,0
25-506,"2022-06-25 10:38:57",1,1,0,0,1,2,1,1,2,2,24,2,2022-06-25,6,2,,21,,,,1,0,0,1,0,1,1,1,0,0,1,0,0,14,,21,,21,,4,4,,,7,,,0,,,,2,1,,,,,,,,,,4,0,,0,0,0,1,0,0,,0,,,1,39.7,159,35.2,141,112,68,22,,15,1,0,0,1,15.70349274158459,2,0,0,2,,0,0,0,0,0,0,0,0,0,0,0,0,0,0,0,0,0,0,0,0,0,0,0,0,0,0,0,0,0,0,0,0,0,0,0,0,0,0,0,0,0,0,0,0,0,0,0,0,0,0,0,0,0,0,0,0,0,0,0,0,0,0,0,0,0,1,,2,3,,,1,,,,,,1,11.2,79,10.2,2,1,,,1,1,0,0,,0,0,0,0,0,0,0,1,0,0,2,0,0,0,0,0,0,0,0,0,0,0,0,0,0,0,0,0,,,,,,,,,,,,,,,,,,0,0,0,0,0,0,,0,0,0,2,1,"2022-06-25 10:05","2022-06-25 12:57",1,"2022-06-25 14:44",1,1,1,"2022-06-25 09:35","2022-06-25 14:44",1,"2022-06-25 13:10","2022-06-25 14:44",2,4,56,56,56,56,4,56,56,56,56,1,1,56,56,1,56,56,1,56,56,1,56,56,2,,,0,1,0,2,0,0,0,0,3,3,3,3,3,3,0,3,4,3,0,,,,,,2,,,,,,,,,,,,,,,,,,,,,,,,,,,,,,,,,,,0,,,,,,,,,,,,,,,,,,,,,0,,,,,0,1,0,2,1,0,0,0,0,0,0,0,0,2,,,,,,,,,,,,,,,,,,,0,,,,,,,,,,0,cl_ben_face_25-506.jpg,2,0,0,0,0,1,1,0,0,0,0,0,2,,0,0,0,0,0,0,0,0,0,0,0,,0,0,0,0,0,0,0,0,0,0,0,,,,,0,1,2022-07-02,2,,,2,1,2022-07-29,2,,,2,,,,,,,0,,,,,,,,,,,,,,,,,,,,,,,,,,,,,,,,,,,0,,,,,,,,,,,,,,,,,,,,,,,,,,,,,,,,,,,0,,,,,,,,,,,,,,,,,,,,,,,,,,,,,,,,,,,0,,,,,,,,,,,,,,,,,,,0,,,,,,,,,,,,,,,,,,,0,,,,,,,,,,,,,,,,,,,0
25-507,"2022-07-01 10:15:33",1,1,0,0,1,2,1,1,2,2,64,2,2022-07-01,6,2,,14,,,,1,0,0,1,0,1,1,1,1,1,0,0,1,30,,14,,14,,14,14,14,14,,,14,0,,,,2,1,,,,,,,,,,1,0,,0,0,0,1,0,1,2022-01-29,0,,,1,52,172,35.2,144,142,91,44,97,15,1,0,0,1,17.577068685776094,3,0,0,2,,0,0,0,0,0,0,0,0,0,0,0,0,0,0,0,0,0,0,0,0,0,0,0,0,0,0,0,0,0,0,0,0,0,0,0,0,0,0,0,0,0,0,0,0,0,0,0,0,0,0,0,0,0,0,0,0,0,0,0,0,0,0,0,0,0,1,,2,3,,,1,,,,,,1,11.7,77,7.1,2,1,,,1,1,0,0,,0,0,0,0,0,0,0,1,0,0,2,0,0,0,0,0,0,0,0,0,0,0,0,0,0,0,0,0,,,,,,,,,,,,,,,,,,0,0,0,0,0,0,,0,0,0,2,1,"2022-07-01 09:40","2022-07-01 11:58",1,"2022-07-01 13:36",1,1,1,"2022-07-01 09:00","2022-07-01 13:36",1,"2022-07-01 11:45","2022-07-01 13:36",2,4,57,57,57,57,4,57,57,57,57,1,1,57,57,1,57,57,1,57,57,1,57,57,2,,,0,1,0,2,0,0,3,0,0,3,3,3,3,3,3,3,3,0,0,,,,,,2,,,,,,,,,,,,,,,,,,,,,,,,,,,,,,,,,,,0,,,,,,,,,,,,,,,,,,,,,0,,,,,0,1,0,2,1,0,0,0,0,0,0,0,0,2,,,,,,,,,,,,,,,,,,,0,,,,,,,,,,0,cl_ben_face_25-507.jpg,2,0,0,1,0,0,1,0,0,0,0,0,2,,0,0,0,0,0,0,0,0,0,0,0,,0,0,0,0,0,0,0,0,0,0,0,,,,,0,1,2022-07-09,2,,,2,1,2022-07-31,2,,,2,,,,,,,0,,,,,,,,,,,,,,,,,,,,,,,,,,,,,,,,,,,0,,,,,,,,,,,,,,,,,,,,,,,,,,,,,,,,,,,0,,,,,,,,,,,,,,,,,,,,,,,,,,,,,,,,,,,0,,,,,,,,,,,,,,,,,,,0,,,,,,,,,,,,,,,,,,,0,,,,,,,,,,,,,,,,,,,0
25-508,"2022-06-07 11:06:03",1,1,0,0,1,2,1,1,2,2,38,2,2022-06-07,6,2,,21,,,,1,0,1,1,0,1,1,1,1,0,0,0,0,30,,30,7,7,,21,21,21,,,,,0,,,,3,1,,,,,,,,,,3,0,,0,0,0,1,0,0,,0,,,1,45.6,174,34.4,107,104,71,28,99,15,1,0,0,1,15.061434799841459,3,0,0,2,,0,0,0,0,0,0,0,0,0,0,0,0,0,0,0,0,0,0,0,0,0,0,0,0,0,0,0,0,0,0,0,0,0,0,0,0,0,0,0,0,0,0,0,0,0,0,0,0,0,0,0,0,0,0,0,0,0,0,0,0,0,0,0,0,0,2,42.0,2,3,,,1,,,,,,1,8.6,84,13.7,2,1,,,1,1,0,0,,0,0,0,0,0,0,0,1,0,0,2,0,0,0,0,0,0,0,0,0,0,0,0,0,0,0,0,0,,,,,,,,,,,,,,,,,,0,0,0,0,0,0,,0,0,0,2,1,"2022-06-07 09:55","2022-06-07 11:58",1,"2022-06-07 13:36",1,1,1,"2022-06-07 09:10","2022-06-07 13:36",1,"2022-06-07 12:20","2022-06-07 13:36",2,4,58,58,58,58,4,58,58,58,58,1,1,58,58,1,58,58,1,58,58,1,58,58,2,,,0,1,0,2,3,4,3,3,3,4,4,4,4,3,0,3,4,2,0,,,,,,2,,,,,,,,,,,,,,,,,,,,,,,,,,,,,,,,,,,0,,,,,,,,,,,,,,,,,,,,,0,,,,,0,1,0,2,0,0,0,0,0,0,0,0,0,2,,,,,,,,,,,,,,,,,,,0,,,,,,,,,,0,cl_ben_face_25-508.jpg,2,0,0,1,0,0,1,0,0,0,0,0,2,,0,0,0,0,0,0,0,0,0,0,0,,0,0,0,0,0,0,0,0,0,0,0,,,,,0,1,2022-06-15,2,,,2,1,2022-07-07,2,,,2,2022-12-24,2,,,,,1,,,,,,,,,,,,,,,,,,,,,,,,,,,,,,,,,,,0,,,,,,,,,,,,,,,,,,,,,,,,,,,,,,,,,,,0,,,,,,,,,,,,,,,,,,,,,,,,,,,,,,,,,,,0,,,,,,,,,,,,,,,,,,,0,,,,,,,,,,,,,,,,,,,0,,,,,,,,,,,,,,,,,,,0
25-509,"2022-01-31 09:35:42",1,1,0,0,1,2,1,1,2,2,52,2,2022-01-31,9,2,,60,,,,1,0,1,1,1,1,0,1,1,1,0,0,0,60,,14,60,60,30,,40,30,30,,,,1,0,0,0,3,1,,,,,,,,,,1,1,2,0,1,0,1,0,1,2021-07-01,0,,,1,61.4,175,35,98,190,117,20,100,15,0,0,0,0,20.048979591836734,2,0,0,2,,0,0,0,0,0,0,0,0,0,0,0,0,0,0,0,0,0,0,0,0,0,0,0,0,0,0,0,0,0,0,0,0,0,0,0,0,0,0,0,0,0,0,0,0,0,0,0,0,0,0,0,0,0,0,0,0,0,0,0,0,0,0,0,0,0,1,,1,3,,,1,,,,,,1,12.2,78,5.8,2,1,,,,0,,1,,0,0,0,1,0,0,0,1,0,0,2,,0,0,0,0,0,0,0,0,0,0,0,0,0,0,0,0,,,,,,,,,,,,,,,,,,0,0,0,0,0,0,,0,0,0,0,1,"2022-01-31 09:00","2022-01-31 12:12",1,"2022-01-31 13:40",1,1,1,"2022-01-31 08:35","2022-01-31 13:40",1,"2022-01-31 10:55","2022-01-31 13:40",2,4,59,59,59,59,4,59,59,59,59,1,1,59,59,1,59,59,1,59,59,1,59,59,2,,,0,1,0,2,0,3,3,0,3,0,0,3,0,3,3,0,0,0,0,,,,,,2,,,,,,,,,,,,,,,,,,,,,,,,,,,,,,,,,,,0,,,,,,,,,,,,,,,,,,,,,0,,,,,0,1,0,2,0,0,0,0,0,0,0,0,0,2,,,,,,,,,,,,,,,,,,,0,,,,,,,,,,0,cl_ben_face_25-509.jpg,2,1,0,0,0,0,0,0,0,0,0,0,2,,0,0,0,0,0,0,0,0,0,0,0,,0,0,0,0,0,0,0,0,0,0,0,,,,,0,1,2022-02-09,1,,,2,1,2022-02-28,1,,,2,,,,,,,0,,,,,,,,,,,,,,,,,,,,,,,,,,,,,,,,,,,0,,,,,,,,,,,,,,,,,,,,,,,,,,,,,,,,,,,0,,,,,,,,,,,,,,,,,,,,,,,,,,,,,,,,,,,0,,,,,,,,,,,,,,,,,,,0,,,,,,,,,,,,,,,,,,,0,,,,,,,,,,,,,,,,,,,0
25-510,"2022-08-27 10:51:56",1,1,0,0,1,2,1,1,2,2,36,2,2022-08-27,9,2,,14,,,,1,0,1,1,0,1,1,1,1,0,1,0,0,14,,14,14,14,,14,14,14,,14,,,0,,,,1,2,2012,0,,3,,5,,,,1,0,,0,0,0,1,,1,2021-09-26,,,,,56.7,171,36.8,125,97,66,36,96,15,1,0,1,2,19.390581717451525,2,0,0,2,,0,0,0,0,0,0,0,0,0,0,0,0,0,0,0,0,0,0,0,0,0,0,0,0,0,0,0,0,0,0,0,0,0,0,0,0,0,0,0,0,0,0,0,0,0,0,0,0,0,0,0,0,0,0,0,0,0,0,0,0,0,0,0,0,0,1,,2,3,,,1,,,,,,1,15.5,83,12.6,2,1,,,1,1,0,0,,0,0,0,0,0,0,0,1,0,0,2,0,0,0,0,0,0,0,0,0,0,0,0,0,0,0,0,0,,,,,,,,,,,,,,,,,,0,0,0,0,0,0,,0,0,0,2,1,"2022-08-27 09:17","2022-08-27 12:12",1,"2022-08-27 13:40",1,1,1,"2022-08-27 08:55","2022-08-27 13:40",1,"2022-08-27 12:05","2022-08-27 13:40",2,4,60,60,60,60,4,60,60,60,60,1,1,60,60,1,60,60,1,60,60,1,60,60,2,,,0,1,0,2,3,3,3,3,4,0,3,3,3,3,4,4,1,3,0,,,,,,2,,,,,,,,,,,,,,,,,,,,,,,,,,,,,,,,,,,0,,,,,,,,,,,,,,,,,,,,,0,,,,,0,1,0,2,0,0,1,0,0,0,0,0,0,2,,,,,,,,,,,,,,,,,,,0,,,,,,,,,,0,cl_ben_face_25-510.jpg,2,0,0,1,0,0,0,0,0,0,0,0,2,,0,0,0,0,0,0,0,0,0,0,0,,0,0,0,0,0,0,0,0,0,0,0,,,,,0,1,2022-09-05,2,,,2,1,2022-09-24,2,,,2,2023-03-13,0,,,,,1,,,,,,,,,,,,,,,,,,,,,,,,,,,,,,,,,,,0,,,,,,,,,,,,,,,,,,,,,,,,,,,,,,,,,,,0,,,,,,,,,,,,,,,,,,,,,,,,,,,,,,,,,,,0,,,,,,,,,,,,,,,,,,,0,,,,,,,,,,,,,,,,,,,0,,,,,,,,,,,,,,,,,,,0
25-511,"2022-09-08 10:01:28",1,1,0,0,1,2,1,1,2,1,26,2,2022-09-08,10,2,,14,,,,1,0,1,1,0,1,0,1,0,0,0,0,0,3,,7,14,5,,,30,,,,,,0,,,,1,1,,,,,,,,,,1,0,,0,0,0,1,0,0,,0,,,0,64.6,159,35,114,124,103,24,98,15,1,0,0,1,25.552786677742176,2,0,0,2,,0,0,0,0,0,0,0,0,0,0,0,0,0,0,0,0,0,0,0,0,0,0,0,0,0,0,0,0,0,0,0,0,0,0,0,0,0,0,0,0,0,0,0,0,0,0,0,0,0,0,0,0,0,0,0,0,0,0,0,0,0,0,0,0,0,1,,1,3,,,1,,,,,,1,14.2,78,4.5,2,1,,,11,0,,1,6,0,0,0,1,0,0,0,1,0,0,2,,0,0,0,0,0,0,0,0,0,0,0,0,0,0,0,0,,,,,,,,,,,,,,,,,,0,0,0,0,0,0,,0,0,0,0,1,"2022-09-08 09:24","2022-09-08 12:30",1,"2022-09-08 14:00",1,1,1,"2022-09-08 08:47","2022-09-08 14:00",1,"2022-09-08 13:00","2022-09-08 14:00",2,4,61,61,61,61,4,61,61,61,61,1,1,61,61,1,61,61,1,61,61,1,61,61,2,,,0,1,0,2,3,0,3,0,0,0,0,0,0,3,0,0,0,3,0,,,,,,2,,,,,,,,,,,,,,,,,,,,,,,,,,,,,,,,,,,0,,,,,,,,,,,,,,,,,,,,,0,,,,,0,1,0,2,0,0,0,0,0,0,0,0,0,2,,,,,,,,,,,,,,,,,,,0,,,,,,,,,,0,cl_ben_face_25-511.jpg,2,0,0,0,0,0,0,0,1,0,0,0,2,,0,0,0,0,0,0,0,0,0,0,0,,0,0,0,0,0,0,0,0,0,0,0,,,,,0,1,2022-09-16,2,,,2,1,2022-10-05,1,,,2,,,,,,,0,,,,,,,,,,,,,,,,,,,,,,,,,,,,,,,,,,,0,,,,,,,,,,,,,,,,,,,,,,,,,,,,,,,,,,,0,,,,,,,,,,,,,,,,,,,,,,,,,,,,,,,,,,,0,,,,,,,,,,,,,,,,,,,0,,,,,,,,,,,,,,,,,,,0,,,,,,,,,,,,,,,,,,,0
25-512,"2022-06-13 11:16:24",1,1,0,0,1,2,1,1,2,2,38,2,2022-06-13,10,2,,14,,,,1,0,1,1,0,1,1,1,1,0,1,0,0,14,,21,14,14,,14,14,14,,14,,,0,,,,1,1,,,,,,,,,,4,0,,0,0,0,1,0,0,,0,,,0,67,175,34.2,92,144,95,20,97,15,0,0,0,0,21.877551020408163,3,0,0,2,,0,0,0,0,0,0,0,0,0,0,0,0,0,0,0,0,0,0,0,0,0,0,0,0,0,0,0,0,0,0,0,0,0,0,0,0,0,0,0,0,0,0,0,0,0,0,0,0,0,0,0,0,0,0,0,0,0,0,0,0,0,0,0,0,0,1,,1,3,,,1,,,,,,1,13.2,80,14.3,2,1,,,5,,,,,0,0,0,0,0,0,,0,0,0,0,,0,0,0,0,0,0,0,0,0,0,0,0,0,0,0,0,,,,,,,,,,,,,,,,,,0,0,0,0,0,0,,0,0,0,0,1,"2022-06-13 09:44","2022-06-13 12:30",1,"2022-06-13 14:00",1,1,1,"2022-06-13 08:55","2022-06-13 14:00",1,"2022-06-13 13:30","2022-06-13 14:00",2,4,62,62,62,62,4,62,62,62,62,1,1,62,62,1,62,62,1,62,62,1,62,62,2,,,0,1,0,2,0,3,0,3,0,0,0,3,0,3,0,0,0,1,0,,,,,,2,,,,,,,,,,,,,,,,,,,,,,,,,,,,,,,,,,,0,,,,,,,,,,,,,,,,,,,,,0,,,,,0,1,0,2,0,0,0,1,0,0,0,0,0,2,,,,,,,,,,,,,,,,,,,0,,,,,,,,,,0,cl_ben_face_25-512.jpg,2,1,0,0,0,0,0,0,0,0,0,0,2,,0,0,0,0,0,0,0,0,0,0,0,,0,0,0,0,0,0,0,0,0,0,0,,,,,0,1,2022-06-21,2,,,2,1,2022-07-22,6,2022-07-05,,2,,,,,,,0,,,,,,,,,,,,,,,,,,,,,,,,,,,,,,,,,,,0,,,,,,,,,,,,,,,,,,,,,,,,,,,,,,,,,,,0,,,,,,,,,,,,,,,,,,,,,,,,,,,,,,,,,,,0,,,,,,,,,,,,,,,,,,,0,,,,,,,,,,,,,,,,,,,0,,,,,,,,,,,,,,,,,,,0
25-513,"2022-07-25 09:36:31",1,1,0,0,1,2,1,1,2,2,45,2,2022-07-25,10,2,,30,,,,1,0,1,1,0,1,1,1,0,1,1,0,0,30,,30,30,30,,30,30,,30,30,,,0,,,,1,2,2002,0,,4,,,2,5,,3,0,,0,0,0,1,,1,2021-08-31,0,,,1,55.4,172,34.6,69,113,71,22,97,15,1,0,0,1,18.726338561384534,3,0,0,2,,0,0,0,0,0,0,0,0,0,0,0,0,0,0,0,0,0,0,0,0,0,0,0,0,0,0,0,0,0,0,0,0,0,0,0,0,0,0,0,0,0,0,0,0,0,0,0,0,0,0,0,0,0,0,0,0,0,0,0,0,0,0,0,0,0,1,,1,3,,,1,,,,,,1,10.1,82,7.0,2,,,,,,,,,0,0,0,0,0,0,,0,0,0,0,,0,0,0,0,0,0,0,0,0,0,0,0,0,0,0,0,,,,,,,,,,,,,,,,,,0,0,0,0,0,0,,0,0,0,0,1,"2022-07-25 08:30","2022-07-25 11:52",1,"2022-07-25 12:38",1,1,1,"2022-07-25 08:30","2022-07-25 12:38",1,"2022-07-25 10:20","2022-07-25 12:38",2,4,63,63,63,63,4,63,63,63,63,1,1,63,63,1,63,63,1,63,63,1,63,63,2,,,0,1,0,2,0,0,3,3,3,3,3,4,3,3,3,3,0,0,1,2,1,,1,,2,,,,,,,,,,,,,,,,,,,,,,,,,,,,,,,,,,,0,,,,,,,,,,,,,,,,,,,,,0,,,,,0,1,0,2,0,0,0,0,0,1,0,0,0,2,,,,,,,,,,,,,,,,,,,0,,,,,,,,,,0,cl_ben_face_25-513.jpg,2,0,0,0,0,0,0,0,0,0,0,1,2,,0,0,0,0,0,0,0,0,0,0,0,,0,0,0,0,0,0,0,0,0,0,0,,,,,0,0,,,,,2,0,,,,,2,,,,,,,0,,,,,,,,,,,,,,,,,,,,,,,,,,,,,,,,,,,0,,,,,,,,,,,,,,,,,,,,,,,,,,,,,,,,,,,0,,,,,,,,,,,,,,,,,,,,,,,,,,,,,,,,,,,0,,,,,,,,,,,,,,,,,,,0,,,,,,,,,,,,,,,,,,,0,,,,,,,,,,,,,,,,,,,0
25-514,"2022-06-07 10:45:23",1,1,0,0,1,2,1,1,2,2,47,2,2022-06-07,10,2,,28,,,,1,0,1,1,0,1,1,1,1,1,0,0,1,35,,28,14,28,,28,14,30,28,,,14,0,,,,2,1,,,,,,,,,,1,0,,0,0,0,1,,1,2021-06-30,0,,,1,48.1,167,35.5,96,106,82,24,100,15,1,0,0,1,17.246943239269964,2,0,0,2,,0,0,0,0,0,0,0,0,0,0,0,0,0,0,0,0,0,0,0,0,0,0,0,0,0,0,0,0,0,0,0,0,0,0,0,0,0,0,0,0,0,0,0,0,0,0,0,0,0,0,0,0,0,0,0,0,0,0,0,0,0,0,0,0,0,1,,2,3,,,1,,,,,,1,13.1,85,8.8,2,,,,,,,,,0,0,0,0,0,0,,0,0,0,0,,0,0,0,0,0,0,0,0,0,0,0,0,0,0,0,0,,,,,,,,,,,,,,,,,,0,0,0,0,0,0,,0,0,0,0,1,"2022-06-07 09:00","2022-06-07 11:52",1,"2022-06-07 12:38",1,1,1,"2022-06-07 09:00","2022-06-07 12:38",1,"2022-06-07 11:00","2022-06-07 12:38",2,4,64,64,64,64,4,64,64,64,64,1,1,64,64,1,64,64,1,64,64,1,64,64,2,,,0,1,0,2,4,4,3,0,0,3,0,3,0,3,0,2,0,0,0,,,,,,2,,,,,,,,,,,,,,,,,,,,,,,,,,,,,,,,,,,0,,,,,,,,,,,,,,,,,,,,,0,,,,,0,1,0,2,0,0,0,0,0,0,0,0,0,2,,,,,,,,,,,,,,,,,,,0,,,,,,,,,,0,cl_ben_face_25-514.jpg,2,0,0,1,0,1,1,0,0,0,0,0,2,,0,0,0,0,0,0,0,0,0,0,0,,0,0,0,0,0,0,0,0,0,0,0,,,,,0,1,2022-06-15,2,,,2,1,2022-07-12,2,,,2,,,,,,,0,,,,,,,,,,,,,,,,,,,,,,,,,,,,,,,,,,,0,,,,,,,,,,,,,,,,,,,,,,,,,,,,,,,,,,,0,,,,,,,,,,,,,,,,,,,,,,,,,,,,,,,,,,,0,,,,,,,,,,,,,,,,,,,0,,,,,,,,,,,,,,,,,,,0,,,,,,,,,,,,,,,,,,,0
25-515,"2022-07-28 10:20:38",1,1,0,0,1,2,1,1,2,2,36,2,2022-07-28,3,2,,14,,,,0,0,1,0,0,1,0,1,1,0,1,1,1,,,7,14,,,,7,7,,7,7,2,0,,,,1,1,,,,,,,,,,1,0,,0,0,0,1,,1,2021-12-17,0,,,,54.9,172,36.3,85,114,80,36,94,15,1,0,0,1,18.557328285559763,3,0,0,2,,0,0,0,0,0,0,0,0,0,0,0,0,0,0,0,0,0,0,0,0,0,0,0,0,0,0,0,0,0,0,0,0,0,0,0,0,0,0,0,0,0,0,0,0,0,0,0,0,0,0,0,0,0,0,0,0,0,0,0,0,0,0,0,0,0,1,,2,3,,,1,,,,,,1,11.7,85,8.2,2,1,,,1,1,0,0,,0,0,0,0,0,0,0,1,0,0,2,0,0,0,0,0,0,0,0,0,0,0,0,0,0,0,0,0,,,,,,,,,,,,,,,,,,0,0,0,0,0,0,,0,0,0,2,1,"2022-07-28 09:26","2022-07-28 11:53",1,"2022-07-28 12:25",1,1,1,"2022-07-28 09:00","2022-07-28 12:25",1,"2022-07-28 11:28","2022-07-28 12:25",2,4,65,65,65,65,4,65,65,65,65,1,1,65,65,1,65,65,1,65,65,1,65,65,2,,,0,1,0,2,3,3,3,4,4,3,3,0,3,0,4,3,0,0,0,,,,,,2,,,,,,,,,,,,,,,,,,,,,,,,,,,,,,,,,,,0,,,,,,,,,,,,,,,,,,,,,0,,,,,0,1,0,2,0,0,0,0,0,0,0,0,0,2,,,,,,,,,,,,,,,,,,,0,,,,,,,,,,0,cl_ben_face_25-515.jpg,2,0,1,1,0,0,1,0,0,0,0,1,2,,0,0,0,0,0,0,0,0,0,0,0,,0,0,0,0,0,0,0,0,0,0,0,,,,,0,,2022-08-04,2,,,2,1,2022-08-31,2,,,2,,,,,,,0,,,,,,,,,,,,,,,,,,,,,,,,,,,,,,,,,,,0,,,,,,,,,,,,,,,,,,,,,,,,,,,,,,,,,,,0,,,,,,,,,,,,,,,,,,,,,,,,,,,,,,,,,,,0,,,,,,,,,,,,,,,,,,,0,,,,,,,,,,,,,,,,,,,0,,,,,,,,,,,,,,,,,,,0
25-516,"2022-09-19 17:47:33",1,1,0,0,3,2,,,0,,,0,,,,,,,,,0,0,0,0,0,0,0,0,0,0,0,0,0,,,,,,,,,,,,,,,,,,,,,,,,,,,,,,,,,,,,,,,,,,,,,,,,,,,,,,,,,,,,0,,0,0,0,0,0,0,0,0,0,0,0,0,0,0,0,0,0,0,0,0,0,0,0,0,0,0,0,0,0,0,0,0,0,0,0,0,0,0,0,0,0,0,0,0,0,0,0,0,0,0,0,0,0,0,0,0,0,0,0,0,0,0,0,0,0,,,,,,,,,,,,,,,,,0,,,,,,,,,0,0,0,0,0,0,,0,0,0,0,,0,0,0,0,0,0,0,0,0,0,0,0,0,0,0,0,,,,,,,,,,,,,,,,,,0,0,0,0,0,0,,0,0,0,0,,,,,,,,,,,,,,0,,,,,,,,,,,,,,,,,,,,,,,,0,,,0,,,0,,,,,,,,,,,,,,,,,,,,,0,,,,,,,,,,,,,,,,,,,,,,,,,,,,,,,,,,,0,,,,,,,,,,,,,,,,,,,,,0,,,,,0,,,0,,,,,,,,,,0,,,,,,,,,,,,,,,,,,,0,,,,,,,,,,0,,0,,0,0,0,0,0,0,0,0,0,0,0,,0,0,0,0,0,0,0,0,0,0,0,,0,0,0,0,0,0,0,0,0,0,0,,,,,0,,,,,,0,,,,,,0,,,,,,,0,,,,,,,,,,,,,,,,,,,,,,,,,,,,,,,,,,,0,,,,,,,,,,,,,,,,,,,,,,,,,,,,,,,,,,,0,,,,,,,,,,,,,,,,,,,,,,,,,,,,,,,,,,,0,,,,,,,,,,,,,,,,,,,0,,,,,,,,,,,,,,,,,,,0,,,,,,,,,,,,,,,,,,,0
25-517,"2022-07-01 09:48:18",1,1,0,0,1,2,1,1,2,1,69,2,2022-07-01,8,2,,90,,,,0,0,0,1,0,0,0,0,0,0,0,0,0,,,,,30,,,,,,,,,0,,,,1,1,,,,,,,,,,1,0,,0,0,0,1,0,0,,0,,,1,63.7,165,34.2,71,115,86,20,98,15,0,0,0,0,23.39761248852158,1,1,0,2,,0,0,0,0,0,0,0,0,0,0,0,0,0,0,0,0,0,0,0,0,0,0,0,0,0,0,0,0,0,0,0,0,0,0,0,0,0,0,0,0,0,0,0,0,0,0,0,0,0,0,0,0,0,0,0,0,0,0,0,0,0,0,0,0,0,1,,1,3,,,1,,,,,,1,10.9,78,3.7,2,1,,,6,0,,1,6,0,0,0,1,0,0,0,1,0,0,2,,0,0,0,0,0,0,0,0,0,0,0,0,0,0,0,0,,,,,,,,,,,,,,,,,,0,0,0,0,0,0,,0,0,0,0,1,"2022-07-01 09:25","2022-07-01 12:00",1,"2022-07-01 12:35",1,1,1,"2022-07-01 09:05","2022-07-01 12:35",1,"2022-07-01 11:03","2022-07-01 12:35",2,4,66,66,66,66,4,66,66,66,66,1,1,66,66,1,66,66,1,66,66,1,66,66,2,,,0,1,0,2,3,0,3,0,0,3,3,3,0,3,0,3,0,1,0,,,,,,2,,,,,,,,,,,,,,,,,,,,,,,,,,,,,,,,,,,0,,,,,,,,,,,,,,,,,,,,,0,,,,,0,1,0,2,0,0,0,0,0,0,0,0,0,2,,,,,,,,,,,,,,,,,,,0,,,,,,,,,,0,cl_ben_face_25-517.jpg,2,0,0,0,0,0,1,0,0,0,0,0,2,,0,0,0,0,0,0,0,0,0,0,0,,0,0,0,0,0,0,0,0,0,0,0,,,,,0,1,2022-07-16,2,,,2,1,2022-08-03,2,,,2,,,,,,,0,,,,,,,,,,,,,,,,,,,,,,,,,,,,,,,,,,,0,,,,,,,,,,,,,,,,,,,,,,,,,,,,,,,,,,,0,,,,,,,,,,,,,,,,,,,,,,,,,,,,,,,,,,,0,,,,,,,,,,,,,,,,,,,0,,,,,,,,,,,,,,,,,,,0,,,,,,,,,,,,,,,,,,,0
25-518,"2022-08-18 10:57:45",1,1,0,0,1,2,1,1,2,1,25,2,2022-08-18,8,2,,14,,,,0,0,0,1,0,0,0,1,0,0,0,0,0,,,,,14,,,14,,,,,,0,,,,3,1,,,,,,,,,,4,0,,0,0,0,1,0,1,2021-10-18,0,,,1,70.8,151,35.2,91,130,68,26,99,15,1,0,0,1,31.051269681154334,1,0,0,2,,0,0,0,0,0,0,0,0,0,0,0,0,0,0,0,0,0,0,0,0,0,0,0,0,0,0,0,0,0,0,0,0,0,0,0,0,0,0,0,0,0,0,0,0,0,0,0,0,0,0,0,0,0,0,0,0,0,0,0,0,0,0,0,0,0,1,,1,3,,,1,,,,,,1,10.1,88,4.1,2,,,,,,,,,0,0,0,0,0,0,,0,0,0,0,,0,0,0,0,0,0,0,0,0,0,0,0,0,0,0,0,,,,,,,,,,,,,,,,,,0,0,0,0,0,0,,0,0,0,0,1,"2022-08-18 09:30","2022-08-18 12:00",1,"2022-08-18 12:35",1,1,1,"2022-08-18 09:10","2022-08-18 12:35",1,"2022-08-18 11:50","2022-08-18 12:36",2,4,67,67,67,67,4,67,67,67,67,1,1,67,67,1,67,67,1,67,67,1,67,67,2,,,0,1,0,2,0,0,0,0,0,0,0,0,0,0,0,0,0,0,0,,,,,,2,,,,,,,,,,,,,,,,,,,,,,,,,,,,,,,,,,,0,,,,,,,,,,,,,,,,,,,,,0,,,,,0,1,0,2,0,0,0,0,0,0,0,0,0,2,,,,,,,,,,,,,,,,,,,0,,,,,,,,,,0,cl_ben_face_25-518.jpg,2,1,0,0,0,0,0,0,0,0,0,0,2,,0,0,0,0,0,0,0,0,0,0,0,,0,0,0,0,0,0,0,0,0,0,0,,,,,0,1,2022-09-02,2,,,2,1,2022-09-20,1,,,2,,,,,,,0,,,,,,,,,,,,,,,,,,,,,,,,,,,,,,,,,,,0,,,,,,,,,,,,,,,,,,,,,,,,,,,,,,,,,,,0,,,,,,,,,,,,,,,,,,,,,,,,,,,,,,,,,,,0,,,,,,,,,,,,,,,,,,,0,,,,,,,,,,,,,,,,,,,0,,,,,,,,,,,,,,,,,,,0
25-519,"2022-09-20 09:15:42",1,1,0,0,1,2,1,1,2,2,24,2,2022-09-20,10,2,,14,,,,1,0,0,0,1,1,1,1,1,0,1,0,0,14,,14,,,14,14,14,14,,4,,,0,,,,1,1,,,,,,,,,,1,0,,0,0,0,1,,1,2021-02-18,0,,,0,47.1,171,34.8,112,93,69,26,98,15,1,0,1,2,16.107520262644915,2,0,0,2,,0,0,0,0,0,0,0,0,0,0,0,0,0,0,0,0,0,0,0,0,0,0,0,0,0,0,0,0,0,0,0,0,0,0,0,0,0,0,0,0,0,0,0,0,0,0,0,0,0,0,0,0,0,0,0,0,0,0,0,0,0,0,0,0,0,1,,2,3,,,1,,,,,,1,11.1,76,21.5,2,1,,,1,1,1,0,,0,0,0,0,0,0,0,1,0,0,2,0,0,0,0,0,0,0,0,0,0,0,0,0,0,0,0,0,,,,,,,,,,,,,,,,,,0,0,0,0,0,0,,0,0,0,2,1,"2022-09-20 08:35","2022-09-20 11:31",1,"2022-09-20 12:15",1,1,1,"2022-09-20 12:16","2022-09-20 12:15",1,"2022-09-20 10:28","2022-09-20 12:15",2,4,68,68,68,68,4,68,68,68,68,1,1,68,68,1,68,68,1,68,68,1,68,68,2,,,0,1,0,2,0,3,0,3,3,4,4,0,4,2,0,0,4,0,0,,,,,,2,,,,,,,,,,,,,,,,,,,,,,,,,,,,,,,,,,,0,,,,,,,,,,,,,,,,,,,,,0,,,,,0,1,0,2,0,0,0,0,0,0,0,0,0,2,,,,,,,,,,,,,,,,,,,0,,,,,,,,,,0,cl_ben_face_25-519.jpg,2,0,0,1,0,1,1,0,0,0,0,0,2,,0,0,0,0,0,0,0,0,0,0,0,,0,0,0,0,0,0,0,0,0,0,0,,,,,0,1,2022-10-04,2,,,2,1,2022-10-22,2,,,2,,,,,,,0,,,,,,,,,,,,,,,,,,,,,,,,,,,,,,,,,,,0,,,,,,,,,,,,,,,,,,,,,,,,,,,,,,,,,,,0,,,,,,,,,,,,,,,,,,,,,,,,,,,,,,,,,,,0,,,,,,,,,,,,,,,,,,,0,,,,,,,,,,,,,,,,,,,0,,,,,,,,,,,,,,,,,,,0
25-520,"2022-09-12 10:26:09",1,1,0,0,1,2,1,1,2,2,60,2,2022-09-12,10,2,,120,,,,1,0,1,1,0,1,1,1,1,0,0,0,0,120,,120,21,120,,120,7,7,,,,,1,0,0,1,1,1,,,,,,,,,,2,0,,0,0,0,1,0,0,,0,,,1,63.1,166,34.4,118,162,94,36,85,15,1,0,0,1,22.8988242125127,4,0,0,2,,0,0,0,0,0,0,0,0,0,0,0,0,0,0,0,0,0,0,0,0,0,0,0,0,0,0,0,0,0,0,0,0,0,0,0,0,0,0,0,0,0,0,0,0,0,0,0,0,0,0,0,0,0,0,0,0,0,0,0,0,0,0,0,0,0,1,,1,3,,,1,,,,,,1,14.6,92,5.7,2,2,1,,3,1,,0,,0,0,0,0,0,0,1,1,0,0,2,0,0,0,0,0,0,0,0,0,0,0,0,0,0,0,0,0,,,,,,,,,,,,,,,,,,0,0,0,0,0,0,,0,0,0,2,1,"2022-09-12 09:45","2022-09-12 11:31",1,"2022-09-12 12:15",1,1,1,"2022-09-12 08:55","2022-09-12 12:15",1,"2022-09-12 10:28","2022-09-12 12:15",2,4,69,69,69,69,4,69,69,69,69,1,1,69,69,1,69,69,1,69,69,1,69,69,2,,,0,1,0,2,3,3,1,3,3,3,3,3,3,3,3,3,3,3,0,,,,,,2,,,,,,,,,,,,,,,,,,,,,,,,,,,,,,,,,,,0,,,,,,,,,,,,,,,,,,,,,0,,,,,0,,1,2,,,,,,,,,,0,,,,,,,,,,,,,,,,,,,0,,,,,,,,,,0,cl_ben_face_25-520.jpg,2,0,0,0,0,0,0,0,0,1,0,0,2,,0,0,0,0,0,0,0,0,0,0,0,,0,0,0,0,0,0,0,0,0,0,0,,,,,0,1,2022-09-26,5,,2022-09-12,2,1,2022-10-14,6,2022-10-03,,2,,,,,,,0,,,,,,,,,,,,,,,,,,,,,,,,,,,,,,,,,,,0,,,,,,,,,,,,,,,,,,,,,,,,,,,,,,,,,,,0,,,,,,,,,,,,,,,,,,,,,,,,,,,,,,,,,,,0,,,,,,,,,,,,,,,,,,,0,,,,,,,,,,,,,,,,,,,0,,,,,,,,,,,,,,,,,,,0
25-521,"2022-08-24 17:36:54",1,1,0,1,,2,,,0,,,0,,,,,,,,,0,0,0,0,0,0,0,0,0,0,0,0,0,,,,,,,,,,,,,,,,,,,,,,,,,,,,,,,,,,,,,,,,,,,,,,,,,,,,,,,,,,,,0,,0,0,0,0,0,0,0,0,0,0,0,0,0,0,0,0,0,0,0,0,0,0,0,0,0,0,0,0,0,0,0,0,0,0,0,0,0,0,0,0,0,0,0,0,0,0,0,0,0,0,0,0,0,0,0,0,0,0,0,0,0,0,0,0,0,,,,,,,,,,,,,,,,,0,,,,,,,,,0,0,0,0,0,0,,0,0,0,0,,0,0,0,0,0,0,0,0,0,0,0,0,0,0,0,0,,,,,,,,,,,,,,,,,,0,0,0,0,0,0,,0,0,0,0,,,,,,,,,,,,,,0,,,,,,,,,,,,,,,,,,,,,,,,0,,,0,,,0,,,,,,,,,,,,,,,,,,,,,0,,,,,,,,,,,,,,,,,,,,,,,,,,,,,,,,,,,0,,,,,,,,,,,,,,,,,,,,,0,,,,,0,,,0,,,,,,,,,,0,,,,,,,,,,,,,,,,,,,0,,,,,,,,,,0,,0,,0,0,0,0,0,0,0,0,0,0,0,,0,0,0,0,0,0,0,0,0,0,0,,0,0,0,0,0,0,0,0,0,0,0,,,,,0,,,,,,0,,,,,,0,,,,,,,0,,,,,,,,,,,,,,,,,,,,,,,,,,,,,,,,,,,0,,,,,,,,,,,,,,,,,,,,,,,,,,,,,,,,,,,0,,,,,,,,,,,,,,,,,,,,,,,,,,,,,,,,,,,0,,,,,,,,,,,,,,,,,,,0,,,,,,,,,,,,,,,,,,,0,,,,,,,,,,,,,,,,,,,0
25-522,"2022-01-28 17:38:21",1,1,0,1,,2,,,0,,,0,,,,,,,,,0,0,0,0,0,0,0,0,0,0,0,0,0,,,,,,,,,,,,,,,,,,,,,,,,,,,,,,,,,,,,,,,,,,,,,,,,,,,,,,,,,,,,0,,0,0,0,0,0,0,0,0,0,0,0,0,0,0,0,0,0,0,0,0,0,0,0,0,0,0,0,0,0,0,0,0,0,0,0,0,0,0,0,0,0,0,0,0,0,0,0,0,0,0,0,0,0,0,0,0,0,0,0,0,0,0,0,0,0,,,,,,,,,,,,,,,,,0,,,,,,,,,0,0,0,0,0,0,,0,0,0,0,,0,0,0,0,0,0,0,0,0,0,0,0,0,0,0,0,,,,,,,,,,,,,,,,,,0,0,0,0,0,0,,0,0,0,0,,,,,,,,,,,,,,0,,,,,,,,,,,,,,,,,,,,,,,,0,,,0,,,0,,,,,,,,,,,,,,,,,,,,,0,,,,,,,,,,,,,,,,,,,,,,,,,,,,,,,,,,,0,,,,,,,,,,,,,,,,,,,,,0,,,,,0,,,0,,,,,,,,,,0,,,,,,,,,,,,,,,,,,,0,,,,,,,,,,0,,0,,0,0,0,0,0,0,0,0,0,0,0,,0,0,0,0,0,0,0,0,0,0,0,,0,0,0,0,0,0,0,0,0,0,0,,,,,0,,,,,,0,,,,,,0,,,,,,,0,,,,,,,,,,,,,,,,,,,,,,,,,,,,,,,,,,,0,,,,,,,,,,,,,,,,,,,,,,,,,,,,,,,,,,,0,,,,,,,,,,,,,,,,,,,,,,,,,,,,,,,,,,,0,,,,,,,,,,,,,,,,,,,0,,,,,,,,,,,,,,,,,,,0,,,,,,,,,,,,,,,,,,,0
25-523,"2022-07-06 09:39:23",1,1,0,0,1,2,1,1,2,2,60,2,2022-07-06,10,2,,45,,,,0,0,1,1,0,1,0,1,1,1,0,0,0,,,30,45,30,,,45,30,45,,,,0,,,,2,1,,,,,,,,,,2,0,,0,0,0,1,0,0,,0,,,1,50.9,171,34.2,71,122,86,24,,15,1,0,0,1,17.4070654218392,2,0,0,2,,0,0,0,0,0,0,0,0,0,0,0,0,0,0,0,0,0,0,0,0,0,0,0,0,0,0,0,0,0,0,0,0,0,0,0,0,0,0,0,0,0,0,0,0,0,0,0,0,0,0,0,0,0,0,0,0,0,0,0,0,0,0,0,0,0,2,41.9,2,3,,,1,,,,,,1,11.7,79,4.8,2,1,,,1,1,0,1,6,0,0,0,1,0,0,0,1,0,0,2,0,0,0,0,0,0,0,0,0,0,0,0,0,0,0,0,0,,,,,,,,,,,,,,,,,,0,0,0,0,0,0,,0,0,0,2,1,"2022-07-06 08:56","2022-07-06 12:20",1,"2022-07-06 12:55",1,1,1,"2022-07-06 08:50","2022-07-06 12:55",1,"2022-07-06 10:49","2022-07-06 12:55",2,4,70,70,70,70,4,70,70,70,70,1,1,70,70,1,70,70,1,70,70,1,70,70,2,,,0,1,0,2,3,4,3,0,3,0,0,0,4,3,2,2,3,0,1,1,,2,,1,2,,,,,,,,,,,,,,,,,,,,,,,,,,,,,,,,,,,0,,,,,,,,,,,,,,,,,,,,,0,,,,,0,1,0,2,0,0,1,0,0,0,0,0,0,2,,,,,,,,,,,,,,,,,,,0,,,,,,,,,,0,cl_ben_face_25-523.jpg,2,0,1,1,0,0,1,0,0,0,0,0,2,,0,0,0,0,0,0,0,0,0,0,0,,0,0,0,0,0,0,0,0,0,0,0,,,,,0,1,2022-07-16,2,,,2,1,2022-08-03,2,,,2,,,,,,,0,,,,,,,,,,,,,,,,,,,,,,,,,,,,,,,,,,,0,,,,,,,,,,,,,,,,,,,,,,,,,,,,,,,,,,,0,,,,,,,,,,,,,,,,,,,,,,,,,,,,,,,,,,,0,,,,,,,,,,,,,,,,,,,0,,,,,,,,,,,,,,,,,,,0,,,,,,,,,,,,,,,,,,,0
25-524,"2022-06-17 10:37:25",1,1,0,0,1,2,1,1,2,1,40,2,2022-06-17,10,2,,3,,,,1,0,1,1,0,0,1,1,0,0,0,1,0,3,,,3,3,,3,3,,,,3,,0,,,,1,1,,,,,,,,,,1,0,,0,0,0,1,0,0,,0,,,1,59.8,166,34.1,108,112,77,22,,15,1,0,0,1,21.701262882856728,2,0,0,2,,0,0,0,0,0,0,0,0,0,0,0,0,0,0,0,0,0,0,0,0,0,0,0,0,0,0,0,0,0,0,0,0,0,0,0,0,0,0,0,0,0,0,0,0,0,0,0,0,0,0,0,0,0,0,0,0,0,0,0,0,0,0,0,0,0,2,40.2,1,3,,,1,,,,,,1,16.5,90,7.9,2,,,,,,,,,0,0,0,0,0,0,,0,0,0,0,,0,0,0,0,0,0,0,0,0,0,0,0,0,0,0,0,,,,,,,,,,,,,,,,,,0,0,0,0,0,0,,0,0,0,0,1,"2022-06-17 09:05","2022-06-17 12:20",1,"2022-06-17 12:55",1,1,1,"2022-06-17 08:50","2022-06-17 12:55",1,"2022-06-17 11:55","2022-06-17 12:55",2,4,71,71,71,71,4,71,71,71,71,1,1,71,71,1,71,71,1,71,71,1,71,71,2,,,0,,,0,,,,,,,,,,,,,,,,,,,,,0,,,,,,,,,,,,,,,,,,,,,,,,,,,,,,,,,,,0,,,,,,,,,,,,,,,,,,,,,0,,,,,0,1,0,2,0,0,0,0,0,0,0,0,0,2,,,,,,,,,,,,,,,,,,,0,,,,,,,,,,0,cl_ben_face_25-524.jpg,2,1,0,0,0,0,0,0,0,0,0,0,2,,0,0,0,0,0,0,0,0,0,0,0,,0,0,0,0,0,0,0,0,0,0,0,,,,,0,1,2022-06-27,2,,,2,1,2022-07-15,2,,,2,,,,,,,0,,,,,,,,,,,,,,,,,,,,,,,,,,,,,,,,,,,0,,,,,,,,,,,,,,,,,,,,,,,,,,,,,,,,,,,0,,,,,,,,,,,,,,,,,,,,,,,,,,,,,,,,,,,0,,,,,,,,,,,,,,,,,,,0,,,,,,,,,,,,,,,,,,,0,,,,,,,,,,,,,,,,,,,0
25-525,"2022-06-29 10:45:13",1,1,0,0,1,2,1,1,2,1,40,2,2022-06-29,3,2,,21,,,,1,0,1,1,0,1,1,1,1,0,1,0,0,14,,21,14,14,,14,14,21,,7,,,0,,,,3,1,,,,,,,,,,1,0,,0,0,0,1,0,0,,0,,,1,49.5,168,34.6,125,97,73,26,99,15,1,0,1,2,17.538265306122447,2,0,0,2,,0,0,0,0,0,0,0,0,0,0,0,0,0,0,0,0,0,0,0,0,0,0,0,0,0,0,0,0,0,0,0,0,0,0,0,0,0,0,0,0,0,0,0,0,0,0,0,0,0,0,0,0,0,0,0,0,0,0,0,0,0,0,0,0,0,1,,2,3,,,1,,,,,,1,8.7,62,14.8,2,1,,,1,1,0,0,,0,0,0,0,0,0,0,1,0,0,2,0,0,0,0,0,0,0,0,0,0,0,0,0,0,0,0,0,,,,,,,,,,,,,,,,,,0,0,0,0,0,0,,0,0,0,2,1,"2022-06-29 10:45","2022-06-29 13:33",1,"2022-06-29 14:26",1,1,1,"2022-06-29 10:50","2022-06-29 14:26",1,"2022-06-29 12:16","2022-06-29 14:26",2,4,72,72,72,72,4,72,72,72,72,1,1,72,72,1,72,72,1,72,72,1,72,72,2,,,0,1,0,2,4,4,3,4,0,0,0,3,0,0,4,2,0,5,0,,,,,,2,,,,,,,,,,,,,,,,,,,,,,,,,,,,,,,,,,,0,,,,,,,,,,,,,,,,,,,,,0,,,,,0,1,0,2,0,0,0,0,0,0,0,0,0,2,,,,,,,,,,,,,,,,,,,0,,,,,,,,,,0,cl_ben_face_25-525.jpg,2,0,1,1,0,0,0,0,0,0,0,0,2,,0,0,0,0,0,0,0,0,0,0,0,,0,0,0,0,0,0,0,0,0,0,0,,,,,0,1,2022-07-08,2,,,2,1,2022-08-06,2,,,2,2022-12-31,0,,,,,1,,,,,,,,,,,,,,,,,,,,,,,,,,,,,,,,,,,0,,,,,,,,,,,,,,,,,,,,,,,,,,,,,,,,,,,0,,,,,,,,,,,,,,,,,,,,,,,,,,,,,,,,,,,0,,,,,,,,,,,,,,,,,,,0,,,,,,,,,,,,,,,,,,,0,,,,,,,,,,,,,,,,,,,0
25-526,"2022-09-05 11:53:10",1,1,0,0,1,2,1,1,2,1,36,2,2022-09-05,3,2,,90,,,,1,0,1,1,0,1,1,0,1,0,0,0,0,90,,90,14,14,,90,,90,,,,,0,,,,2,1,,,,,,,,,,1,0,,0,0,0,1,0,0,,0,,,1,41.1,165,36.7,140,117,84,36,99,15,1,0,0,1,15.09641873278237,3,0,0,2,,0,0,0,0,0,0,0,0,0,0,0,0,0,0,0,0,0,0,0,0,0,0,0,0,0,0,0,0,0,0,0,0,0,0,0,0,0,0,0,0,0,0,0,0,0,0,0,0,0,0,0,0,0,0,0,0,0,0,0,0,0,0,0,0,0,1,,2,3,,,1,,,,,,1,6.9,72,13.6,2,2,1,,1,1,1,0,,0,0,0,0,0,0,0,1,0,0,2,0,0,0,0,0,0,0,0,0,0,0,0,0,0,0,0,0,,,,,,,,,,,,,,,,,,0,0,0,0,0,0,,0,0,0,2,1,"2022-09-05 10:22","2022-09-05 13:33",1,"2022-09-05 14:26",1,1,1,"2022-09-05 09:53","2022-09-05 14:26",1,"2022-09-05 12:52","2022-09-05 14:26",2,4,73,73,73,73,4,73,73,73,73,1,1,73,73,1,73,73,1,73,73,1,73,73,2,,,0,1,0,2,4,3,0,4,0,4,4,4,4,6,4,0,4,4,1,2,2,,2,,2,,,,,,,,,,,,,,,,,,,,,,,,,,,,,,,,,,,0,,,,,,,,,,,,,,,,,,,,,0,,,,,0,1,0,2,2,0,0,0,0,1,0,0,0,2,,,,,,,,,,,,,,,,,,,0,,,,,,,,,,0,cl_ben_face_25-526.jpg,2,0,0,1,0,1,1,1,0,0,0,0,2,,0,0,0,0,0,0,0,0,0,0,0,,0,0,0,0,0,0,0,0,0,0,0,,,,,0,1,2022-09-14,5,,2022-09-05,2,1,2022-10-13,2,,,2,,,,,,,0,,,,,,,,,,,,,,,,,,,,,,,,,,,,,,,,,,,0,,,,,,,,,,,,,,,,,,,,,,,,,,,,,,,,,,,0,,,,,,,,,,,,,,,,,,,,,,,,,,,,,,,,,,,0,,,,,,,,,,,,,,,,,,,0,,,,,,,,,,,,,,,,,,,0,,,,,,,,,,,,,,,,,,,0
25-527,"2022-09-14 10:47:00",1,1,0,0,1,2,1,1,2,1,37,2,2022-09-14,3,2,,14,,,,1,0,1,1,1,1,1,1,1,0,1,1,0,74,,180,14,14,14,74,74,74,,14,74,,0,,,,2,1,,,,,,,,,,1,0,,0,0,0,1,0,0,,0,,,1,39.5,150,34.7,114,105,72,28,97,15,1,0,0,1,17.555555555555557,3,0,0,2,,0,0,0,0,0,0,0,0,0,0,0,0,0,0,0,0,0,0,0,0,0,0,0,0,0,0,0,0,0,0,0,0,0,0,0,0,0,0,0,0,0,0,0,0,0,0,0,0,0,0,0,0,0,0,0,0,0,0,0,0,0,0,0,0,0,1,,2,3,,,1,,,,,,1,8.0,83,4.3,2,1,,,1,1,0,0,,0,0,0,0,0,0,0,1,0,0,2,0,0,0,0,0,0,0,0,0,0,0,0,0,0,0,0,0,,,,,,,,,,,,,,,,,,0,0,0,0,0,0,,0,0,0,2,1,"2022-09-14 10:15","2022-09-14 12:55",1,"2022-09-14 13:20",1,1,1,"2022-09-14 09:50","2022-09-14 13:20",1,"2022-09-14 11:59","2022-09-14 13:20",2,4,74,74,74,74,4,74,74,74,74,1,1,74,74,1,74,74,1,74,74,1,74,74,2,,,0,1,0,2,3,0,0,1,0,1,3,3,4,4,0,0,2,4,0,,,,,,2,,,,,,,,,,,,,,,,,,,,,,,,,,,,,,,,,,,0,,,,,,,,,,,,,,,,,,,,,0,,,,,0,1,0,2,0,0,0,0,0,0,0,0,0,2,,,,,,,,,,,,,,,,,,,0,,,,,,,,,,0,Cl_ben_face_25-527.jpg,2,0,0,0,0,0,1,0,0,0,0,0,2,,0,0,0,0,0,0,0,0,0,0,0,,0,0,0,0,0,0,0,0,0,0,0,,,,,0,1,2022-09-22,2,,,2,1,2022-10-21,2,,,2,,,,,,,0,,,,,,,,,,,,,,,,,,,,,,,,,,,,,,,,,,,0,,,,,,,,,,,,,,,,,,,,,,,,,,,,,,,,,,,0,,,,,,,,,,,,,,,,,,,,,,,,,,,,,,,,,,,0,,,,,,,,,,,,,,,,,,,0,,,,,,,,,,,,,,,,,,,0,,,,,,,,,,,,,,,,,,,0
25-528,"2022-03-14 12:10:31",1,1,0,0,1,2,1,1,2,2,25,2,2022-03-14,3,2,,60,,,,1,0,1,1,0,1,0,1,1,0,0,1,0,70,,60,14,14,,,14,14,,,60,,0,,,,1,1,,,,,,,,,,2,0,,0,0,0,1,0,0,,0,,,1,62.9,181,35.6,108,99,58,26,95,15,1,0,1,2,19.19965813009371,2,0,0,2,,0,0,0,0,0,0,0,0,0,0,0,0,0,0,0,0,0,0,0,0,0,0,0,0,0,0,0,0,0,0,0,0,0,0,0,0,0,0,0,0,0,0,0,0,0,0,0,0,0,0,0,0,0,0,0,0,0,0,0,0,0,0,0,0,0,1,,2,3,,,3,,,,,,1,11.3,75,7.6,0,1,,,1,1,0,0,,0,0,0,0,0,0,0,1,0,0,2,0,0,0,0,0,0,0,0,0,0,0,0,0,0,0,0,0,,,,,,,,,,,,,,,,,,0,0,0,0,0,0,,0,0,0,2,1,"2022-03-14 10:25","2022-03-14 12:55",1,"2022-03-14 13:20",1,1,1,"2022-03-14 10:00","2022-03-14 13:20",1,"2022-03-14 11:12","2022-03-14 13:20",2,4,75,75,75,75,4,75,75,75,75,1,1,75,75,1,75,75,1,75,75,1,75,75,2,,,0,1,0,2,0,3,3,0,0,2,2,3,3,3,0,0,2,3,0,,,,,,2,,,,,,,,,,,,,,,,,,,,,,,,,,,,,,,,,,,0,,,,,,,,,,,,,,,,,,,,,0,,,,,0,1,0,2,0,0,0,0,0,0,0,0,0,2,,,,,,,,,,,,,,,,,,,0,,,,,,,,,,0,cl_ben_face_25-528.jpg,2,0,1,1,0,1,1,0,0,0,0,1,2,,0,0,0,0,0,0,0,0,0,0,0,,0,0,0,0,0,0,0,0,0,0,0,,,,,0,1,2022-03-22,2,,,2,1,2022-04-20,2,,,2,,,,,,,0,,,,,,,,,,,,,,,,,,,,,,,,,,,,,,,,,,,0,,,,,,,,,,,,,,,,,,,,,,,,,,,,,,,,,,,0,,,,,,,,,,,,,,,,,,,,,,,,,,,,,,,,,,,0,,,,,,,,,,,,,,,,,,,0,,,,,,,,,,,,,,,,,,,0,,,,,,,,,,,,,,,,,,,0
25-529,"2022-10-10 10:01:29",1,1,0,0,1,2,1,1,2,1,53,2,2022-10-10,10,2,,30,,,,1,0,1,1,0,1,1,1,0,0,1,1,0,3,,7,30,4,,30,4,,,3,30,,0,,,,3,1,,,,,,,,,,1,0,,0,0,0,1,0,1,2022-04-09,0,,,,82.4,165,36.2,114,108,80,22,96,15,1,0,0,1,30.26629935720845,3,0,0,2,,0,0,0,0,0,0,0,0,0,0,0,0,0,0,0,0,0,0,0,0,0,0,0,0,0,0,0,0,0,0,0,0,0,0,0,0,0,0,0,0,0,0,0,0,0,0,0,0,0,0,0,0,0,0,0,0,0,0,0,0,0,0,0,0,0,1,,1,3,,,1,,,,,,2,13.9,78,3.5,2,1,,,11,0,,1,10,0,0,0,1,0,1,0,1,0,0,2,,0,0,0,0,0,0,0,0,0,0,0,0,0,0,0,0,,,,,,,,,,,,,,,,,,0,0,0,0,0,0,,0,0,0,0,1,"2022-10-10 09:35","2022-10-10 12:05",1,"2022-10-10 12:38",1,1,1,"2022-10-10 09:15","2022-10-10 12:38",1,"2022-10-10 11:01","2022-10-10 12:38",2,4,76,76,76,76,4,76,76,76,76,1,1,76,76,1,76,76,1,76,76,1,76,76,2,,,0,1,0,2,0,0,0,0,0,0,1,0,0,0,0,0,0,0,0,,,,,,2,,,,,,,,,,,,,,,,,,,,,,,,,,,,,,,,,,,0,,,,,,,,,,,,,,,,,,,,,0,,,,,0,1,0,2,0,0,0,0,0,0,0,0,0,2,,,,,,,,,,,,,,,,,,,0,,,,,,,,,,0,cl_ben_face_25-529.jpg,2,0,0,0,0,0,0,0,1,0,0,0,2,,0,0,0,0,0,0,0,0,0,0,0,,0,0,0,0,0,0,0,0,0,0,0,,,,,0,1,2022-10-17,2,,,2,1,2022-11-15,2,,,2,,,,,,,0,,,,,,,,,,,,,,,,,,,,,,,,,,,,,,,,,,,0,,,,,,,,,,,,,,,,,,,,,,,,,,,,,,,,,,,0,,,,,,,,,,,,,,,,,,,,,,,,,,,,,,,,,,,0,,,,,,,,,,,,,,,,,,,0,,,,,,,,,,,,,,,,,,,0,,,,,,,,,,,,,,,,,,,0
25-530,"2022-09-09 10:57:12",1,1,0,0,1,2,1,1,2,1,31,2,2022-09-09,10,2,,60,,,,0,0,0,0,0,1,0,1,0,0,0,0,0,,,,,,,,30,,,,,,0,,,,2,1,,,,,,,,,,1,0,,0,1,0,1,0,0,,0,,,1,50.3,105,34.4,101,126,86,36,98,15,1,0,0,1,45.62358276643991,1,0,0,2,,0,0,0,0,0,0,0,0,0,0,0,0,0,0,0,0,0,0,0,0,0,0,0,0,0,0,0,0,0,0,0,0,0,0,0,0,0,0,0,0,0,0,0,0,0,0,0,0,0,0,0,0,0,0,0,0,0,0,0,0,0,0,0,0,0,1,,1,3,,,1,,,,,,1,13.1,82,8.0,2,1,,,,0,,0,,0,0,0,0,0,0,0,1,0,0,2,0,0,0,0,0,0,0,0,0,0,0,0,0,0,0,0,0,,,,,,,,,,,,,,,,,,0,0,0,0,0,0,,0,0,0,2,1,"2022-09-09 10:10","2022-09-09 12:05",1,"2022-09-09 12:38",1,1,1,"2022-09-09 09:35","2022-09-09 12:38",1,"2022-09-09 10:35","2022-09-09 12:38",2,4,77,77,77,77,4,77,77,77,77,1,1,77,77,1,77,77,1,77,77,1,77,77,2,,,0,1,0,2,0,0,0,0,0,0,0,0,0,0,0,0,0,0,0,,,,,,2,,,,,,,,,,,,,,,,,,,,,,,,,,,,,,,,,,,0,,,,,,,,,,,,,,,,,,,,,0,,,,,0,1,0,2,0,0,0,0,0,0,0,0,0,2,,,,,,,,,,,,,,,,,,,0,,,,,,,,,,0,cl_ben_face_25-530.jpg,2,0,0,0,0,0,0,0,0,0,1,0,2,,0,0,0,0,0,0,0,0,0,0,0,,0,0,0,0,0,0,0,0,0,0,0,,,,,0,1,2022-09-16,2,,,2,1,2022-10-15,1,,,2,,,,,,,0,,,,,,,,,,,,,,,,,,,,,,,,,,,,,,,,,,,0,,,,,,,,,,,,,,,,,,,,,,,,,,,,,,,,,,,0,,,,,,,,,,,,,,,,,,,,,,,,,,,,,,,,,,,0,,,,,,,,,,,,,,,,,,,0,,,,,,,,,,,,,,,,,,,0,,,,,,,,,,,,,,,,,,,0
25-531,"2022-08-24 15:46:42",1,1,0,0,3,2,,,0,,,0,,,,,,,,,0,0,0,0,0,0,0,0,0,0,0,0,0,,,,,,,,,,,,,,,,,,,,,,,,,,,,,,,,,,,,,,,,,,,,,,,,,,,,,,,,,,,,0,,0,0,0,0,0,0,0,0,0,0,0,0,0,0,0,0,0,0,0,0,0,0,0,0,0,0,0,0,0,0,0,0,0,0,0,0,0,0,0,0,0,0,0,0,0,0,0,0,0,0,0,0,0,0,0,0,0,0,0,0,0,0,0,0,0,,,,,,,,,,,,,,,,,0,,,,,,,,,0,0,0,0,0,0,,0,0,0,0,,0,0,0,0,0,0,0,0,0,0,0,0,0,0,0,0,,,,,,,,,,,,,,,,,,0,0,0,0,0,0,,0,0,0,0,,,,,,,,,,,,,,0,,,,,,,,,,,,,,,,,,,,,,,,0,,,0,,,0,,,,,,,,,,,,,,,,,,,,,0,,,,,,,,,,,,,,,,,,,,,,,,,,,,,,,,,,,0,,,,,,,,,,,,,,,,,,,,,0,,,,,0,,,0,,,,,,,,,,0,,,,,,,,,,,,,,,,,,,0,,,,,,,,,,0,,0,,0,0,0,0,0,0,0,0,0,0,0,,0,0,0,0,0,0,0,0,0,0,0,,0,0,0,0,0,0,0,0,0,0,0,,,,,0,,,,,,0,,,,,,0,,,,,,,0,,,,,,,,,,,,,,,,,,,,,,,,,,,,,,,,,,,0,,,,,,,,,,,,,,,,,,,,,,,,,,,,,,,,,,,0,,,,,,,,,,,,,,,,,,,,,,,,,,,,,,,,,,,0,,,,,,,,,,,,,,,,,,,0,,,,,,,,,,,,,,,,,,,0,,,,,,,,,,,,,,,,,,,0
25-532,"2022-07-27 15:47:11",1,1,0,1,,2,,,0,,,0,,,,,,,,,0,0,0,0,0,0,0,0,0,0,0,0,0,,,,,,,,,,,,,,,,,,,,,,,,,,,,,,,,,,,,,,,,,,,,,,,,,,,,,,,,,,,,0,,0,0,0,0,0,0,0,0,0,0,0,0,0,0,0,0,0,0,0,0,0,0,0,0,0,0,0,0,0,0,0,0,0,0,0,0,0,0,0,0,0,0,0,0,0,0,0,0,0,0,0,0,0,0,0,0,0,0,0,0,0,0,0,0,0,,,,,,,,,,,,,,,,,0,,,,,,,,,0,0,0,0,0,0,,0,0,0,0,,0,0,0,0,0,0,0,0,0,0,0,0,0,0,0,0,,,,,,,,,,,,,,,,,,0,0,0,0,0,0,,0,0,0,0,,,,,,,,,,,,,,0,,,,,,,,,,,,,,,,,,,,,,,,0,,,0,,,0,,,,,,,,,,,,,,,,,,,,,0,,,,,,,,,,,,,,,,,,,,,,,,,,,,,,,,,,,0,,,,,,,,,,,,,,,,,,,,,0,,,,,0,,,0,,,,,,,,,,0,,,,,,,,,,,,,,,,,,,0,,,,,,,,,,0,,0,,0,0,0,0,0,0,0,0,0,0,0,,0,0,0,0,0,0,0,0,0,0,0,,0,0,0,0,0,0,0,0,0,0,0,,,,,0,,,,,,0,,,,,,0,,,,,,,0,,,,,,,,,,,,,,,,,,,,,,,,,,,,,,,,,,,0,,,,,,,,,,,,,,,,,,,,,,,,,,,,,,,,,,,0,,,,,,,,,,,,,,,,,,,,,,,,,,,,,,,,,,,0,,,,,,,,,,,,,,,,,,,0,,,,,,,,,,,,,,,,,,,0,,,,,,,,,,,,,,,,,,,0
25-533,"2022-07-11 09:58:33",1,1,0,0,1,2,1,1,2,2,50,2,2022-07-11,10,2,,3,,,,1,0,1,0,0,0,0,1,1,0,0,1,0,3,,,3,,,,2,3,,,2,,0,,,,1,1,,,,,,,,,,1,0,,0,0,,1,0,0,,0,,,0,48.9,175,35.6,132,91,65,46,91,15,1,0,1,2,15.96734693877551,2,0,0,2,,0,0,0,0,0,0,0,0,0,0,0,0,0,0,0,0,0,0,0,0,0,0,0,0,0,0,0,0,0,0,0,0,0,0,0,0,0,0,0,0,0,0,0,0,0,0,0,0,0,0,0,0,0,0,0,0,0,0,0,0,0,0,0,0,0,1,,2,2,,,1,,,,,,1,6.8,69,2.1,2,,,,,,,,,0,0,0,0,0,0,,0,0,0,0,,0,0,0,0,0,0,0,0,0,0,0,0,0,0,0,0,,,,,,,,,,,,,,,,,,0,0,0,0,0,0,,0,0,0,0,1,"2022-07-11 08:40","2022-07-11 15:00",1,"2022-07-11 15:26",1,1,1,"2022-07-11 08:35","2022-07-11 15:26",1,"2022-07-11 09:53","2022-07-11 15:26",2,4,78,78,78,78,4,78,78,78,78,1,1,78,78,1,78,78,1,78,78,1,78,78,2,,,0,1,0,2,2,3,3,3,3,3,3,3,0,4,0,4,3,4,1,2,2,,2,,2,,,,,,,,,,,,,,,,,,,,,,,,,,,,,,,,,,,0,,,,,,,,,,,,,,,,,,,,,0,,,,,0,1,0,2,0,0,0,0,0,1,0,0,2,2,,,,,,,,,,,,,,,,,,,0,,,,,,,,,,0,Cl_ben_face_25-533.jpg,2,0,1,1,0,1,1,1,0,0,0,0,2,,0,0,0,0,0,0,0,0,0,0,0,,0,0,0,0,0,0,0,0,0,0,0,,,,,0,1,2022-08-01,2,,,0,1,2022-08-12,4,,,2,,,,,,,0,,,,,,,,,,,,,,,,,,,,,,,,,,,,,,,,,,,0,,,,,,,,,,,,,,,,,,,,,,,,,,,,,,,,,,,0,,,,,,,,,,,,,,,,,,,,,,,,,,,,,,,,,,,0,,,,,,,,,,,,,,,,,,,0,,,,,,,,,,,,,,,,,,,0,,,,,,,,,,,,,,,,,,,0
25-534,"2022-01-08 11:22:53",1,1,0,0,1,2,1,1,2,1,44,2,2022-01-08,10,2,,60,,,,1,0,1,1,0,1,1,1,1,1,1,1,0,7,,14,7,60,,7,60,14,60,60,7,,0,,,,1,2,2017,0,,4,,,2,4,,1,0,,0,0,0,1,0,0,,0,,,1,40.5,151,36.8,123,91,72,28,100,15,1,0,1,2,17.7623788430332,2,0,0,2,,0,0,0,0,0,0,0,0,0,0,0,0,0,0,0,0,0,0,0,0,0,0,0,0,0,0,0,0,0,0,0,0,0,0,0,0,0,0,0,0,0,0,0,0,0,0,0,0,0,0,0,0,0,0,0,0,0,0,0,0,0,0,0,0,0,1,,2,3,,,1,,,,,,1,13.1,75,6.9,2,1,,,1,1,0,0,,0,0,0,0,0,0,0,1,0,0,2,0,0,0,0,0,0,0,0,0,0,0,0,0,0,0,0,0,,,,,,,,,,,,,,,,,,0,0,0,0,0,0,,0,0,0,2,1,"2022-01-08 08:45","2022-01-08 15:00",1,"2022-01-08 15:26",1,1,1,"2022-01-08 09:39","2022-01-08 15:26",1,"2022-01-08 12:20","2022-01-08 15:26",2,4,79,79,79,79,4,79,79,79,79,1,1,79,79,1,79,79,1,79,79,1,79,79,2,,,0,1,0,2,0,3,0,3,0,3,3,0,3,0,0,0,0,0,0,,,,,,2,,,,,,,,,,,,,,,,,,,,,,,,,,,,,,,,,,,0,,,,,,,,,,,,,,,,,,,,,0,,,,,0,1,0,2,0,0,0,0,0,0,0,0,0,2,,,,,,,,,,,,,,,,,,,0,,,,,,,,,,0,cl_ben_face_25-534.jpg,2,0,1,1,0,0,1,0,0,0,0,0,2,,0,0,0,0,0,0,0,0,0,0,0,,0,0,0,0,0,0,0,0,0,0,0,,,,,0,,,,,,0,,2022-02-09,2,,,2,,,,,,,0,,,,,,,,,,,,,,,,,,,,,,,,,,,,,,,,,,,0,,,,,,,,,,,,,,,,,,,,,,,,,,,,,,,,,,,0,,,,,,,,,,,,,,,,,,,,,,,,,,,,,,,,,,,0,,,,,,,,,,,,,,,,,,,0,,,,,,,,,,,,,,,,,,,0,,,,,,,,,,,,,,,,,,,0
25-535,"2022-07-08 09:14:06",1,1,0,0,1,2,1,1,2,2,35,2,2022-07-08,8,2,,7,,,,1,0,1,0,1,1,0,1,1,1,1,1,0,5,,5,5,,7,,5,5,7,5,5,,0,,,,2,1,,,,,,,,,,1,0,,0,0,0,1,0,0,,0,,,,,,,,,,,,14,0,1,0,1,,5,0,0,0,,0,0,0,0,0,0,0,0,0,0,0,0,0,0,0,0,0,0,0,0,0,0,0,0,0,0,0,0,0,0,0,0,0,0,0,0,0,0,0,0,0,0,0,0,0,0,0,0,0,0,0,0,0,0,0,0,0,0,0,0,0,0,0,0,0,1,,1,3,,,1,,,,,,1,14.9,83,9.2,2,2,1,,,,,,,0,0,0,0,0,0,,0,0,0,0,,0,0,0,0,0,0,0,0,0,0,0,0,0,0,0,0,,,,,,,,,,,,,,,,,,0,0,0,0,0,0,,0,0,0,0,1,"2022-07-07 11:00","2022-07-07 13:15",1,"2022-07-07 13:40",1,1,1,"2022-07-07 10:40","2022-07-07 13:40",1,"2022-07-07 13:30","2021-09-24 13:43",2,4,80,80,80,80,4,80,80,80,80,1,1,80,80,1,80,80,1,80,80,1,80,80,2,,,0,1,0,2,0,0,3,0,0,0,0,0,0,3,0,0,0,0,0,,,,,,2,,,,,,,,,,,,,,,,,,,,,,,,,,,,,,,,,,,0,,,,,,,,,,,,,,,,,,,,,0,,,,,0,1,0,2,0,0,0,0,0,0,0,0,0,2,,,,,,,,,,,,,,,,,,,0,,,,,,,,,,0,,0,,0,0,0,0,0,0,0,0,0,0,0,,0,0,0,0,0,0,0,0,0,0,0,,0,0,0,0,0,0,0,0,0,0,0,,,,,0,,,6,2022-07-08,,2,,,6,2022-07-08,,2,,,,,,,0,,,,,,,,,,,,,,,,,,,,,,,,,,,,,,,,,,,0,,,,,,,,,,,,,,,,,,,,,,,,,,,,,,,,,,,0,,,,,,,,,,,,,,,,,,,,,,,,,,,,,,,,,,,0,,,,,,,,,,,,,,,,,,,0,,,,,,,,,,,,,,,,,,,0,,,,,,,,,,,,,,,,,,,0
25-536,"2022-09-17 11:37:50",1,1,0,1,,2,,,0,,,0,,,,,,,,,0,0,0,0,0,0,0,0,0,0,0,0,0,,,,,,,,,,,,,,,,,,,,,,,,,,,,,,,,,,,,,,,,,,,,,,,,,,,,,,,,,,,,0,,0,0,0,0,0,0,0,0,0,0,0,0,0,0,0,0,0,0,0,0,0,0,0,0,0,0,0,0,0,0,0,0,0,0,0,0,0,0,0,0,0,0,0,0,0,0,0,0,0,0,0,0,0,0,0,0,0,0,0,0,0,0,0,0,0,,,,,,,,,,,,,,,,,0,,,,,,,,,0,0,0,0,0,0,,0,0,0,0,,0,0,0,0,0,0,0,0,0,0,0,0,0,0,0,0,,,,,,,,,,,,,,,,,,0,0,0,0,0,0,,0,0,0,0,,,,,,,,,,,,,,0,,,,,,,,,,,,,,,,,,,,,,,,0,,,0,,,0,,,,,,,,,,,,,,,,,,,,,0,,,,,,,,,,,,,,,,,,,,,,,,,,,,,,,,,,,0,,,,,,,,,,,,,,,,,,,,,0,,,,,0,,,0,,,,,,,,,,0,,,,,,,,,,,,,,,,,,,0,,,,,,,,,,0,,0,,0,0,0,0,0,0,0,0,0,0,0,,0,0,0,0,0,0,0,0,0,0,0,,0,0,0,0,0,0,0,0,0,0,0,,,,,0,,,,,,0,,,,,,0,,,,,,,0,,,,,,,,,,,,,,,,,,,,,,,,,,,,,,,,,,,0,,,,,,,,,,,,,,,,,,,,,,,,,,,,,,,,,,,0,,,,,,,,,,,,,,,,,,,,,,,,,,,,,,,,,,,0,,,,,,,,,,,,,,,,,,,0,,,,,,,,,,,,,,,,,,,0,,,,,,,,,,,,,,,,,,,0
25-537,"2022-02-25 11:38:11",1,1,0,1,,2,,,0,,,0,,,,,,,,,0,0,0,0,0,0,0,0,0,0,0,0,0,,,,,,,,,,,,,,,,,,,,,,,,,,,,,,,,,,,,,,,,,,,,,,,,,,,,,,,,,,,,0,,0,0,0,0,0,0,0,0,0,0,0,0,0,0,0,0,0,0,0,0,0,0,0,0,0,0,0,0,0,0,0,0,0,0,0,0,0,0,0,0,0,0,0,0,0,0,0,0,0,0,0,0,0,0,0,0,0,0,0,0,0,0,0,0,0,,,,,,,,,,,,,,,,,0,,,,,,,,,0,0,0,0,0,0,,0,0,0,0,,0,0,0,0,0,0,0,0,0,0,0,0,0,0,0,0,,,,,,,,,,,,,,,,,,0,0,0,0,0,0,,0,0,0,0,,,,,,,,,,,,,,0,,,,,,,,,,,,,,,,,,,,,,,,0,,,0,,,0,,,,,,,,,,,,,,,,,,,,,0,,,,,,,,,,,,,,,,,,,,,,,,,,,,,,,,,,,0,,,,,,,,,,,,,,,,,,,,,0,,,,,0,,,0,,,,,,,,,,0,,,,,,,,,,,,,,,,,,,0,,,,,,,,,,0,,0,,0,0,0,0,0,0,0,0,0,0,0,,0,0,0,0,0,0,0,0,0,0,0,,0,0,0,0,0,0,0,0,0,0,0,,,,,0,,,,,,0,,,,,,0,,,,,,,0,,,,,,,,,,,,,,,,,,,,,,,,,,,,,,,,,,,0,,,,,,,,,,,,,,,,,,,,,,,,,,,,,,,,,,,0,,,,,,,,,,,,,,,,,,,,,,,,,,,,,,,,,,,0,,,,,,,,,,,,,,,,,,,0,,,,,,,,,,,,,,,,,,,0,,,,,,,,,,,,,,,,,,,0
25-538,"2022-07-12 11:08:33",1,1,0,0,1,2,1,1,2,1,52,2,2022-07-12,6,2,,16,,,,1,0,1,1,0,1,0,1,1,1,1,1,1,16,,3,16,16,,,16,16,16,14,14,14,0,,,,3,1,,,,,,,,,,1,0,,0,0,0,1,0,0,,1,2020-10-12,2,1,64,163,35.4,126,109,84,24,94,15,1,0,0,1,24.088223117166624,2,0,0,2,,0,0,0,0,0,0,0,0,0,0,0,0,0,0,0,0,0,0,0,0,0,0,0,0,0,0,0,0,0,0,0,0,0,0,0,0,0,0,0,0,0,0,0,0,0,0,0,0,0,0,0,0,0,0,0,0,0,0,0,0,0,0,0,0,0,1,,1,3,,,1,,,,,,1,10.7,79,6.9,2,,,,,,,,,0,0,0,0,0,0,,0,0,0,0,,0,0,0,0,0,0,0,0,0,0,0,0,0,0,0,0,,,,,,,,,,,,,,,,,,0,0,0,0,0,0,,0,0,0,0,1,"2022-07-12 10:00","2022-07-12 14:13",1,"2022-07-12 14:45",1,1,1,"2022-07-12 09:40","2022-07-12 14:45",1,"2022-07-12 12:12","2022-07-12 14:45",2,4,81,81,81,81,4,81,81,81,81,1,1,81,81,1,81,81,1,81,81,1,81,81,2,,,0,1,0,2,0,3,0,0,0,0,0,3,0,3,0,0,0,0,0,,,,,,2,,,,,,,,,,,,,,,,,,,,,,,,,,,,,,,,,,,0,,,,,,,,,,,,,,,,,,,,,0,,,,,0,1,0,2,0,0,0,0,0,0,0,0,0,2,,,,,,,,,,,,,,,,,,,0,,,,,,,,,,0,Cl_ben_face_25-538.jpg,2,1,0,0,0,0,0,0,0,0,0,0,2,,0,0,0,0,0,0,0,0,0,0,0,,0,0,0,0,0,0,0,0,0,0,0,,,,,0,1,2022-07-30,2,,,2,1,2022-08-10,2,,,2,,,,,,,0,,,,,,,,,,,,,,,,,,,,,,,,,,,,,,,,,,,0,,,,,,,,,,,,,,,,,,,,,,,,,,,,,,,,,,,0,,,,,,,,,,,,,,,,,,,,,,,,,,,,,,,,,,,0,,,,,,,,,,,,,,,,,,,0,,,,,,,,,,,,,,,,,,,0,,,,,,,,,,,,,,,,,,,0
25-539,"2022-07-26 09:56:30",1,1,0,0,1,2,1,1,2,2,30,2,2022-07-26,10,2,,7,,,,1,0,1,1,0,1,0,1,0,0,0,0,1,7,,3,7,7,,,,,,,,3,0,,,,3,1,,,,,,,,,,1,1,2,0,1,0,1,0,1,2021-12-24,0,,,1,57.8,170,34.6,106,197,140,18,96,15,0,0,0,0,20,1,0,0,2,,0,0,0,0,0,0,0,0,0,0,0,0,0,0,0,0,0,0,0,0,0,0,0,0,0,0,0,0,0,0,0,0,0,0,0,0,0,0,0,0,0,0,0,0,0,0,0,0,0,0,0,0,0,0,0,0,0,0,0,0,0,0,0,0,0,1,,1,3,,,1,,,,,,1,10.8,79,6.4,2,1,,,,0,,1,6,0,0,0,1,0,0,0,1,0,0,2,,0,0,0,0,0,0,0,0,0,0,0,0,0,0,0,0,,,,,,,,,,,,,,,,,,0,0,0,0,0,0,,0,0,0,0,1,"2022-07-26 09:30","2022-07-26 12:09",1,"2022-07-26 12:40",1,1,1,"2022-07-26 08:37","2022-07-26 12:40",1,"2022-07-26 11:40","2022-07-26 12:40",2,4,1,1,1,1,4,1,1,1,1,1,1,1,1,1,1,1,1,1,1,1,1,1,2,,,0,1,0,2,0,3,3,0,3,0,0,2,0,2,0,0,0,0,0,,,,,,2,,,,,,,,,,,,,,,,,,,,,,,,,,,,,,,,,,,0,,,,,,,,,,,,,,,,,,,,,0,,,,,0,1,0,2,0,0,0,0,0,0,0,0,0,2,,,,,,,,,,,,,,,,,,,0,,,,,,,,,,0,cl_ben_face_25-539.jpg,2,1,0,0,0,0,0,0,0,0,0,0,2,,0,0,0,0,0,0,0,0,0,0,0,,0,0,0,0,0,0,0,0,0,0,0,,,,,0,1,2022-08-09,1,,,2,1,2022-09-08,1,,,2,,,,,,,0,,,,,,,,,,,,,,,,,,,,,,,,,,,,,,,,,,,0,,,,,,,,,,,,,,,,,,,,,,,,,,,,,,,,,,,0,,,,,,,,,,,,,,,,,,,,,,,,,,,,,,,,,,,0,,,,,,,,,,,,,,,,,,,0,,,,,,,,,,,,,,,,,,,0,,,,,,,,,,,,,,,,,,,0
25-540,"2022-09-05 10:55:10",1,1,0,0,1,2,1,1,2,2,40,2,2022-09-05,10,2,,4,,,,0,0,1,1,0,0,0,1,0,0,0,0,0,,,,4,4,,,4,,,,,,0,,,,1,1,,,,,,,,,,1,0,,0,0,0,1,0,0,,0,,,0,63,176,34.1,104,113,73,22,96,15,1,0,0,1,20.33832644628099,1,0,0,2,,0,0,0,0,0,0,0,0,0,0,0,0,0,0,0,0,0,0,0,0,0,0,0,0,0,0,0,0,0,0,0,0,0,0,0,0,0,0,0,0,0,0,0,0,0,0,0,0,0,0,0,0,0,0,0,0,0,0,0,0,0,0,0,0,0,1,,1,3,,,1,,,,,,1,14.5,82,6.2,2,1,,,6,0,,0,,0,0,0,0,0,0,0,1,0,0,2,,0,0,0,0,0,0,0,0,0,0,0,0,0,0,0,0,,,,,,,,,,,,,,,,,,0,0,0,0,0,0,,0,0,0,0,1,"2022-09-05 09:35","2022-09-05 12:09",1,"2022-09-05 12:40",1,1,1,"2022-09-05 12:40","2022-09-05 12:40",1,"2022-09-05 11:40","2022-09-05 12:40",2,4,2,2,2,2,4,2,2,2,2,1,1,2,2,1,2,2,1,2,2,1,2,2,2,,,0,1,0,2,3,3,3,3,0,0,0,0,0,3,3,0,0,0,0,,,,,,2,,,,,,,,,,,,,,,,,,,,,,,,,,,,,,,,,,,0,,,,,,,,,,,,,,,,,,,,,0,,,,,0,1,0,2,0,0,0,0,0,0,0,0,0,2,,,,,,,,,,,,,,,,,,,0,,,,,,,,,,0,cl_ben_face_25-540.jpg,2,0,0,1,0,0,0,0,0,0,0,0,2,,0,0,0,0,0,0,0,0,0,0,0,,0,0,0,0,0,0,0,0,0,0,0,,,,,0,1,2022-09-19,2,,,2,1,2022-10-19,2,,,2,,,,,,,0,,,,,,,,,,,,,,,,,,,,,,,,,,,,,,,,,,,0,,,,,,,,,,,,,,,,,,,,,,,,,,,,,,,,,,,0,,,,,,,,,,,,,,,,,,,,,,,,,,,,,,,,,,,0,,,,,,,,,,,,,,,,,,,0,,,,,,,,,,,,,,,,,,,0,,,,,,,,,,,,,,,,,,,0
25-541,"2022-03-03 10:31:02",1,1,0,0,1,2,1,1,2,2,50,2,2022-03-03,6,2,,21,,,,1,0,0,1,0,1,0,0,0,0,1,1,1,21,,7,,7,,,,,,,21,,0,,,,1,2,2018,0,,3,,4,,,,1,0,,0,0,0,1,0,0,,0,,,1,56.7,167,34,84,138,98,24,98,15,1,0,0,1,20.33059629244505,1,0,0,2,,0,0,0,0,0,0,0,0,0,0,0,0,0,0,0,0,0,0,0,0,0,0,0,0,0,0,0,0,0,0,0,0,0,0,0,0,0,0,0,0,0,0,0,0,0,0,0,0,0,0,0,0,0,0,0,0,0,0,0,0,0,0,0,0,0,1,,2,3,,,1,,,,,,1,9.8,75,9.1,2,1,,,1,1,1,0,,0,0,0,0,0,0,0,1,0,0,2,0,0,0,0,0,0,0,0,0,0,0,0,0,0,0,0,0,,,,,,,,,,,,,,,,,,0,0,0,0,0,0,,0,0,0,2,1,"2022-03-03 09:35","2022-03-03 12:10",1,"2022-03-03 12:56",1,1,1,"2022-03-03 09:15","2022-03-03 12:56",1,"2022-03-03 11:34","2022-03-03 12:45",2,4,3,3,3,3,4,3,3,3,3,1,1,3,3,1,3,3,1,3,3,1,3,3,2,,,0,1,0,2,3,0,0,0,0,3,4,4,0,4,0,0,4,0,0,,,,,,2,,,,,,,,,,,,,,,,,,,,,,,,,,,,,,,,,,,0,,,,,,,,,,,,,,,,,,,,,0,,,,,0,1,0,2,0,0,0,0,0,0,0,0,0,2,,,,,,,,,,,,,,,,,,,0,,,,,,,,,,0,cl_ben_face_25-541.jpg,2,0,0,0,0,0,1,0,0,0,0,0,2,,0,0,0,0,0,0,0,0,0,0,0,,0,0,0,0,0,0,0,0,0,0,0,,,,,0,0,2022-03-10,,,,2,1,2022-04-15,2,,,2,,,,,,,0,,,,,,,,,,,,,,,,,,,,,,,,,,,,,,,,,,,0,,,,,,,,,,,,,,,,,,,,,,,,,,,,,,,,,,,0,,,,,,,,,,,,,,,,,,,,,,,,,,,,,,,,,,,0,,,,,,,,,,,,,,,,,,,0,,,,,,,,,,,,,,,,,,,0,,,,,,,,,,,,,,,,,,,0
25-542,"2022-07-30 11:31:48",1,1,0,0,1,2,1,1,2,1,40,2,2022-07-30,6,2,,10,,,,1,0,0,1,0,1,1,0,1,0,0,0,0,10,,3,,3,,10,,10,,,,,0,,,,1,2,2016,0,,3,,5,,,,1,0,,0,0,0,1,0,0,,0,,,1,46.5,164,34.3,127,103,74,36,96,15,1,0,0,1,17.288816180844734,1,0,0,2,,0,0,0,0,0,0,0,0,0,0,0,0,0,0,0,0,0,0,0,0,0,0,0,0,0,0,0,0,0,0,0,0,0,0,0,0,0,0,0,0,0,0,0,0,0,0,0,0,0,0,0,0,0,0,0,0,0,0,0,0,0,0,0,0,0,1,,1,3,,,2,2,,,,,1,9.0,79,7.2,0,,,,,,,,,0,0,0,0,0,0,,0,0,0,0,,0,0,0,0,0,0,0,0,0,0,0,0,0,0,0,0,,,,,,,,,,,,,,,,,,0,0,0,0,0,0,,0,0,0,0,1,"2022-07-30 09:50","2022-07-30 12:10",1,"2022-07-30 12:56",1,1,1,"2022-07-30 09:42","2022-07-30 12:56",1,"2022-07-30 12:28","2022-07-30 12:56",2,4,4,4,4,4,4,4,4,4,4,1,1,4,4,1,4,4,1,4,4,1,4,4,2,,,0,1,0,2,0,3,0,0,3,0,0,0,0,0,5,4,3,0,0,,,,,,2,,,,,,,,,,,,,,,,,,,,,,,,,,,,,,,,,,,0,,,,,,,,,,,,,,,,,,,,,0,,,,,0,1,0,2,1,0,0,0,0,0,0,0,1,2,,,,,,,,,,,,,,,,,,,0,,,,,,,,,,0,cl_ben_face_25-542.jpg,2,0,0,1,0,0,0,0,0,0,0,0,2,,0,0,0,0,0,0,0,0,0,0,0,,0,0,0,0,0,0,0,0,0,0,0,,,,,0,1,2022-08-12,2,,,2,1,2022-09-11,2,,,2,,,,,,,0,,,,,,,,,,,,,,,,,,,,,,,,,,,,,,,,,,,0,,,,,,,,,,,,,,,,,,,,,,,,,,,,,,,,,,,0,,,,,,,,,,,,,,,,,,,,,,,,,,,,,,,,,,,0,,,,,,,,,,,,,,,,,,,0,,,,,,,,,,,,,,,,,,,0,,,,,,,,,,,,,,,,,,,0
25-543,"2022-09-29 10:33:37",1,1,0,0,1,2,1,1,2,1,55,2,2022-09-29,,2,,30,,,,0,0,1,1,1,1,0,1,1,0,0,0,0,,,30,30,30,7,,30,30,,,,,1,1,0,0,2,1,,,,,,,,,,1,0,,0,0,0,1,0,1,2021-12-20,0,,,,44.5,159,34.6,62,115,73,20,99,15,0,0,0,0,17.602151813614967,1,0,0,2,,0,0,0,0,0,0,0,0,0,0,0,0,0,0,0,0,0,0,0,0,0,0,0,0,0,0,0,0,0,0,0,0,0,0,0,0,0,0,0,0,0,0,0,0,0,0,0,0,0,0,0,0,0,0,0,0,0,0,0,0,0,0,0,0,0,1,,1,3,,,1,,,,,,1,12.3,85,6.0,2,1,,,,0,,1,6,0,0,0,1,0,0,0,1,0,0,0,,0,0,0,0,0,0,0,0,0,0,0,0,0,0,0,0,,,,,,,,,,,,,,,,,,0,0,0,0,0,0,,0,0,0,0,1,"2022-09-29 10:20","2022-09-29 11:39",1,"2022-09-29 12:30",1,1,1,"2022-09-29 10:15","2022-09-29 12:30",1,"2022-09-29 10:31","2022-09-29 12:30",2,4,5,5,5,5,4,5,5,5,5,1,1,5,5,1,5,5,1,5,5,1,5,5,2,,,0,1,0,2,0,0,0,0,0,0,0,0,0,3,0,3,0,0,0,,,,,,2,,,,,,,,,,,,,,,,,,,,,,,,,,,,,,,,,,,0,,,,,,,,,,,,,,,,,,,,,0,,,,,0,1,0,2,0,0,0,0,0,0,0,0,0,2,,,,,,,,,,,,,,,,,,,0,,,,,,,,,,0,cl_ben_face_25-543.jpg,2,1,0,0,0,0,0,0,0,0,0,0,2,,0,0,0,0,0,0,0,0,0,0,0,,0,0,0,0,0,0,0,0,0,0,0,,,,,0,1,2022-10-11,3,,,2,1,2022-11-10,1,,,2,,,,,,,0,,,,,,,,,,,,,,,,,,,,,,,,,,,,,,,,,,,0,,,,,,,,,,,,,,,,,,,,,,,,,,,,,,,,,,,0,,,,,,,,,,,,,,,,,,,,,,,,,,,,,,,,,,,0,,,,,,,,,,,,,,,,,,,0,,,,,,,,,,,,,,,,,,,0,,,,,,,,,,,,,,,,,,,0
25-544,"2022-05-04 10:43:55",1,1,0,0,1,2,1,1,2,1,59,2,2022-05-04,6,2,,40,,,,1,0,0,0,0,0,0,0,0,0,0,0,0,60,,,,,,,,,,,,,0,,,,1,1,,,,,,,,,,1,0,,0,1,0,1,0,,,1,2021-10-02,2,0,82,164,34.3,52,108,70,20,98,15,0,0,0,0,30.48780487804878,1,0,0,2,,0,0,0,0,0,0,0,0,0,0,0,0,0,0,0,0,0,0,0,0,0,0,0,0,0,0,0,0,0,0,0,0,0,0,0,0,0,0,0,0,0,0,0,0,0,0,0,0,0,0,0,0,0,0,0,0,0,0,0,0,0,0,0,0,0,1,,1,3,,,1,,,,,,1,12.7,89,3.7,2,1,,,11,0,,1,6,0,0,0,1,0,0,0,1,0,0,2,,0,0,0,0,0,0,0,0,0,0,0,0,0,0,0,0,,,,,,,,,,,,,,,,,,0,0,0,0,0,0,,0,0,0,0,1,"2022-05-04 10:20","2022-05-04 14:14",1,"2022-05-04 15:00",1,1,1,"2022-05-04 10:16","2022-05-04 15:00",1,"2022-05-04 12:07","2022-05-04 15:00",2,4,6,6,6,6,4,6,6,6,6,1,1,6,6,1,6,6,1,6,6,1,6,6,2,,,0,1,0,2,0,0,3,0,3,0,0,0,0,0,0,0,0,0,0,,,,,,2,,,,,,,,,,,,,,,,,,,,,,,,,,,,,,,,,,,0,,,,,,,,,,,,,,,,,,,,,0,,,,,0,,,0,,,,,,,,,,0,,,,,,,,,,,,,,,,,,,0,,,,,,,,,,0,cl_ben_face_25-544.jpg,2,1,0,0,0,0,0,0,0,0,0,0,2,,0,0,0,0,0,0,0,0,0,0,0,,0,0,0,0,0,0,0,0,0,0,0,,,,,0,1,2022-05-15,2,,,2,1,2022-06-28,1,,,2,,,,,,,0,,,,,,,,,,,,,,,,,,,,,,,,,,,,,,,,,,,0,,,,,,,,,,,,,,,,,,,,,,,,,,,,,,,,,,,0,,,,,,,,,,,,,,,,,,,,,,,,,,,,,,,,,,,0,,,,,,,,,,,,,,,,,,,0,,,,,,,,,,,,,,,,,,,0,,,,,,,,,,,,,,,,,,,0
25-545,"2022-04-27 14:14:05",1,1,0,0,1,2,1,1,2,2,22,2,2022-04-27,6,2,,5,,,,1,0,1,1,1,0,0,1,1,0,0,1,0,5,,,5,5,5,,5,5,,,5,,0,,,,1,1,,,,,,,,,,1,0,,0,0,0,1,0,0,,0,,,1,58,168,35.4,118,127,79,48,88,15,1,0,0,1,20.549886621315192,5,0,0,2,,0,0,0,0,0,0,0,0,0,0,0,0,0,0,0,0,0,0,0,0,0,0,0,0,0,0,0,0,0,0,0,0,0,0,0,0,0,0,0,0,0,0,0,0,0,0,0,0,0,0,0,0,0,0,0,0,0,0,0,0,0,0,0,0,0,1,,1,3,,,1,,,,,,1,14,84,8.8,2,2,1,,7,0,,1,,0,0,0,0,0,0,1,1,0,0,0,,0,0,0,0,0,0,0,0,0,0,0,0,0,0,0,0,,,,,,,,,,,,,,,,,,0,0,0,0,0,0,,0,0,0,0,1,"2022-04-27 10:00","2022-04-27 14:14",1,"2022-04-27 15:00",1,1,1,"2022-04-27 09:20","2022-04-27 15:00",1,"2022-04-27 13:07","2022-04-28 15:00",2,4,7,7,7,7,4,7,7,7,7,1,1,7,7,1,7,7,1,7,7,1,7,7,2,,,0,1,0,2,6,3,3,4,4,0,0,3,0,3,4,4,0,3,1,3,1,2,1,1,2,,,,,,,,,,,,,,,,,,,,,,,,,,,,,,,,,,,0,,,,,,,,,,,,,,,,,,,,,0,,,,,0,1,0,2,0,0,1,0,0,1,0,0,0,2,,,,,,,,,,,,,,,,,,,0,,,,,,,,,,0,cl_ben_face_25-545.jpg,2,0,0,1,1,0,0,1,0,0,0,0,2,,0,0,0,0,0,0,0,0,0,0,0,,0,0,0,0,0,0,0,0,0,0,0,,,,,0,1,2022-05-08,5,,2023-05-08,2,1,2022-06-07,1,,,2,,,,,,,0,,,,,,,,,,,,,,,,,,,,,,,,,,,,,,,,,,,0,,,,,,,,,,,,,,,,,,,,,,,,,,,,,,,,,,,0,,,,,,,,,,,,,,,,,,,,,,,,,,,,,,,,,,,0,,,,,,,,,,,,,,,,,,,0,,,,,,,,,,,,,,,,,,,0,,,,,,,,,,,,,,,,,,,0
25-546,"2022-09-20 09:17:04",1,1,0,1,,2,,,0,,,0,,,,,,,,,0,0,0,0,0,0,0,0,0,0,0,0,0,,,,,,,,,,,,,,,,,,,,,,,,,,,,,,,,,,,,,,,,,,,,,,,,,,,,,,,,,,,,0,,0,0,0,0,0,0,0,0,0,0,0,0,0,0,0,0,0,0,0,0,0,0,0,0,0,0,0,0,0,0,0,0,0,0,0,0,0,0,0,0,0,0,0,0,0,0,0,0,0,0,0,0,0,0,0,0,0,0,0,0,0,0,0,0,0,,,,,,,,,,,,,,,,,0,,,,,,,,,0,0,0,0,0,0,,0,0,0,0,,0,0,0,0,0,0,0,0,0,0,0,0,0,0,0,0,,,,,,,,,,,,,,,,,,0,0,0,0,0,0,,0,0,0,0,,,,,,,,,,,,,,0,,,,,,,,,,,,,,,,,,,,,,,,0,,,0,,,0,,,,,,,,,,,,,,,,,,,,,0,,,,,,,,,,,,,,,,,,,,,,,,,,,,,,,,,,,0,,,,,,,,,,,,,,,,,,,,,0,,,,,0,,,0,,,,,,,,,,0,,,,,,,,,,,,,,,,,,,0,,,,,,,,,,0,,0,,0,0,0,0,0,0,0,0,0,0,0,,0,0,0,0,0,0,0,0,0,0,0,,0,0,0,0,0,0,0,0,0,0,0,,,,,0,,,,,,0,,,,,,0,,,,,,,0,,,,,,,,,,,,,,,,,,,,,,,,,,,,,,,,,,,0,,,,,,,,,,,,,,,,,,,,,,,,,,,,,,,,,,,0,,,,,,,,,,,,,,,,,,,,,,,,,,,,,,,,,,,0,,,,,,,,,,,,,,,,,,,0,,,,,,,,,,,,,,,,,,,0,,,,,,,,,,,,,,,,,,,0
25-547,"2022-09-17 15:18:33",1,1,0,1,,2,,,0,,,0,,,,,,,,,0,0,0,0,0,0,0,0,0,0,0,0,0,,,,,,,,,,,,,,,,,,,,,,,,,,,,,,,,,,,,,,,,,,,,,,,,,,,,,,,,,,,,0,,0,0,0,0,0,0,0,0,0,0,0,0,0,0,0,0,0,0,0,0,0,0,0,0,0,0,0,0,0,0,0,0,0,0,0,0,0,0,0,0,0,0,0,0,0,0,0,0,0,0,0,0,0,0,0,0,0,0,0,0,0,0,0,0,0,,,,,,,,,,,,,,,,,0,,,,,,,,,0,0,0,0,0,0,,0,0,0,0,,0,0,0,0,0,0,0,0,0,0,0,0,0,0,0,0,,,,,,,,,,,,,,,,,,0,0,0,0,0,0,,0,0,0,0,,,,,,,,,,,,,,0,,,,,,,,,,,,,,,,,,,,,,,,0,,,0,,,0,,,,,,,,,,,,,,,,,,,,,0,,,,,,,,,,,,,,,,,,,,,,,,,,,,,,,,,,,0,,,,,,,,,,,,,,,,,,,,,0,,,,,0,,,0,,,,,,,,,,0,,,,,,,,,,,,,,,,,,,0,,,,,,,,,,0,,0,,0,0,0,0,0,0,0,0,0,0,0,,0,0,0,0,0,0,0,0,0,0,0,,0,0,0,0,0,0,0,0,0,0,0,,,,,0,,,,,,0,,,,,,0,,,,,,,0,,,,,,,,,,,,,,,,,,,,,,,,,,,,,,,,,,,0,,,,,,,,,,,,,,,,,,,,,,,,,,,,,,,,,,,0,,,,,,,,,,,,,,,,,,,,,,,,,,,,,,,,,,,0,,,,,,,,,,,,,,,,,,,0,,,,,,,,,,,,,,,,,,,0,,,,,,,,,,,,,,,,,,,0
25-548,"2022-09-22 10:22:33",1,1,0,0,1,2,1,1,2,2,28,2,2022-09-22,10,2,,21,,,,0,0,0,1,0,1,0,0,0,0,0,0,0,,,14,,14,,,,,,,,,0,,,,2,1,,,,,,,,,,3,0,,0,0,0,1,,1,2021-07-23,0,,,1,66.1,180,36.1,82,121,76,26,96,15,1,0,0,1,20.401234567901234,1,0,0,2,,0,0,0,0,0,0,0,0,0,0,0,0,0,0,0,0,0,0,0,0,0,0,0,0,0,0,0,0,0,0,0,0,0,0,0,0,0,0,0,0,0,0,0,0,0,0,0,0,0,0,0,0,0,0,0,0,0,0,0,0,0,0,0,0,0,1,,2,3,,,1,,,,,,1,11.4,73,9.0,2,1,,,1,1,0,0,,0,0,0,0,0,0,0,1,0,0,2,0,0,0,0,0,0,0,0,0,0,0,0,0,0,0,0,0,,,,,,,,,,,,,,,,,,0,0,0,0,0,0,,0,0,0,2,1,"2022-09-22 09:00","2022-09-22 13:43",1,"2022-09-22 14:34",1,1,1,"2022-09-22 08:36","2022-09-22 14:34",1,"2022-09-22 11:20","2022-09-22 14:34",2,4,8,8,8,8,4,8,8,8,8,1,1,8,8,1,8,8,1,8,8,1,8,8,2,,,0,1,0,2,0,2,3,0,3,0,3,0,0,0,0,0,3,4,0,,,,,,2,,,,,,,,,,,,,,,,,,,,,,,,,,,,,,,,,,,0,,,,,,,,,,,,,,,,,,,,,0,,,,,0,1,0,2,0,0,0,0,0,0,0,0,0,2,,,,,,,,,,,,,,,,,,,0,,,,,,,,,,0,cl_ben_face_25-548.jpg,2,0,0,0,0,1,1,0,0,0,0,0,2,,0,0,0,0,0,0,0,0,0,0,0,,0,0,0,0,0,0,0,0,0,0,0,,,,,0,1,2022-10-03,2,,,2,1,2022-10-22,2,,,2,,,,,,,0,,,,,,,,,,,,,,,,,,,,,,,,,,,,,,,,,,,0,,,,,,,,,,,,,,,,,,,,,,,,,,,,,,,,,,,0,,,,,,,,,,,,,,,,,,,,,,,,,,,,,,,,,,,0,,,,,,,,,,,,,,,,,,,0,,,,,,,,,,,,,,,,,,,0,,,,,,,,,,,,,,,,,,,0
25-549,"2022-08-27 12:16:58",1,1,0,0,1,2,1,1,2,2,33,2,2022-08-28,10,2,,365,,,,1,0,1,1,1,1,1,1,1,0,0,0,0,365,,,,,,,,,,,,,0,,,,2,4,,,,,,,,,3,3,0,,0,0,0,1,0,0,,0,,,1,40,180,,,,,60,75,14,1,1,0,2,12.345679012345679,5,1,0,0,,0,0,0,0,0,0,0,0,0,0,0,0,0,0,0,0,0,0,0,0,0,0,0,0,0,0,0,0,0,0,0,0,0,0,0,0,0,0,0,0,0,0,0,0,0,0,0,0,0,0,0,0,0,0,0,0,0,0,0,0,0,0,0,0,0,1,,2,2,,,1,,,,,,1,6.8,77,2.5,2,2,1,,1,1,1,0,,0,0,0,0,0,0,0,1,0,0,2,0,0,0,0,0,0,0,0,0,0,0,0,0,0,0,0,0,,,,,,,,,,,,,,,,,,0,0,0,0,0,0,,0,0,0,2,1,"2022-08-27 10:00","2022-08-27 13:43",1,"2022-08-27 14:34",1,1,1,"2022-08-27 09:15","2022-08-27 14:34",1,"2022-08-27 13:00","2022-08-27 14:34",2,4,9,9,9,9,4,9,9,9,9,1,1,9,9,1,9,9,1,9,9,1,9,9,2,,,0,1,1,2,4,4,4,4,4,4,4,3,4,3,,,,,0,,,,,,2,,,,,,,,,,,,,,,,,,,,,,,,,,,,,,,,,,,0,,,,,,,,,,,,,,,,,,,,,0,,,,,0,1,1,2,2,0,0,0,0,0,0,0,1,2,,,,,,,,,,,,,,,,,,,0,,,,,,,,,,0,,0,,0,0,0,0,0,0,0,0,0,0,0,,0,0,0,0,0,0,0,0,0,0,0,,0,0,0,0,0,0,0,0,0,0,0,,,,,0,,,6,2022-08-31,,2,,,6,2022-08-31,,2,,,,,,,0,,,,,,,,,,,,,,,,,,,,,,,,,,,,,,,,,,,0,,,,,,,,,,,,,,,,,,,,,,,,,,,,,,,,,,,0,,,,,,,,,,,,,,,,,,,,,,,,,,,,,,,,,,,0,,,,,,,,,,,,,,,,,,,0,,,,,,,,,,,,,,,,,,,0,,,,,,,,,,,,,,,,,,,0
25-550,"2022-09-25 16:51:53",1,1,0,1,,2,,,0,,,0,,,,,,,,,0,0,0,0,0,0,0,0,0,0,0,0,0,,,,,,,,,,,,,,,,,,,,,,,,,,,,,,,,,,,,,,,,,,,,,,,,,,,,,,,,,,,,0,,0,0,0,0,0,0,0,0,0,0,0,0,0,0,0,0,0,0,0,0,0,0,0,0,0,0,0,0,0,0,0,0,0,0,0,0,0,0,0,0,0,0,0,0,0,0,0,0,0,0,0,0,0,0,0,0,0,0,0,0,0,0,0,0,0,,,,,,,,,,,,,,,,,0,,,,,,,,,0,0,0,0,0,0,,0,0,0,0,,0,0,0,0,0,0,0,0,0,0,0,0,0,0,0,0,,,,,,,,,,,,,,,,,,0,0,0,0,0,0,,0,0,0,0,,,,,,,,,,,,,,0,,,,,,,,,,,,,,,,,,,,,,,,0,,,0,,,0,,,,,,,,,,,,,,,,,,,,,0,,,,,,,,,,,,,,,,,,,,,,,,,,,,,,,,,,,0,,,,,,,,,,,,,,,,,,,,,0,,,,,0,,,0,,,,,,,,,,0,,,,,,,,,,,,,,,,,,,0,,,,,,,,,,0,,0,,0,0,0,0,0,0,0,0,0,0,0,,0,0,0,0,0,0,0,0,0,0,0,,0,0,0,0,0,0,0,0,0,0,0,,,,,0,,,,,,0,,,,,,0,,,,,,,0,,,,,,,,,,,,,,,,,,,,,,,,,,,,,,,,,,,0,,,,,,,,,,,,,,,,,,,,,,,,,,,,,,,,,,,0,,,,,,,,,,,,,,,,,,,,,,,,,,,,,,,,,,,0,,,,,,,,,,,,,,,,,,,0,,,,,,,,,,,,,,,,,,,0,,,,,,,,,,,,,,,,,,,0
25-551,"2022-09-10 10:52:27",1,1,0,1,,2,,,0,,,0,,,,,,,,,0,0,0,0,0,0,0,0,0,0,0,0,0,,,,,,,,,,,,,,,,,,,,,,,,,,,,,,,,,,,,,,,,,,,,,,,,,,,,,,,,,,,,0,,0,0,0,0,0,0,0,0,0,0,0,0,0,0,0,0,0,0,0,0,0,0,0,0,0,0,0,0,0,0,0,0,0,0,0,0,0,0,0,0,0,0,0,0,0,0,0,0,0,0,0,0,0,0,0,0,0,0,0,0,0,0,0,0,0,,,,,,,,,,,,,,,,,0,,,,,,,,,0,0,0,0,0,0,,0,0,0,0,,0,0,0,0,0,0,0,0,0,0,0,0,0,0,0,0,,,,,,,,,,,,,,,,,,0,0,0,0,0,0,,0,0,0,0,,,,,,,,,,,,,,0,,,,,,,,,,,,,,,,,,,,,,,,0,,,0,,,0,,,,,,,,,,,,,,,,,,,,,0,,,,,,,,,,,,,,,,,,,,,,,,,,,,,,,,,,,0,,,,,,,,,,,,,,,,,,,,,0,,,,,0,,,0,,,,,,,,,,0,,,,,,,,,,,,,,,,,,,0,,,,,,,,,,0,,0,,0,0,0,0,0,0,0,0,0,0,0,,0,0,0,0,0,0,0,0,0,0,0,,0,0,0,0,0,0,0,0,0,0,0,,,,,0,,,,,,0,,,,,,0,,,,,,,0,,,,,,,,,,,,,,,,,,,,,,,,,,,,,,,,,,,0,,,,,,,,,,,,,,,,,,,,,,,,,,,,,,,,,,,0,,,,,,,,,,,,,,,,,,,,,,,,,,,,,,,,,,,0,,,,,,,,,,,,,,,,,,,0,,,,,,,,,,,,,,,,,,,0,,,,,,,,,,,,,,,,,,,0
25-552,"2022-08-07 10:52:56",1,1,0,1,,2,,,0,,,0,,,,,,,,,0,0,0,0,0,0,0,0,0,0,0,0,0,,,,,,,,,,,,,,,,,,,,,,,,,,,,,,,,,,,,,,,,,,,,,,,,,,,,,,,,,,,,0,,0,0,0,0,0,0,0,0,0,0,0,0,0,0,0,0,0,0,0,0,0,0,0,0,0,0,0,0,0,0,0,0,0,0,0,0,0,0,0,0,0,0,0,0,0,0,0,0,0,0,0,0,0,0,0,0,0,0,0,0,0,0,0,0,0,,,,,,,,,,,,,,,,,0,,,,,,,,,0,0,0,0,0,0,,0,0,0,0,,0,0,0,0,0,0,0,0,0,0,0,0,0,0,0,0,,,,,,,,,,,,,,,,,,0,0,0,0,0,0,,0,0,0,0,,,,,,,,,,,,,,0,,,,,,,,,,,,,,,,,,,,,,,,0,,,0,,,0,,,,,,,,,,,,,,,,,,,,,0,,,,,,,,,,,,,,,,,,,,,,,,,,,,,,,,,,,0,,,,,,,,,,,,,,,,,,,,,0,,,,,0,,,0,,,,,,,,,,0,,,,,,,,,,,,,,,,,,,0,,,,,,,,,,0,,0,,0,0,0,0,0,0,0,0,0,0,0,,0,0,0,0,0,0,0,0,0,0,0,,0,0,0,0,0,0,0,0,0,0,0,,,,,0,,,,,,0,,,,,,0,,,,,,,0,,,,,,,,,,,,,,,,,,,,,,,,,,,,,,,,,,,0,,,,,,,,,,,,,,,,,,,,,,,,,,,,,,,,,,,0,,,,,,,,,,,,,,,,,,,,,,,,,,,,,,,,,,,0,,,,,,,,,,,,,,,,,,,0,,,,,,,,,,,,,,,,,,,0,,,,,,,,,,,,,,,,,,,0
25-553,"2022-10-07 10:53:23",1,1,0,1,,2,,,0,,,0,,,,,,,,,0,0,0,0,0,0,0,0,0,0,0,0,0,,,,,,,,,,,,,,,,,,,,,,,,,,,,,,,,,,,,,,,,,,,,,,,,,,,,,,,,,,,,0,,0,0,0,0,0,0,0,0,0,0,0,0,0,0,0,0,0,0,0,0,0,0,0,0,0,0,0,0,0,0,0,0,0,0,0,0,0,0,0,0,0,0,0,0,0,0,0,0,0,0,0,0,0,0,0,0,0,0,0,0,0,0,0,0,0,,,,,,,,,,,,,,,,,0,,,,,,,,,0,0,0,0,0,0,,0,0,0,0,,0,0,0,0,0,0,0,0,0,0,0,0,0,0,0,0,,,,,,,,,,,,,,,,,,0,0,0,0,0,0,,0,0,0,0,,,,,,,,,,,,,,0,,,,,,,,,,,,,,,,,,,,,,,,0,,,0,,,0,,,,,,,,,,,,,,,,,,,,,0,,,,,,,,,,,,,,,,,,,,,,,,,,,,,,,,,,,0,,,,,,,,,,,,,,,,,,,,,0,,,,,0,,,0,,,,,,,,,,0,,,,,,,,,,,,,,,,,,,0,,,,,,,,,,0,,0,,0,0,0,0,0,0,0,0,0,0,0,,0,0,0,0,0,0,0,0,0,0,0,,0,0,0,0,0,0,0,0,0,0,0,,,,,0,,,,,,0,,,,,,0,,,,,,,0,,,,,,,,,,,,,,,,,,,,,,,,,,,,,,,,,,,0,,,,,,,,,,,,,,,,,,,,,,,,,,,,,,,,,,,0,,,,,,,,,,,,,,,,,,,,,,,,,,,,,,,,,,,0,,,,,,,,,,,,,,,,,,,0,,,,,,,,,,,,,,,,,,,0,,,,,,,,,,,,,,,,,,,0
25-554,"2022-09-26 11:25:49",1,1,0,0,1,2,1,1,2,2,32,2,2022-09-26,6,2,,180,,,,0,0,0,1,0,0,0,0,0,0,0,0,0,,,,,150,,,,,,,,,0,,,,1,1,,,,,,,,,,1,0,,0,0,0,1,0,1,2021-05-20,0,,,1,71.6,174,35.8,63,150,98,24,99,15,1,0,0,1,23.649094992733517,1,0,0,2,,0,0,0,0,0,0,0,0,0,0,0,0,0,0,0,0,0,0,0,0,0,0,0,0,0,0,0,0,0,0,0,0,0,0,0,0,0,0,0,0,0,0,0,0,0,0,0,0,0,0,0,0,0,0,0,0,0,0,0,0,0,0,0,0,0,1,,1,3,,,1,,,,,,1,14.5,72,4.3,2,1,,,11,0,,1,6,0,0,0,1,0,0,0,1,0,0,2,0,0,0,0,0,0,0,0,0,0,0,0,0,0,0,0,0,,,,,,,,,,,,,,,,,,0,0,0,0,0,0,,0,0,0,2,1,"2022-09-27 11:18","2022-09-27 11:53",1,"2022-09-27 12:59",1,1,1,"2022-09-27 10:59","2022-09-27 12:59",1,"2022-09-27 12:40","2022-09-27 12:59",2,4,10,10,10,10,4,10,10,10,10,1,1,10,10,1,10,10,1,10,10,1,10,10,2,,,0,1,0,2,0,0,0,0,0,0,0,0,0,0,0,0,0,0,0,,,,,,2,,,,,,,,,,,,,,,,,,,,,,,,,,,,,,,,,,,0,,,,,,,,,,,,,,,,,,,,,0,,,,,0,1,0,2,0,0,0,0,0,0,0,0,0,2,,,,,,,,,,,,,,,,,,,0,,,,,,,,,,0,cl_ben_face_25-554.jpg,2,0,0,0,0,0,0,0,0,0,0,1,2,,0,0,0,0,0,0,0,0,0,0,0,,0,0,0,0,0,0,0,0,0,0,0,,,,,0,1,2022-10-04,2,,,2,1,2022-10-31,2,,,2,,,,,,,0,,,,,,,,,,,,,,,,,,,,,,,,,,,,,,,,,,,0,,,,,,,,,,,,,,,,,,,,,,,,,,,,,,,,,,,0,,,,,,,,,,,,,,,,,,,,,,,,,,,,,,,,,,,0,,,,,,,,,,,,,,,,,,,0,,,,,,,,,,,,,,,,,,,0,,,,,,,,,,,,,,,,,,,0
25-555,"2022-09-19 13:45:45",1,1,0,1,,2,,,0,,,0,,,,,,,,,0,0,0,0,0,0,0,0,0,0,0,0,0,,,,,,,,,,,,,,,,,,,,,,,,,,,,,,,,,,,,,,,,,,,,,,,,,,,,,,,,,,,,0,,0,0,0,0,0,0,0,0,0,0,0,0,0,0,0,0,0,0,0,0,0,0,0,0,0,0,0,0,0,0,0,0,0,0,0,0,0,0,0,0,0,0,0,0,0,0,0,0,0,0,0,0,0,0,0,0,0,0,0,0,0,0,0,0,0,,,,,,,,,,,,,,,,,0,,,,,,,,,0,0,0,0,0,0,,0,0,0,0,,0,0,0,0,0,0,0,0,0,0,0,0,0,0,0,0,,,,,,,,,,,,,,,,,,0,0,0,0,0,0,,0,0,0,0,,,,,,,,,,,,,,0,,,,,,,,,,,,,,,,,,,,,,,,0,,,0,,,0,,,,,,,,,,,,,,,,,,,,,0,,,,,,,,,,,,,,,,,,,,,,,,,,,,,,,,,,,0,,,,,,,,,,,,,,,,,,,,,0,,,,,0,,,0,,,,,,,,,,0,,,,,,,,,,,,,,,,,,,0,,,,,,,,,,0,,0,,0,0,0,0,0,0,0,0,0,0,0,,0,0,0,0,0,0,0,0,0,0,0,,0,0,0,0,0,0,0,0,0,0,0,,,,,0,,,,,,0,,,,,,0,,,,,,,0,,,,,,,,,,,,,,,,,,,,,,,,,,,,,,,,,,,0,,,,,,,,,,,,,,,,,,,,,,,,,,,,,,,,,,,0,,,,,,,,,,,,,,,,,,,,,,,,,,,,,,,,,,,0,,,,,,,,,,,,,,,,,,,0,,,,,,,,,,,,,,,,,,,0,,,,,,,,,,,,,,,,,,,0
25-556,"2022-11-07 10:17:56",1,1,0,0,1,2,1,1,2,2,46,2,2022-11-07,6,2,,14,,,,1,0,1,1,0,1,0,1,1,0,1,0,0,7,,21,21,21,,,21,21,,5,,,0,,,,1,1,,,,,,,,,,1,0,,0,0,0,1,0,1,2021-10-08,0,,,1,66,167,34.9,152,126,89,60,91,15,1,0,0,1,23.66524436157625,3,0,0,2,,0,0,0,0,0,0,0,0,0,0,0,0,0,0,0,0,0,0,0,0,0,0,0,0,0,0,0,0,0,0,0,0,0,0,0,0,0,0,0,0,0,0,0,0,0,0,0,0,0,0,0,0,0,0,0,0,0,0,0,0,0,0,0,0,0,1,,1,3,,,1,,,,,,1,15.2,91,11.9,2,2,1,,,,,,,0,0,0,0,0,0,,0,0,0,0,,0,0,0,0,0,0,0,0,0,0,0,0,0,0,0,0,,,,,,,,,,,,,,,,,,0,0,0,0,0,0,,0,0,0,0,1,"2022-11-07 09:45","2022-11-07 13:45",1,"2022-11-07 14:16",1,1,1,"2022-11-07 09:37","2022-11-07 14:16",1,"2022-11-07 12:39","2022-11-07 14:16",2,4,11,11,11,11,4,11,11,11,11,1,1,11,11,1,11,11,1,11,11,1,11,11,2,,,0,1,0,2,3,4,0,5,4,0,0,0,0,0,0,4,0,4,0,,,,,,2,,,,,,,,,,,,,,,,,,,,,,,,,,,,,,,,,,,0,,,,,,,,,,,,,,,,,,,,,0,,,,,0,1,0,2,0,0,0,0,0,0,0,0,0,2,,,,,,,,,,,,,,,,,,,0,,,,,,,,,,0,cl_ben_face_25-556.jpg,2,0,0,1,1,0,0,0,0,0,1,0,2,,0,0,0,0,0,0,0,0,0,0,0,,0,0,0,0,0,0,0,0,0,0,0,,,,,0,1,2023-11-14,5,,2023-11-07,2,1,2022-12-08,2,,,2,,,,,,,0,,,,,,,,,,,,,,,,,,,,,,,,,,,,,,,,,,,0,,,,,,,,,,,,,,,,,,,,,,,,,,,,,,,,,,,0,,,,,,,,,,,,,,,,,,,,,,,,,,,,,,,,,,,0,,,,,,,,,,,,,,,,,,,0,,,,,,,,,,,,,,,,,,,0,,,,,,,,,,,,,,,,,,,0
25-557,"2022-07-17 11:28:07",1,1,0,0,1,2,1,1,2,1,33,2,2022-07-17,6,2,,90,,,,1,0,1,1,0,1,0,1,1,0,0,0,0,90,,90,90,90,,,90,90,,,,,1,1,0,0,2,1,,,,,,,,,,1,0,,0,0,0,1,0,0,,0,,,1,47,160,36.0,67,104,87,26,95,15,1,0,0,1,18.359375,2,0,0,2,,0,0,0,0,0,0,0,0,0,0,0,0,0,0,0,0,0,0,0,0,0,0,0,0,0,0,0,0,0,0,0,0,0,0,0,0,0,0,0,0,0,0,0,0,0,0,0,0,0,0,0,0,0,0,0,0,0,0,0,0,0,0,0,0,0,1,,1,3,,,2,2,,,,18,1,5.2,69,6.1,2,2,1,,,,,,,0,0,0,0,0,0,,0,0,0,0,,0,0,0,0,0,0,0,0,0,0,0,0,0,0,0,0,,,,,,,,,,,,,,,,,,0,0,0,0,0,0,,0,0,0,0,1,"2022-07-17 09:57","2022-07-17 13:45",1,"2022-07-17 14:16",1,1,1,"2022-07-17 08:47","2022-07-17 14:16",1,"2022-07-17 14:12","2022-07-17 14:16",2,4,12,12,12,12,4,12,12,12,12,1,1,12,12,1,12,12,1,12,12,1,12,12,2,,,0,1,0,2,0,0,3,0,3,0,0,3,0,3,0,0,0,3,0,,,,,,2,,,,,,,,,,,,,,,,,,,,,,,,,,,,,,,,,,,0,,,,,,,,,,,,,,,,,,,,,0,,,,,0,1,0,2,1,0,0,0,0,0,0,0,0,2,,,,,,,,,,,,,,,,,,,0,,,,,,,,,,0,,0,,0,0,0,0,0,0,0,0,0,0,0,,0,0,0,0,0,0,0,0,0,0,0,,0,0,0,0,0,0,0,0,0,0,0,,,,,0,1,2022-08-09,2,,,2,,,,,,0,,,,,,,0,,,,,,,,,,,,,,,,,,,,,,,,,,,,,,,,,,,0,,,,,,,,,,,,,,,,,,,,,,,,,,,,,,,,,,,0,,,,,,,,,,,,,,,,,,,,,,,,,,,,,,,,,,,0,,,,,,,,,,,,,,,,,,,0,,,,,,,,,,,,,,,,,,,0,,,,,,,,,,,,,,,,,,,0
25-558,"2022-10-07 09:39:07",1,1,0,0,1,2,1,1,2,1,40,2,2022-10-07,9,2,,44,,,,1,0,1,1,0,1,1,1,1,1,0,1,0,30,,120,30,34,,30,30,30,30,,30,,0,,,,1,1,,,,,,,,,,1,0,,1,0,0,1,0,1,2020-12-16,0,,,1,35.7,159,35.8,101,94,75,30,98,15,1,0,1,2,14.121276848225941,3,0,0,2,,0,0,0,0,0,0,0,0,0,0,0,0,0,0,0,0,0,0,0,0,0,0,0,0,0,0,0,0,0,0,0,0,0,0,0,0,0,0,0,0,0,0,0,0,0,0,0,0,0,0,0,0,0,0,0,0,0,0,0,0,0,0,0,0,0,1,,2,3,,,1,,,,,,1,10.5,85,5.8,2,1,,,1,1,0,0,,0,0,0,0,0,0,0,1,0,0,2,0,0,0,0,0,0,0,0,0,0,0,0,0,0,0,0,0,,,,,,,,,,,,,,,,,,0,0,0,0,0,0,,0,0,0,2,1,"2022-10-07 10:00","2022-10-07 12:19",1,"2022-10-07 13:00",1,1,1,"2022-10-07 09:07","2022-10-07 13:00",1,"2022-10-07 11:21","2022-10-07 13:00",2,,,,,,,,,,,,,,,,,,,,,,,,0,,,0,1,0,2,3,0,3,2,0,4,4,3,4,4,3,0,4,4,0,,,,,,2,,,,,,,,,,,,,,,,,,,,,,,,,,,,,,,,,,,0,,,,,,,,,,,,,,,,,,,,,0,,,,,0,1,0,2,1,0,0,0,0,0,0,0,0,2,,,,,,,,,,,,,,,,,,,0,,,,,,,,,,0,cl_ben_face_25-558.jpg,2,0,0,0,0,1,1,0,0,0,0,0,2,,0,0,0,0,0,0,0,0,0,0,0,,0,0,0,0,0,0,0,0,0,0,0,,,,,0,1,2023-10-14,2,,,2,1,2022-11-11,2,,,2,,,,,,,0,,,,,,,,,,,,,,,,,,,,,,,,,,,,,,,,,,,0,,,,,,,,,,,,,,,,,,,,,,,,,,,,,,,,,,,0,,,,,,,,,,,,,,,,,,,,,,,,,,,,,,,,,,,0,,,,,,,,,,,,,,,,,,,0,,,,,,,,,,,,,,,,,,,0,,,,,,,,,,,,,,,,,,,0
25-559,"2022-09-29 09:52:26",1,1,0,0,1,2,1,1,2,2,30,2,2022-09-29,9,2,,60,,,,1,0,0,1,1,1,0,1,0,1,0,0,0,30,,60,,30,30,,30,,60,,,,0,,,,1,1,,,,,,,,,,3,0,,0,0,0,1,0,0,,0,,,1,45.4,166,34.8,107,101,80,36,97,15,1,0,0,1,16.47554071708521,3,0,0,2,,0,0,0,0,0,0,0,0,0,0,0,0,0,0,0,0,0,0,0,0,0,0,0,0,0,0,0,0,0,0,0,0,0,0,0,0,0,0,0,0,0,0,0,0,0,0,0,0,0,0,0,0,0,0,0,0,0,0,0,0,0,0,0,0,0,1,,2,3,,,1,,,,,,1,12.8,80,12.0,2,1,,,1,1,1,0,,0,0,0,0,0,0,0,1,0,0,2,0,0,0,0,0,0,0,0,0,0,0,0,0,0,0,0,0,,,,,,,,,,,,,,,,,,0,0,0,0,0,0,,0,0,0,2,1,"2022-09-28 09:35","2022-09-28 12:19",1,"2022-09-28 13:00",1,1,1,"2022-09-28 08:57","2022-09-28 13:00",1,"2022-09-29 09:30","2022-09-28 13:00",2,4,13,13,13,13,4,13,13,13,13,1,1,13,13,1,13,13,1,13,13,1,13,13,2,,,0,1,0,2,2,3,1,3,3,0,0,3,0,0,4,4,0,0,0,,,,,,2,,,,,,,,,,,,,,,,,,,,,,,,,,,,,,,,,,,0,,,,,,,,,,,,,,,,,,,,,0,,,,,0,1,0,2,0,0,0,0,0,0,0,0,0,2,,,,,,,,,,,,,,,,,,,0,,,,,,,,,,0,cl_ben_face_25-559.jpg,2,0,0,1,0,0,0,0,0,0,0,0,2,,0,0,0,0,0,0,0,0,0,0,0,,0,0,0,0,0,0,0,0,0,0,0,,,,,0,1,2023-10-06,2,,,2,1,2022-11-02,2,,,2,,,,,,,0,,,,,,,,,,,,,,,,,,,,,,,,,,,,,,,,,,,0,,,,,,,,,,,,,,,,,,,,,,,,,,,,,,,,,,,0,,,,,,,,,,,,,,,,,,,,,,,,,,,,,,,,,,,0,,,,,,,,,,,,,,,,,,,0,,,,,,,,,,,,,,,,,,,0,,,,,,,,,,,,,,,,,,,0
25-560,"2022-01-25 10:49:53",1,1,0,0,1,2,1,1,2,2,42,2,2022-01-25,6,2,,21,,,,1,0,1,1,0,1,0,1,1,0,0,1,1,21,,14,14,14,,,14,14,,,14,14,0,,,,3,1,,,,,,,,,,1,0,,0,0,0,1,,1,2020-03-28,0,,,1,62.9,178,36.1,109,149,103,44,94,15,1,0,0,1,19.852291377351346,3,0,0,2,,0,0,0,0,0,0,0,0,0,0,0,0,0,0,0,0,0,0,0,0,0,0,0,0,0,0,0,0,0,0,0,0,0,0,0,0,0,0,0,0,0,0,0,0,0,0,0,0,0,0,0,0,0,0,0,0,0,0,0,0,0,0,0,0,0,1,,1,3,,,1,,,,,,1,11.3,88,14.7,2,,,,,,,,,0,0,0,0,0,0,,0,0,0,0,,0,0,0,0,0,0,0,0,0,0,0,0,0,0,0,0,,,,,,,,,,,,,,,,,,0,0,0,0,0,0,,0,0,0,0,1,"2022-01-25 10:30","2022-01-25 14:38",1,"2022-01-25 15:33",1,1,1,"2022-01-25 09:23","2022-01-25 15:33",1,"2022-01-25 12:20","2022-01-25 15:33",2,4,15,15,15,15,4,15,15,15,15,1,1,15,15,1,15,15,1,15,15,1,15,15,2,,,0,1,0,2,6,6,6,6,6,0,0,0,0,3,6,6,0,0,1,1,,2,,2,2,,,,,,,,,,,,,,,,,,,,,,,,,,,,,,,,,,,0,,,,,,,,,,,,,,,,,,,,,0,,,,,0,1,0,2,2,0,1,0,2,0,0,0,0,2,,,,,,,,,,,,,,,,,,,0,,,,,,,,,,0,cl_ben_face_25-560.jpg,2,0,0,0,1,0,0,0,0,0,0,0,2,,0,0,0,0,0,0,0,0,0,0,0,,0,0,0,0,0,0,0,0,0,0,0,,,,,0,1,2023-02-01,2,,,2,1,2022-02-28,2,,,2,,,,,,,0,,,,,,,,,,,,,,,,,,,,,,,,,,,,,,,,,,,0,,,,,,,,,,,,,,,,,,,,,,,,,,,,,,,,,,,0,,,,,,,,,,,,,,,,,,,,,,,,,,,,,,,,,,,0,,,,,,,,,,,,,,,,,,,0,,,,,,,,,,,,,,,,,,,0,,,,,,,,,,,,,,,,,,,0
25-561,"2022-09-17 11:54:45",1,1,0,0,1,2,1,1,2,2,42,2,2022-09-17,6,2,,180,,,,0,0,1,0,0,0,0,0,0,0,0,0,0,,,,60,,,,,,,,,,0,,,,2,1,,,,,,,,,,1,0,,0,0,0,1,0,0,,0,,,1,60.2,169,36.1,67,127,88,20,98,15,0,0,0,0,21.0776933580757,1,0,0,2,,0,0,0,0,0,0,0,0,0,0,0,0,0,0,0,0,0,0,0,0,0,0,0,0,0,0,0,0,0,0,0,0,0,0,0,0,0,0,0,0,0,0,0,0,0,0,0,0,0,0,0,0,0,0,0,0,0,0,0,0,0,0,0,0,0,1,,1,3,,,1,,,,,,1,15.4,88,5.3,2,1,,,11,0,,1,6,0,0,0,1,0,0,0,1,0,0,2,0,0,0,0,0,0,0,0,0,0,0,0,0,0,0,0,0,,,,,,,,,,,,,,,,,,0,0,0,0,0,0,,0,0,0,2,1,"2022-09-17 10:40","2022-09-17 14:38",1,"2022-09-17 15:33",1,1,1,"2022-09-17 09:35","2022-09-17 15:33",1,"2022-09-17 12:50","2022-09-17 15:33",2,4,16,16,16,16,4,16,16,16,16,1,1,16,16,1,16,16,1,16,16,1,16,16,2,,,0,1,0,2,0,0,3,0,0,0,0,0,0,0,0,0,0,0,0,,,,,,2,,,,,,,,,,,,,,,,,,,,,,,,,,,,,,,,,,,0,,,,,,,,,,,,,,,,,,,,,0,,,,,0,1,0,2,0,0,0,0,0,0,0,0,0,2,,,,,,,,,,,,,,,,,,,0,,,,,,,,,,0,cl_ben_face_25-561.jpg,2,1,0,0,0,0,0,0,0,0,0,0,2,,0,0,0,0,0,0,0,0,0,0,0,,0,0,0,0,0,0,0,0,0,0,0,,,,,0,1,2022-10-07,2,,,2,1,2022-10-21,1,,,2,,,,,,,0,,,,,,,,,,,,,,,,,,,,,,,,,,,,,,,,,,,0,,,,,,,,,,,,,,,,,,,,,,,,,,,,,,,,,,,0,,,,,,,,,,,,,,,,,,,,,,,,,,,,,,,,,,,0,,,,,,,,,,,,,,,,,,,0,,,,,,,,,,,,,,,,,,,0,,,,,,,,,,,,,,,,,,,0
25-562,"2022-11-24 09:19:21",1,1,0,0,1,2,1,1,2,2,28,2,2022-11-24,10,2,,30,,,,1,0,1,1,1,1,0,1,1,1,0,1,0,30,,30,14,14,14,,30,30,14,,30,,0,,,,1,1,,,,,,,,,,1,0,,0,0,0,1,0,1,2021-10-12,0,,,1,45.5,171,35.6,107,114,68,36,96,15,1,0,0,1,15.560343353510483,2,0,0,2,,0,0,0,0,0,0,0,0,0,0,0,0,0,0,0,0,0,0,0,0,0,0,0,0,0,0,0,0,0,0,0,0,0,0,0,0,0,0,0,0,0,0,0,0,0,0,0,0,0,0,0,0,0,0,0,0,0,0,0,0,0,0,0,0,0,1,,2,3,,,1,,,,,,1,9.4,77,9.0,2,1,,,1,1,0,0,,0,0,0,0,0,0,0,1,0,0,2,0,0,0,0,0,0,0,0,0,0,0,0,0,0,0,0,0,,,,,,,,,,,,,,,,,,0,0,0,0,0,0,,0,0,0,2,1,"2022-11-24 09:15","2022-11-24 15:52",1,"2022-11-24 16:22",1,1,1,"2022-11-24 09:00","2022-11-24 16:22",1,"2022-11-24 11:19","2022-11-24 16:22",2,4,17,17,17,17,4,17,17,17,17,1,1,17,17,1,17,17,1,17,17,1,17,17,2,,,0,1,0,2,3,4,0,3,2,3,4,3,0,3,3,0,3,0,0,,,,,,2,,,,,,,,,,,,,,,,,,,,,,,,,,,,,,,,,,,0,,,,,,,,,,,,,,,,,,,,,0,,,,,0,1,0,2,0,0,0,1,0,0,0,0,0,2,,,,,,,,,,,,,,,,,,,0,,,,,,,,,,0,cl_ben_face_25-562.jpg,2,0,1,1,0,1,1,0,0,0,0,0,2,,0,0,0,0,0,0,0,0,0,0,0,,0,0,0,0,0,0,0,0,0,0,0,,,,,0,,,,,,0,,,,,,0,,,,,,,0,,,,,,,,,,,,,,,,,,,,,,,,,,,,,,,,,,,0,,,,,,,,,,,,,,,,,,,,,,,,,,,,,,,,,,,0,,,,,,,,,,,,,,,,,,,,,,,,,,,,,,,,,,,0,,,,,,,,,,,,,,,,,,,0,,,,,,,,,,,,,,,,,,,0,,,,,,,,,,,,,,,,,,,0
25-563,"2022-11-18 11:12:03",1,1,0,0,1,2,1,1,2,2,33,2,2022-11-18,10,2,,30,,,,1,0,1,1,1,1,0,1,1,0,1,1,0,30,,30,30,30,14,,14,30,,14,30,,0,,,,1,1,,,,,,,,,,3,0,,0,0,0,1,0,1,2021-01-01,0,,,1,59.6,176,35.5,84,97,67,24,95,15,1,0,1,2,19.240702479338843,3,0,0,2,,0,0,0,0,0,0,0,0,0,0,0,0,0,0,0,0,0,0,0,0,0,0,0,0,0,0,0,0,0,0,0,0,0,0,0,0,0,0,0,0,0,0,0,0,0,0,0,0,0,0,0,0,0,0,0,0,0,0,0,0,0,0,0,0,0,1,,1,3,,,1,,,,,,2,14.3,85,8.1,2,1,,,6,0,,1,10,1,0,0,0,0,0,0,1,0,0,2,0,0,0,0,0,0,0,0,0,0,0,0,0,0,0,0,0,,,,,,,,,,,,,,,,,,0,0,0,0,0,0,,0,0,0,2,1,"2022-11-18 08:45","2022-11-18 15:52",1,"2022-11-18 16:22",1,1,1,"2022-11-18 08:40","2022-11-18 16:22",1,"2022-11-18 12:01","2022-11-18 16:22",2,4,18,18,18,18,4,18,18,18,18,1,1,18,18,1,18,18,1,18,18,1,18,18,2,,,0,1,0,2,0,0,0,0,0,0,0,0,0,0,0,0,0,0,0,,,,,,2,,,,,,,,,,,,,,,,,,,,,,,,,,,,,,,,,,,0,,,,,,,,,,,,,,,,,,,,,0,,,,,0,1,0,2,0,0,0,0,0,0,0,0,0,2,,,,,,,,,,,,,,,,,,,0,,,,,,,,,,0,cl_ben_face_25-563.jpg,2,1,0,0,0,0,0,0,0,0,0,0,2,,0,0,0,0,0,0,0,0,0,0,0,,0,0,0,0,0,0,0,0,0,0,0,,,,,0,1,2022-11-27,2,,,2,1,2022-12-16,1,,,2,,,,,,,0,,,,,,,,,,,,,,,,,,,,,,,,,,,,,,,,,,,0,,,,,,,,,,,,,,,,,,,,,,,,,,,,,,,,,,,0,,,,,,,,,,,,,,,,,,,,,,,,,,,,,,,,,,,0,,,,,,,,,,,,,,,,,,,0,,,,,,,,,,,,,,,,,,,0,,,,,,,,,,,,,,,,,,,0
25-564,"2022-09-04 11:34:25",1,1,0,0,1,2,1,1,2,2,58,2,2022-09-04,6,2,,730,,,,1,0,1,1,0,1,1,1,1,0,0,0,0,,,365,,,,21,,,,,,,1,1,1,1,2,2,2018,0,,3,,4,,,,2,0,,0,1,0,1,0,0,,0,,,1,50.4,175,36.1,80,166,111,24,92,15,1,0,0,1,16.457142857142856,2,0,0,2,,0,0,0,0,0,0,0,0,0,0,0,0,0,0,0,0,0,0,0,0,0,0,0,0,0,0,0,0,0,0,0,0,0,0,0,0,0,0,0,0,0,0,0,0,0,0,0,0,0,0,0,0,0,0,0,0,0,0,0,0,0,0,0,0,0,1,,1,3,,,1,,,,,,1,13.6,98,3.1,2,1,,,12,0,,1,,1,0,0,1,0,0,0,1,0,0,2,0,0,0,0,0,0,0,0,0,0,0,0,0,0,0,0,0,,,,,,,,,,,,,,,,,,0,0,0,0,0,0,,0,0,0,2,1,"2022-09-04 09:27","2022-09-04 11:13",1,"2022-09-04 12:38",1,1,1,"2022-09-04 09:20","2022-09-04 12:38",1,"2022-09-04 12:32","2022-09-04 12:38",2,4,19,19,19,19,4,19,19,19,19,1,1,19,19,1,19,19,1,19,19,1,19,19,2,,,0,1,0,2,3,0,0,3,2,0,0,3,0,3,3,3,0,0,0,,,,,,2,,,,,,,,,,,,,,,,,,,,,,,,,,,,,,,,,,,0,,,,,,,,,,,,,,,,,,,,,0,,,,,0,1,0,2,0,0,0,0,0,0,0,0,0,2,,,,,,,,,,,,,,,,,,,0,,,,,,,,,,0,cl_ben_face_25-564.jpg,2,0,0,0,0,0,0,0,0,0,0,1,2,,0,0,0,0,0,0,0,0,0,0,0,,0,0,0,0,0,0,0,0,0,0,0,,,,,0,1,2022-09-12,2,,,2,1,2022-10-16,2,,,2,,,,,,,0,,,,,,,,,,,,,,,,,,,,,,,,,,,,,,,,,,,0,,,,,,,,,,,,,,,,,,,,,,,,,,,,,,,,,,,0,,,,,,,,,,,,,,,,,,,,,,,,,,,,,,,,,,,0,,,,,,,,,,,,,,,,,,,0,,,,,,,,,,,,,,,,,,,0,,,,,,,,,,,,,,,,,,,0
25-565,"2022-09-17 10:00:55",1,1,0,0,1,2,1,1,2,2,38,2,2022-09-17,9,2,,44,,,,1,0,1,1,0,1,1,1,1,0,0,1,0,44,,30,6,6,,14,14,44,,,44,,0,,,,1,1,,,,,,,,,,1,0,,0,0,0,1,0,1,2021-07-31,0,,,1,65.6,178,36,111,150,101,36,94,15,1,0,0,1,20.704456508016666,2,0,0,2,,0,0,0,0,0,0,0,0,0,0,0,0,0,0,0,0,0,0,0,0,0,0,0,0,0,0,0,0,0,0,0,0,0,0,0,0,0,0,0,0,0,0,0,0,0,0,0,0,0,0,0,0,0,0,0,0,0,0,0,0,0,0,0,0,0,1,,2,3,,,1,,,,,,1,12.3,82,9.4,2,1,,,1,1,0,0,,0,0,0,0,0,0,0,1,0,0,2,0,0,0,0,0,0,0,0,0,0,0,0,0,0,0,0,0,,,,,,,,,,,,,,,,,,0,0,0,0,0,0,,0,0,0,2,1,"2022-09-17 08:45","2022-09-17 12:56",1,"2022-09-17 14:30",1,1,1,"2022-09-17 08:37","2022-09-17 14:30",1,"2022-09-17 10:45","2022-09-17 14:30",2,4,20,20,20,20,4,20,20,20,20,1,1,20,20,1,20,20,1,20,20,1,20,20,2,,,0,1,0,2,4,4,2,4,3,4,4,0,4,3,4,2,0,0,0,,,,,,2,,,,,,,,,,,,,,,,,,,,,,,,,,,,,,,,,,,0,,,,,,,,,,,,,,,,,,,,,0,,,,,0,1,0,2,0,0,0,0,0,0,0,0,0,2,,,,,,,,,,,,,,,,,,,0,,,,,,,,,,0,cl_ben_face_25-565.jpg,2,0,0,1,0,0,1,0,0,0,0,0,2,,0,0,0,0,0,0,0,0,0,0,0,,0,0,0,0,0,0,0,0,0,0,0,,,,,0,1,2022-09-24,2,,,2,1,2022-10-28,2,,,2,,,,,,,0,,,,,,,,,,,,,,,,,,,,,,,,,,,,,,,,,,,0,,,,,,,,,,,,,,,,,,,,,,,,,,,,,,,,,,,0,,,,,,,,,,,,,,,,,,,,,,,,,,,,,,,,,,,0,,,,,,,,,,,,,,,,,,,0,,,,,,,,,,,,,,,,,,,0,,,,,,,,,,,,,,,,,,,0
25-566,"2022-09-12 10:49:41",1,1,0,0,1,2,1,1,2,2,23,2,2022-09-12,9,2,,60,,,,1,0,1,1,0,1,1,1,1,0,1,1,0,30,,30,21,30,,30,14,60,,30,30,,1,1,0,1,1,1,,,,,,,,,,3,0,,0,0,0,1,0,0,,0,,,1,49.9,176,36.1,132,97,65,30,96,15,1,0,1,2,16.109245867768596,2,0,0,2,,0,0,0,0,0,0,0,0,0,0,0,0,0,0,0,0,0,0,0,0,0,0,0,0,0,0,0,0,0,0,0,0,0,0,0,0,0,0,0,0,0,0,0,0,0,0,0,0,0,0,0,0,0,0,0,0,0,0,0,0,0,0,0,0,0,1,,2,3,,,1,,,,,,1,7.5,63,5.9,2,3,,1,1,1,0,0,,0,0,0,0,0,0,0,1,0,0,2,0,0,0,0,0,0,0,0,0,0,0,0,0,0,0,0,0,,,,,,,,,,,,,,,,,,0,0,0,0,0,0,,0,0,0,2,1,"2022-09-12 09:00","2022-09-12 12:36",1,"2022-09-12 14:30",1,1,1,"2022-09-12 08:45","2022-09-12 14:30",1,"2022-09-12 12:00","2022-09-12 14:30",2,4,21,21,21,21,4,21,21,21,21,1,1,21,21,1,21,21,1,21,21,1,21,21,2,,,0,1,0,2,4,3,3,4,3,0,5,5,0,6,3,3,5,5,1,2,2,,2,,2,,,,,,,,,,,,,,,,,,,,,,,,,,,,,,,,,,,0,,,,,,,,,,,,,,,,,,,,,0,,,,,0,1,0,2,2,0,0,0,0,1,0,0,0,2,,,,,,,,,,,,,,,,,,,0,,,,,,,,,,0,cl_ben_face_25-566.jpg,2,0,0,1,0,0,0,1,0,0,1,0,2,,0,0,0,0,0,0,0,0,0,0,0,,0,0,0,0,0,0,0,0,0,0,0,,,,,0,1,2022-09-19,2,,,2,1,2022-10-23,2,,,2,,,,,,,0,,,,,,,,,,,,,,,,,,,,,,,,,,,,,,,,,,,0,,,,,,,,,,,,,,,,,,,,,,,,,,,,,,,,,,,0,,,,,,,,,,,,,,,,,,,,,,,,,,,,,,,,,,,0,,,,,,,,,,,,,,,,,,,0,,,,,,,,,,,,,,,,,,,0,,,,,,,,,,,,,,,,,,,0
25-567,"2022-05-07 10:58:34",1,1,0,0,1,2,1,1,2,2,35,2,2022-05-07,6,2,,30,,,,1,0,1,1,0,0,0,0,0,1,1,0,0,30,,,14,14,,,,,14,14,,,0,,,,2,2,2020,0,,3,,4,,,,1,0,,0,0,0,1,0,1,2020-08-17,,,,,72,180,35.9,66,161,110,22,95,15,1,0,0,1,22.22222222222222,1,0,0,2,,0,0,0,0,0,0,0,0,0,0,0,0,0,0,0,0,0,0,0,0,0,0,0,0,0,0,0,0,0,0,0,0,0,0,0,0,0,0,0,0,0,0,0,0,0,0,0,0,0,0,0,0,0,0,0,0,0,0,0,0,0,0,0,0,0,1,,1,3,,,1,,,,,,1,13.7,92,6.3,2,1,,,12,0,,1,10,1,0,0,1,0,0,0,1,0,0,2,0,0,0,0,0,0,0,0,0,0,0,0,0,0,0,0,0,,,,,,,,,,,,,,,,,,0,0,0,0,0,0,,0,0,0,2,1,"2022-05-07 09:23","2022-05-07 11:32",1,"2022-05-07 13:00",1,1,1,"2022-05-07 09:20","2022-05-07 13:00",1,"2022-05-07 11:52","2022-05-07 13:00",2,4,22,22,22,22,4,22,22,22,22,1,1,22,22,1,22,22,1,22,22,1,22,22,2,,,0,1,0,2,3,3,0,0,0,3,3,0,3,0,3,0,3,0,0,,,,,,2,,,,,,,,,,,,,,,,,,,,,,,,,,,,,,,,,,,0,,,,,,,,,,,,,,,,,,,,,0,,,,,0,1,0,2,0,0,0,0,0,0,0,0,0,2,,,,,,,,,,,,,,,,,,,0,,,,,,,,,,0,cl_ben_face_25-567.jpg,2,0,0,1,0,0,0,0,0,0,0,0,2,,0,0,0,0,0,0,0,0,0,0,0,,0,0,0,0,0,0,0,0,0,0,0,,,,,0,1,2022-05-13,2,,,2,1,2022-06-16,2,,,2,,,,,,,0,,,,,,,,,,,,,,,,,,,,,,,,,,,,,,,,,,,0,,,,,,,,,,,,,,,,,,,,,,,,,,,,,,,,,,,0,,,,,,,,,,,,,,,,,,,,,,,,,,,,,,,,,,,0,,,,,,,,,,,,,,,,,,,0,,,,,,,,,,,,,,,,,,,0,,,,,,,,,,,,,,,,,,,0
25-568,"2022-08-18 09:59:01",1,1,0,0,1,2,1,1,2,1,29,2,2022-08-18,9,2,,45,,,,1,0,0,0,0,1,0,1,0,0,1,0,0,30,,60,,,,,30,,,30,,,0,,,,2,1,,,,,,,,,,1,0,,0,0,0,3,0,1,2021-04-29,0,,,0,54.2,171,35.9,105,110,74,,97,15,0,0,0,0,18.53561779692897,2,0,0,2,,0,0,0,0,0,0,0,0,0,0,0,0,0,0,0,0,0,0,0,0,0,0,0,0,0,0,0,0,0,0,0,0,0,0,0,0,0,0,0,0,0,0,0,0,0,0,0,0,0,0,0,0,0,0,0,0,0,0,0,0,0,0,0,0,0,1,,1,3,,,1,,1,,,,1,10.7,88,4.2,0,,,,,,,,,0,0,0,0,0,0,,0,0,0,0,,0,0,0,0,0,0,0,0,0,0,0,0,0,0,0,0,,,,,,,,,,,,,,,,,,0,0,0,0,0,0,,0,0,0,0,1,"2022-08-18 09:54","2022-08-18 12:43",1,"2022-08-18 13:14",1,1,1,"2022-08-18 09:49","2022-08-18 13:14",1,"2022-08-18 10:49","2022-08-18 13:14",2,4,23,23,23,23,4,23,23,23,23,1,1,23,23,1,23,23,1,23,23,1,23,23,2,,,0,1,0,2,0,3,0,0,0,0,0,0,0,3,3,0,0,0,0,,,,,,2,,,,,,,,,,,,,,,,,,,,,,,,,,,,,,,,,,,0,,,,,,,,,,,,,,,,,,,,,0,,,,,0,1,0,2,0,0,0,0,0,0,0,0,0,2,,,,,,,,,,,,,,,,,,,0,,,,,,,,,,0,cl_ben_face_25-568.jpg,2,1,0,0,0,0,0,0,0,0,0,0,2,,0,0,0,0,0,0,0,0,0,0,0,,0,0,0,0,0,0,0,0,0,0,0,,,,,0,1,2022-08-28,1,,,2,1,2022-09-26,1,,,2,,,,,,,0,,,,,,,,,,,,,,,,,,,,,,,,,,,,,,,,,,,0,,,,,,,,,,,,,,,,,,,,,,,,,,,,,,,,,,,0,,,,,,,,,,,,,,,,,,,,,,,,,,,,,,,,,,,0,,,,,,,,,,,,,,,,,,,0,,,,,,,,,,,,,,,,,,,0,,,,,,,,,,,,,,,,,,,0
25-569,"2022-06-15 10:59:03",1,1,0,0,1,2,1,1,2,1,64,2,2022-06-15,10,2,,75,,,,0,0,1,0,0,1,0,0,0,0,0,0,0,,,30,30,,,,,,,,,,1,1,0,0,1,1,,,,,,,,,,1,0,,0,1,0,1,0,0,,0,,,0,47.3,165,36.1,89,147,92,20,98,15,0,0,0,0,17.373737373737374,1,0,0,2,,0,0,0,0,0,0,0,0,0,0,0,0,0,0,0,0,0,0,0,0,0,0,0,0,0,0,0,0,0,0,0,0,0,0,0,0,0,0,0,0,0,0,0,0,0,0,0,0,0,0,0,0,0,0,0,0,0,0,0,0,0,0,0,0,0,1,,1,3,,,1,,,,,,1,12.6,79,4.6,2,1,,,11,0,,0,,0,0,0,0,0,0,0,1,0,0,2,0,0,0,0,0,0,0,0,0,0,0,0,0,0,0,0,0,,,,,,,,,,,,,,,,,,0,0,0,0,0,0,,0,0,0,2,1,"2022-06-15 10:12","2022-06-15 12:31",1,"2022-06-15 13:01",1,1,1,"2022-06-15 09:50","2022-06-15 13:01",1,"2022-06-15 11:56","2022-06-15 13:01",2,4,24,24,24,24,4,24,24,24,24,1,1,24,24,1,24,24,1,24,24,1,24,24,2,,,0,1,0,2,0,0,0,0,0,0,0,3,0,0,0,3,0,0,0,,,,,,2,,,,,,,,,,,,,,,,,,,,,,,,,,,,,,,,,,,0,,,,,,,,,,,,,,,,,,,,,0,,,,,0,1,0,2,0,0,0,0,0,0,0,0,0,2,,,,,,,,,,,,,,,,,,,0,,,,,,,,,,0,cl_ben_face_25-569.jpg,2,1,0,0,0,0,0,0,0,0,0,0,2,,0,0,0,0,0,0,0,0,0,0,0,,0,0,0,0,0,0,0,0,0,0,0,,,,,0,1,2022-06-22,2,,,2,1,2022-07-21,1,,,2,,,,,,,0,,,,,,,,,,,,,,,,,,,,,,,,,,,,,,,,,,,0,,,,,,,,,,,,,,,,,,,,,,,,,,,,,,,,,,,0,,,,,,,,,,,,,,,,,,,,,,,,,,,,,,,,,,,0,,,,,,,,,,,,,,,,,,,0,,,,,,,,,,,,,,,,,,,0,,,,,,,,,,,,,,,,,,,0
25-570,"2022-10-25 11:53:06",1,1,0,0,1,2,1,1,2,2,93,2,2022-10-25,10,2,,720,,,,1,0,1,0,0,0,0,0,0,0,0,0,0,,,,,,,,,,,,,,0,,,,2,1,,,,,,,,,,1,0,,0,0,0,1,0,0,,0,,,1,49.6,152,35.8,74,149,90,20,97,15,0,0,0,0,21.46814404432133,1,0,0,2,,0,0,0,0,0,0,0,0,0,0,0,0,0,0,0,0,0,0,0,0,0,0,0,0,0,0,0,0,0,0,0,0,0,0,0,0,0,0,0,0,0,0,0,0,0,0,0,0,0,0,0,0,0,0,0,0,0,0,0,0,0,0,0,0,0,1,,1,3,,,1,,,,,,1,12.2,88,4.3,2,,,,,,,,,0,0,0,0,0,0,,0,0,0,0,,0,0,0,0,0,0,0,0,0,0,0,0,0,0,0,0,,,,,,,,,,,,,,,,,,0,0,0,0,0,0,,0,0,0,0,1,"2022-10-25 09:50","2022-10-25 12:31",1,"2022-10-25 13:01",1,1,1,"2022-10-25 09:30",,1,"2022-10-25 10:08","2022-10-25 13:01",2,4,25,25,25,25,4,25,25,25,25,1,1,25,25,1,25,25,1,25,25,1,25,25,2,,,0,1,0,2,0,0,3,0,0,0,0,0,0,0,0,0,0,0,0,,,,,,2,,,,,,,,,,,,,,,,,,,,,,,,,,,,,,,,,,,0,,,,,,,,,,,,,,,,,,,,,0,,,,,0,1,0,2,0,0,0,0,0,1,0,0,0,2,,,,,,,,,,,,,,,,,,,0,,,,,,,,,,0,cl_ben_face_25_570.jpg,2,0,0,0,0,0,1,0,0,0,1,0,2,,0,0,0,0,0,0,0,0,0,0,0,,0,0,0,0,0,0,0,0,0,0,0,,,,,0,1,2022-11-01,2,,,2,1,2022-11-30,1,,,2,,,,,,,0,,,,,,,,,,,,,,,,,,,,,,,,,,,,,,,,,,,0,,,,,,,,,,,,,,,,,,,,,,,,,,,,,,,,,,,0,,,,,,,,,,,,,,,,,,,,,,,,,,,,,,,,,,,0,,,,,,,,,,,,,,,,,,,0,,,,,,,,,,,,,,,,,,,0,,,,,,,,,,,,,,,,,,,0
25-571,"2022-10-15 10:18:56",1,1,0,0,1,2,1,1,2,2,65,2,2022-10-15,9,2,,21,,,,0,0,1,1,0,0,0,0,0,0,0,0,0,,,,21,21,,,,,,,,,0,,,,1,1,,,,,,,,,,1,0,,0,0,0,1,0,0,,0,,,1,52.6,165,35.6,83,123,83,24,99,15,1,0,0,1,19.320477502295685,1,0,0,2,,0,0,0,0,0,0,0,0,0,0,0,0,0,0,0,0,0,0,0,0,0,0,0,0,0,0,0,0,0,0,0,0,0,0,0,0,0,0,0,0,0,0,0,0,0,0,0,0,0,0,0,0,0,0,0,0,0,0,0,0,0,0,0,0,0,1,,1,3,,,1,,,,,,1,12.3,84,2.9,2,1,,,11,0,,1,6,0,0,0,1,0,0,0,1,0,0,2,0,0,0,0,0,0,0,0,0,0,0,0,0,0,0,0,0,,,,,,,,,,,,,,,,,,0,0,0,0,0,0,,0,0,0,2,1,"2022-10-15 09:42","2022-10-15 12:26",1,"2022-10-15 13:50",1,1,1,"2022-10-15 08:47","2022-10-15 13:50",1,"2022-10-15 12:00","2022-10-15 13:50",2,4,26,26,26,26,4,26,26,26,26,1,1,26,26,1,26,26,1,26,26,1,26,26,2,,,0,1,0,2,3,0,3,0,0,3,3,0,0,0,0,0,0,0,0,,,,,,2,,,,,,,,,,,,,,,,,,,,,,,,,,,,,,,,,,,0,,,,,,,,,,,,,,,,,,,,,0,,,,,0,1,0,2,0,0,0,0,0,0,0,0,0,2,,,,,,,,,,,,,,,,,,,0,,,,,,,,,,0,cl_ben_face_25-571.jpg,2,1,0,0,0,0,0,0,0,0,0,0,2,,0,0,0,0,0,0,0,0,0,0,0,,0,0,0,0,0,0,0,0,0,0,0,,,,,0,1,2022-10-21,2,,,2,,,,,,0,,,,,,,0,,,,,,,,,,,,,,,,,,,,,,,,,,,,,,,,,,,0,,,,,,,,,,,,,,,,,,,,,,,,,,,,,,,,,,,0,,,,,,,,,,,,,,,,,,,,,,,,,,,,,,,,,,,0,,,,,,,,,,,,,,,,,,,0,,,,,,,,,,,,,,,,,,,0,,,,,,,,,,,,,,,,,,,0
25-572,"2022-09-12 11:09:10",1,1,0,0,1,2,1,1,2,2,61,2,2022-09-12,9,2,,21,,,,0,0,0,1,0,1,0,1,1,0,1,0,1,,,21,,21,,,21,21,,60,,21,0,,,,2,1,,,,,,,,,,1,0,,0,1,0,1,0,0,,0,,,0,67.3,177,35.8,97,147,97,26,95,15,1,0,0,1,21.481694276868076,1,1,0,2,,0,0,0,0,0,0,0,0,0,0,0,0,0,0,0,0,0,0,0,0,0,0,0,0,0,0,0,0,0,0,0,0,0,0,0,0,0,0,0,0,0,0,0,0,0,0,0,0,0,0,0,0,0,0,0,0,0,0,0,0,0,0,0,0,0,1,,1,3,,,1,,,,,,1,10.8,99,9.9,2,1,,,,0,,1,,1,0,0,0,0,0,0,1,0,0,2,,0,0,0,0,0,0,0,0,0,0,0,0,0,0,0,0,,,,,,,,,,,,,,,,,,0,0,0,0,0,0,,0,0,0,0,1,"2022-09-12 09:15","2022-09-12 12:26",1,"2022-09-12 13:50",1,1,1,"2022-09-12 08:59","2022-09-12 13:50",1,"2022-09-12 12:05","2022-09-12 13:50",2,4,27,27,27,27,4,27,27,27,27,1,1,27,27,1,27,27,1,27,27,1,27,27,2,,,0,1,0,2,0,0,0,0,3,0,3,0,0,0,0,4,0,0,0,,,,,,2,,,,,,,,,,,,,,,,,,,,,,,,,,,,,,,,,,,0,,,,,,,,,,,,,,,,,,,,,0,,,,,0,1,0,2,0,0,0,0,0,0,0,0,0,2,,,,,,,,,,,,,,,,,,,0,,,,,,,,,,0,cl_ben_face_25-572.jpg,2,0,0,1,0,0,0,0,0,0,0,0,2,,0,0,0,0,0,0,0,0,0,0,0,,0,0,0,0,0,0,0,0,0,0,0,,,,,0,1,2022-09-25,2,,,2,1,2022-10-17,1,,,2,,,,,,,0,,,,,,,,,,,,,,,,,,,,,,,,,,,,,,,,,,,0,,,,,,,,,,,,,,,,,,,,,,,,,,,,,,,,,,,0,,,,,,,,,,,,,,,,,,,,,,,,,,,,,,,,,,,0,,,,,,,,,,,,,,,,,,,0,,,,,,,,,,,,,,,,,,,0,,,,,,,,,,,,,,,,,,,0
25-573,"2022-12-10 10:25:28",1,1,0,0,1,2,1,1,2,1,40,2,2022-12-10,9,2,,14,,,,1,0,1,1,0,1,1,1,1,1,0,1,0,14,,14,14,14,,14,14,14,14,,,,0,,,,1,1,,,,,,,,,,1,0,,0,0,0,1,0,0,,0,,,1,43.7,166,36.1,137,102,83,36,99,15,1,0,0,1,15.858615183626071,3,0,0,2,,0,0,0,0,0,0,0,0,0,0,0,0,0,0,0,0,0,0,0,0,0,0,0,0,0,0,0,0,0,0,0,0,0,0,0,0,0,0,0,0,0,0,0,0,0,0,0,0,0,0,0,0,0,0,0,0,0,0,0,0,0,0,0,0,0,1,,1,3,,,1,,,,,,1,11.6,80,6.7,2,,,,,,,,,0,0,0,0,0,0,,0,0,0,0,,0,0,0,0,0,0,0,0,0,0,0,0,0,0,0,0,,,,,,,,,,,,,,,,,,0,0,0,0,0,0,,0,0,0,0,1,"2022-12-10 09:44","2022-12-10 13:05",1,"2022-12-10 13:35",1,1,1,"2022-12-10 09:25","2022-12-10 13:35",1,"2022-12-10 11:35","2022-12-10 13:35",2,4,28,28,28,28,4,28,28,28,28,1,1,28,28,1,28,28,1,28,28,1,28,28,2,,,0,1,0,2,0,0,0,0,0,0,0,3,0,0,0,0,0,0,0,,,,,,2,,,,,,,,,,,,,,,,,,,,,,,,,,,,,,,,,,,0,,,,,,,,,,,,,,,,,,,,,0,,,,,0,,,0,,,,,,,,,,0,,,,,,,,,,,,,,,,,,,0,,,,,,,,,,0,cl_ben_face_25-573.jpg,2,1,0,0,0,0,0,0,0,0,0,0,2,,0,0,0,0,0,0,0,0,0,0,0,,0,0,0,0,0,0,0,0,0,0,0,,,,,0,1,2022-12-22,2,,,2,1,2023-01-13,1,,,2,,,,,,,0,,,,,,,,,,,,,,,,,,,,,,,,,,,,,,,,,,,0,,,,,,,,,,,,,,,,,,,,,,,,,,,,,,,,,,,0,,,,,,,,,,,,,,,,,,,,,,,,,,,,,,,,,,,0,,,,,,,,,,,,,,,,,,,0,,,,,,,,,,,,,,,,,,,0,,,,,,,,,,,,,,,,,,,0
25-574,"2022-09-06 11:22:12",1,1,0,0,1,2,1,1,2,2,33,2,2022-09-06,6,2,,7,,,,0,0,0,0,0,0,0,1,0,0,0,0,1,,,,,,,,1,,,,,1,0,,,,1,1,,,,,,,,,,1,0,,0,0,0,1,0,0,,0,,,1,60.9,177,36.2,76,120,77,24,97,15,1,0,0,1,19.438858565546298,1,0,0,2,,0,0,0,0,0,0,0,0,0,0,0,0,0,0,0,0,0,0,0,0,0,0,0,0,0,0,0,0,0,0,0,0,0,0,0,0,0,0,0,0,0,0,0,0,0,0,0,0,0,0,0,0,0,0,0,0,0,0,0,0,0,0,0,0,0,1,,1,3,,,1,,,,,,1,14.7,88,7.9,2,1,,,11,0,,1,,0,0,0,1,0,0,0,1,0,0,2,0,0,0,0,0,0,0,0,0,0,0,0,0,0,0,0,0,,,,,,,,,,,,,,,,,,0,0,0,0,0,0,,0,0,0,2,1,"2022-10-07 10:18","2022-09-06 14:00",1,"2022-09-06 14:30",1,1,1,"2022-09-06 10:15","2022-09-06 14:30",1,"2022-09-06 13:01","2022-09-06 14:30",2,4,29,29,29,29,4,29,29,29,29,1,1,29,29,1,29,29,1,29,29,1,29,29,2,,,0,1,0,2,0,0,0,0,0,0,0,0,0,0,0,0,0,0,0,,,,,,2,,,,,,,,,,,,,,,,,,,,,,,,,,,,,,,,,,,0,,,,,,,,,,,,,,,,,,,,,0,,,,,0,1,0,2,0,0,0,0,0,0,0,0,2,2,,,,,,,,,,,,,,,,,,,0,,,,,,,,,,0,cl_ben_face_25-574.jpg,2,1,0,0,0,0,0,0,0,0,0,0,2,,0,0,0,0,0,0,0,0,0,0,0,,0,0,0,0,0,0,0,0,0,0,0,,,,,0,1,2022-09-17,2,,,2,1,2022-10-09,3,,,2,,,,,,,0,,,,,,,,,,,,,,,,,,,,,,,,,,,,,,,,,,,0,,,,,,,,,,,,,,,,,,,,,,,,,,,,,,,,,,,0,,,,,,,,,,,,,,,,,,,,,,,,,,,,,,,,,,,0,,,,,,,,,,,,,,,,,,,0,,,,,,,,,,,,,,,,,,,0,,,,,,,,,,,,,,,,,,,0
25-575,"2022-11-10 11:58:02",1,1,0,0,1,2,1,1,2,2,34,2,2022-11-10,6,2,,120,,,,1,0,1,1,0,0,0,1,1,0,0,0,0,,,,14,60,,,90,60,,,,,0,,,,1,1,,,,,,,,,,2,0,,0,0,0,1,0,0,,0,,,1,44.7,189,36.2,140,83,61,46,97,15,1,0,1,2,12.513647434282355,4,0,0,2,,0,0,0,0,0,0,0,0,0,0,0,0,0,0,0,0,0,0,0,0,0,0,0,0,0,0,0,0,0,0,0,0,0,0,0,0,0,0,0,0,0,0,0,0,0,0,0,0,0,0,0,0,0,0,0,0,0,0,0,0,0,0,0,0,0,1,,2,3,,,1,,,,,,1,10.8,86,15.5,2,1,,,1,1,0,0,,0,0,0,0,0,0,0,1,0,0,2,0,0,0,0,0,0,0,0,0,0,0,0,0,0,0,0,0,,,,,,,,,,,,,,,,,,0,0,0,0,0,0,,0,0,0,2,1,"2022-11-10 10:39","2022-11-10 14:00",1,"2022-11-10 14:30",1,1,1,"2022-11-10 10:35","2022-11-10 14:30",1,"2022-11-10 13:06","2022-11-10 14:30",2,4,30,30,30,30,4,30,30,30,30,1,1,30,30,1,30,30,1,30,30,1,30,30,2,,,0,1,0,2,3,2,3,3,0,1,3,3,3,0,3,6,3,3,1,1,,2,,1,2,,,,,,,,,,,,,,,,,,,,,,,,,,,,,,,,,,,0,,,,,,,,,,,,,,,,,,,,,0,,,,,0,1,0,2,0,0,0,0,0,0,0,0,2,2,,,,,,,,,,,,,,,,,,,0,,,,,,,,,,0,cl_ben_face_25-575.jpg,2,0,0,1,1,0,1,0,0,0,0,0,2,,0,0,0,0,0,0,0,0,0,0,0,,0,0,0,0,0,0,0,0,0,0,0,,,,,0,,,,,,0,0,,,,,2,,,,,,,0,,,,,,,,,,,,,,,,,,,,,,,,,,,,,,,,,,,0,,,,,,,,,,,,,,,,,,,,,,,,,,,,,,,,,,,0,,,,,,,,,,,,,,,,,,,,,,,,,,,,,,,,,,,0,,,,,,,,,,,,,,,,,,,0,,,,,,,,,,,,,,,,,,,0,,,,,,,,,,,,,,,,,,,0
25-576,"2022-12-22 11:35:42",1,1,0,0,1,2,1,1,2,1,57,2,2022-12-22,10,2,,60,,,,0,0,1,0,0,1,1,1,1,0,1,1,0,,,30,30,,,60,45,45,,14,30,,0,,,,1,1,,,,,,,,,,1,0,,0,1,0,1,0,1,2021-04-21,0,,,1,70.2,157,35.9,94,122,77,30,97,15,1,0,0,1,28.479857195018052,2,0,0,2,,0,0,0,0,0,0,0,0,0,0,0,0,0,0,0,0,0,0,0,0,0,0,0,0,0,0,0,0,0,0,0,0,0,0,0,0,0,0,0,0,0,0,0,0,0,0,0,0,0,0,0,0,0,0,0,0,0,0,0,0,0,0,0,0,0,1,,1,3,,,1,,,,,,1,11.7,75,8.4,2,1,,,11,0,,0,,0,0,0,0,0,0,0,1,0,0,2,0,0,0,0,0,0,0,0,0,0,0,0,0,0,0,0,0,,,,,,,,,,,,,,,,,,0,0,0,0,0,0,,0,0,0,2,1,"2022-12-22 11:02","2022-12-22 12:45",1,"2022-12-22 14:00",1,1,1,"2022-12-22 10:43","2022-12-22 14:00",1,"2022-12-22 12:21","2022-12-22 14:00",2,4,31,31,31,31,4,31,31,31,31,1,1,31,31,1,31,31,1,31,31,1,31,31,2,,,0,1,0,2,0,0,0,0,0,0,0,0,0,0,0,0,0,0,0,,,,,,2,,,,,,,,,,,,,,,,,,,,,,,,,,,,,,,,,,,0,,,,,,,,,,,,,,,,,,,,,0,,,,,0,1,0,2,0,0,0,0,0,0,0,0,0,2,,,,,,,,,,,,,,,,,,,0,,,,,,,,,,0,cl_ben_face_25-576.jpg,2,1,0,0,0,0,0,0,0,0,0,0,2,,0,0,0,0,0,0,0,0,0,0,0,,0,0,0,0,0,0,0,0,0,0,0,,,,,0,1,2022-12-29,2,,,2,1,2023-01-20,1,,,2,,,,,,,0,,,,,,,,,,,,,,,,,,,,,,,,,,,,,,,,,,,0,,,,,,,,,,,,,,,,,,,,,,,,,,,,,,,,,,,0,,,,,,,,,,,,,,,,,,,,,,,,,,,,,,,,,,,0,,,,,,,,,,,,,,,,,,,0,,,,,,,,,,,,,,,,,,,0,,,,,,,,,,,,,,,,,,,0
25-577,"2022-08-29 12:18:23",1,1,0,0,1,2,1,1,2,1,70,2,2022-08-29,10,2,,30,,,,1,0,1,1,0,1,1,1,1,0,0,1,0,30,,21,30,14,,14,30,14,,,14,,1,1,1,0,2,1,,,,,,,,,,1,0,,0,0,0,1,0,0,,0,,,1,49.9,162,35.9,74,121,75,24,97,15,1,0,0,1,19.013869836915106,2,0,0,2,,0,0,0,0,0,0,0,0,0,0,0,0,0,0,0,0,0,0,0,0,0,0,0,0,0,0,0,0,0,0,0,0,0,0,0,0,0,0,0,0,0,0,0,0,0,0,0,0,0,0,0,0,0,0,0,0,0,0,0,0,0,0,0,0,0,1,,1,3,,,1,,,,,,1,10.5,81,4.9,2,1,,,6,,,1,10,1,0,0,1,0,0,0,1,0,0,2,,0,0,0,0,0,0,0,0,0,0,0,0,0,0,0,0,,,,,,,,,,,,,,,,,,0,0,0,0,0,0,,0,0,0,0,1,"2022-08-29 10:45","2022-08-29 12:45",1,"2022-08-29 14:00",1,1,1,"2022-08-29 08:30","2022-08-29 14:00",1,"2022-08-29 13:01","2022-08-29 14:00",2,4,32,32,32,32,4,32,32,32,32,1,1,32,32,1,32,32,1,32,32,1,32,32,2,,,0,1,0,2,0,3,3,0,3,0,0,3,0,3,0,0,0,0,0,,,,,,2,,,,,,,,,,,,,,,,,,,,,,,,,,,,,,,,,,,0,,,,,,,,,,,,,,,,,,,,,0,,,,,0,1,0,2,0,0,0,0,0,0,0,0,0,2,,,,,,,,,,,,,,,,,,,0,,,,,,,,,,0,cl_ben_face_25-577.jpg,2,1,0,0,0,0,0,0,0,0,0,0,2,,0,0,0,0,0,0,0,0,0,0,0,,0,0,0,0,0,0,0,0,0,0,0,,,,,0,1,2022-09-12,2,,,2,1,2022-09-27,1,,,2,,,,,,,0,,,,,,,,,,,,,,,,,,,,,,,,,,,,,,,,,,,0,,,,,,,,,,,,,,,,,,,,,,,,,,,,,,,,,,,0,,,,,,,,,,,,,,,,,,,,,,,,,,,,,,,,,,,0,,,,,,,,,,,,,,,,,,,0,,,,,,,,,,,,,,,,,,,0,,,,,,,,,,,,,,,,,,,0
25-578,"2022-11-29 10:30:19",1,1,0,0,1,2,1,1,2,2,22,2,2022-11-29,9,2,,60,,,,1,0,1,0,0,1,0,1,1,1,0,0,0,60,,14,60,,,,60,14,60,,,,0,,,,1,1,,,,,,,,,,1,0,,0,0,0,1,0,1,,0,,,1,44.8,165,36,135,100,79,48,100,15,1,0,1,2,16.455463728191003,1,0,0,2,,0,0,0,0,0,0,0,0,0,0,0,0,0,0,0,0,0,0,0,0,0,0,0,0,0,0,0,0,0,0,0,0,0,0,0,0,0,0,0,0,0,0,0,0,0,0,0,0,0,0,0,0,0,0,0,0,0,0,0,0,0,0,0,0,0,1,,2,3,,,1,,,,,,1,12.1,77,11.4,2,1,,,1,1,0,0,,0,0,0,0,0,0,0,1,0,0,2,0,0,0,0,0,0,0,0,0,0,0,0,0,0,0,0,0,,,,,,,,,,,,,,,,,,0,0,0,0,0,0,,0,0,0,2,1,"2022-11-29 10:12","2022-11-29 13:30",1,"2022-11-29 14:00",1,1,1,"2022-11-29 08:42","2022-11-29 14:00",1,"2022-11-29 11:19","2022-11-29 14:00",2,4,33,33,33,33,4,33,33,33,33,1,1,33,33,1,33,33,1,33,33,1,33,33,2,,,0,1,0,2,4,3,3,4,3,4,1,1,4,3,4,4,3,3,0,,,,,,2,,,,,,,,,,,,,,,,,,,,,,,,,,,,,,,,,,,0,,,,,,,,,,,,,,,,,,,,,0,,,,,0,1,0,2,0,0,0,0,0,0,0,0,0,2,,,,,,,,,,,,,,,,,,,0,,,,,,,,,,0,cl_ben_face_25-578.jpg,2,0,0,1,0,0,1,0,0,0,0,0,2,,0,0,0,0,0,0,0,0,0,0,0,,0,0,0,0,0,0,0,0,0,0,0,,,,,0,1,2022-12-12,2,,,2,1,2022-12-27,2,,,2,,,,,,,0,,,,,,,,,,,,,,,,,,,,,,,,,,,,,,,,,,,0,,,,,,,,,,,,,,,,,,,,,,,,,,,,,,,,,,,0,,,,,,,,,,,,,,,,,,,,,,,,,,,,,,,,,,,0,,,,,,,,,,,,,,,,,,,0,,,,,,,,,,,,,,,,,,,0,,,,,,,,,,,,,,,,,,,0
25-579,"2022-09-24 11:13:52",1,1,0,0,1,2,1,1,2,2,48,2,2022-09-24,9,2,,120,,,,0,0,0,0,0,0,0,0,0,0,0,0,0,,,,,,,,,,,,,,0,,,,1,1,,,,,,,,,,1,0,,0,0,0,1,0,1,,0,,,1,48.2,171,36.3,119,106,78,24,97,15,1,0,0,1,16.48370438767484,1,0,0,2,,0,0,0,0,0,0,0,0,0,0,0,0,0,0,0,0,0,0,0,0,0,0,0,0,0,0,0,0,0,0,0,0,0,0,0,0,0,0,0,0,0,0,0,0,0,0,0,0,0,0,0,0,0,0,0,0,0,0,0,0,0,0,0,0,0,1,,2,3,,,1,,,,,,1,9.3,70,8.5,2,1,,,1,1,0,0,,0,0,0,0,0,0,0,1,0,0,2,0,0,0,0,0,0,0,0,0,0,0,0,0,0,0,0,0,,,,,,,,,,,,,,,,,,0,0,0,0,0,0,,0,0,0,2,1,"2022-09-24 09:58","2022-09-24 14:00",1,"2022-09-24 14:00",1,1,1,"2022-09-24 09:50","2022-09-24 14:00",1,"2022-09-24 12:24","2022-09-24 14:00",2,4,34,34,34,34,4,34,34,34,34,1,1,34,34,1,34,34,1,34,34,1,34,34,2,,,0,1,0,2,3,0,0,1,0,4,4,3,4,0,4,0,3,3,0,,,,,,2,,,,,,,,,,,,,,,,,,,,,,,,,,,,,,,,,,,0,,,,,,,,,,,,,,,,,,,,,0,,,,,0,1,0,2,0,0,0,0,0,0,0,0,0,2,,,,,,,,,,,,,,,,,,,0,,,,,,,,,,0,cl_ben_face_25-579.jpg,2,0,0,1,0,0,1,0,0,0,0,1,2,,0,0,0,0,0,0,0,0,0,0,0,,0,0,0,0,0,0,0,0,0,0,0,,,,,0,1,2022-10-07,2,,,2,1,2022-10-22,2,,,2,,,,,,,0,,,,,,,,,,,,,,,,,,,,,,,,,,,,,,,,,,,0,,,,,,,,,,,,,,,,,,,,,,,,,,,,,,,,,,,0,,,,,,,,,,,,,,,,,,,,,,,,,,,,,,,,,,,0,,,,,,,,,,,,,,,,,,,0,,,,,,,,,,,,,,,,,,,0,,,,,,,,,,,,,,,,,,,0
25-580,"2022-09-16 09:56:34",1,1,0,0,1,2,1,1,2,2,27,2,2022-09-16,6,2,,21,,,,1,0,0,1,0,1,0,1,0,0,0,0,0,60,,60,,21,,,60,,,,,,,,,,2,1,,,,,,,,,,1,0,,0,0,0,1,0,0,,0,,,1,48.2,162,35.7,108,116,79,24,98,15,1,0,0,1,18.366102728242645,1,0,0,2,,0,0,0,0,0,0,0,0,0,0,0,0,0,0,0,0,0,0,0,0,0,0,0,0,0,0,0,0,0,0,0,0,0,0,0,0,0,0,0,0,0,0,0,0,0,0,0,0,0,0,0,0,0,0,0,0,0,0,0,0,0,0,0,0,0,1,,2,3,,,1,,,,,,1,10.6,75,11.7,2,1,,,1,1,0,0,,0,0,0,0,0,0,0,1,0,0,2,0,0,0,0,0,0,0,0,0,0,0,0,0,0,0,0,0,,,,,,,,,,,,,,,,,,0,0,0,0,0,0,,0,0,0,2,1,"2022-09-16 09:33","2022-09-16 12:50",1,"2022-09-16 13:44",1,1,1,"2022-09-16 10:41","2022-09-16 13:44",1,"2022-09-16 12:29","2022-09-16 13:44",2,4,35,35,35,35,4,35,35,35,35,1,1,35,35,1,35,35,1,35,35,1,35,35,2,,,0,1,0,2,4,4,0,4,0,3,0,0,3,3,4,0,3,0,0,,,,,,2,,,,,,,,,,,,,,,,,,,,,,,,,,,,,,,,,,,0,,,,,,,,,,,,,,,,,,,,,0,,,,,0,1,0,2,0,0,0,0,0,0,0,0,0,2,,,,,,,,,,,,,,,,,,,0,,,,,,,,,,0,cl_ben_face_25-580.jpg,2,0,1,1,1,0,0,0,0,0,0,0,2,,0,0,0,0,0,0,0,0,0,0,0,,0,0,0,0,0,0,0,0,0,0,0,,,,,0,,,,,,0,1,2022-10-13,2,,,2,,,,,,,0,,,,,,,,,,,,,,,,,,,,,,,,,,,,,,,,,,,0,,,,,,,,,,,,,,,,,,,,,,,,,,,,,,,,,,,0,,,,,,,,,,,,,,,,,,,,,,,,,,,,,,,,,,,0,,,,,,,,,,,,,,,,,,,0,,,,,,,,,,,,,,,,,,,0,,,,,,,,,,,,,,,,,,,0
25-581,"2022-10-27 10:50:26",1,1,0,0,1,2,1,1,2,1,39,2,2022-10-27,9,2,,14,,,,1,0,1,1,1,1,0,1,0,1,1,0,0,30,,14,14,14,7,,30,,14,7,,,0,,,,1,1,,,,,,,,,,1,0,,0,0,0,1,0,0,,0,,,1,42.4,161,36,100,103,69,32,96,15,1,0,0,1,16.35739361907334,3,0,0,2,,0,0,0,0,0,0,0,0,0,0,0,0,0,0,0,0,0,0,0,0,0,0,0,0,0,0,0,0,0,0,0,0,0,0,0,0,0,0,0,0,0,0,0,0,0,0,0,0,0,0,0,0,0,0,0,0,0,0,0,0,0,0,0,0,0,2,42.3,1,3,,,2,2,,,,,1,9.5,85,6.8,0,1,,,3,1,0,1,,0,0,0,1,1,0,0,1,0,0,2,0,0,0,0,0,0,0,0,0,0,0,0,0,0,0,0,0,,,,,,,,,,,,,,,,,,0,0,0,0,0,0,,0,0,0,2,1,"2022-10-27 09:54","2022-10-27 13:01",1,"2022-10-27 13:20",1,1,1,"2022-10-27 09:50","2022-10-27 13:20",1,"2022-10-27 12:08","2022-10-27 13:20",2,4,36,36,36,36,4,36,36,36,36,1,1,36,36,1,36,36,1,36,36,1,36,36,2,,,0,1,0,2,0,3,3,0,0,0,3,3,3,3,0,1,0,1,0,,,,,,2,,,,,,,,,,,,,,,,,,,,,,,,,,,,,,,,,,,0,,,,,,,,,,,,,,,,,,,,,0,,,,,0,1,0,2,0,0,0,0,0,0,0,0,0,2,,,,,,,,,,,,,,,,,,,0,,,,,,,,,,0,cl_ben_face_25-581.jpg,2,1,0,0,0,0,0,0,0,0,0,0,2,,0,0,0,0,0,0,0,0,0,0,0,,0,0,0,0,0,0,0,0,0,0,0,,,,,0,1,2022-11-07,2,,,2,1,2022-11-29,1,,,2,,,,,,,0,,,,,,,,,,,,,,,,,,,,,,,,,,,,,,,,,,,0,,,,,,,,,,,,,,,,,,,,,,,,,,,,,,,,,,,0,,,,,,,,,,,,,,,,,,,,,,,,,,,,,,,,,,,0,,,,,,,,,,,,,,,,,,,0,,,,,,,,,,,,,,,,,,,0,,,,,,,,,,,,,,,,,,,0
25-582,"2022-11-13 09:44:49",1,1,0,0,1,2,1,1,2,1,23,2,2022-11-13,9,2,,21,,,,1,0,0,1,0,1,0,1,1,0,0,1,0,21,,,,21,,,21,21,,,21,,0,,,,1,2,,0,,3,,4,,,,1,0,,0,0,0,2,0,0,,0,,,1,35,165,37,128,91,51,40,96,15,1,0,1,2,12.855831037649219,5,0,0,2,,0,0,0,0,0,0,0,0,0,0,0,0,0,0,0,0,0,0,0,0,0,0,0,0,0,0,0,0,0,0,0,0,0,0,0,0,0,0,0,0,0,0,0,0,0,0,0,0,0,0,0,0,0,0,0,0,0,0,0,0,0,0,0,0,0,,,,,,,2,2,1,,1,9,1,,,,0,2,1,,3,1,,1,,0,0,0,1,1,0,1,1,0,0,0,,0,0,0,0,0,0,0,0,0,0,0,0,0,0,0,0,,,,,,,,,,,,,,,,,,0,0,0,0,0,0,,0,0,0,0,1,,,,,,,,,,,,,0,,,,,,,,,,,,,,,,,,,,,,,,0,,,0,1,0,2,3,0,3,3,4,0,0,0,0,0,0,4,0,0,0,,,,,,2,,,,,,,,,,,,,,,,,,,,,,,,,,,,,,,,,,,0,,,,,,,,,,,,,,,,,,,,,0,,,,,0,1,0,2,2,0,0,0,0,0,0,0,0,2,,,,,,,,,,,,,,,,,,,0,,,,,,,,,,0,cl_ben_face_25-582.jpg,2,0,0,0,1,0,0,0,0,0,0,0,2,,0,0,0,0,0,0,0,0,0,0,0,,0,0,0,0,0,0,0,0,0,0,0,,,,,0,1,2022-11-23,5,,2022-11-13,2,0,2022-12-23,,,,0,,,,,,,0,,,,,,,,,,,,,,,,,,,,,,,,,,,,,,,,,,,0,,,,,,,,,,,,,,,,,,,,,,,,,,,,,,,,,,,0,,,,,,,,,,,,,,,,,,,,,,,,,,,,,,,,,,,0,,,,,,,,,,,,,,,,,,,0,,,,,,,,,,,,,,,,,,,0,,,,,,,,,,,,,,,,,,,0
25-583,"2022-12-06 10:09:44",1,1,0,0,1,2,1,1,2,2,46,2,2022-12-06,10,2,,60,,,,1,0,1,0,0,1,0,0,1,0,0,0,0,46,,60,46,,,,,30,,,,,0,,,,2,1,,,,,,,,,,3,0,,0,0,0,1,0,0,,0,,,1,68.4,180,36.2,102,127,76,26,95,15,1,0,0,1,21.11111111111111,1,0,0,2,,0,0,0,0,0,0,0,0,0,0,0,0,0,0,0,0,0,0,0,0,0,0,0,0,0,0,0,0,0,0,0,0,0,0,0,0,0,0,0,0,0,0,0,0,0,0,0,0,0,0,0,0,0,0,0,0,0,0,0,0,0,0,0,0,0,1,,2,3,,,1,,,,,,1,11.4,86,5.8,2,1,,,1,1,0,0,,0,0,0,0,0,0,0,1,0,0,2,0,0,0,0,0,0,0,0,0,0,0,0,0,0,0,0,0,,,,,,,,,,,,,,,,,,0,0,0,0,0,0,,0,0,0,2,1,"2022-12-06 09:05","2022-12-06 13:00",1,"2022-12-06 13:00",1,1,1,"2022-12-06 08:38","2022-12-06 13:00",1,"2022-12-06 09:55","2022-12-06 13:00",2,4,37,37,37,37,4,37,37,37,37,1,1,37,37,1,37,37,1,37,37,1,37,37,2,,,0,1,0,2,4,4,3,0,4,3,0,0,3,3,4,3,0,0,0,,,,,,2,,,,,,,,,,,,,,,,,,,,,,,,,,,,,,,,,,,0,,,,,,,,,,,,,,,,,,,,,0,,,,,0,1,0,2,0,0,0,0,0,0,0,0,0,2,,,,,,,,,,,,,,,,,,,0,,,,,,,,,,0,cl_ben_face_25-583.jpg,2,0,0,1,0,0,1,0,0,0,0,0,2,,0,0,0,0,0,0,0,0,0,0,0,,0,0,0,0,0,0,0,0,0,0,0,,,,,0,1,2022-12-13,2,,,2,1,2023-01-04,2,,,2,,,,,,,0,,,,,,,,,,,,,,,,,,,,,,,,,,,,,,,,,,,0,,,,,,,,,,,,,,,,,,,,,,,,,,,,,,,,,,,0,,,,,,,,,,,,,,,,,,,,,,,,,,,,,,,,,,,0,,,,,,,,,,,,,,,,,,,0,,,,,,,,,,,,,,,,,,,0,,,,,,,,,,,,,,,,,,,0
25-584,"2022-11-20 10:53:14",1,1,0,0,1,2,1,1,2,1,42,2,2022-11-20,10,2,,90,,,,0,0,0,0,0,0,0,0,0,1,0,0,0,,,,,,,,,,90,,,,,,,,2,1,,,,,,,,,,1,0,,0,0,0,1,0,0,,0,,,1,64.3,156,36,81,125,94,20,99,15,0,0,0,0,26.421761998685074,1,0,0,2,,0,0,0,0,0,0,0,0,0,0,0,0,0,0,0,0,0,0,0,0,0,0,0,0,0,0,0,0,0,0,0,0,0,0,0,0,0,0,0,0,0,0,0,0,0,0,0,0,0,0,0,0,0,0,0,0,0,0,0,0,0,0,0,0,0,1,,1,3,,,1,,,,,,1,13.7,87,4.7,2,1,,,11,0,,0,,0,0,0,0,0,0,0,1,0,0,2,0,0,0,0,0,0,0,0,0,0,0,0,0,0,0,0,0,,,,,,,,,,,,,,,,,,0,0,0,0,0,0,,0,0,0,2,1,"2022-11-20 09:47","2022-11-20 12:05",1,"2022-11-20 13:00",1,1,1,"2022-11-20 08:45","2022-11-20 13:00",1,"2022-11-20 11:41","2022-11-20 13:00",2,4,38,38,38,38,4,38,38,38,38,1,1,38,38,1,38,38,1,38,38,1,38,38,2,,,0,1,0,2,0,0,0,0,0,0,0,3,0,0,0,0,0,0,0,,,,,,2,,,,,,,,,,,,,,,,,,,,,,,,,,,,,,,,,,,0,,,,,,,,,,,,,,,,,,,,,0,,,,,0,1,0,2,0,0,0,0,0,0,0,0,0,2,,,,,,,,,,,,,,,,,,,0,,,,,,,,,,0,cl_ben_face_25-584.jpg,2,1,0,0,0,0,0,0,0,0,0,0,2,,0,0,0,0,0,0,0,0,0,0,0,,0,0,0,0,0,0,0,0,0,0,0,,,,,0,1,2022-11-27,2,,,2,1,2022-12-27,2,,,2,,,,,,,0,,,,,,,,,,,,,,,,,,,,,,,,,,,,,,,,,,,0,,,,,,,,,,,,,,,,,,,,,,,,,,,,,,,,,,,0,,,,,,,,,,,,,,,,,,,,,,,,,,,,,,,,,,,0,,,,,,,,,,,,,,,,,,,0,,,,,,,,,,,,,,,,,,,0,,,,,,,,,,,,,,,,,,,0
25-585,"2022-08-25 15:07:47",1,1,0,1,,2,,,0,,,0,,,,,,,,,0,0,0,0,0,0,0,0,0,0,0,0,0,,,,,,,,,,,,,,,,,,,,,,,,,,,,,,,,,,,,,,,,,,,,,,,,,,,,,,,,,,,,0,,0,0,0,0,0,0,0,0,0,0,0,0,0,0,0,0,0,0,0,0,0,0,0,0,0,0,0,0,0,0,0,0,0,0,0,0,0,0,0,0,0,0,0,0,0,0,0,0,0,0,0,0,0,0,0,0,0,0,0,0,0,0,0,0,0,,,,,,,,,,,,,,,,,0,,,,,,,,,0,0,0,0,0,0,,0,0,0,0,,0,0,0,0,0,0,0,0,0,0,0,0,0,0,0,0,,,,,,,,,,,,,,,,,,0,0,0,0,0,0,,0,0,0,0,,,,,,,,,,,,,,0,,,,,,,,,,,,,,,,,,,,,,,,0,,,0,,,0,,,,,,,,,,,,,,,,,,,,,0,,,,,,,,,,,,,,,,,,,,,,,,,,,,,,,,,,,0,,,,,,,,,,,,,,,,,,,,,0,,,,,0,,,0,,,,,,,,,,0,,,,,,,,,,,,,,,,,,,0,,,,,,,,,,0,,0,,0,0,0,0,0,0,0,0,0,0,0,,0,0,0,0,0,0,0,0,0,0,0,,0,0,0,0,0,0,0,0,0,0,0,,,,,0,,,,,,0,,,,,,0,,,,,,,0,,,,,,,,,,,,,,,,,,,,,,,,,,,,,,,,,,,0,,,,,,,,,,,,,,,,,,,,,,,,,,,,,,,,,,,0,,,,,,,,,,,,,,,,,,,,,,,,,,,,,,,,,,,0,,,,,,,,,,,,,,,,,,,0,,,,,,,,,,,,,,,,,,,0,,,,,,,,,,,,,,,,,,,0
25-586,"2022-11-04 15:09:23",1,1,0,1,,2,,,0,,,0,,,,,,,,,0,0,0,0,0,0,0,0,0,0,0,0,0,,,,,,,,,,,,,,,,,,,,,,,,,,,,,,,,,,,,,,,,,,,,,,,,,,,,,,,,,,,,0,,0,0,0,0,0,0,0,0,0,0,0,0,0,0,0,0,0,0,0,0,0,0,0,0,0,0,0,0,0,0,0,0,0,0,0,0,0,0,0,0,0,0,0,0,0,0,0,0,0,0,0,0,0,0,0,0,0,0,0,0,0,0,0,0,0,,,,,,,,,,,,,,,,,0,,,,,,,,,0,0,0,0,0,0,,0,0,0,0,,0,0,0,0,0,0,0,0,0,0,0,0,0,0,0,0,,,,,,,,,,,,,,,,,,0,0,0,0,0,0,,0,0,0,0,,,,,,,,,,,,,,0,,,,,,,,,,,,,,,,,,,,,,,,0,,,0,,,0,,,,,,,,,,,,,,,,,,,,,0,,,,,,,,,,,,,,,,,,,,,,,,,,,,,,,,,,,0,,,,,,,,,,,,,,,,,,,,,0,,,,,0,,,0,,,,,,,,,,0,,,,,,,,,,,,,,,,,,,0,,,,,,,,,,0,,0,,0,0,0,0,0,0,0,0,0,0,0,,0,0,0,0,0,0,0,0,0,0,0,,0,0,0,0,0,0,0,0,0,0,0,,,,,0,,,,,,0,,,,,,0,,,,,,,0,,,,,,,,,,,,,,,,,,,,,,,,,,,,,,,,,,,0,,,,,,,,,,,,,,,,,,,,,,,,,,,,,,,,,,,0,,,,,,,,,,,,,,,,,,,,,,,,,,,,,,,,,,,0,,,,,,,,,,,,,,,,,,,0,,,,,,,,,,,,,,,,,,,0,,,,,,,,,,,,,,,,,,,0
25-587,"2022-12-21 10:10:01",1,1,0,0,1,2,1,1,2,2,32,2,2022-12-21,6,2,,7,,,,0,0,0,1,0,0,0,0,1,0,0,1,0,,,,,2,,,,7,,,7,,0,,,,1,1,,,,,,,,,,1,0,,0,0,0,1,0,1,2021-09-12,0,,,0,62.3,169,35.9,52,139,75,22,95,15,1,0,0,1,21.812961731031827,1,0,0,2,,0,0,0,0,0,0,0,0,0,0,0,0,0,0,0,0,0,0,0,0,0,0,0,0,0,0,0,0,0,0,0,0,0,0,0,0,0,0,0,0,0,0,0,0,0,0,0,0,0,0,0,0,0,0,0,0,0,0,0,0,0,0,0,0,0,1,,1,3,,,1,,,,,,1,14.7,81,6.0,2,,,,,,,,,0,0,0,0,0,0,,0,0,0,2,0,0,0,0,0,0,0,0,0,0,0,0,0,0,0,0,0,,,,,,,,,,,,,,,,,,0,0,0,0,0,0,,0,0,0,2,1,"2022-12-20 09:56","2022-12-20 12:05",1,"2022-12-20 13:10",1,1,1,"2022-12-20 09:00","2022-12-20 13:10",1,"2022-12-20 11:00","2022-12-20 13:10",2,4,39,39,39,39,4,39,39,39,39,1,1,39,39,1,39,39,1,39,39,1,39,39,2,,,0,1,0,2,3,0,0,0,0,0,0,3,0,3,0,0,0,0,0,,,,,,2,,,,,,,,,,,,,,,,,,,,,,,,,,,,,,,,,,,0,,,,,,,,,,,,,,,,,,,,,0,,,,,0,1,0,2,0,2,0,0,0,0,0,0,0,2,,,,,,,,,,,,,,,,,,,0,,,,,,,,,,0,cl_ben_face_25-587.jpg,2,0,0,0,0,0,0,0,0,0,0,1,2,,0,0,0,0,0,0,0,0,0,0,0,,0,0,0,0,0,0,0,0,0,0,0,,,,,0,1,2022-12-27,1,,,2,,,,,,0,,,,,,,0,,,,,,,,,,,,,,,,,,,,,,,,,,,,,,,,,,,0,,,,,,,,,,,,,,,,,,,,,,,,,,,,,,,,,,,0,,,,,,,,,,,,,,,,,,,,,,,,,,,,,,,,,,,0,,,,,,,,,,,,,,,,,,,0,,,,,,,,,,,,,,,,,,,0,,,,,,,,,,,,,,,,,,,0
25-588,"2022-12-22 11:05:27",1,1,0,0,1,2,1,1,2,1,38,2,2022-12-22,6,2,,30,,,,1,0,1,1,0,1,1,1,1,1,1,0,0,30,,21,14,30,,30,14,30,30,7,,,0,,,,2,1,,,,,,,,,,1,0,,0,0,0,1,0,0,,0,,,1,46.8,176,36,135,78,51,32,94,15,1,0,1,2,15.108471074380166,4,0,0,2,,0,0,0,0,0,0,0,0,0,0,0,0,0,0,0,0,0,0,0,0,0,0,0,0,0,0,0,0,0,0,0,0,0,0,0,0,0,0,0,0,0,0,0,0,0,0,0,0,0,0,0,0,0,0,0,0,0,0,0,0,0,0,0,0,0,1,,2,3,,,1,,,,,,1,8.4,65,15.4,2,2,1,,1,1,0,0,,0,0,0,0,0,0,,1,0,0,2,0,0,0,0,0,0,0,0,0,0,0,0,0,0,0,0,0,,,,,,,,,,,,,,,,,,0,0,0,0,0,0,,0,0,0,2,1,"2022-12-22 10:05","2022-12-22 12:45",1,"2022-01-19 13:10",1,1,1,"2022-12-22 08:44","2022-12-22 13:10",1,"2022-12-22 13:10","2022-12-22 13:10",2,4,40,40,40,40,4,40,40,40,40,1,1,40,40,1,40,40,1,40,40,1,40,40,2,,,0,1,0,2,4,0,0,3,0,4,4,3,4,4,3,3,4,3,0,,,,,,2,,,,,,,,,,,,,,,,,,,,,,,,,,,,,,,,,,,0,,,,,,,,,,,,,,,,,,,,,0,,,,,0,1,0,2,1,0,0,0,0,0,0,0,0,2,,,,,,,,,,,,,,,,,,,0,,,,,,,,,,0,cl_ben_face_25-588.jpg,2,0,0,1,0,1,1,0,0,0,0,0,2,,0,0,0,0,0,0,0,0,0,0,0,,0,0,0,0,0,0,0,0,0,0,0,,,,,0,1,2023-01-08,2,,,2,1,2023-01-19,2,,,2,,,,,,,0,,,,,,,,,,,,,,,,,,,,,,,,,,,,,,,,,,,0,,,,,,,,,,,,,,,,,,,,,,,,,,,,,,,,,,,0,,,,,,,,,,,,,,,,,,,,,,,,,,,,,,,,,,,0,,,,,,,,,,,,,,,,,,,0,,,,,,,,,,,,,,,,,,,0,,,,,,,,,,,,,,,,,,,0
25-589,"2022-04-11 16:08:30",1,1,0,1,,2,,,0,,,0,,,,,,,,,0,0,0,0,0,0,0,0,0,0,0,0,0,,,,,,,,,,,,,,,,,,,,,,,,,,,,,,,,,,,,,,,,,,,,,,,,,,,,,,,,,,,,0,,0,0,0,0,0,0,0,0,0,0,0,0,0,0,0,0,0,0,0,0,0,0,0,0,0,0,0,0,0,0,0,0,0,0,0,0,0,0,0,0,0,0,0,0,0,0,0,0,0,0,0,0,0,0,0,0,0,0,0,0,0,0,0,0,0,,,,,,,,,,,,,,,,,0,,,,,,,,,0,0,0,0,0,0,,0,0,0,0,,0,0,0,0,0,0,0,0,0,0,0,0,0,0,0,0,,,,,,,,,,,,,,,,,,0,0,0,0,0,0,,0,0,0,0,,,,,,,,,,,,,,0,,,,,,,,,,,,,,,,,,,,,,,,0,,,0,,,0,,,,,,,,,,,,,,,,,,,,,0,,,,,,,,,,,,,,,,,,,,,,,,,,,,,,,,,,,0,,,,,,,,,,,,,,,,,,,,,0,,,,,0,,,0,,,,,,,,,,0,,,,,,,,,,,,,,,,,,,0,,,,,,,,,,0,,0,,0,0,0,0,0,0,0,0,0,0,0,,0,0,0,0,0,0,0,0,0,0,0,,0,0,0,0,0,0,0,0,0,0,0,,,,,0,,,,,,0,,,,,,0,,,,,,,0,,,,,,,,,,,,,,,,,,,,,,,,,,,,,,,,,,,0,,,,,,,,,,,,,,,,,,,,,,,,,,,,,,,,,,,0,,,,,,,,,,,,,,,,,,,,,,,,,,,,,,,,,,,0,,,,,,,,,,,,,,,,,,,0,,,,,,,,,,,,,,,,,,,0,,,,,,,,,,,,,,,,,,,0
25-590,"2023-01-01 16:09:25",1,1,0,1,,2,,,0,,,0,,,,,,,,,0,0,0,0,0,0,0,0,0,0,0,0,0,,,,,,,,,,,,,,,,,,,,,,,,,,,,,,,,,,,,,,,,,,,,,,,,,,,,,,,,,,,,0,,0,0,0,0,0,0,0,0,0,0,0,0,0,0,0,0,0,0,0,0,0,0,0,0,0,0,0,0,0,0,0,0,0,0,0,0,0,0,0,0,0,0,0,0,0,0,0,0,0,0,0,0,0,0,0,0,0,0,0,0,0,0,0,0,0,,,,,,,,,,,,,,,,,0,,,,,,,,,0,0,0,0,0,0,,0,0,0,0,,0,0,0,0,0,0,0,0,0,0,0,0,0,0,0,0,,,,,,,,,,,,,,,,,,0,0,0,0,0,0,,0,0,0,0,,,,,,,,,,,,,,0,,,,,,,,,,,,,,,,,,,,,,,,0,,,0,,,0,,,,,,,,,,,,,,,,,,,,,0,,,,,,,,,,,,,,,,,,,,,,,,,,,,,,,,,,,0,,,,,,,,,,,,,,,,,,,,,0,,,,,0,,,0,,,,,,,,,,0,,,,,,,,,,,,,,,,,,,0,,,,,,,,,,0,,0,,0,0,0,0,0,0,0,0,0,0,0,,0,0,0,0,0,0,0,0,0,0,0,,0,0,0,0,0,0,0,0,0,0,0,,,,,0,,,,,,0,,,,,,0,,,,,,,0,,,,,,,,,,,,,,,,,,,,,,,,,,,,,,,,,,,0,,,,,,,,,,,,,,,,,,,,,,,,,,,,,,,,,,,0,,,,,,,,,,,,,,,,,,,,,,,,,,,,,,,,,,,0,,,,,,,,,,,,,,,,,,,0,,,,,,,,,,,,,,,,,,,0,,,,,,,,,,,,,,,,,,,0
25-591,"2022-09-20 10:10:01",1,1,0,0,1,2,1,1,2,2,19,2,2022-09-20,9,2,,10,,,,0,0,0,1,1,0,1,1,0,1,0,0,1,,,,,7,8,90,7,,2,,,7,0,,,,3,1,,,,,,,,,,1,0,,0,0,0,1,0,0,,0,,,0,58.3,169,35.5,62,117,68,22,99,15,1,0,0,1,20.412450544448724,1,0,0,2,,0,0,0,0,0,0,0,0,0,0,0,0,0,0,0,0,0,0,0,0,0,0,0,0,0,0,0,0,0,0,0,0,0,0,0,0,0,0,0,0,0,0,0,0,0,0,0,0,0,0,0,0,0,0,0,0,0,0,0,0,0,0,0,0,0,2,18.2,1,3,,,1,,,,,,1,12.9,86,4.8,2,1,,,9,0,,1,6,0,0,0,1,0,0,0,1,0,0,2,0,0,0,0,0,0,0,0,0,0,0,0,0,0,0,0,0,,,,,,,,,,,,,,,,,,0,0,0,0,0,0,,0,0,0,2,1,"2022-09-20 09:30","2022-09-20 11:40",1,"2022-09-20 12:30",1,1,1,"2022-09-20 09:03","2022-09-20 12:30",1,"2022-09-20 11:58","2022-09-20 12:30",2,4,41,41,41,41,4,41,41,41,41,1,1,41,41,1,41,41,1,41,41,1,41,41,2,,,0,1,0,2,0,0,0,3,0,0,0,3,0,0,0,0,0,0,0,,,,,,2,,,,,,,,,,,,,,,,,,,,,,,,,,,,,,,,,,,0,,,,,,,,,,,,,,,,,,,,,0,,,,,0,1,0,2,0,0,0,0,0,0,0,0,0,2,,,,,,,,,,,,,,,,,,,0,,,,,,,,,,0,"cl_ben_face_25-591 .jpg",2,1,0,0,0,0,0,0,0,0,0,0,2,,0,0,0,0,0,0,0,0,0,0,0,,0,0,0,0,0,0,0,0,0,0,0,,,,,0,1,2022-10-06,2,,,2,1,2022-10-17,1,,,2,,,,,,,0,,,,,,,,,,,,,,,,,,,,,,,,,,,,,,,,,,,0,,,,,,,,,,,,,,,,,,,,,,,,,,,,,,,,,,,0,,,,,,,,,,,,,,,,,,,,,,,,,,,,,,,,,,,0,,,,,,,,,,,,,,,,,,,0,,,,,,,,,,,,,,,,,,,0,,,,,,,,,,,,,,,,,,,0
25-592,"2022-11-20 10:11:03",1,1,0,0,1,2,1,1,2,2,21,2,2022-11-20,9,2,,60,,,,1,0,1,0,0,1,0,1,1,1,0,0,1,30,,30,30,,,,,14,14,,,30,0,,,,2,1,,,,,,,,,,1,0,,0,0,0,1,0,0,,0,,,0,58.8,181,35.8,83,95,58,32,98,15,1,0,1,2,17.94817008027838,1,0,0,2,,0,0,0,0,0,0,0,0,0,0,0,0,0,0,0,0,0,0,0,0,0,0,0,0,0,0,0,0,0,0,0,0,0,0,0,0,0,0,0,0,0,0,0,0,0,0,0,0,0,0,0,0,0,0,0,0,0,0,0,0,0,0,0,0,0,1,,2,3,,,1,,,,,,1,12.1,76,5.6,2,1,,,1,1,0,0,,0,0,0,0,0,0,0,1,0,0,2,0,0,0,0,0,0,0,0,0,0,0,0,0,0,0,0,0,,,,,,,,,,,,,,,,,,0,0,0,0,0,0,,0,0,0,2,1,"2022-11-20 09:25","2022-11-20 11:40",1,"2022-11-20 12:30",1,1,1,"2022-11-20 08:40","2022-11-20 12:30",1,"2022-11-20 11:30","2022-11-20 12:30",2,4,40,42,42,42,4,42,42,42,42,1,1,42,42,1,42,42,1,42,42,1,42,42,2,,,0,1,0,2,0,0,0,0,0,0,3,0,4,0,3,0,3,3,0,,,,,,2,,,,,,,,,,,,,,,,,,,,,,,,,,,,,,,,,,,0,,,,,,,,,,,,,,,,,,,,,0,,,,,0,1,0,2,0,0,0,0,0,0,0,0,0,2,,,,,,,,,,,,,,,,,,,0,,,,,,,,,,0,cl_ben_face_25-592.jpg,2,0,0,0,0,0,1,0,0,0,0,0,2,,0,0,0,0,0,0,0,0,0,0,0,,0,0,0,0,0,0,0,0,0,0,0,,,,,0,1,2022-12-06,2,,,2,1,2022-12-17,2,,,2,,,,,,,0,,,,,,,,,,,,,,,,,,,,,,,,,,,,,,,,,,,0,,,,,,,,,,,,,,,,,,,,,,,,,,,,,,,,,,,0,,,,,,,,,,,,,,,,,,,,,,,,,,,,,,,,,,,0,,,,,,,,,,,,,,,,,,,0,,,,,,,,,,,,,,,,,,,0,,,,,,,,,,,,,,,,,,,0
25-593,"2022-09-10 10:54:49",1,1,0,0,1,2,1,1,2,2,54,2,2022-09-10,,2,,60,,,,0,0,1,1,0,1,0,1,1,0,0,1,0,,,60,60,60,,,60,60,,,60,,1,1,1,1,1,1,,,,,,,,,,3,0,,0,0,0,1,0,1,2020-09-10,0,,,0,36.8,168,36.2,97,135,103,40,96,15,1,0,0,1,13.038548752834467,2,1,0,2,,0,0,0,0,0,0,0,0,0,0,0,0,0,0,0,0,0,0,0,0,0,0,0,0,0,0,0,0,0,0,0,0,0,0,0,0,0,0,0,0,0,0,0,0,0,0,0,0,0,0,0,0,0,0,0,0,0,0,0,0,0,0,0,0,0,1,,1,3,,,1,,,,,,1,9.4,90,6.6,2,1,,,6,0,,1,6,0,0,0,1,0,0,0,1,0,0,2,0,0,0,0,0,0,0,0,0,0,0,0,0,0,0,0,0,,,,,,,,,,,,,,,,,,0,0,0,0,0,0,,0,0,0,2,1,"2022-09-10 10:25","2022-09-10 12:26",1,"2022-09-10 13:16",1,1,1,"2022-09-10 09:53","2022-09-10 13:16",1,"2022-09-10 10:34","2022-09-10 13:16",2,4,43,43,43,43,4,43,43,43,43,1,1,43,43,1,43,43,1,43,43,1,43,43,2,,,0,1,0,2,3,3,3,3,3,0,3,3,0,3,3,0,0,0,0,,,,,,2,,,,,,,,,,,,,,,,,,,,,,,,,,,,,,,,,,,0,,,,,,,,,,,,,,,,,,,,,0,,,,,0,1,0,2,0,0,0,0,0,0,0,0,0,2,,,,,,,,,,,,,,,,,,,0,,,,,,,,,,0,cl_ben_face_25-593.jpg,2,0,0,0,0,0,0,0,0,0,0,1,2,,0,0,0,0,0,0,0,0,0,0,0,,0,0,0,0,0,0,0,0,0,0,0,,,,,0,1,2022-09-25,2,,,2,1,2022-10-14,2,,,2,,,,,,,0,,,,,,,,,,,,,,,,,,,,,,,,,,,,,,,,,,,0,,,,,,,,,,,,,,,,,,,,,,,,,,,,,,,,,,,0,,,,,,,,,,,,,,,,,,,,,,,,,,,,,,,,,,,0,,,,,,,,,,,,,,,,,,,0,,,,,,,,,,,,,,,,,,,0,,,,,,,,,,,,,,,,,,,0
25-594,"2022-10-24 12:23:03",1,1,0,0,1,2,1,1,2,2,57,2,2022-10-24,10,2,,30,,,,1,0,1,1,0,1,0,1,1,0,1,1,0,30,,5,3,14,,,21,14,,14,14,,0,,,,1,1,,,,,,,,,,3,0,,0,0,0,1,0,0,,0,,,0,44.6,177,35.5,100,94,68,22,97,15,1,0,1,2,14.236011363273644,3,0,0,2,,0,0,0,0,0,0,0,0,0,0,0,0,0,0,0,0,0,0,0,0,0,0,0,0,0,0,0,0,0,0,0,0,0,0,0,0,0,0,0,0,0,0,0,0,0,0,0,0,0,0,0,0,0,0,0,0,0,0,0,0,0,0,0,0,0,1,,2,3,,,1,,,,,,1,9.0,96,16.9,2,1,,,1,1,1,0,,0,0,0,0,0,0,0,1,0,0,2,0,0,0,0,0,0,0,0,0,0,0,0,0,0,0,0,0,,,,,,,,,,,,,,,,,,0,0,0,0,0,0,,0,0,0,2,1,"2022-10-24 09:07","2022-10-24 12:07",1,"2022-10-24 12:50",1,1,1,"2022-10-24 08:38","2022-10-24 12:50",1,"2022-10-24 10:16","2022-10-24 12:50",2,4,44,44,44,44,4,44,44,44,44,1,1,44,44,1,44,44,1,44,44,1,44,44,2,,,0,1,0,2,0,0,0,0,0,4,4,4,4,3,0,0,5,4,0,,,,,,2,,,,,,,,,,,,,,,,,,,,,,,,,,,,,,,,,,,0,,,,,,,,,,,,,,,,,,,,,0,,,,,0,1,0,2,0,0,0,0,0,0,0,0,0,2,,,,,,,,,,,,,,,,,,,0,,,,,,,,,,0,cl_ben_face_25-594.jpg,2,0,0,1,0,1,1,0,0,0,0,0,2,,0,0,0,0,0,0,0,0,0,0,0,,0,0,0,0,0,0,0,0,0,0,0,,,,,0,1,2022-11-04,2,,,2,1,2022-11-23,2,,,2,,,,,,,0,,,,,,,,,,,,,,,,,,,,,,,,,,,,,,,,,,,0,,,,,,,,,,,,,,,,,,,,,,,,,,,,,,,,,,,0,,,,,,,,,,,,,,,,,,,,,,,,,,,,,,,,,,,0,,,,,,,,,,,,,,,,,,,0,,,,,,,,,,,,,,,,,,,0,,,,,,,,,,,,,,,,,,,0
25-595,"2022-10-11 12:44:55",1,1,0,0,1,2,1,1,2,2,18,2,2022-10-11,10,2,,240,,,,0,0,1,1,0,1,1,1,1,0,1,1,0,,,210,90,90,,240,240,,,240,240,,0,,,,1,1,,,,,,,,,,1,0,,0,0,0,1,0,0,,0,,,0,44.1,168,36.3,111,110,74,32,97,15,1,0,0,1,15.625,2,0,0,2,,0,0,0,0,0,0,0,0,0,0,0,0,0,0,0,0,0,0,0,0,0,0,0,0,0,0,0,0,0,0,0,0,0,0,0,0,0,0,0,0,0,0,0,0,0,0,0,0,0,0,0,0,0,0,0,0,0,0,0,0,0,0,0,0,0,1,,2,3,,,1,,,,,,1,9.3,71,6.2,2,1,,,1,1,0,0,,0,0,0,0,0,0,0,1,0,0,2,0,0,0,0,0,0,0,0,0,0,0,0,0,0,0,0,0,,,,,,,,,,,,,,,,,,0,0,0,0,0,0,,0,0,0,2,1,"2022-10-11 08:50","2022-10-11 12:07",1,"2022-10-11 12:50",1,1,1,"2022-10-11 08:31","2022-10-11 12:50",1,"2022-10-11 11:57","2022-10-11 12:50",2,4,45,45,45,45,4,45,45,45,45,1,1,45,45,1,45,45,1,45,45,1,45,45,2,,,0,1,0,2,4,0,0,3,3,3,0,3,4,3,4,0,3,0,0,,,,,,2,,,,,,,,,,,,,,,,,,,,,,,,,,,,,,,,,,,0,,,,,,,,,,,,,,,,,,,,,0,,,,,0,1,0,2,0,0,0,0,0,0,0,0,0,2,,,,,,,,,,,,,,,,,,,0,,,,,,,,,,0,cl_ben_face_25-595.jpg,2,0,1,1,0,0,1,0,0,0,0,0,2,,0,0,0,0,0,0,0,0,0,0,0,,0,0,0,0,0,0,0,0,0,0,0,,,,,0,1,2022-10-22,2,,,2,1,2022-11-10,2,,,2,,,,,,,0,,,,,,,,,,,,,,,,,,,,,,,,,,,,,,,,,,,0,,,,,,,,,,,,,,,,,,,,,,,,,,,,,,,,,,,0,,,,,,,,,,,,,,,,,,,,,,,,,,,,,,,,,,,0,,,,,,,,,,,,,,,,,,,0,,,,,,,,,,,,,,,,,,,0,,,,,,,,,,,,,,,,,,,0
25-596,"2023-01-05 09:33:31",1,1,0,0,1,2,1,1,2,2,47,2,2023-01-05,6,2,,14,,,,0,0,0,1,0,0,0,0,0,0,0,0,1,,,,,2,,,,,,,,3,0,,,,3,1,,,,,,,,,,2,0,,0,0,0,1,0,1,2022-01-20,0,,,0,95,180,36,67,144,90,22,99,15,1,0,0,1,29.320987654320987,1,0,1,2,,0,0,0,0,0,0,0,0,0,0,0,0,0,0,0,0,0,0,0,0,0,0,0,0,0,0,0,0,0,0,0,0,0,0,0,0,0,0,0,0,0,0,0,0,0,0,0,0,0,0,0,0,0,0,0,0,0,0,0,0,0,0,0,0,0,1,,1,3,,,2,2,,,,,1,13.3,90,6.0,0,1,,,11,0,,1,6,0,0,0,1,0,0,0,1,0,0,2,0,0,0,0,0,0,0,0,0,0,0,0,0,0,0,0,0,,,,,,,,,,,,,,,,,,0,0,0,0,0,0,,0,0,0,2,1,"2023-01-05 09:38","2023-01-04 11:20",1,"2023-01-04 11:46",1,1,1,"2023-01-05 08:50","2023-01-05 11:46",1,"2023-01-05 10:16","2023-01-05 11:46",2,4,46,46,46,46,4,46,46,46,46,1,1,46,46,1,46,46,1,46,46,1,46,46,2,,,0,1,0,2,0,0,0,0,0,0,0,0,0,0,0,0,0,0,0,,,,,,2,,,,,,,,,,,,,,,,,,,,,,,,,,,,,,,,,,,0,,,,,,,,,,,,,,,,,,,,,0,,,,,0,1,0,2,0,0,0,0,0,0,0,0,2,2,,,,,,,,,,,,,,,,,,,0,,,,,,,,,,0,cl_ben_face_25-596.jpg,2,1,0,0,0,0,0,0,0,0,0,0,2,,0,0,0,0,0,0,0,0,0,0,0,,0,0,0,0,0,0,0,0,0,0,0,,,,,0,1,2023-01-15,2,,,2,1,2023-02-03,1,,,2,,,,,,,0,,,,,,,,,,,,,,,,,,,,,,,,,,,,,,,,,,,0,,,,,,,,,,,,,,,,,,,,,,,,,,,,,,,,,,,0,,,,,,,,,,,,,,,,,,,,,,,,,,,,,,,,,,,0,,,,,,,,,,,,,,,,,,,0,,,,,,,,,,,,,,,,,,,0,,,,,,,,,,,,,,,,,,,0
25-597,"2022-10-01 09:52:11",1,1,0,0,1,2,1,1,2,1,48,2,2022-10-01,9,2,,60,,,,1,0,1,1,0,1,0,1,1,0,0,0,0,30,,14,30,60,,,14,30,,,,,0,,,,1,1,,,,,,,,,,1,0,,0,0,0,1,0,0,,0,,,1,75,166,35.9,65,168,103,24,95,15,1,0,0,1,27.217302946726665,2,0,0,2,,0,0,0,0,0,0,0,0,0,0,0,0,0,0,0,0,0,0,0,0,0,0,0,0,0,0,0,0,0,0,0,0,0,0,0,0,0,0,0,0,0,0,0,0,0,0,0,0,0,0,0,0,0,0,0,0,0,0,0,0,0,0,0,0,0,1,,1,3,,,1,,,,,,1,12.1,85,5.0,2,1,,,16,0,,1,,0,0,0,1,0,0,0,1,0,0,2,0,0,0,0,0,0,0,0,0,0,0,0,0,0,0,0,0,,,,,,,,,,,,,,,,,,0,0,0,0,0,0,,0,0,0,2,1,"2022-10-01 09:38","2022-10-01 11:47",1,"2022-10-01 12:33",1,1,1,"2022-10-01 08:51","2022-10-01 12:33",1,"2022-10-01 11:16","2022-10-01 12:33",2,4,47,47,47,47,4,47,47,47,47,1,1,47,47,1,47,47,1,47,47,1,47,47,2,,,0,1,0,2,0,0,0,0,0,0,0,0,0,0,0,0,0,0,0,,,,,,2,,,,,,,,,,,,,,,,,,,,,,,,,,,,,,,,,,,0,,,,,,,,,,,,,,,,,,,,,0,,,,,0,1,0,2,0,0,0,0,0,0,0,0,0,2,,,,,,,,,,,,,,,,,,,0,,,,,,,,,,0,cl_ben_face_25-597.jpg,2,1,0,0,0,0,0,0,0,0,0,0,2,,0,0,0,0,0,0,0,0,0,0,0,,0,0,0,0,0,0,0,0,0,0,0,,,,,0,1,2022-10-14,2,,,2,1,2022-10-27,1,,,2,,,,,,,0,,,,,,,,,,,,,,,,,,,,,,,,,,,,,,,,,,,0,,,,,,,,,,,,,,,,,,,,,,,,,,,,,,,,,,,0,,,,,,,,,,,,,,,,,,,,,,,,,,,,,,,,,,,0,,,,,,,,,,,,,,,,,,,0,,,,,,,,,,,,,,,,,,,0,,,,,,,,,,,,,,,,,,,0
25-598,"2023-01-02 15:21:05",1,1,0,1,,2,,,0,,,0,,,,,,,,,0,0,0,0,0,0,0,0,0,0,0,0,0,,,,,,,,,,,,,,,,,,,,,,,,,,,,,,,,,,,,,,,,,,,,,,,,,,,,,,,,,,,,0,,0,0,0,0,0,0,0,0,0,0,0,0,0,0,0,0,0,0,0,0,0,0,0,0,0,0,0,0,0,0,0,0,0,0,0,0,0,0,0,0,0,0,0,0,0,0,0,0,0,0,0,0,0,0,0,0,0,0,0,0,0,0,0,0,0,,,,,,,,,,,,,,,,,0,,,,,,,,,0,0,0,0,0,0,,0,0,0,0,,0,0,0,0,0,0,0,0,0,0,0,0,0,0,0,0,,,,,,,,,,,,,,,,,,0,0,0,0,0,0,,0,0,0,0,,,,,,,,,,,,,,0,,,,,,,,,,,,,,,,,,,,,,,,0,,,0,,,0,,,,,,,,,,,,,,,,,,,,,0,,,,,,,,,,,,,,,,,,,,,,,,,,,,,,,,,,,0,,,,,,,,,,,,,,,,,,,,,0,,,,,0,,,0,,,,,,,,,,0,,,,,,,,,,,,,,,,,,,0,,,,,,,,,,0,,0,,0,0,0,0,0,0,0,0,0,0,0,,0,0,0,0,0,0,0,0,0,0,0,,0,0,0,0,0,0,0,0,0,0,0,,,,,0,,,,,,0,,,,,,0,,,,,,,0,,,,,,,,,,,,,,,,,,,,,,,,,,,,,,,,,,,0,,,,,,,,,,,,,,,,,,,,,,,,,,,,,,,,,,,0,,,,,,,,,,,,,,,,,,,,,,,,,,,,,,,,,,,0,,,,,,,,,,,,,,,,,,,0,,,,,,,,,,,,,,,,,,,0,,,,,,,,,,,,,,,,,,,0
25-599,"2022-12-05 15:21:52",1,1,0,0,3,2,,,0,,,0,,,,,,,,,0,0,0,0,0,0,0,0,0,0,0,0,0,,,,,,,,,,,,,,,,,,,,,,,,,,,,,,,,,,,,,,,,,,,,,,,,,,,,,,,,,,,,0,,0,0,0,0,0,0,0,0,0,0,0,0,0,0,0,0,0,0,0,0,0,0,0,0,0,0,0,0,0,0,0,0,0,0,0,0,0,0,0,0,0,0,0,0,0,0,0,0,0,0,0,0,0,0,0,0,0,0,0,0,0,0,0,0,0,,,,,,,,,,,,,,,,,0,,,,,,,,,0,0,0,0,0,0,,0,0,0,0,,0,0,0,0,0,0,0,0,0,0,0,0,0,0,0,0,,,,,,,,,,,,,,,,,,0,0,0,0,0,0,,0,0,0,0,,,,,,,,,,,,,,0,,,,,,,,,,,,,,,,,,,,,,,,0,,,0,,,0,,,,,,,,,,,,,,,,,,,,,0,,,,,,,,,,,,,,,,,,,,,,,,,,,,,,,,,,,0,,,,,,,,,,,,,,,,,,,,,0,,,,,0,,,0,,,,,,,,,,0,,,,,,,,,,,,,,,,,,,0,,,,,,,,,,0,,0,,0,0,0,0,0,0,0,0,0,0,0,,0,0,0,0,0,0,0,0,0,0,0,,0,0,0,0,0,0,0,0,0,0,0,,,,,0,,,,,,0,,,,,,0,,,,,,,0,,,,,,,,,,,,,,,,,,,,,,,,,,,,,,,,,,,0,,,,,,,,,,,,,,,,,,,,,,,,,,,,,,,,,,,0,,,,,,,,,,,,,,,,,,,,,,,,,,,,,,,,,,,0,,,,,,,,,,,,,,,,,,,0,,,,,,,,,,,,,,,,,,,0,,,,,,,,,,,,,,,,,,,0
25-600,"2022-07-14 09:25:19",1,1,0,0,1,2,1,1,2,1,33,2,2022-07-14,9,2,,60,,,,1,0,0,1,0,1,0,1,0,0,1,0,0,60,,60,,60,,,60,,,30,,,0,,,,2,1,,,,,,,,,,1,0,,0,0,0,1,0,0,,0,,,0,48.8,157,35.8,107,105,77,28,98,15,1,0,0,1,19.797963406223378,3,0,0,2,,0,0,0,0,0,0,0,0,0,0,0,0,0,0,0,0,0,0,0,0,0,0,0,0,0,0,0,0,0,0,0,0,0,0,0,0,0,0,0,0,0,0,0,0,0,0,0,0,0,0,0,0,0,0,0,0,0,0,0,0,0,0,0,0,0,1,,1,3,,,2,2,,,,,1,8.8,69,4.8,0,,,,,,,,,0,0,0,0,0,0,,0,0,0,0,,0,0,0,0,0,0,0,0,0,0,0,0,0,0,0,0,,,,,,,,,,,,,,,,,,0,0,0,0,0,0,,0,0,0,0,1,"2022-07-14 08:55","2022-07-14 12:14",1,"2022-07-14 12:30",1,1,1,"2022-07-14 08:22","2022-07-14 12:30",1,"2022-07-14 09:17","2022-07-14 12:30",2,4,48,48,48,48,4,48,48,48,48,1,1,48,48,1,48,48,1,48,48,1,48,48,2,,,0,1,0,2,0,0,3,0,3,0,0,0,0,3,0,3,0,0,0,,,,,,2,,,,,,,,,,,,,,,,,,,,,,,,,,,,,,,,,,,0,,,,,,,,,,,,,,,,,,,,,0,,,,,0,1,0,2,1,0,0,0,0,0,0,0,0,2,,,,,,,,,,,,,,,,,,,0,,,,,,,,,,0,cl_ben_face_25-600.jpg,2,0,0,0,0,0,0,1,0,0,0,0,2,,0,0,0,0,0,0,0,0,0,0,0,,0,0,0,0,0,0,0,0,0,0,0,,,,,0,1,2022-07-22,1,,,2,1,2022-08-12,2,,,2,,,,,,,0,,,,,,,,,,,,,,,,,,,,,,,,,,,,,,,,,,,0,,,,,,,,,,,,,,,,,,,,,,,,,,,,,,,,,,,0,,,,,,,,,,,,,,,,,,,,,,,,,,,,,,,,,,,0,,,,,,,,,,,,,,,,,,,0,,,,,,,,,,,,,,,,,,,0,,,,,,,,,,,,,,,,,,,0
25-601,"2022-10-23 13:53:55",1,1,0,0,1,2,1,1,2,2,47,2,2022-10-23,9,2,,30,,,,0,0,0,0,0,0,0,0,0,0,0,0,0,,,,,,,,,,,,,,0,,,,2,1,,,,,,,,,,1,0,,0,1,0,1,0,0,,0,,,0,67.4,171,35.7,109,123,79,26,97,15,1,0,0,1,23.049827297288054,1,0,0,2,,0,0,0,0,0,0,0,0,0,0,0,0,0,0,0,0,0,0,0,0,0,0,0,0,0,0,0,0,0,0,0,0,0,0,0,0,0,0,0,0,0,0,0,0,0,0,0,0,0,0,0,0,0,0,0,0,0,0,0,0,0,0,0,0,0,1,,1,3,,,1,,,,,,1,9.9,79,8.4,2,1,,,12,0,,0,,0,0,0,0,0,0,0,1,0,0,2,0,0,0,0,0,0,0,0,0,0,0,0,0,0,0,0,0,,,,,,,,,,,,,,,,,,0,0,0,0,0,0,,0,0,0,2,1,"2022-10-23 09:19","2022-10-23 12:14",1,"2022-10-23 12:30",1,1,1,"2022-10-23 08:43","2022-10-23 12:30",1,"2022-10-23 11:15","2022-10-23 12:30",2,4,49,49,49,49,4,49,49,49,49,1,1,49,49,1,49,49,1,49,49,1,49,49,2,,,0,1,0,2,0,0,0,3,0,0,3,0,0,6,0,0,0,0,1,2,2,,1,,2,,,,,,,,,,,,,,,,,,,,,,,,,,,,,,,,,,,0,,,,,,,,,,,,,,,,,,,,,0,,,,,0,1,0,2,0,0,0,0,0,1,0,0,0,2,,,,,,,,,,,,,,,,,,,0,,,,,,,,,,0,cl_ben_face_25-601.jpg,2,0,0,0,0,0,0,0,0,0,0,1,2,,0,0,0,0,0,0,0,0,0,0,0,,0,0,0,0,0,0,0,0,0,0,0,,,,,0,1,2022-10-31,2,,,2,1,2022-11-20,2,,,2,,,,,,,0,,,,,,,,,,,,,,,,,,,,,,,,,,,,,,,,,,,0,,,,,,,,,,,,,,,,,,,,,,,,,,,,,,,,,,,0,,,,,,,,,,,,,,,,,,,,,,,,,,,,,,,,,,,0,,,,,,,,,,,,,,,,,,,0,,,,,,,,,,,,,,,,,,,0,,,,,,,,,,,,,,,,,,,0
25-602,"2022-11-02 10:41:35",1,1,0,0,1,2,1,1,2,2,40,2,2022-11-02,6,2,,60,,,,1,0,0,1,0,1,0,1,1,1,0,0,0,4,,150,,74,,,2,2,2,,,,0,,,,2,1,,,,,,,,,,3,0,,0,0,0,1,0,1,2021-12-31,0,,,1,50.6,180,35.9,78,120,80,22,97,15,1,0,0,1,15.617283950617283,2,0,0,2,,0,0,0,0,0,0,0,0,0,0,0,0,0,0,0,0,0,0,0,0,0,0,0,0,0,0,0,0,0,0,0,0,0,0,0,0,0,0,0,0,0,0,0,0,0,0,0,0,0,0,0,0,0,0,0,0,0,0,0,0,0,0,0,0,0,1,,2,3,,,1,,,,,,1,10.2,83,5.30,2,1,,,1,1,1,0,,0,0,0,0,0,0,0,1,0,0,2,0,0,0,0,0,0,0,0,0,0,0,0,0,0,0,0,0,,,,,,,,,,,,,,,,,,0,0,0,0,0,0,,0,0,0,2,1,"2022-11-02 09:58","2022-11-02 13:13",1,"2022-11-02 13:51",1,1,1,"2022-11-02 09:24","2022-11-02 13:51",1,"2022-11-02 11:36","2022-11-02 13:51",2,4,50,50,50,50,4,50,50,50,50,1,1,50,50,1,50,50,1,50,50,1,50,50,2,,,0,1,0,2,0,0,0,0,0,0,0,3,3,3,4,0,3,0,0,,,,,,2,,,,,,,,,,,,,,,,,,,,,,,,,,,,,,,,,,,0,,,,,,,,,,,,,,,,,,,,,0,,,,,0,1,0,2,0,0,0,0,0,0,0,0,0,2,,,,,,,,,,,,,,,,,,,0,,,,,,,,,,0,cl_ben_face_25-602.jpg,2,0,0,1,0,0,0,0,0,0,0,0,2,,0,0,0,0,0,0,0,0,0,0,0,,0,0,0,0,0,0,0,0,0,0,0,,,,,0,1,2022-11-09,2,,,2,1,2022-11-30,2,,,2,,,,,,,0,,,,,,,,,,,,,,,,,,,,,,,,,,,,,,,,,,,0,,,,,,,,,,,,,,,,,,,,,,,,,,,,,,,,,,,0,,,,,,,,,,,,,,,,,,,,,,,,,,,,,,,,,,,0,,,,,,,,,,,,,,,,,,,0,,,,,,,,,,,,,,,,,,,0,,,,,,,,,,,,,,,,,,,0
25-603,"2022-10-09 11:32:39",1,1,0,0,1,2,1,1,2,2,42,2,2022-10-09,6,2,,14,,,,0,0,0,0,0,1,0,0,1,0,0,0,0,,,60,,,,,,60,,,,,0,,,,1,1,,,,,,,,,,2,0,,0,0,0,1,,1,,0,,,0,38.6,169,36,94,111,73,40,91,15,1,0,0,1,13.514932950526942,2,0,0,2,,0,0,0,0,0,0,0,0,0,0,0,0,0,0,0,0,0,0,0,0,0,0,0,0,0,0,0,0,0,0,0,0,0,0,0,0,0,0,0,0,0,0,0,0,0,0,0,0,0,0,0,0,0,0,0,0,0,0,0,0,0,0,0,0,0,1,,1,3,,,1,,,,,,1,10.1,74,6.63,2,1,,,,0,,1,,1,1,0,1,0,0,0,1,0,0,2,0,0,0,0,0,0,0,0,0,0,0,0,0,0,0,0,0,,,,,,,,,,,,,,,,,,0,0,0,0,0,0,,0,0,0,2,1,"2022-10-09 10:08","2022-10-09 13:13",1,"2022-10-09 13:51",1,1,1,"2022-10-09 09:31","2022-10-09 13:51",1,"2022-10-09 12:30","2022-10-09 13:51",2,4,51,51,51,51,4,51,51,51,51,1,1,51,51,1,51,51,1,51,51,1,51,51,2,,,0,1,0,2,0,0,3,0,3,0,0,0,0,3,0,4,0,0,0,,,,,,2,,,,,,,,,,,,,,,,,,,,,,,,,,,,,,,,,,,0,,,,,,,,,,,,,,,,,,,,,0,,,,,0,1,0,2,1,0,0,0,0,0,0,0,0,2,,,,,,,,,,,,,,,,,,,0,,,,,,,,,,0,cl_ben_face_25-603.jpg,2,0,0,1,0,0,0,0,0,0,0,0,2,,0,0,0,0,0,0,0,0,0,0,0,,0,0,0,0,0,0,0,0,0,0,0,,,,,0,1,2022-10-16,2,,,2,1,2022-11-07,2,,,2,,,,,,,0,,,,,,,,,,,,,,,,,,,,,,,,,,,,,,,,,,,0,,,,,,,,,,,,,,,,,,,,,,,,,,,,,,,,,,,0,,,,,,,,,,,,,,,,,,,,,,,,,,,,,,,,,,,0,,,,,,,,,,,,,,,,,,,0,,,,,,,,,,,,,,,,,,,0,,,,,,,,,,,,,,,,,,,0
25-604,"2022-06-21 09:14:04",1,1,0,0,1,2,1,1,2,2,32,2,2022-06-21,9,2,,300,,,,1,0,1,0,0,1,1,1,0,0,0,0,0,300,,120,300,,,30,30,,,,,,1,1,1,0,2,2,2005,0,,3,,5,,,,2,0,,0,0,0,1,0,0,,0,,,1,50,169,35.9,90,120,89,30,99,15,1,0,0,1,17.506389832288786,3,0,0,2,,0,0,0,0,0,0,0,0,0,0,0,0,0,0,0,0,0,0,0,0,0,0,0,0,0,0,0,0,0,0,0,0,0,0,0,0,0,0,0,0,0,0,0,0,0,0,0,0,0,0,0,0,0,0,0,0,0,0,0,0,0,0,0,0,0,1,,2,3,,,1,,,,,,1,9.1,59,8.5,2,1,,,1,1,0,0,,0,0,0,0,0,0,0,1,0,0,2,0,0,0,0,0,0,0,0,0,0,0,0,0,0,0,0,0,,,,,,,,,,,,,,,,,,0,0,0,0,0,0,,0,0,0,2,1,"2022-06-21 08:45","2022-06-21 13:40",1,"2022-06-21 13:40",1,1,1,"2022-06-21 08:20","2022-06-21 14:30",1,"2022-06-21 10:40","2022-06-21 14:30",2,4,52,52,52,52,4,52,52,52,52,1,1,52,52,1,52,52,1,52,52,1,52,52,2,,,0,1,0,2,3,3,3,3,3,4,4,3,4,3,3,0,3,0,0,,,,,,2,,,,,,,,,,,,,,,,,,,,,,,,,,,,,,,,,,,0,,,,,,,,,,,,,,,,,,,,,0,,,,,0,1,0,2,0,0,0,0,0,0,0,0,0,2,,,,,,,,,,,,,,,,,,,0,,,,,,,,,,0,cl_ben_face_25-604.jpg,2,0,0,0,0,0,0,0,0,0,0,1,2,,0,0,0,0,0,0,0,0,0,0,0,,0,0,0,0,0,0,0,0,0,0,0,,,,,0,1,2022-06-29,2,,,2,1,2022-07-26,2,,,2,,,,,,,0,,,,,,,,,,,,,,,,,,,,,,,,,,,,,,,,,,,0,,,,,,,,,,,,,,,,,,,,,,,,,,,,,,,,,,,0,,,,,,,,,,,,,,,,,,,,,,,,,,,,,,,,,,,0,,,,,,,,,,,,,,,,,,,0,,,,,,,,,,,,,,,,,,,0,,,,,,,,,,,,,,,,,,,0
25-605,"2022-10-26 11:05:20",1,1,0,0,1,2,1,1,2,2,48,0,2022-10-26,9,2,,90,,,,1,0,1,0,0,1,1,1,1,1,0,0,0,90,,60,90,,,60,30,90,90,,,,0,,,,1,1,,,,,,,,,,3,0,,0,0,0,1,0,1,,0,,,1,50.4,169,36.4,117,133,93,32,85,15,1,0,0,1,17.646440950947095,3,0,0,2,,0,0,0,0,0,0,0,0,0,0,0,0,0,0,0,0,0,0,0,0,0,0,0,0,0,0,0,0,0,0,0,0,0,0,0,0,0,0,0,0,0,0,0,0,0,0,0,0,0,0,0,0,0,0,0,0,0,0,0,0,0,0,0,0,0,1,,1,3,,,1,,,,,,1,11.6,87,10.2,2,2,1,,,,,,,0,0,0,0,0,0,,0,0,0,0,,0,0,0,0,0,0,0,0,0,0,0,0,0,0,0,0,,,,,,,,,,,,,,,,,,0,0,0,0,0,0,,0,0,0,0,1,"2022-10-26 08:55","2022-10-26 13:40",1,"2022-10-26 14:30",1,1,1,"2022-10-26 08:30","2022-10-26 14:30",1,"2022-10-26 11:56","2022-10-26 14:30",2,4,53,53,53,53,4,53,53,53,53,1,1,53,53,1,53,53,1,53,53,1,53,53,2,,,0,1,0,2,0,0,3,0,3,3,3,3,3,3,3,3,3,3,0,,,,,,2,,,,,,,,,,,,,,,,,,,,,,,,,,,,,,,,,,,0,,,,,,,,,,,,,,,,,,,,,0,,,,,0,1,0,2,0,0,0,0,0,0,0,0,0,2,,,,,,,,,,,,,,,,,,,0,,,,,,,,,,0,,0,,0,0,0,0,0,0,0,0,0,0,0,,0,0,0,0,0,0,0,0,0,0,0,,0,0,0,0,0,0,0,0,0,0,0,,,,,0,,,,,,0,,,,,,0,,,,,,,0,,,,,,,,,,,,,,,,,,,,,,,,,,,,,,,,,,,0,,,,,,,,,,,,,,,,,,,,,,,,,,,,,,,,,,,0,,,,,,,,,,,,,,,,,,,,,,,,,,,,,,,,,,,0,,,,,,,,,,,,,,,,,,,0,,,,,,,,,,,,,,,,,,,0,,,,,,,,,,,,,,,,,,,0
25-606,"2022-11-08 16:30:17",1,1,0,0,2,2,,,0,,,0,,,,,,,,,0,0,0,0,0,0,0,0,0,0,0,0,0,,,,,,,,,,,,,,,,,,,,,,,,,,,,,,,,,,,,,,,,,,,,,,,,,,,,,,,,,,,,0,,0,0,0,0,0,0,0,0,0,0,0,0,0,0,0,0,0,0,0,0,0,0,0,0,0,0,0,0,0,0,0,0,0,0,0,0,0,0,0,0,0,0,0,0,0,0,0,0,0,0,0,0,0,0,0,0,0,0,0,0,0,0,0,0,0,,,,,,,,,,,,,,,,,0,,,,,,,,,0,0,0,0,0,0,,0,0,0,0,,0,0,0,0,0,0,0,0,0,0,0,0,0,0,0,0,,,,,,,,,,,,,,,,,,0,0,0,0,0,0,,0,0,0,0,,,,,,,,,,,,,,0,,,,,,,,,,,,,,,,,,,,,,,,0,,,0,,,0,,,,,,,,,,,,,,,,,,,,,0,,,,,,,,,,,,,,,,,,,,,,,,,,,,,,,,,,,0,,,,,,,,,,,,,,,,,,,,,0,,,,,0,,,0,,,,,,,,,,0,,,,,,,,,,,,,,,,,,,0,,,,,,,,,,0,,0,,0,0,0,0,0,0,0,0,0,0,0,,0,0,0,0,0,0,0,0,0,0,0,,0,0,0,0,0,0,0,0,0,0,0,,,,,0,,,,,,0,,,,,,0,,,,,,,0,,,,,,,,,,,,,,,,,,,,,,,,,,,,,,,,,,,0,,,,,,,,,,,,,,,,,,,,,,,,,,,,,,,,,,,0,,,,,,,,,,,,,,,,,,,,,,,,,,,,,,,,,,,0,,,,,,,,,,,,,,,,,,,0,,,,,,,,,,,,,,,,,,,0,,,,,,,,,,,,,,,,,,,0
25-607,"2022-10-18 15:30:58",1,1,0,0,2,2,,,0,,,0,,,,,,,,,0,0,0,0,0,0,0,0,0,0,0,0,0,,,,,,,,,,,,,,,,,,,,,,,,,,,,,,,,,,,,,,,,,,,,,,,,,,,,,,,,,,,,0,,0,0,0,0,0,0,0,0,0,0,0,0,0,0,0,0,0,0,0,0,0,0,0,0,0,0,0,0,0,0,0,0,0,0,0,0,0,0,0,0,0,0,0,0,0,0,0,0,0,0,0,0,0,0,0,0,0,0,0,0,0,0,0,0,0,,,,,,,,,,,,,,,,,0,,,,,,,,,0,0,0,0,0,0,,0,0,0,0,,0,0,0,0,0,0,0,0,0,0,0,0,0,0,0,0,,,,,,,,,,,,,,,,,,0,0,0,0,0,0,,0,0,0,0,,,,,,,,,,,,,,0,,,,,,,,,,,,,,,,,,,,,,,,0,,,0,,,0,,,,,,,,,,,,,,,,,,,,,0,,,,,,,,,,,,,,,,,,,,,,,,,,,,,,,,,,,0,,,,,,,,,,,,,,,,,,,,,0,,,,,0,,,0,,,,,,,,,,0,,,,,,,,,,,,,,,,,,,0,,,,,,,,,,0,,0,,0,0,0,0,0,0,0,0,0,0,0,,0,0,0,0,0,0,0,0,0,0,0,,0,0,0,0,0,0,0,0,0,0,0,,,,,0,,,,,,0,,,,,,0,,,,,,,0,,,,,,,,,,,,,,,,,,,,,,,,,,,,,,,,,,,0,,,,,,,,,,,,,,,,,,,,,,,,,,,,,,,,,,,0,,,,,,,,,,,,,,,,,,,,,,,,,,,,,,,,,,,0,,,,,,,,,,,,,,,,,,,0,,,,,,,,,,,,,,,,,,,0,,,,,,,,,,,,,,,,,,,0
25-608,"2022-11-10 15:31:42",1,1,0,0,2,2,,,0,,,0,,,,,,,,,0,0,0,0,0,0,0,0,0,0,0,0,0,,,,,,,,,,,,,,,,,,,,,,,,,,,,,,,,,,,,,,,,,,,,,,,,,,,,,,,,,,,,0,,0,0,0,0,0,0,0,0,0,0,0,0,0,0,0,0,0,0,0,0,0,0,0,0,0,0,0,0,0,0,0,0,0,0,0,0,0,0,0,0,0,0,0,0,0,0,0,0,0,0,0,0,0,0,0,0,0,0,0,0,0,0,0,0,0,,,,,,,,,,,,,,,,,0,,,,,,,,,0,0,0,0,0,0,,0,0,0,0,,0,0,0,0,0,0,0,0,0,0,0,0,0,0,0,0,,,,,,,,,,,,,,,,,,0,0,0,0,0,0,,0,0,0,0,,,,,,,,,,,,,,0,,,,,,,,,,,,,,,,,,,,,,,,0,,,0,,,0,,,,,,,,,,,,,,,,,,,,,0,,,,,,,,,,,,,,,,,,,,,,,,,,,,,,,,,,,0,,,,,,,,,,,,,,,,,,,,,0,,,,,0,,,0,,,,,,,,,,0,,,,,,,,,,,,,,,,,,,0,,,,,,,,,,0,,0,,0,0,0,0,0,0,0,0,0,0,0,,0,0,0,0,0,0,0,0,0,0,0,,0,0,0,0,0,0,0,0,0,0,0,,,,,0,,,,,,0,,,,,,0,,,,,,,0,,,,,,,,,,,,,,,,,,,,,,,,,,,,,,,,,,,0,,,,,,,,,,,,,,,,,,,,,,,,,,,,,,,,,,,0,,,,,,,,,,,,,,,,,,,,,,,,,,,,,,,,,,,0,,,,,,,,,,,,,,,,,,,0,,,,,,,,,,,,,,,,,,,0,,,,,,,,,,,,,,,,,,,0
25-609,"2022-07-12 09:32:15",1,1,0,0,1,2,1,1,2,2,50,2,2022-07-12,6,2,,180,,,,1,0,0,0,0,1,1,1,1,0,0,0,1,150,,150,,,,120,150,150,,,,150,0,,,,1,1,,,,,,,,,,1,0,,0,0,0,1,0,1,2020-07-12,0,,,1,56.3,178,35.6,91,99,68,24,94,15,1,0,1,2,17.769221057947227,1,0,0,2,,0,0,0,0,0,0,0,0,0,0,0,0,0,0,0,0,0,0,0,0,0,0,0,0,0,0,0,0,0,0,0,0,0,0,0,0,0,0,0,0,0,0,0,0,0,0,0,0,0,0,0,0,0,0,0,0,0,0,0,0,0,0,0,0,0,1,,2,3,,,1,,,,,,1,11.8,77,5.5,2,1,,,1,1,0,0,,0,0,0,0,0,0,0,1,0,0,2,0,0,0,0,0,0,0,0,0,0,0,0,0,0,0,0,0,,,,,,,,,,,,,,,,,,0,0,0,0,0,0,,0,0,0,2,1,"2022-07-12 09:25","2022-07-12 10:54",1,"2022-07-12 11:33",1,1,1,"2022-07-12 08:45","2022-07-12 11:33",1,"2022-07-12 10:47","2022-07-12 11:33",2,4,54,54,54,54,4,54,54,54,54,1,1,54,54,1,54,54,1,54,54,1,54,54,2,,,0,1,0,2,3,3,3,3,3,4,3,3,3,3,0,0,4,0,0,,,,,,2,,,,,,,,,,,,,,,,,,,,,,,,,,,,,,,,,,,0,,,,,,,,,,,,,,,,,,,,,0,,,,,0,1,0,2,1,0,0,0,0,0,0,0,0,2,,,,,,,,,,,,,,,,,,,0,,,,,,,,,,0,cl_ben_face_25-609.jpg,2,0,0,1,0,0,1,1,0,0,0,0,2,,0,0,0,0,0,0,0,0,0,0,0,,0,0,0,0,0,0,0,0,0,0,0,,,,,0,1,2022-07-19,2,,,2,1,2022-08-15,2,,,2,,,,,,,0,,,,,,,,,,,,,,,,,,,,,,,,,,,,,,,,,,,0,,,,,,,,,,,,,,,,,,,,,,,,,,,,,,,,,,,0,,,,,,,,,,,,,,,,,,,,,,,,,,,,,,,,,,,0,,,,,,,,,,,,,,,,,,,0,,,,,,,,,,,,,,,,,,,0,,,,,,,,,,,,,,,,,,,0
25-610,"2022-10-13 10:00:28",1,1,0,0,1,2,1,1,2,1,18,2,2022-10-13,8,2,,7,,,,1,0,1,1,0,1,1,1,1,0,1,0,0,7,,7,7,7,,7,7,7,,7,,,0,,,,1,2,2020,0,,3,,4,,,,1,0,,0,0,0,1,0,1,2021-10-13,0,,,1,46.7,160,35.6,102,151,121,44,98,15,1,0,0,1,18.2421875,4,0,0,2,,0,0,0,0,0,0,0,0,0,0,0,0,0,0,0,0,0,0,0,0,0,0,0,0,0,0,0,0,0,0,0,0,0,0,0,0,0,0,0,0,0,0,0,0,0,0,0,0,0,0,0,0,0,0,0,0,0,0,0,0,0,0,0,0,0,1,,1,3,,,1,,,,,,2,8.2,81,9.5,2,2,1,,12,0,,1,10,1,0,1,0,0,0,0,1,0,0,2,,0,0,0,0,0,0,0,0,0,0,0,0,0,0,0,0,,,,,,,,,,,,,,,,,,0,0,0,0,0,0,,0,0,0,0,1,"2022-10-13 09:53","2022-10-13 12:06",1,"2022-10-13 13:00",1,1,1,"2021-10-13 09:23","2022-10-13 13:00",1,"2022-10-13 12:00","2022-10-13 13:43",2,4,55,55,55,55,4,55,55,55,55,1,1,55,55,1,55,55,1,55,55,1,55,55,2,,,0,1,0,2,,,,,,,,,,,,,,,,,,,,,0,,,,,,,,,,,,,,,,,,,,,,,,,,,,,,,,,,,0,,,,,,,,,,,,,,,,,,,,,0,,,,,0,1,0,2,,,,,,,,,,0,,,,,,,,,,,,,,,,,,,0,,,,,,,,,,0,cl_ben_face_25-610.jpg,2,0,0,1,0,1,1,1,0,0,0,0,2,,0,0,0,0,0,0,0,0,0,0,0,,0,0,0,0,0,0,0,0,0,0,0,,,,,0,1,2022-10-19,5,,2022-10-13,2,1,2022-11-08,1,,,2,,,,,,,0,,,,,,,,,,,,,,,,,,,,,,,,,,,,,,,,,,,0,,,,,,,,,,,,,,,,,,,,,,,,,,,,,,,,,,,0,,,,,,,,,,,,,,,,,,,,,,,,,,,,,,,,,,,0,,,,,,,,,,,,,,,,,,,0,,,,,,,,,,,,,,,,,,,0,,,,,,,,,,,,,,,,,,,0
25-611,"2022-03-10 13:00:54",1,1,0,0,1,2,1,1,2,2,24,2,2022-03-10,8,2,,30,,,,1,0,1,1,1,1,1,1,1,1,1,1,0,30,,25,30,30,30,30,30,30,30,7,30,,1,1,1,0,1,1,,,,,,,,,,1,0,,0,0,0,1,0,0,,0,,,0,40.8,165,35.9,102,93,56,48,95,15,1,0,1,2,14.986225895316805,4,0,0,2,,0,0,0,0,0,0,0,0,0,0,0,0,0,0,0,0,0,0,0,0,0,0,0,0,0,0,0,0,0,0,0,0,0,0,0,0,0,0,0,0,0,0,0,0,0,0,0,0,0,0,0,0,0,0,0,0,0,0,0,0,0,0,0,0,0,1,,2,3,,,1,,,,,,1,8.9,72,7.7,2,1,,,1,1,1,0,,0,0,0,0,0,0,0,1,0,0,2,0,0,0,0,0,0,0,0,0,0,0,0,0,0,0,0,0,,,,,,,,,,,,,,,,,,0,0,0,0,0,0,,0,0,0,2,1,"2022-03-10 09:58","2022-03-10 12:06",1,"2022-03-10 13:00",1,1,1,"2022-03-10 09:18","2022-03-10 13:00",1,"2022-03-10 12:22","2022-03-10 13:22",2,4,56,56,56,56,4,56,56,56,56,1,1,56,56,1,56,56,1,56,56,1,56,56,2,,,0,1,0,2,4,4,3,3,3,4,4,4,4,4,4,3,4,4,0,,,,,,2,,,,,,,,,,,,,,,,,,,,,,,,,,,,,,,,,,,0,,,,,,,,,,,,,,,,,,,,,0,,,,,0,1,0,2,0,0,0,0,0,0,0,0,0,2,,,,,,,,,,,,,,,,,,,0,,,,,,,,,,0,cl_ben_face_25-611.jpg,2,0,0,1,0,0,1,0,0,0,0,0,2,,0,0,0,0,0,0,0,0,0,0,0,,0,0,0,0,0,0,0,0,0,0,0,,,,,0,1,2022-03-16,2,,,2,0,,,,,0,,,,,,,0,,,,,,,,,,,,,,,,,,,,,,,,,,,,,,,,,,,0,,,,,,,,,,,,,,,,,,,,,,,,,,,,,,,,,,,0,,,,,,,,,,,,,,,,,,,,,,,,,,,,,,,,,,,0,,,,,,,,,,,,,,,,,,,0,,,,,,,,,,,,,,,,,,,0,,,,,,,,,,,,,,,,,,,0
25-612,"2022-12-03 10:25:45",1,1,0,0,1,2,1,1,2,2,35,2,2022-12-03,8,2,,180,,,,1,0,1,1,0,1,1,1,1,1,1,1,0,180,,120,90,60,,120,180,90,90,14,90,,0,,,,1,1,,,,,,,,,,1,0,,0,0,0,1,0,0,,0,,,1,46.3,173,35.6,62,107,81,28,97,15,1,0,0,1,15.469945537772729,3,0,0,2,,0,0,0,0,0,0,0,0,0,0,0,0,0,0,0,0,0,0,0,0,0,0,0,0,0,0,0,0,0,0,0,0,0,0,0,0,0,0,0,0,0,0,0,0,0,0,0,0,0,0,0,0,0,0,0,0,0,0,0,0,0,0,0,0,0,1,,2,3,,,1,,,,,,1,11.7,79,29.6,2,1,,,1,1,0,0,,0,0,0,0,0,0,0,1,0,0,2,0,0,0,0,0,0,0,0,0,0,0,0,0,0,0,0,0,,,,,,,,,,,,,,,,,,0,0,0,0,0,0,,0,0,0,2,1,"2022-12-03 09:55","2022-12-03 12:16",1,"2022-12-03 12:16",1,1,1,"2022-12-03 09:32","2022-12-03 12:46",1,"2022-12-03 11:30","2022-12-03 12:46",2,4,57,57,57,57,4,57,57,57,57,1,1,57,57,1,57,57,1,57,57,1,57,57,2,,,0,1,0,2,3,4,6,3,6,4,4,3,4,4,4,3,4,4,1,1,,2,,2,2,,,,,,,,,,,,,,,,,,,,,,,,,,,,,,,,,,,0,,,,,,,,,,,,,,,,,,,,,0,,,,,0,1,0,2,0,0,1,0,0,0,0,0,0,2,,,,,,,,,,,,,,,,,,,0,,,,,,,,,,0,cl_ben_face_25-612.jpg,2,0,0,0,1,0,0,0,0,0,0,1,2,,0,0,0,0,0,0,0,0,0,0,0,,0,0,0,0,0,0,0,0,0,0,0,,,,,0,1,2022-12-16,2,,,2,1,2023-01-04,2,,,2,,,,,,,0,,,,,,,,,,,,,,,,,,,,,,,,,,,,,,,,,,,0,,,,,,,,,,,,,,,,,,,,,,,,,,,,,,,,,,,0,,,,,,,,,,,,,,,,,,,,,,,,,,,,,,,,,,,0,,,,,,,,,,,,,,,,,,,0,,,,,,,,,,,,,,,,,,,0,,,,,,,,,,,,,,,,,,,0
25-613,"2023-01-21 11:14:51",1,1,0,0,1,2,1,1,2,2,37,2,2023-01-21,8,2,,7,,,,0,0,1,1,0,0,0,0,0,0,0,0,0,,,,7,3,,,,,,,,,0,,,,3,1,,,,,,,,,,1,0,,0,0,0,1,0,0,,0,,,1,72.6,158,35.7,93,120,77,26,98,15,1,0,0,1,29.081877904182022,1,0,0,2,,0,0,0,0,0,0,0,0,0,0,0,0,0,0,0,0,0,0,0,0,0,0,0,0,0,0,0,0,0,0,0,0,0,0,0,0,0,0,0,0,0,0,0,0,0,0,0,0,0,0,0,0,0,0,0,0,0,0,0,0,0,0,0,0,0,2,41.0,1,3,,,1,,,,,,1,10.3,75,15.1,2,1,,,13,0,,1,10,1,0,0,1,0,0,0,1,0,0,2,0,0,0,0,0,0,0,0,0,0,0,0,0,0,0,0,0,,,,,,,,,,,,,,,,,,0,0,0,0,0,0,,0,0,0,2,1,"2023-01-21 10:16","2023-01-21 12:16",1,"2023-01-21 12:16",1,1,1,"2023-01-21 09:45","2023-01-28 12:46",1,"2023-01-21 10:54","2023-01-21 12:46",2,4,58,58,58,58,4,58,58,58,58,1,1,58,58,1,58,58,1,58,58,1,58,58,2,,,0,1,0,2,0,3,3,0,6,0,0,3,0,6,0,0,0,0,1,3,2,1,1,1,2,,,,,,,,,,,,,,,,,,,,,,,,,,,,,,,,,,,0,,,,,,,,,,,,,,,,,,,,,0,,,,,0,1,0,2,0,0,0,0,0,1,0,0,0,2,,,,,,,,,,,,,,,,,,,0,,,,,,,,,,0,,2,0,0,0,0,0,1,0,0,0,0,0,2,,0,0,0,0,0,0,0,0,0,0,0,,0,0,0,0,0,0,0,0,0,0,0,,,,,0,1,2023-02-03,1,,,2,1,2023-02-22,1,,,2,,,,,,,0,,,,,,,,,,,,,,,,,,,,,,,,,,,,,,,,,,,0,,,,,,,,,,,,,,,,,,,,,,,,,,,,,,,,,,,0,,,,,,,,,,,,,,,,,,,,,,,,,,,,,,,,,,,0,,,,,,,,,,,,,,,,,,,0,,,,,,,,,,,,,,,,,,,0,,,,,,,,,,,,,,,,,,,0
25-614,"2023-01-16 10:10:51",1,1,0,0,1,2,1,1,2,2,41,2,2023-01-16,10,2,,150,,,,1,0,1,1,0,1,1,1,1,0,1,1,0,150,,90,60,60,,150,90,90,,90,30,,0,,,,2,1,,,,,,,,,,1,0,,0,0,0,1,0,0,,0,,,1,62.4,160,36.2,77,139,102,28,96,15,1,0,0,1,24.375,1,0,0,2,,0,0,0,0,0,0,0,0,0,0,0,0,0,0,0,0,0,0,0,0,0,0,0,0,0,0,0,0,0,0,0,0,0,0,0,0,0,0,0,0,0,0,0,0,0,0,0,0,0,0,0,0,0,0,0,0,0,0,0,0,0,0,0,0,2,2,35.4,1,3,,,1,,,,,,1,13.8,88,16.5,2,1,,,16,0,,1,,0,0,0,1,0,0,0,1,0,0,2,0,0,0,0,0,0,0,0,0,0,0,0,0,0,0,0,0,,,,,,,,,,,,,,,,,,0,0,0,0,0,0,,0,0,0,2,1,"2023-01-16 09:30","2022-12-19 11:24",1,"2023-01-16 14:31",1,1,1,"2023-01-16 09:04","2023-01-16 14:31",1,"2023-01-16 11:27","2023-01-16 14:31",2,4,59,59,59,59,4,59,59,59,59,1,1,59,59,1,59,59,1,59,59,1,59,59,2,,,0,1,0,2,0,3,0,0,3,0,0,3,0,3,0,0,0,0,0,,,,,,2,,,,,,,,,,,,,,,,,,,,,,,,,,,,,,,,,,,0,,,,,,,,,,,,,,,,,,,,,0,,,,,0,1,0,2,0,0,0,0,0,0,0,0,0,2,,,,,,,,,,,,,,,,,,,0,,,,,,,,,,0,,0,,0,0,0,0,0,0,0,0,0,0,0,,0,0,0,0,0,0,0,0,0,0,0,,0,0,0,0,0,0,0,0,0,0,0,,,,,0,1,2023-01-25,2,,,2,1,2023-02-13,2,,,2,,,,,,,0,,,,,,,,,,,,,,,,,,,,,,,,,,,,,,,,,,,0,,,,,,,,,,,,,,,,,,,,,,,,,,,,,,,,,,,0,,,,,,,,,,,,,,,,,,,,,,,,,,,,,,,,,,,0,,,,,,,,,,,,,,,,,,,0,,,,,,,,,,,,,,,,,,,0,,,,,,,,,,,,,,,,,,,0
25-615,"2022-12-04 11:57:10",1,1,0,0,1,2,1,1,2,1,40,2,2022-12-04,9,2,,365,,,,1,0,1,1,0,0,0,0,1,0,1,1,0,365,,,7,7,,,,7,,7,7,,0,,,,,1,,,,,,,,,,1,1,2,0,0,0,1,0,0,,0,,,0,,,,,,,,,15,0,0,0,0,,5,0,0,0,,0,0,0,0,0,0,0,0,0,0,0,0,0,0,0,0,0,0,0,0,0,0,0,0,0,0,0,0,0,0,0,0,0,0,0,0,0,0,0,0,0,0,0,0,0,0,0,0,0,0,0,0,0,0,0,0,0,0,0,0,0,0,0,0,0,1,,1,3,,,1,,,,,,1,10.5,84,16,2,2,1,,,,,,,0,0,0,0,0,0,,0,0,0,0,,0,0,0,0,0,0,0,0,0,0,0,0,0,0,0,0,,,,,,,,,,,,,,,,,,0,0,0,0,0,0,,0,0,0,0,1,"2022-12-04 12:58","2022-12-04 13:15",1,"2022-12-04 14:21",1,1,1,"2022-12-04 11:38","2022-12-04 14:31",1,"2022-12-04 12:45","2022-12-04 14:31",2,4,60,60,60,60,4,60,60,60,60,1,1,60,60,1,60,60,1,60,60,1,60,60,2,,,0,1,0,2,3,3,3,3,4,3,3,3,3,3,0,3,1,3,0,,,,,,2,,,,,,,,,,,,,,,,,,,,,,,,,,,,,,,,,,,0,,,,,,,,,,,,,,,,,,,,,0,,,,,0,1,0,2,0,0,0,0,0,0,0,0,0,2,,,,,,,,,,,,,,,,,,,0,,,,,,,,,,0,,0,,0,0,0,0,0,0,0,0,0,0,0,,0,0,0,0,0,0,0,0,0,0,0,,0,0,0,0,0,0,0,0,0,0,0,,,,,0,1,2022-12-11,5,,2022-12-04,2,1,2023-01-01,2,,,2,,,,,,,0,,,,,,,,,,,,,,,,,,,,,,,,,,,,,,,,,,,0,,,,,,,,,,,,,,,,,,,,,,,,,,,,,,,,,,,0,,,,,,,,,,,,,,,,,,,,,,,,,,,,,,,,,,,0,,,,,,,,,,,,,,,,,,,0,,,,,,,,,,,,,,,,,,,0,,,,,,,,,,,,,,,,,,,0
25-616,"2022-12-13 16:20:26",1,1,0,0,3,2,,,0,,,0,,,,,,,,,0,0,0,0,0,0,0,0,0,0,0,0,0,,,,,,,,,,,,,,,,,,,,,,,,,,,,,,,,,,,,,,,,,,,,,,,,,,,,,,,,,,,,0,,0,0,0,0,0,0,0,0,0,0,0,0,0,0,0,0,0,0,0,0,0,0,0,0,0,0,0,0,0,0,0,0,0,0,0,0,0,0,0,0,0,0,0,0,0,0,0,0,0,0,0,0,0,0,0,0,0,0,0,0,0,0,0,0,0,,,,,,,,,,,,,,,,,0,,,,,,,,,0,0,0,0,0,0,,0,0,0,0,,0,0,0,0,0,0,0,0,0,0,0,0,0,0,0,0,,,,,,,,,,,,,,,,,,0,0,0,0,0,0,,0,0,0,0,,,,,,,,,,,,,,0,,,,,,,,,,,,,,,,,,,,,,,,0,,,0,,,0,,,,,,,,,,,,,,,,,,,,,0,,,,,,,,,,,,,,,,,,,,,,,,,,,,,,,,,,,0,,,,,,,,,,,,,,,,,,,,,0,,,,,0,,,0,,,,,,,,,,0,,,,,,,,,,,,,,,,,,,0,,,,,,,,,,0,,0,,0,0,0,0,0,0,0,0,0,0,0,,0,0,0,0,0,0,0,0,0,0,0,,0,0,0,0,0,0,0,0,0,0,0,,,,,0,,,,,,0,,,,,,0,,,,,,,0,,,,,,,,,,,,,,,,,,,,,,,,,,,,,,,,,,,0,,,,,,,,,,,,,,,,,,,,,,,,,,,,,,,,,,,0,,,,,,,,,,,,,,,,,,,,,,,,,,,,,,,,,,,0,,,,,,,,,,,,,,,,,,,0,,,,,,,,,,,,,,,,,,,0,,,,,,,,,,,,,,,,,,,0
25-617,"2023-01-04 16:21:09",1,1,0,1,,2,,,0,,,0,,,,,,,,,0,0,0,0,0,0,0,0,0,0,0,0,0,,,,,,,,,,,,,,,,,,,,,,,,,,,,,,,,,,,,,,,,,,,,,,,,,,,,,,,,,,,,0,,0,0,0,0,0,0,0,0,0,0,0,0,0,0,0,0,0,0,0,0,0,0,0,0,0,0,0,0,0,0,0,0,0,0,0,0,0,0,0,0,0,0,0,0,0,0,0,0,0,0,0,0,0,0,0,0,0,0,0,0,0,0,0,0,0,,,,,,,,,,,,,,,,,0,,,,,,,,,0,0,0,0,0,0,,0,0,0,0,,0,0,0,0,0,0,0,0,0,0,0,0,0,0,0,0,,,,,,,,,,,,,,,,,,0,0,0,0,0,0,,0,0,0,0,,,,,,,,,,,,,,0,,,,,,,,,,,,,,,,,,,,,,,,0,,,0,,,0,,,,,,,,,,,,,,,,,,,,,0,,,,,,,,,,,,,,,,,,,,,,,,,,,,,,,,,,,0,,,,,,,,,,,,,,,,,,,,,0,,,,,0,,,0,,,,,,,,,,0,,,,,,,,,,,,,,,,,,,0,,,,,,,,,,0,,0,,0,0,0,0,0,0,0,0,0,0,0,,0,0,0,0,0,0,0,0,0,0,0,,0,0,0,0,0,0,0,0,0,0,0,,,,,0,,,,,,0,,,,,,0,,,,,,,0,,,,,,,,,,,,,,,,,,,,,,,,,,,,,,,,,,,0,,,,,,,,,,,,,,,,,,,,,,,,,,,,,,,,,,,0,,,,,,,,,,,,,,,,,,,,,,,,,,,,,,,,,,,0,,,,,,,,,,,,,,,,,,,0,,,,,,,,,,,,,,,,,,,0,,,,,,,,,,,,,,,,,,,0
25-618,"2022-12-20 10:21:51",1,1,0,0,1,2,1,1,2,2,59,2,2022-12-20,6,2,,180,,,,1,0,1,0,0,0,0,0,0,1,0,0,0,7,,,180,,,,,,60,,,,0,,,,2,1,,,,,,,,,,1,0,,0,0,0,1,0,0,,0,,,1,56.4,171,36,86,123,75,28,96,15,1,0,0,1,19.287986046988816,1,0,0,2,,0,0,0,0,0,0,0,0,0,0,0,0,0,0,0,0,0,0,0,0,0,0,0,0,0,0,0,0,0,0,0,0,0,0,0,0,0,0,0,0,0,0,0,0,0,0,0,0,0,0,0,0,0,0,0,0,0,0,0,0,0,0,0,0,0,1,,1,3,,,1,,,,,,1,13.9,82,5.9,2,1,,,6,0,,1,,1,0,0,0,0,0,0,1,0,0,2,0,0,0,0,0,0,0,0,0,0,0,0,0,0,0,0,0,,,,,,,,,,,,,,,,,,0,0,0,0,0,0,,0,0,0,2,1,"2022-12-20 10:40","2022-12-20 12:43",1,"2022-12-20 14:23",1,1,1,"2022-12-20 09:25","2022-12-20 14:23",1,"2022-12-20 12:12","2022-12-20 14:23",2,4,61,61,61,61,4,61,61,61,61,1,1,61,61,1,61,61,1,61,61,1,61,61,2,,,0,1,0,2,0,0,3,0,3,0,0,3,3,4,3,3,0,3,0,,,,,,2,,,,,,,,,,,,,,,,,,,,,,,,,,,,,,,,,,,0,,,,,,,,,,,,,,,,,,,,,0,,,,,0,1,0,2,0,0,0,0,0,0,0,0,0,2,,,,,,,,,,,,,,,,,,,0,,,,,,,,,,0,,0,,0,0,0,0,0,0,0,0,0,0,0,,0,0,0,0,0,0,0,0,0,0,0,,0,0,0,0,0,0,0,0,0,0,0,,,,,0,1,2022-12-28,2,,,2,1,2023-01-16,1,,,2,,,,,,,0,,,,,,,,,,,,,,,,,,,,,,,,,,,,,,,,,,,0,,,,,,,,,,,,,,,,,,,,,,,,,,,,,,,,,,,0,,,,,,,,,,,,,,,,,,,,,,,,,,,,,,,,,,,0,,,,,,,,,,,,,,,,,,,0,,,,,,,,,,,,,,,,,,,0,,,,,,,,,,,,,,,,,,,0
25-619,"2022-12-23 12:33:34",1,1,0,0,1,2,1,1,2,2,34,2,2022-12-23,6,2,,120,,,,1,0,1,1,0,1,0,1,0,1,0,0,0,14,,14,5,120,,,14,,90,,,,0,,,,2,1,,,,,,,,,,3,0,,0,0,0,1,0,0,,0,,,1,47.2,171,36.3,97,98,61,36,91,15,1,0,1,2,16.14171881946582,3,0,0,2,,0,0,0,0,0,0,0,0,0,0,0,0,0,0,0,0,0,0,0,0,0,0,0,0,0,0,0,0,0,0,0,0,0,0,0,0,0,0,0,0,0,0,0,0,0,0,0,0,0,0,0,0,0,0,0,0,0,0,0,0,0,0,0,0,0,1,,2,3,,,1,,,,,,1,7.3,75,17.3,2,,,,,,,,,0,0,0,0,0,0,,0,0,0,0,,0,0,0,0,0,0,0,0,0,0,0,0,0,0,0,0,,,,,,,,,,,,,,,,,,0,0,0,0,0,0,,0,0,0,0,1,"2022-12-23 10:50","2022-12-23 12:43",1,"2022-12-23 14:23",1,1,1,"2022-12-23 09:30","2022-12-23 14:23",1,"2022-12-23 13:15","2022-12-23 14:23",2,4,62,62,62,62,4,62,62,62,62,1,1,62,62,1,62,62,1,62,62,1,62,62,2,,,0,1,0,2,4,4,4,4,4,3,3,3,4,3,4,4,2,2,0,,,,,,2,,,,,,,,,,,,,,,,,,,,,,,,,,,,,,,,,,,0,,,,,,,,,,,,,,,,,,,,,0,,,,,0,1,0,2,0,0,0,0,0,0,0,0,0,2,,,,,,,,,,,,,,,,,,,0,,,,,,,,,,0,,0,,0,0,0,0,0,0,0,0,0,0,0,,0,0,0,0,0,0,0,0,0,0,0,,0,0,0,0,0,0,0,0,0,0,0,,,,,0,1,2022-12-30,,,,0,1,2023-01-19,2,,,2,,,,,,,0,,,,,,,,,,,,,,,,,,,,,,,,,,,,,,,,,,,0,,,,,,,,,,,,,,,,,,,,,,,,,,,,,,,,,,,0,,,,,,,,,,,,,,,,,,,,,,,,,,,,,,,,,,,0,,,,,,,,,,,,,,,,,,,0,,,,,,,,,,,,,,,,,,,0,,,,,,,,,,,,,,,,,,,0
25-620,"2022-12-27 09:37:29",1,1,0,0,1,2,1,1,2,1,59,2,2022-12-27,9,2,,30,,,,0,0,1,0,0,0,0,1,0,0,0,0,0,,,,3,,,,30,,,,,,0,,,,2,1,,,,,,,,,,1,0,,0,1,0,1,0,1,,0,,,1,99,179,35.7,64,152,77,26,97,15,1,0,0,1,30.8979120501857,1,1,0,2,,0,0,0,0,0,0,0,0,0,0,0,0,0,0,0,0,0,0,0,0,0,0,0,0,0,0,0,0,0,0,0,0,0,0,0,0,0,0,0,0,0,0,0,0,0,0,0,0,0,0,0,0,0,0,0,0,0,0,0,0,0,0,0,0,0,1,,1,3,,,1,,,,,,1,13.8,86,8.6,2,1,,,11,0,,0,,0,0,0,0,0,0,0,1,0,0,2,0,0,0,0,0,0,0,0,0,0,0,0,0,0,0,0,0,,,,,,,,,,,,,,,,,,0,0,0,0,0,0,,0,0,0,2,1,"2022-12-27 08:53","2022-12-27 10:45",1,"2022-12-27 11:50",1,1,1,"2022-12-27 08:35","2022-12-27 11:50",1,"2022-12-27 10:27","2022-12-27 11:50",2,4,63,63,63,63,4,63,63,63,63,1,1,63,63,1,63,63,1,63,63,1,63,63,2,,,0,1,0,2,0,0,0,0,0,0,0,0,0,0,0,0,0,0,0,,,,,,2,,,,,,,,,,,,,,,,,,,,,,,,,,,,,,,,,,,0,,,,,,,,,,,,,,,,,,,,,0,,,,,0,1,0,2,0,0,0,0,0,0,2,2,0,2,,,,,,,,,,,,,,,,,,,0,,,,,,,,,,0,cl_ben_face_25-620.jpg,2,1,0,0,0,0,0,0,0,0,0,0,2,,0,0,0,0,0,0,0,0,0,0,0,,0,0,0,0,0,0,0,0,0,0,0,,,,,0,1,2023-01-03,1,,,2,1,2023-01-30,1,,,2,,,,,,,0,,,,,,,,,,,,,,,,,,,,,,,,,,,,,,,,,,,0,,,,,,,,,,,,,,,,,,,,,,,,,,,,,,,,,,,0,,,,,,,,,,,,,,,,,,,,,,,,,,,,,,,,,,,0,,,,,,,,,,,,,,,,,,,0,,,,,,,,,,,,,,,,,,,0,,,,,,,,,,,,,,,,,,,0
25-621,"2022-11-12 11:50:13",1,1,0,0,1,2,1,1,2,2,38,2,2022-11-12,6,2,,90,,,,1,0,1,1,0,1,1,1,1,0,1,1,0,100,,60,7,7,,60,30,90,,30,90,,0,,,,1,1,,,,,,,,,,2,0,,0,0,0,1,0,1,2020-11-12,0,,,1,50.2,173,36.1,101,104,74,38,96,15,1,0,0,1,16.773029503157474,3,0,0,2,,0,0,0,0,0,0,0,0,0,0,0,0,0,0,0,0,0,0,0,0,0,0,0,0,0,0,0,0,0,0,0,0,0,0,0,0,0,0,0,0,0,0,0,0,0,0,0,0,0,0,0,0,0,0,0,0,0,0,0,0,0,0,0,0,0,1,,2,3,,,2,2,,,,,1,8.8,79,10.2,0,,,,,,,,,0,0,0,0,0,0,,0,0,0,0,,0,0,0,0,0,0,0,0,0,0,0,0,0,0,0,0,,,,,,,,,,,,,,,,,,0,0,0,0,0,0,,0,0,0,0,1,"2022-11-12 10:26","2022-11-12 12:27",1,"2022-11-12 13:50",1,1,1,"2022-11-12 09:55","2022-11-12 13:50",1,"2022-11-12 12:45","2022-11-12 13:50",2,4,64,64,64,64,4,64,64,64,64,1,1,64,64,1,64,64,1,64,64,1,64,64,2,,,0,1,0,2,,,,,,,,,,,,,,,,,,,,,0,,,,,,,,,,,,,,,,,,,,,,,,,,,,,,,,,,,0,,,,,,,,,,,,,,,,,,,,,0,,,,,0,1,0,2,,,,,,,,,,0,,,,,,,,,,,,,,,,,,,0,,,,,,,,,,0,cl_ben_face_25-621.jpg,2,,0,0,0,0,0,0,0,0,0,0,0,,0,0,0,0,0,0,0,0,0,0,0,,0,0,0,0,0,0,0,0,0,0,0,,,,,0,0,,,,,2,1,2022-12-15,2,,,2,,,,,,,0,,,,,,,,,,,,,,,,,,,,,,,,,,,,,,,,,,,0,,,,,,,,,,,,,,,,,,,,,,,,,,,,,,,,,,,0,,,,,,,,,,,,,,,,,,,,,,,,,,,,,,,,,,,0,,,,,,,,,,,,,,,,,,,0,,,,,,,,,,,,,,,,,,,0,,,,,,,,,,,,,,,,,,,0
25-622,"2022-08-09 09:52:28",1,1,0,0,1,2,1,1,2,2,44,2,2022-08-09,9,2,,80,,,,1,0,0,0,1,1,1,1,1,0,0,0,0,90,,60,,,45,90,21,30,,,,,0,,,,1,1,,,,,,,,,,1,0,,0,0,0,1,0,0,,0,,,1,75.3,198,36.1,108,150,95,28,97,15,1,0,0,1,19.2072237526783,1,0,0,2,,0,0,0,0,0,0,0,0,0,0,0,0,0,0,0,0,0,0,0,0,0,0,0,0,0,0,0,0,0,0,0,0,0,0,0,0,0,0,0,0,0,0,0,0,0,0,0,0,0,0,0,0,0,0,0,0,0,0,0,0,0,0,0,0,2,1,,2,3,,,1,,,,,,1,9.3,84,9.6,2,1,,,1,1,,0,,0,0,0,0,0,0,0,1,0,0,0,,0,0,0,0,0,0,0,0,0,0,0,0,0,0,0,0,,,,,,,,,,,,,,,,,,0,0,0,0,0,0,,0,0,0,0,1,"2022-08-09 09:18","2022-08-09 11:55",1,"2022-08-09 12:58",1,1,1,"2022-08-09 08:30","2022-08-09 12:58",1,"2022-08-09 12:36","2022-08-09 12:58",2,4,65,65,65,65,4,64,65,65,65,1,1,64,65,1,65,65,1,65,65,1,65,65,2,,,0,1,0,2,,,,,,,,,,,,,,,,,,,,,0,,,,,,,,,,,,,,,,,,,,,,,,,,,,,,,,,,,0,,,,,,,,,,,,,,,,,,,,,0,,,,,0,1,0,2,,,,,,,,,,0,,,,,,,,,,,,,,,,,,,0,,,,,,,,,,0,cl_ben_face_25-622.jpg,2,,0,0,0,0,0,0,0,0,0,0,0,,0,0,0,0,0,0,0,0,0,0,0,,0,0,0,0,0,0,0,0,0,0,0,,,,,0,1,2022-08-17,2,,,2,1,2022-09-07,2,,,2,,,,,,,0,,,,,,,,,,,,,,,,,,,,,,,,,,,,,,,,,,,0,,,,,,,,,,,,,,,,,,,,,,,,,,,,,,,,,,,0,,,,,,,,,,,,,,,,,,,,,,,,,,,,,,,,,,,0,,,,,,,,,,,,,,,,,,,0,,,,,,,,,,,,,,,,,,,0,,,,,,,,,,,,,,,,,,,0
25-623,"2022-08-04 09:52:54",1,1,0,0,1,2,1,1,2,2,18,2,2022-08-04,9,2,,90,,,,1,0,0,0,1,1,0,0,1,0,1,1,0,75,,14,,,90,,,14,,75,3,,0,,,,2,1,,,,,,,,,,1,0,,0,0,0,1,0,0,,0,,,1,46.4,174,35.6,97,114,73,36,99,15,1,0,0,1,15.32567049808429,2,0,0,2,,0,0,0,0,0,0,0,0,0,0,0,0,0,0,0,0,0,0,0,0,0,0,0,0,0,0,0,0,0,0,0,0,0,0,0,0,0,0,0,0,0,0,0,0,0,0,0,0,0,0,0,0,0,0,0,0,0,0,0,0,0,0,0,0,0,2,39.0,2,3,,,1,,,,,,1,13.5,85,7.8,2,1,,,1,1,,,,0,0,0,0,0,0,,0,0,0,0,,0,0,0,0,0,0,0,0,0,0,0,0,0,0,0,0,,,,,,,,,,,,,,,,,,0,0,0,0,0,0,,0,0,0,0,1,"2022-08-04 09:39","2022-08-04 11:55",1,"2022-08-04 12:58",1,1,1,"2022-08-04 09:01","2022-08-04 12:58",1,"2022-08-04 11:34","2022-08-04 11:34",2,4,66,66,66,66,4,66,66,66,66,1,1,66,66,1,66,66,1,66,66,1,66,66,2,,,0,1,0,2,,,,,,,,,,,,,,,,,,,,,0,,,,,,,,,,,,,,,,,,,,,,,,,,,,,,,,,,,0,,,,,,,,,,,,,,,,,,,,,0,,,,,0,1,0,2,,,,,,,,,,0,,,,,,,,,,,,,,,,,,,0,,,,,,,,,,0,cl_ben_face_25-623.jpg,2,,0,0,0,0,0,0,0,0,0,0,0,,0,0,0,0,0,0,0,0,0,0,0,,0,0,0,0,0,0,0,0,0,0,0,,,,,0,1,2022-08-18,2,,,2,1,2022-09-02,2,,,2,,,,,,,0,,,,,,,,,,,,,,,,,,,,,,,,,,,,,,,,,,,0,,,,,,,,,,,,,,,,,,,,,,,,,,,,,,,,,,,0,,,,,,,,,,,,,,,,,,,,,,,,,,,,,,,,,,,0,,,,,,,,,,,,,,,,,,,0,,,,,,,,,,,,,,,,,,,0,,,,,,,,,,,,,,,,,,,0
25-624,"2022-07-24 09:53:17",1,1,0,1,,2,,,0,,,0,,,,,,,,,0,0,0,0,0,0,0,0,0,0,0,0,0,,,,,,,,,,,,,,,,,,,,,,,,,,,,,,,,,,,,,,,,,,,,,,,,,,,,,,,,,,,,0,,0,0,0,0,0,0,0,0,0,0,0,0,0,0,0,0,0,0,0,0,0,0,0,0,0,0,0,0,0,0,0,0,0,0,0,0,0,0,0,0,0,0,0,0,0,0,0,0,0,0,0,0,0,0,0,0,0,0,0,0,0,0,0,0,0,,,,,,,,,,,,,,,,,0,,,,,,,,,0,0,0,0,0,0,,0,0,0,0,,0,0,0,0,0,0,0,0,0,0,0,0,0,0,0,0,,,,,,,,,,,,,,,,,,0,0,0,0,0,0,,0,0,0,0,,,,,,,,,,,,,,0,,,,,,,,,,,,,,,,,,,,,,,,0,,,0,,,0,,,,,,,,,,,,,,,,,,,,,0,,,,,,,,,,,,,,,,,,,,,,,,,,,,,,,,,,,0,,,,,,,,,,,,,,,,,,,,,0,,,,,0,,,0,,,,,,,,,,0,,,,,,,,,,,,,,,,,,,0,,,,,,,,,,0,,0,,0,0,0,0,0,0,0,0,0,0,0,,0,0,0,0,0,0,0,0,0,0,0,,0,0,0,0,0,0,0,0,0,0,0,,,,,0,,,,,,0,,,,,,0,,,,,,,0,,,,,,,,,,,,,,,,,,,,,,,,,,,,,,,,,,,0,,,,,,,,,,,,,,,,,,,,,,,,,,,,,,,,,,,0,,,,,,,,,,,,,,,,,,,,,,,,,,,,,,,,,,,0,,,,,,,,,,,,,,,,,,,0,,,,,,,,,,,,,,,,,,,0,,,,,,,,,,,,,,,,,,,0
25-625,"2022-12-09 17:22:14",1,1,0,1,,2,,,0,,,0,,,,,,,,,0,0,0,0,0,0,0,0,0,0,0,0,0,,,,,,,,,,,,,,,,,,,,,,,,,,,,,,,,,,,,,,,,,,,,,,,,,,,,,,,,,,,,0,,0,0,0,0,0,0,0,0,0,0,0,0,0,0,0,0,0,0,0,0,0,0,0,0,0,0,0,0,0,0,0,0,0,0,0,0,0,0,0,0,0,0,0,0,0,0,0,0,0,0,0,0,0,0,0,0,0,0,0,0,0,0,0,0,0,,,,,,,,,,,,,,,,,0,,,,,,,,,0,0,0,0,0,0,,0,0,0,0,,0,0,0,0,0,0,0,0,0,0,0,0,0,0,0,0,,,,,,,,,,,,,,,,,,0,0,0,0,0,0,,0,0,0,0,,,,,,,,,,,,,,0,,,,,,,,,,,,,,,,,,,,,,,,0,,,0,,,0,,,,,,,,,,,,,,,,,,,,,0,,,,,,,,,,,,,,,,,,,,,,,,,,,,,,,,,,,0,,,,,,,,,,,,,,,,,,,,,0,,,,,0,,,0,,,,,,,,,,0,,,,,,,,,,,,,,,,,,,0,,,,,,,,,,0,,0,,0,0,0,0,0,0,0,0,0,0,0,,0,0,0,0,0,0,0,0,0,0,0,,0,0,0,0,0,0,0,0,0,0,0,,,,,0,,,,,,0,,,,,,0,,,,,,,0,,,,,,,,,,,,,,,,,,,,,,,,,,,,,,,,,,,0,,,,,,,,,,,,,,,,,,,,,,,,,,,,,,,,,,,0,,,,,,,,,,,,,,,,,,,,,,,,,,,,,,,,,,,0,,,,,,,,,,,,,,,,,,,0,,,,,,,,,,,,,,,,,,,0,,,,,,,,,,,,,,,,,,,0
25-626,"2022-07-03 17:22:31",1,1,0,0,3,2,,,0,,,0,,,,,,,,,0,0,0,0,0,0,0,0,0,0,0,0,0,,,,,,,,,,,,,,,,,,,,,,,,,,,,,,,,,,,,,,,,,,,,,,,,,,,,,,,,,,,,0,,0,0,0,0,0,0,0,0,0,0,0,0,0,0,0,0,0,0,0,0,0,0,0,0,0,0,0,0,0,0,0,0,0,0,0,0,0,0,0,0,0,0,0,0,0,0,0,0,0,0,0,0,0,0,0,0,0,0,0,0,0,0,0,0,0,,,,,,,,,,,,,,,,,0,,,,,,,,,0,0,0,0,0,0,,0,0,0,0,,0,0,0,0,0,0,0,0,0,0,0,0,0,0,0,0,,,,,,,,,,,,,,,,,,0,0,0,0,0,0,,0,0,0,0,,,,,,,,,,,,,,0,,,,,,,,,,,,,,,,,,,,,,,,0,,,0,,,0,,,,,,,,,,,,,,,,,,,,,0,,,,,,,,,,,,,,,,,,,,,,,,,,,,,,,,,,,0,,,,,,,,,,,,,,,,,,,,,0,,,,,0,,,0,,,,,,,,,,0,,,,,,,,,,,,,,,,,,,0,,,,,,,,,,0,,0,,0,0,0,0,0,0,0,0,0,0,0,,0,0,0,0,0,0,0,0,0,0,0,,0,0,0,0,0,0,0,0,0,0,0,,,,,0,,,,,,0,,,,,,0,,,,,,,0,,,,,,,,,,,,,,,,,,,,,,,,,,,,,,,,,,,0,,,,,,,,,,,,,,,,,,,,,,,,,,,,,,,,,,,0,,,,,,,,,,,,,,,,,,,,,,,,,,,,,,,,,,,0,,,,,,,,,,,,,,,,,,,0,,,,,,,,,,,,,,,,,,,0,,,,,,,,,,,,,,,,,,,0
25-627,"2022-11-10 17:22:57",1,1,0,0,3,2,,,0,,,0,,,,,,,,,0,0,0,0,0,0,0,0,0,0,0,0,0,,,,,,,,,,,,,,,,,,,,,,,,,,,,,,,,,,,,,,,,,,,,,,,,,,,,,,,,,,,,0,,0,0,0,0,0,0,0,0,0,0,0,0,0,0,0,0,0,0,0,0,0,0,0,0,0,0,0,0,0,0,0,0,0,0,0,0,0,0,0,0,0,0,0,0,0,0,0,0,0,0,0,0,0,0,0,0,0,0,0,0,0,0,0,0,0,,,,,,,,,,,,,,,,,0,,,,,,,,,0,0,0,0,0,0,,0,0,0,0,,0,0,0,0,0,0,0,0,0,0,0,0,0,0,0,0,,,,,,,,,,,,,,,,,,0,0,0,0,0,0,,0,0,0,0,,,,,,,,,,,,,,0,,,,,,,,,,,,,,,,,,,,,,,,0,,,0,,,0,,,,,,,,,,,,,,,,,,,,,0,,,,,,,,,,,,,,,,,,,,,,,,,,,,,,,,,,,0,,,,,,,,,,,,,,,,,,,,,0,,,,,0,,,0,,,,,,,,,,0,,,,,,,,,,,,,,,,,,,0,,,,,,,,,,0,,0,,0,0,0,0,0,0,0,0,0,0,0,,0,0,0,0,0,0,0,0,0,0,0,,0,0,0,0,0,0,0,0,0,0,0,,,,,0,,,,,,0,,,,,,0,,,,,,,0,,,,,,,,,,,,,,,,,,,,,,,,,,,,,,,,,,,0,,,,,,,,,,,,,,,,,,,,,,,,,,,,,,,,,,,0,,,,,,,,,,,,,,,,,,,,,,,,,,,,,,,,,,,0,,,,,,,,,,,,,,,,,,,0,,,,,,,,,,,,,,,,,,,0,,,,,,,,,,,,,,,,,,,0
25-628,"2022-11-15 10:02:06",1,1,0,0,1,2,1,1,2,1,62,2,2022-11-15,10,2,,7,,,,0,0,0,0,0,0,0,1,0,0,0,0,0,,,,,,,,7,,,,,,0,,,,1,1,,,,,,,,,,1,0,,0,0,0,1,0,0,,0,,,0,55.7,155,36.3,67,121,72,20,96,15,0,0,0,0,23.184183142559835,1,0,0,2,,0,0,0,0,0,0,0,0,0,0,0,0,0,0,0,0,0,0,0,0,0,0,0,0,0,0,0,0,0,0,0,0,0,0,0,0,0,0,0,0,0,0,0,0,0,0,0,0,0,0,0,0,0,0,0,0,0,0,0,0,0,0,0,0,0,1,,1,3,,,1,,,,,,1,14.2,85,4.5,2,,,,,,,,,0,0,0,0,0,0,,0,0,0,0,,0,0,0,0,0,0,0,0,0,0,0,0,0,0,0,0,,,,,,,,,,,,,,,,,,0,0,0,0,0,0,,0,0,0,0,1,"2022-11-15 10:11","2022-11-15 12:04",1,"2022-11-15 13:00",1,1,1,"2022-11-15 08:51","2022-11-15 13:00",1,"2022-11-15 11:14","2022-11-15 13:00",2,4,67,67,67,67,4,67,67,67,67,1,1,67,67,1,67,67,1,67,67,1,67,67,2,,,0,1,0,2,,,,,,,,,,,,,,,,,,,,,0,,,,,,,,,,,,,,,,,,,,,,,,,,,,,,,,,,,0,,,,,,,,,,,,,,,,,,,,,0,,,,,0,1,0,2,,,,,,,,,,0,,,,,,,,,,,,,,,,,,,0,,,,,,,,,,0,cl_ben_face_25-628.jpg,2,,0,0,0,0,0,0,0,0,0,0,0,,0,0,0,0,0,0,0,0,0,0,0,,0,0,0,0,0,0,0,0,0,0,0,,,,,0,1,2022-12-01,2,,,2,1,2022-12-15,1,,,2,,,,,,,0,,,,,,,,,,,,,,,,,,,,,,,,,,,,,,,,,,,0,,,,,,,,,,,,,,,,,,,,,,,,,,,,,,,,,,,0,,,,,,,,,,,,,,,,,,,,,,,,,,,,,,,,,,,0,,,,,,,,,,,,,,,,,,,0,,,,,,,,,,,,,,,,,,,0,,,,,,,,,,,,,,,,,,,0
25-629,"2023-01-10 10:02:48",1,1,0,0,1,2,1,1,2,1,40,2,2023-01-10,10,2,,60,,,,1,0,0,1,0,1,1,1,1,1,0,1,0,90,,7,,7,,90,7,60,7,,7,,0,,,,1,1,,,,,,,,,,4,0,,0,0,0,1,0,0,,0,,,0,50,160,36.5,101,107,77,34,98,15,1,0,0,1,19.53125,2,0,0,2,,0,0,0,0,0,0,0,0,0,0,0,0,0,0,0,0,0,0,0,0,0,0,0,0,0,0,0,0,0,0,0,0,0,0,0,0,0,0,0,0,0,0,0,0,0,0,0,0,0,0,0,0,0,0,0,0,0,0,0,0,0,0,0,0,0,1,,2,3,,,1,,,,,,1,9.5,75,10.5,2,,,,,,,,,0,0,0,0,0,0,,0,0,0,0,,0,0,0,0,0,0,0,0,0,0,0,0,0,0,0,0,,,,,,,,,,,,,,,,,,0,0,0,0,0,0,,0,0,0,0,1,"2023-01-10 09:38","2023-01-10 12:04",1,"2023-01-10 13:00",1,1,1,"2023-01-10 09:09","2023-01-10 13:00",1,"2023-01-10 12:35","2023-01-10 13:00",2,4,68,68,68,68,4,68,68,68,68,1,1,68,68,1,68,68,1,68,68,1,68,68,2,,,0,1,0,2,,,,,,,,,,,,,,,,,,,,,0,,,,,,,,,,,,,,,,,,,,,,,,,,,,,,,,,,,0,,,,,,,,,,,,,,,,,,,,,0,,,,,0,1,0,2,,,,,,,,,,0,,,,,,,,,,,,,,,,,,,0,,,,,,,,,,0,cl_ben_face_25-629.jpg,2,,0,0,0,0,0,0,0,0,0,0,0,,0,0,0,0,0,0,0,0,0,0,0,,0,0,0,0,0,0,0,0,0,0,0,,,,,0,1,2023-01-26,2,,,2,1,2023-02-09,2,,,2,,,,,,,0,,,,,,,,,,,,,,,,,,,,,,,,,,,,,,,,,,,0,,,,,,,,,,,,,,,,,,,,,,,,,,,,,,,,,,,0,,,,,,,,,,,,,,,,,,,,,,,,,,,,,,,,,,,0,,,,,,,,,,,,,,,,,,,0,,,,,,,,,,,,,,,,,,,0,,,,,,,,,,,,,,,,,,,0
25-630,"2022-11-22 12:40:28",1,1,0,1,,2,,,0,,,0,,,,,,,,,0,0,0,0,0,0,0,0,0,0,0,0,0,,,,,,,,,,,,,,,,,,,,,,,,,,,,,,,,,,,,,,,,,,,,,,,,,,,,,,,,,,,,0,,0,0,0,0,0,0,0,0,0,0,0,0,0,0,0,0,0,0,0,0,0,0,0,0,0,0,0,0,0,0,0,0,0,0,0,0,0,0,0,0,0,0,0,0,0,0,0,0,0,0,0,0,0,0,0,0,0,0,0,0,0,0,0,0,0,,,,,,,,,,,,,,,,,0,,,,,,,,,0,0,0,0,0,0,,0,0,0,0,,0,0,0,0,0,0,0,0,0,0,0,0,0,0,0,0,,,,,,,,,,,,,,,,,,0,0,0,0,0,0,,0,0,0,0,,,,,,,,,,,,,,0,,,,,,,,,,,,,,,,,,,,,,,,0,,,0,,,0,,,,,,,,,,,,,,,,,,,,,0,,,,,,,,,,,,,,,,,,,,,,,,,,,,,,,,,,,0,,,,,,,,,,,,,,,,,,,,,0,,,,,0,,,0,,,,,,,,,,0,,,,,,,,,,,,,,,,,,,0,,,,,,,,,,0,,0,,0,0,0,0,0,0,0,0,0,0,0,,0,0,0,0,0,0,0,0,0,0,0,,0,0,0,0,0,0,0,0,0,0,0,,,,,0,,,,,,0,,,,,,0,,,,,,,0,,,,,,,,,,,,,,,,,,,,,,,,,,,,,,,,,,,0,,,,,,,,,,,,,,,,,,,,,,,,,,,,,,,,,,,0,,,,,,,,,,,,,,,,,,,,,,,,,,,,,,,,,,,0,,,,,,,,,,,,,,,,,,,0,,,,,,,,,,,,,,,,,,,0,,,,,,,,,,,,,,,,,,,0
25-631,"2022-11-21 11:04:37",1,1,0,0,1,2,1,1,2,2,45,2,2022-11-21,6,2,,90,,,,1,0,1,1,0,1,1,1,1,1,1,1,0,60,,90,21,30,,60,60,60,60,30,30,,0,,,,1,1,,,,,,,,,,3,0,,0,0,0,1,0,0,,0,,,1,45.7,176,35.8,101,93,68,30,96,15,1,0,1,2,14.753357438016529,3,0,0,2,,0,0,0,0,0,0,0,0,0,0,0,0,0,0,0,0,0,0,0,0,0,0,0,0,0,0,0,0,0,0,0,0,0,0,0,0,0,0,0,0,0,0,0,0,0,0,0,0,0,0,0,0,0,0,0,0,0,0,0,0,0,0,0,0,0,1,,2,3,,,1,,,,,,1,9.6,74,7.1,2,1,,,1,1,,,,0,0,0,0,0,0,0,1,0,0,0,,0,0,0,0,0,0,0,0,0,0,0,0,0,0,0,0,,,,,,,,,,,,,,,,,,0,0,0,0,0,0,,0,0,0,0,1,"2022-11-21 09:58","2022-11-21 12:02",1,"2022-11-21 12:38",1,1,1,"2022-11-21 09:13","2022-11-21 12:38",1,"2022-11-21 11:34","2022-11-21 12:38",2,4,69,69,69,69,4,69,69,69,69,1,1,69,69,1,69,69,1,69,69,1,69,69,2,,,0,1,0,2,,,,,,,,,,,,,,,,,,,,,0,,,,,,,,,,,,,,,,,,,,,,,,,,,,,,,,,,,0,,,,,,,,,,,,,,,,,,,,,0,,,,,0,1,0,2,,,,,,,,,,0,,,,,,,,,,,,,,,,,,,0,,,,,,,,,,0,cl_ben_face_25-631.jpg,2,,0,0,0,0,0,0,0,0,0,0,0,,0,0,0,0,0,0,0,0,0,0,0,,0,0,0,0,0,0,0,0,0,0,0,,,,,0,1,2022-12-03,2,,,2,1,2022-12-20,2,,,2,,,,,,,0,,,,,,,,,,,,,,,,,,,,,,,,,,,,,,,,,,,0,,,,,,,,,,,,,,,,,,,,,,,,,,,,,,,,,,,0,,,,,,,,,,,,,,,,,,,,,,,,,,,,,,,,,,,0,,,,,,,,,,,,,,,,,,,0,,,,,,,,,,,,,,,,,,,0,,,,,,,,,,,,,,,,,,,0
25-632,"2022-11-07 15:34:13",1,1,0,1,,2,,,0,,,0,,,,,,,,,0,0,0,0,0,0,0,0,0,0,0,0,0,,,,,,,,,,,,,,,,,,,,,,,,,,,,,,,,,,,,,,,,,,,,,,,,,,,,,,,,,,,,0,,0,0,0,0,0,0,0,0,0,0,0,0,0,0,0,0,0,0,0,0,0,0,0,0,0,0,0,0,0,0,0,0,0,0,0,0,0,0,0,0,0,0,0,0,0,0,0,0,0,0,0,0,0,0,0,0,0,0,0,0,0,0,0,0,0,,,,,,,,,,,,,,,,,0,,,,,,,,,0,0,0,0,0,0,,0,0,0,0,,0,0,0,0,0,0,0,0,0,0,0,0,0,0,0,0,,,,,,,,,,,,,,,,,,0,0,0,0,0,0,,0,0,0,0,,,,,,,,,,,,,,0,,,,,,,,,,,,,,,,,,,,,,,,0,,,0,,,0,,,,,,,,,,,,,,,,,,,,,0,,,,,,,,,,,,,,,,,,,,,,,,,,,,,,,,,,,0,,,,,,,,,,,,,,,,,,,,,0,,,,,0,,,0,,,,,,,,,,0,,,,,,,,,,,,,,,,,,,0,,,,,,,,,,0,,0,,0,0,0,0,0,0,0,0,0,0,0,,0,0,0,0,0,0,0,0,0,0,0,,0,0,0,0,0,0,0,0,0,0,0,,,,,0,,,,,,0,,,,,,0,,,,,,,0,,,,,,,,,,,,,,,,,,,,,,,,,,,,,,,,,,,0,,,,,,,,,,,,,,,,,,,,,,,,,,,,,,,,,,,0,,,,,,,,,,,,,,,,,,,,,,,,,,,,,,,,,,,0,,,,,,,,,,,,,,,,,,,0,,,,,,,,,,,,,,,,,,,0,,,,,,,,,,,,,,,,,,,0
25-633,"2022-11-24 15:34:55",1,1,0,1,,2,,,0,,,0,,,,,,,,,0,0,0,0,0,0,0,0,0,0,0,0,0,,,,,,,,,,,,,,,,,,,,,,,,,,,,,,,,,,,,,,,,,,,,,,,,,,,,,,,,,,,,0,,0,0,0,0,0,0,0,0,0,0,0,0,0,0,0,0,0,0,0,0,0,0,0,0,0,0,0,0,0,0,0,0,0,0,0,0,0,0,0,0,0,0,0,0,0,0,0,0,0,0,0,0,0,0,0,0,0,0,0,0,0,0,0,0,0,,,,,,,,,,,,,,,,,0,,,,,,,,,0,0,0,0,0,0,,0,0,0,0,,0,0,0,0,0,0,0,0,0,0,0,0,0,0,0,0,,,,,,,,,,,,,,,,,,0,0,0,0,0,0,,0,0,0,0,,,,,,,,,,,,,,0,,,,,,,,,,,,,,,,,,,,,,,,0,,,0,,,0,,,,,,,,,,,,,,,,,,,,,0,,,,,,,,,,,,,,,,,,,,,,,,,,,,,,,,,,,0,,,,,,,,,,,,,,,,,,,,,0,,,,,0,,,0,,,,,,,,,,0,,,,,,,,,,,,,,,,,,,0,,,,,,,,,,0,,0,,0,0,0,0,0,0,0,0,0,0,0,,0,0,0,0,0,0,0,0,0,0,0,,0,0,0,0,0,0,0,0,0,0,0,,,,,0,,,,,,0,,,,,,0,,,,,,,0,,,,,,,,,,,,,,,,,,,,,,,,,,,,,,,,,,,0,,,,,,,,,,,,,,,,,,,,,,,,,,,,,,,,,,,0,,,,,,,,,,,,,,,,,,,,,,,,,,,,,,,,,,,0,,,,,,,,,,,,,,,,,,,0,,,,,,,,,,,,,,,,,,,0,,,,,,,,,,,,,,,,,,,0
25-634,"2022-11-05 10:07:56",1,1,0,0,1,2,1,1,2,2,37,2,2022-11-05,10,2,,5,,,,1,0,1,1,1,1,1,1,1,1,0,0,0,9,,5,5,5,4,5,5,5,5,,,,0,,,,3,1,,,,,,,,,,4,0,,0,0,0,1,0,1,2021-11-05,0,,,1,74.3,189,35.7,100,123,90,18,97,15,0,0,0,0,20.800089583158368,3,0,0,2,,0,0,0,0,0,0,0,0,0,0,0,0,0,0,0,0,0,0,0,0,0,0,0,0,0,0,0,0,0,0,0,0,0,0,0,0,0,0,0,0,0,0,0,0,0,0,0,0,0,0,0,0,0,0,0,0,0,0,0,0,0,0,0,0,0,1,,1,3,,,1,,,,,,1,15.1,84,6.6,2,1,,,6,0,,1,10,1,0,0,1,0,0,0,1,0,0,2,0,0,0,0,0,0,0,0,0,0,0,0,0,0,0,0,0,,,,,,,,,,,,,,,,,,0,0,0,0,0,0,,0,0,0,2,1,"2022-11-05 09:11","2022-11-05 12:31",1,"2022-11-05 13:02",1,1,1,"2022-11-05 08:50","2022-11-05 13:02",1,"2022-11-05 11:04","2022-11-05 13:02",2,4,70,70,70,70,4,70,70,70,70,1,1,70,70,1,70,70,1,70,70,1,70,70,2,,,0,1,0,2,,,,,,,,,,,,,,,,,,,,,0,,,,,,,,,,,,,,,,,,,,,,,,,,,,,,,,,,,0,,,,,,,,,,,,,,,,,,,,,0,,,,,0,1,0,2,,,,,,,,,,0,,,,,,,,,,,,,,,,,,,0,,,,,,,,,,0,cl_ben_face_25-634.jpg,2,,0,0,0,0,0,0,0,0,0,0,0,,0,0,0,0,0,0,0,0,0,0,0,,0,0,0,0,0,0,0,0,0,0,0,,,,,0,1,2022-11-13,2,,,2,1,2022-12-04,1,,,2,,,,,,,0,,,,,,,,,,,,,,,,,,,,,,,,,,,,,,,,,,,0,,,,,,,,,,,,,,,,,,,,,,,,,,,,,,,,,,,0,,,,,,,,,,,,,,,,,,,,,,,,,,,,,,,,,,,0,,,,,,,,,,,,,,,,,,,0,,,,,,,,,,,,,,,,,,,0,,,,,,,,,,,,,,,,,,,0
25-635,"2023-02-04 11:00:30",1,1,0,0,1,2,1,1,2,2,55,2,2023-02-04,10,2,,14,,,,1,0,1,1,0,1,0,1,1,0,0,1,0,13,,10,10,10,,,14,10,,,14,,0,,,,2,1,,,,,,,,,,1,0,,0,1,0,1,0,1,2021-02-04,0,,,1,78.4,175,35.8,87,171,105,22,97,15,1,0,0,1,25.6,2,0,0,2,,0,0,0,0,0,0,0,0,0,0,0,0,0,0,0,0,0,0,0,0,0,0,0,0,0,0,0,0,0,0,0,0,0,0,0,0,0,0,0,0,0,0,0,0,0,0,0,0,0,0,0,0,0,0,0,0,0,0,0,0,0,0,0,0,0,1,,1,3,,,1,,,,,,1,11.9,77,3.7,2,1,,,,0,,1,,1,0,0,0,0,0,0,1,0,0,2,0,0,0,0,0,0,0,0,0,0,0,0,0,0,0,0,0,,,,,,,,,,,,,,,,,,0,0,0,0,0,0,,0,0,0,2,1,"2023-02-04 09:40","2023-02-04 12:31",1,"2023-02-04 13:02",1,1,1,"2023-02-04 08:40","2023-02-04 13:02",1,"2023-02-04 11:52","2023-02-04 13:02",2,4,71,71,71,71,4,71,71,71,71,1,1,71,71,1,71,71,1,71,71,1,71,71,2,,,0,1,0,2,,,,,,,,,,,,,,,,,,,,,0,,,,,,,,,,,,,,,,,,,,,,,,,,,,,,,,,,,0,,,,,,,,,,,,,,,,,,,,,0,,,,,0,1,0,2,,,,,,,,,,0,,,,,,,,,,,,,,,,,,,0,,,,,,,,,,0,cl_ben_face_25-635.jpg,2,,0,0,0,0,0,0,0,0,0,0,0,,0,0,0,0,0,0,0,0,0,0,0,,0,0,0,0,0,0,0,0,0,0,0,,,,,0,1,2023-02-15,1,,,2,1,2023-03-07,1,,,2,,,,,,,0,,,,,,,,,,,,,,,,,,,,,,,,,,,,,,,,,,,0,,,,,,,,,,,,,,,,,,,,,,,,,,,,,,,,,,,0,,,,,,,,,,,,,,,,,,,,,,,,,,,,,,,,,,,0,,,,,,,,,,,,,,,,,,,0,,,,,,,,,,,,,,,,,,,0,,,,,,,,,,,,,,,,,,,0
25-636,"2022-11-23 11:50:41",1,1,0,0,1,2,1,1,2,2,29,2,2022-11-23,6,2,,60,,,,1,0,0,1,0,1,0,1,1,0,0,0,0,60,,60,,21,,,60,21,,,,,0,,,,3,1,,,,,,,,,,1,0,,0,0,0,1,0,0,,0,,,1,67,168,36,97,112,78,28,96,15,1,0,0,1,23.738662131519273,1,0,0,2,,0,0,0,0,0,0,0,0,0,0,0,0,0,0,0,0,0,0,0,0,0,0,0,0,0,0,0,0,0,0,0,0,0,0,0,0,0,0,0,0,0,0,0,0,0,0,0,0,0,0,0,0,0,0,0,0,0,0,0,0,0,0,0,0,0,1,,2,3,,,1,,,,,,1,10.8,69,6.7,2,1,,,1,1,,0,,0,0,0,0,0,0,0,1,0,0,0,0,0,0,0,0,0,0,0,0,0,0,0,0,0,0,0,0,,,,,,,,,,,,,,,,,,0,0,0,0,0,0,,0,0,0,2,1,"2022-11-22 11:28","2022-11-22 12:27",1,"2022-11-22 13:02",1,1,1,"2022-11-22 10:37","2022-11-22 13:02",1,"2022-11-22 12:43","2022-11-22 13:02",2,4,72,72,72,72,4,72,72,72,72,1,1,72,72,1,72,72,1,72,72,1,72,72,2,,,0,1,0,2,,,,,,,,,,,,,,,,,,,,,0,,,,,,,,,,,,,,,,,,,,,,,,,,,,,,,,,,,0,,,,,,,,,,,,,,,,,,,,,0,,,,,0,1,0,2,,,,,,,,,,0,,,,,,,,,,,,,,,,,,,0,,,,,,,,,,0,cl_ben_face_25-636.jpg,2,,0,0,0,0,0,0,0,0,0,0,0,,0,0,0,0,0,0,0,0,0,0,0,,0,0,0,0,0,0,0,0,0,0,0,,,,,0,1,2022-12-03,2,,,2,1,2022-12-23,2,,,2,,,,,,,0,,,,,,,,,,,,,,,,,,,,,,,,,,,,,,,,,,,0,,,,,,,,,,,,,,,,,,,,,,,,,,,,,,,,,,,0,,,,,,,,,,,,,,,,,,,,,,,,,,,,,,,,,,,0,,,,,,,,,,,,,,,,,,,0,,,,,,,,,,,,,,,,,,,0,,,,,,,,,,,,,,,,,,,0
25-637,"2022-06-11 16:41:45",1,1,0,1,,2,,,0,,,0,,,,,,,,,0,0,0,0,0,0,0,0,0,0,0,0,0,,,,,,,,,,,,,,,,,,,,,,,,,,,,,,,,,,,,,,,,,,,,,,,,,,,,,,,,,,,,0,,0,0,0,0,0,0,0,0,0,0,0,0,0,0,0,0,0,0,0,0,0,0,0,0,0,0,0,0,0,0,0,0,0,0,0,0,0,0,0,0,0,0,0,0,0,0,0,0,0,0,0,0,0,0,0,0,0,0,0,0,0,0,0,0,0,,,,,,,,,,,,,,,,,0,,,,,,,,,0,0,0,0,0,0,,0,0,0,0,,0,0,0,0,0,0,0,0,0,0,0,0,0,0,0,0,,,,,,,,,,,,,,,,,,0,0,0,0,0,0,,0,0,0,0,,,,,,,,,,,,,,0,,,,,,,,,,,,,,,,,,,,,,,,0,,,0,,,0,,,,,,,,,,,,,,,,,,,,,0,,,,,,,,,,,,,,,,,,,,,,,,,,,,,,,,,,,0,,,,,,,,,,,,,,,,,,,,,0,,,,,0,,,0,,,,,,,,,,0,,,,,,,,,,,,,,,,,,,0,,,,,,,,,,0,,0,,0,0,0,0,0,0,0,0,0,0,0,,0,0,0,0,0,0,0,0,0,0,0,,0,0,0,0,0,0,0,0,0,0,0,,,,,0,,,,,,0,,,,,,0,,,,,,,0,,,,,,,,,,,,,,,,,,,,,,,,,,,,,,,,,,,0,,,,,,,,,,,,,,,,,,,,,,,,,,,,,,,,,,,0,,,,,,,,,,,,,,,,,,,,,,,,,,,,,,,,,,,0,,,,,,,,,,,,,,,,,,,0,,,,,,,,,,,,,,,,,,,0,,,,,,,,,,,,,,,,,,,0
25-638,"2022-12-16 11:42:01",1,1,0,0,1,2,1,1,2,1,18,2,2022-12-16,9,2,,150,,,,1,0,1,0,0,1,0,1,1,0,0,1,0,150,,150,150,,,,150,150,,,150,,0,,,,2,1,,,,,,,,,,1,0,,0,0,0,1,0,0,,0,,,1,51.5,177,35.5,137,112,92,36,92,15,1,0,0,1,16.438443614542436,2,0,0,2,,0,0,0,0,0,0,0,0,0,0,0,0,0,0,0,0,0,0,0,0,0,0,0,0,0,0,0,0,0,0,0,0,0,0,0,0,0,0,0,0,0,0,0,0,0,0,0,0,0,0,0,0,0,0,0,0,0,0,0,0,0,0,0,0,0,1,,1,3,,,1,,,,,,1,12.9,75,6.2,2,1,,,7,0,,0,,0,0,0,0,0,0,0,1,0,0,2,,0,0,0,0,0,0,0,0,0,0,0,0,0,0,0,0,,,,,,,,,,,,,,,,,,0,0,0,0,0,0,,0,0,0,0,1,"2022-12-16 10:23","2022-12-16 12:44",1,"2022-12-16 12:44",1,1,1,"2022-12-16 09:15","2021-10-30 13:35",1,"2022-12-16 11:55","2022-12-17 13:00",2,4,73,73,73,72,4,72,73,73,73,1,1,73,73,1,73,73,1,73,73,1,73,73,2,,,0,1,0,2,,,,,,,,,,,,,,,,,,,,,0,,,,,,,,,,,,,,,,,,,,,,,,,,,,,,,,,,,0,,,,,,,,,,,,,,,,,,,,,0,,,,,0,1,0,2,,,,,,,,,,0,,,,,,,,,,,,,,,,,,,0,,,,,,,,,,0,cl_ben_face_25-638.jpg,2,,0,0,0,0,0,0,0,0,0,0,0,,0,0,0,0,0,0,0,0,0,0,0,,0,0,0,0,0,0,0,0,0,0,0,,,,,0,1,2022-12-24,3,,,2,1,2023-01-14,3,,,2,,,,,,,0,,,,,,,,,,,,,,,,,,,,,,,,,,,,,,,,,,,0,,,,,,,,,,,,,,,,,,,,,,,,,,,,,,,,,,,0,,,,,,,,,,,,,,,,,,,,,,,,,,,,,,,,,,,0,,,,,,,,,,,,,,,,,,,0,,,,,,,,,,,,,,,,,,,0,,,,,,,,,,,,,,,,,,,0
25-639,"2023-01-03 13:25:28",1,1,0,0,1,2,1,1,2,2,38,2,2023-01-03,9,2,,45,,,,1,0,1,1,0,1,0,1,1,0,1,0,0,,,45,7,45,,,7,7,,14,,,0,,,,1,1,,,,,,,,,,1,0,,0,0,,1,0,0,,1,2021-11-05,2,1,57.6,172,35.6,72,113,71,24,98,15,1,0,0,1,19.46998377501352,1,0,0,2,,0,0,0,0,0,0,0,0,0,0,0,0,0,0,0,0,0,0,0,0,0,0,0,0,0,0,0,0,0,0,0,0,0,0,0,0,0,0,0,0,0,0,0,0,0,0,0,0,0,0,0,0,0,0,0,0,0,0,0,0,0,0,0,0,0,1,,1,3,,,1,,,,,,1,14,94,4.4,2,,,,,,,,,0,0,0,0,0,0,,0,0,0,0,,0,0,0,0,0,0,0,0,0,0,0,0,0,0,0,0,,,,,,,,,,,,,,,,,,0,0,0,0,0,0,,0,0,0,0,1,"2023-01-03 10:44","2023-01-03 12:44",1,"2023-01-03 13:00",1,1,1,"2023-01-03 10:27","2023-01-03 13:00",1,"2023-01-03 12:25","2023-01-03 13:00",2,4,1,74,74,74,4,74,74,74,74,1,1,74,74,1,74,74,1,74,74,1,74,74,2,,,0,1,0,2,,,,,,,,,,,,,,,,,,,,,0,,,,,,,,,,,,,,,,,,,,,,,,,,,,,,,,,,,0,,,,,,,,,,,,,,,,,,,,,0,,,,,0,1,0,2,,,,,,,,,,0,,,,,,,,,,,,,,,,,,,0,,,,,,,,,,0,cl_ben_face_25-639.jpg,2,,0,0,0,0,0,0,0,0,0,0,0,,0,0,0,0,0,0,0,0,0,0,0,,0,0,0,0,0,0,0,0,0,0,0,,,,,0,1,2023-01-12,2,,,2,1,2023-02-01,1,,,2,,,,,,,0,,,,,,,,,,,,,,,,,,,,,,,,,,,,,,,,,,,0,,,,,,,,,,,,,,,,,,,,,,,,,,,,,,,,,,,0,,,,,,,,,,,,,,,,,,,,,,,,,,,,,,,,,,,0,,,,,,,,,,,,,,,,,,,0,,,,,,,,,,,,,,,,,,,0,,,,,,,,,,,,,,,,,,,0
25-640,"2022-11-03 09:49:06",1,1,0,0,1,2,1,1,2,2,26,2,2022-11-03,6,2,,365,,,,1,0,1,0,0,1,1,1,1,0,1,1,0,,,365,,,,365,,,,,,,1,1,1,1,3,1,,,,,,,,,,1,0,,0,0,0,1,0,1,2021-11-03,0,,,1,49.6,171,36,120,115,78,48,93,15,1,0,0,1,16.96248418316747,1,0,0,2,,0,0,0,0,0,0,0,0,0,0,0,0,0,0,0,0,0,0,0,0,0,0,0,0,0,0,0,0,0,0,0,0,0,0,0,0,0,0,0,0,0,0,0,0,0,0,0,0,0,0,0,0,0,0,0,0,0,0,0,0,0,0,0,0,0,1,,2,3,,,1,,,,,,1,9.9,71,9.6,2,1,,,1,1,0,0,,0,0,0,0,0,0,0,1,0,0,2,,0,0,0,0,0,0,0,0,0,0,0,0,0,0,0,0,,,,,,,,,,,,,,,,,,0,0,0,0,0,0,,0,0,0,0,1,"2022-11-03 09:20","2022-11-03 11:39",1,"2022-11-03 12:21",1,1,1,"2022-11-03 08:55","2022-11-03 12:21",1,"2022-11-03 10:57","2022-11-03 12:21",2,4,75,75,75,75,4,75,75,75,75,1,1,75,75,1,75,75,1,75,75,1,75,75,2,,,0,1,0,2,,,,,,,,,,,,,,,,,,,,,0,,,,,,,,,,,,,,,,,,,,,,,,,,,,,,,,,,,0,,,,,,,,,,,,,,,,,,,,,0,,,,,0,1,0,2,,,,,,,,,,0,,,,,,,,,,,,,,,,,,,0,,,,,,,,,,0,cl_ben_face_25-640.jpg,2,,0,0,0,0,0,0,0,0,0,0,0,,0,0,0,0,0,0,0,0,0,0,0,,0,0,0,0,0,0,0,0,0,0,0,,,,,0,1,2022-11-10,2,,,2,1,2022-12-01,2,,,2,,,,,,,0,,,,,,,,,,,,,,,,,,,,,,,,,,,,,,,,,,,0,,,,,,,,,,,,,,,,,,,,,,,,,,,,,,,,,,,0,,,,,,,,,,,,,,,,,,,,,,,,,,,,,,,,,,,0,,,,,,,,,,,,,,,,,,,0,,,,,,,,,,,,,,,,,,,0,,,,,,,,,,,,,,,,,,,0
25-641,"2022-12-31 10:22:51",1,1,0,0,1,2,1,1,2,2,32,2,2022-12-31,10,2,,90,,,,1,0,0,0,0,1,1,1,1,0,0,0,0,90,,21,,,,1,90,21,,,,,0,,,,1,1,,,,,,,,,,1,0,,0,0,0,1,0,0,,0,,,1,41.3,157,35.7,89,89,61,28,95,15,1,0,1,2,16.75524362043085,2,0,0,2,,0,0,0,0,0,0,0,0,0,0,0,0,0,0,0,0,0,0,0,0,0,0,0,0,0,0,0,0,0,0,0,0,0,0,0,0,0,0,0,0,0,0,0,0,0,0,0,0,0,0,0,0,0,0,0,0,0,0,0,0,0,0,0,0,0,2,44.1,2,3,,,1,,,,,,1,12.4,77,4.4,2,1,,,1,1,0,0,,0,0,0,0,0,0,0,1,0,0,2,0,0,0,0,0,0,0,0,0,0,0,0,0,0,0,0,0,,,,,,,,,,,,,,,,,,0,0,0,0,0,0,,0,0,0,2,1,"2022-12-31 09:29","2022-12-31 12:26",1,"2022-12-31 13:08",1,1,1,"2022-12-31 09:13","2022-12-31 13:08",1,"2022-12-31 11:20","2022-12-31 13:08",2,4,76,76,76,76,4,76,76,76,76,1,1,76,76,1,76,76,1,76,76,1,76,76,2,,,0,,,0,,,,,,,,,,,,,,,,,,,,,0,,,,,,,,,,,,,,,,,,,,,,,,,,,,,,,,,,,0,,,,,,,,,,,,,,,,,,,,,0,,,,,0,,,0,,,,,,,,,,0,,,,,,,,,,,,,,,,,,,0,,,,,,,,,,0,cl_ben_face_25-641.jpg,2,,0,0,0,0,0,0,0,0,0,0,0,,0,0,0,0,0,0,0,0,0,0,0,,0,0,0,0,0,0,0,0,0,0,0,,,,,0,1,2023-01-07,2,,,2,1,2023-02-05,2,,,2,,,,,,,0,,,,,,,,,,,,,,,,,,,,,,,,,,,,,,,,,,,0,,,,,,,,,,,,,,,,,,,,,,,,,,,,,,,,,,,0,,,,,,,,,,,,,,,,,,,,,,,,,,,,,,,,,,,0,,,,,,,,,,,,,,,,,,,0,,,,,,,,,,,,,,,,,,,0,,,,,,,,,,,,,,,,,,,0
25-642,"2022-11-11 11:08:05",1,1,0,0,1,2,1,1,2,2,19,2,2022-11-11,10,2,,30,,,,1,0,1,1,0,1,0,1,1,0,1,0,0,30,,7,30,30,,,30,30,,21,,,0,,,,1,1,,,,,,,,,,1,0,,0,0,0,1,0,1,2021-09-13,0,,,1,59.9,170,36.2,85,129,81,22,97,15,1,0,0,1,20.726643598615915,1,0,0,2,,0,0,0,0,0,0,0,0,0,0,0,0,0,0,0,0,0,0,0,0,0,0,0,0,0,0,0,0,0,0,0,0,0,0,0,0,0,0,0,0,0,0,0,0,0,0,0,0,0,0,0,0,0,0,0,0,0,0,0,0,0,0,0,0,0,1,,1,3,,,1,,,,,,1,13.9,87,5.6,2,1,,,6,0,,1,,1,0,0,0,0,0,0,1,0,0,2,0,0,0,0,0,0,0,0,0,0,0,0,0,0,0,0,0,,,,,,,,,,,,,,,,,,0,0,0,0,0,0,,0,0,0,2,1,"2022-11-11 09:35","2022-11-11 12:26",1,"2022-11-11 13:08",1,1,1,"2022-11-11 09:26","2022-11-11 13:08",1,"2022-11-11 12:10","2022-11-11 13:08",2,4,,,,,,,,,,,,,,,,,,,,,,,0,,,0,,,0,,,,,,,,,,,,,,,,,,,,,0,,,,,,,,,,,,,,,,,,,,,,,,,,,,,,,,,,,0,,,,,,,,,,,,,,,,,,,,,0,,,,,0,,,0,,,,,,,,,,0,,,,,,,,,,,,,,,,,,,0,,,,,,,,,,0,cl_ben_face_25-642.jpg,2,,0,0,0,0,0,0,0,0,0,0,0,,0,0,0,0,0,0,0,0,0,0,0,,0,0,0,0,0,0,0,0,0,0,0,,,,,0,1,2022-11-19,2,,,2,1,2022-12-17,2,,,2,,,,,,,0,,,,,,,,,,,,,,,,,,,,,,,,,,,,,,,,,,,0,,,,,,,,,,,,,,,,,,,,,,,,,,,,,,,,,,,0,,,,,,,,,,,,,,,,,,,,,,,,,,,,,,,,,,,0,,,,,,,,,,,,,,,,,,,0,,,,,,,,,,,,,,,,,,,0,,,,,,,,,,,,,,,,,,,0
25-643,"2022-11-17 15:06:38",1,1,0,1,,2,,,0,,,0,,,,,,,,,0,0,0,0,0,0,0,0,0,0,0,0,0,,,,,,,,,,,,,,,,,,,,,,,,,,,,,,,,,,,,,,,,,,,,,,,,,,,,,,,,,,,,0,,0,0,0,0,0,0,0,0,0,0,0,0,0,0,0,0,0,0,0,0,0,0,0,0,0,0,0,0,0,0,0,0,0,0,0,0,0,0,0,0,0,0,0,0,0,0,0,0,0,0,0,0,0,0,0,0,0,0,0,0,0,0,0,0,0,,,,,,,,,,,,,,,,,0,,,,,,,,,0,0,0,0,0,0,,0,0,0,0,,0,0,0,0,0,0,0,0,0,0,0,0,0,0,0,0,,,,,,,,,,,,,,,,,,0,0,0,0,0,0,,0,0,0,0,,,,,,,,,,,,,,0,,,,,,,,,,,,,,,,,,,,,,,,0,,,0,,,0,,,,,,,,,,,,,,,,,,,,,0,,,,,,,,,,,,,,,,,,,,,,,,,,,,,,,,,,,0,,,,,,,,,,,,,,,,,,,,,0,,,,,0,,,0,,,,,,,,,,0,,,,,,,,,,,,,,,,,,,0,,,,,,,,,,0,,0,,0,0,0,0,0,0,0,0,0,0,0,,0,0,0,0,0,0,0,0,0,0,0,,0,0,0,0,0,0,0,0,0,0,0,,,,,0,,,,,,0,,,,,,0,,,,,,,0,,,,,,,,,,,,,,,,,,,,,,,,,,,,,,,,,,,0,,,,,,,,,,,,,,,,,,,,,,,,,,,,,,,,,,,0,,,,,,,,,,,,,,,,,,,,,,,,,,,,,,,,,,,0,,,,,,,,,,,,,,,,,,,0,,,,,,,,,,,,,,,,,,,0,,,,,,,,,,,,,,,,,,,0
25-644,"2022-11-17 10:07:22",1,1,0,0,1,2,1,1,2,2,60,2,2022-11-17,10,2,,14,,,,1,0,1,1,1,1,1,1,0,0,0,0,0,14,,21,14,14,30,14,14,,,,,,0,,,,3,2,,0,,4,,,2,5,,3,0,,0,0,0,1,0,0,,0,,,1,57,187,36.1,86,109,73,30,91,15,1,0,0,1,16.300151562812776,2,0,0,2,,0,0,0,0,0,0,0,0,0,0,0,0,0,0,0,0,0,0,0,0,0,0,0,0,0,0,0,0,0,0,0,0,0,0,0,0,0,0,0,0,0,0,0,0,0,0,0,0,0,0,0,0,0,0,0,0,0,0,0,0,0,0,0,0,0,1,,2,3,,,1,,,,,,1,10.0,84,7.5,2,1,,,1,1,,,,0,0,0,0,0,0,0,1,0,0,0,0,0,0,0,0,0,0,0,0,0,0,0,0,0,0,0,0,,,,,,,,,,,,,,,,,,0,0,0,0,0,0,,0,0,0,2,1,"2022-11-17 10:10","2022-11-17 12:13",1,"2022-11-17 12:49",1,1,1,"2022-11-17 08:32","2022-11-17 12:49",1,"2022-11-17 11:04","2022-11-17 12:49",2,4,78,78,78,78,4,78,78,78,78,1,1,78,78,1,78,78,1,78,78,1,78,78,2,,,0,1,0,2,,,,,,,,,,,,,,,,,,,,,0,,,,,,,,,,,,,,,,,,,,,,,,,,,,,,,,,,,0,,,,,,,,,,,,,,,,,,,,,0,,,,,0,1,0,2,,,,,,,,,,0,,,,,,,,,,,,,,,,,,,0,,,,,,,,,,0,cl_ben_face_25-644.jpg,2,,0,0,0,0,0,0,0,0,0,0,0,,0,0,0,0,0,0,0,0,0,0,0,,0,0,0,0,0,0,0,0,0,0,0,,,,,0,1,2022-11-29,2,,,2,1,2022-12-20,2,,,2,,,,,,,0,,,,,,,,,,,,,,,,,,,,,,,,,,,,,,,,,,,0,,,,,,,,,,,,,,,,,,,,,,,,,,,,,,,,,,,0,,,,,,,,,,,,,,,,,,,,,,,,,,,,,,,,,,,0,,,,,,,,,,,,,,,,,,,0,,,,,,,,,,,,,,,,,,,0,,,,,,,,,,,,,,,,,,,0
25-645,"2023-01-02 10:58:51",1,1,0,0,1,2,1,1,2,2,25,2,2023-01-02,10,2,,21,,,,0,0,1,1,0,1,1,1,0,0,1,0,0,,,14,14,14,,14,14,,,4,,,0,,,,1,1,,,,,,,,,,4,0,,0,0,0,1,0,1,2022-01-02,0,,,,55.6,173,36,64,107,76,16,97,15,0,0,0,0,18.57729960907481,1,0,0,2,,0,0,0,0,0,0,0,0,0,0,0,0,0,0,0,0,0,0,0,0,0,0,0,0,0,0,0,0,0,0,0,0,0,0,0,0,0,0,0,0,0,0,0,0,0,0,0,0,0,0,0,0,0,0,0,0,0,0,0,0,0,0,0,0,0,1,,1,3,,,1,,,,,,1,13.4,87,5.1,2,1,,,11,0,,1,6,0,0,0,1,0,0,0,1,0,0,2,,0,0,0,0,0,0,0,0,0,0,0,0,0,0,0,0,,,,,,,,,,,,,,,,,,0,0,0,0,0,0,,0,0,0,0,1,"2023-01-02 10:20","2023-01-02 12:13",1,"2023-01-02 12:49",1,1,1,"2023-01-02 08:42","2023-01-02 12:49",1,"2023-01-02 11:49","2023-01-02 12:49",2,4,79,79,79,79,4,79,79,79,79,1,1,79,79,1,79,79,1,79,79,1,79,79,2,,,0,1,0,2,,,,,,,,,,,,,,,,,,,,,0,,,,,,,,,,,,,,,,,,,,,,,,,,,,,,,,,,,0,,,,,,,,,,,,,,,,,,,,,0,,,,,0,1,0,2,,,,,,,,,,0,,,,,,,,,,,,,,,,,,,0,,,,,,,,,,0,cl_ben_face_25-645.jpg,2,,0,0,0,0,0,0,0,0,0,0,0,,0,0,0,0,0,0,0,0,0,0,0,,0,0,0,0,0,0,0,0,0,0,0,,,,,0,1,2023-01-14,2,,,2,1,2023-02-04,2,,,2,,,,,,,0,,,,,,,,,,,,,,,,,,,,,,,,,,,,,,,,,,,0,,,,,,,,,,,,,,,,,,,,,,,,,,,,,,,,,,,0,,,,,,,,,,,,,,,,,,,,,,,,,,,,,,,,,,,0,,,,,,,,,,,,,,,,,,,0,,,,,,,,,,,,,,,,,,,0,,,,,,,,,,,,,,,,,,,0
25-646,"2023-01-14 09:52:44",1,1,0,0,1,2,1,1,2,2,38,2,2023-01-14,10,2,,30,,,,0,0,0,1,0,1,1,1,0,0,1,0,0,,,21,,21,,30,21,,,21,,,0,,,,2,1,,,,,,,,,,4,0,,0,0,0,1,0,0,,0,,,1,52.7,167,36.1,97,140,89,28,99,15,1,0,0,1,18.896339058410128,1,0,0,2,,0,0,0,0,0,0,0,0,0,0,0,0,0,0,0,0,0,0,0,0,0,0,0,0,0,0,0,0,0,0,0,0,0,0,0,0,0,0,0,0,0,0,0,0,0,0,0,0,0,0,0,0,0,0,0,0,0,0,0,0,0,0,0,0,0,1,,2,3,,,3,,,,,,1,6.6,81,7.5,2,3,,1,,,,,,0,0,0,0,0,0,,0,0,0,0,,0,0,0,0,0,0,0,0,0,0,0,0,0,0,0,0,,,,,,,,,,,,,,,,,,0,0,0,0,0,0,,0,0,0,0,1,"2023-01-14 08:55","2023-01-14 13:21",1,"2023-01-14 14:32",1,1,1,"2023-01-14 08:25","2023-01-14 14:32",1,"2023-01-14 12:30","2023-01-14 14:32",2,4,80,80,80,80,4,80,80,80,80,1,1,80,80,1,80,80,1,80,80,1,80,80,2,,,0,1,0,2,,,,,,,,,,,,,,,,,,,,,0,,,,,,,,,,,,,,,,,,,,,,,,,,,,,,,,,,,0,,,,,,,,,,,,,,,,,,,,,0,,,,,0,1,0,2,,,,,,,,,,0,,,,,,,,,,,,,,,,,,,0,,,,,,,,,,0,cl_ben_face_25-646.jpg,2,,0,0,0,0,0,0,0,0,0,0,0,,0,0,0,0,0,0,0,0,0,0,0,,0,0,0,0,0,0,0,0,0,0,0,,,,,0,1,2023-01-22,3,,,2,1,2023-02-12,3,,,2,,,,,,,0,,,,,,,,,,,,,,,,,,,,,,,,,,,,,,,,,,,0,,,,,,,,,,,,,,,,,,,,,,,,,,,,,,,,,,,0,,,,,,,,,,,,,,,,,,,,,,,,,,,,,,,,,,,0,,,,,,,,,,,,,,,,,,,0,,,,,,,,,,,,,,,,,,,0,,,,,,,,,,,,,,,,,,,0
25-647,"2023-02-16 09:53:18",1,1,0,0,1,2,1,1,2,1,62,2,2023-02-16,10,2,,60,,,,1,0,1,1,0,1,1,0,1,0,0,1,0,14,,7,14,14,,14,,14,,,14,,0,,,,2,1,,,,,,,,,,4,0,,0,0,0,1,0,1,2022-02-16,0,,,1,45.2,165,36.1,73,94,68,28,97,15,1,0,1,2,16.60238751147842,1,0,0,2,,0,0,0,0,0,0,0,0,0,0,0,0,0,0,0,0,0,0,0,0,0,0,0,0,0,0,0,0,0,0,0,0,0,0,0,0,0,0,0,0,0,0,0,0,0,0,0,0,0,0,0,0,0,0,0,0,0,0,0,0,0,0,0,0,0,1,,1,3,,,1,,,,,,1,11.2,84,5.9,2,1,,,,0,,1,,1,0,0,0,0,0,0,1,0,0,2,,0,0,0,0,0,0,0,0,0,0,0,0,0,0,0,0,,,,,,,,,,,,,,,,,,0,0,0,0,0,0,,0,0,0,0,1,"2023-02-16 09:30","2023-02-16 13:21",1,"2023-01-16 14:32",1,1,1,"2023-02-16 14:32","2023-02-16 14:32",1,"2023-02-16 13:00","2023-02-16 14:32",2,4,81,81,81,81,4,81,81,81,81,1,1,81,81,1,81,81,1,81,81,1,81,81,2,,,0,1,0,2,,,,,,,,,,,,,,,,,,,,,0,,,,,,,,,,,,,,,,,,,,,,,,,,,,,,,,,,,0,,,,,,,,,,,,,,,,,,,,,0,,,,,0,1,0,2,,,,,,,,,,0,,,,,,,,,,,,,,,,,,,0,,,,,,,,,,0,cl_ben_face_25-647.jpg,2,,0,0,0,0,0,0,0,0,0,0,0,,0,0,0,0,0,0,0,0,0,0,0,,0,0,0,0,0,0,0,0,0,0,0,,,,,0,1,2023-02-24,2,,,2,1,2023-03-17,1,,,2,,,,,,,0,,,,,,,,,,,,,,,,,,,,,,,,,,,,,,,,,,,0,,,,,,,,,,,,,,,,,,,,,,,,,,,,,,,,,,,0,,,,,,,,,,,,,,,,,,,,,,,,,,,,,,,,,,,0,,,,,,,,,,,,,,,,,,,0,,,,,,,,,,,,,,,,,,,0,,,,,,,,,,,,,,,,,,,0
25-648,"2022-11-25 09:51:13",1,1,0,0,1,2,1,1,2,1,21,2,2022-11-25,6,2,,4,,,,0,0,1,1,1,1,0,1,1,0,0,0,0,,,90,7,7,7,,7,7,,,,,0,,,,1,1,,,,,,,,,,4,1,1,0,0,0,1,0,0,,0,,,0,86.7,168,36,127,122,98,48,98,15,1,0,0,1,30.718537414965986,1,0,0,2,,0,0,0,0,0,0,0,0,0,0,0,0,0,0,0,0,0,0,0,0,0,0,0,0,0,0,0,0,0,0,0,0,0,0,0,0,0,0,0,0,0,0,0,0,0,0,0,0,0,0,0,0,0,0,0,0,0,0,0,0,0,0,0,0,0,1,,1,3,,,1,,,,,,1,11.5,68,6.1,2,1,,,11,0,,1,6,0,0,0,1,0,0,0,1,0,0,2,0,0,0,0,0,0,0,0,0,0,0,0,0,0,0,0,0,,,,,,,,,,,,,,,,,,0,0,0,0,0,0,,0,0,0,2,1,"2022-11-25 09:03","2022-11-25 13:00",1,"2022-11-25 15:00",1,1,1,"2022-11-25 08:25","2022-11-25 15:00",1,"2022-11-25 10:47","2022-11-25 15:00",2,4,1,1,1,1,4,1,1,1,1,1,1,1,1,1,1,1,1,1,1,1,1,1,2,,,0,1,0,2,,,,,,,,,,,,,,,,,,,,,0,,,,,,,,,,,,,,,,,,,,,,,,,,,,,,,,,,,0,,,,,,,,,,,,,,,,,,,,,0,,,,,0,1,0,2,,,,,,,,,,0,,,,,,,,,,,,,,,,,,,0,,,,,,,,,,0,cl_ben_face_25-648.jpg,2,,0,0,0,0,0,0,0,0,0,0,0,,0,0,0,0,0,0,0,0,0,0,0,,0,0,0,0,0,0,0,0,0,0,0,,,,,0,1,2022-12-02,2,,,2,1,2022-12-30,1,,,2,,,,,,,0,,,,,,,,,,,,,,,,,,,,,,,,,,,,,,,,,,,0,,,,,,,,,,,,,,,,,,,,,,,,,,,,,,,,,,,0,,,,,,,,,,,,,,,,,,,,,,,,,,,,,,,,,,,0,,,,,,,,,,,,,,,,,,,0,,,,,,,,,,,,,,,,,,,0,,,,,,,,,,,,,,,,,,,0
25-649,"2022-12-10 10:45:32",1,1,0,0,1,2,1,1,2,1,56,2,2022-12-10,6,2,,90,,,,0,0,1,1,0,1,1,1,1,0,0,0,0,,,180,90,5,,90,90,90,,,,,0,,,,2,1,,,,,,,,,,1,0,,0,1,0,1,,1,2021-12-10,0,,,1,55.7,155,36,68,153,99,20,97,15,0,0,0,0,23.184183142559835,1,0,0,2,,0,0,0,0,0,0,0,0,0,0,0,0,0,0,0,0,0,0,0,0,0,0,0,0,0,0,0,0,0,0,0,0,0,0,0,0,0,0,0,0,0,0,0,0,0,0,0,0,0,0,0,0,0,0,0,0,0,0,0,0,0,0,0,0,0,1,,1,3,,,1,,,,,,1,11.5,71,5.6,2,1,,,16,0,,1,6,0,0,0,1,0,0,0,1,0,0,2,,0,0,0,0,0,0,0,0,0,0,0,0,0,0,0,0,,,,,,,,,,,,,,,,,,0,0,0,0,0,0,,0,0,0,0,1,"2022-12-10 09:14","2022-12-10 13:00",1,"2022-12-10 15:00",1,1,1,"2022-12-10 08:39","2022-12-10 15:00",1,"2022-12-10 11:35","2022-12-10 15:00",2,4,2,2,2,2,4,2,2,2,2,1,1,2,2,1,2,2,1,2,2,1,2,2,2,,,0,1,0,2,,,,,,,,,,,,,,,,,,,,,0,,,,,,,,,,,,,,,,,,,,,,,,,,,,,,,,,,,0,,,,,,,,,,,,,,,,,,,,,0,,,,,0,1,0,2,,,,,,,,,,0,,,,,,,,,,,,,,,,,,,0,,,,,,,,,,0,cl_ben_face_25-649.jpg,2,,0,0,0,0,0,0,0,0,0,0,0,,0,0,0,0,0,0,0,0,0,0,0,,0,0,0,0,0,0,0,0,0,0,0,,,,,0,1,2022-12-17,2,,,2,1,2023-01-14,2,,,2,,,,,,,0,,,,,,,,,,,,,,,,,,,,,,,,,,,,,,,,,,,0,,,,,,,,,,,,,,,,,,,,,,,,,,,,,,,,,,,0,,,,,,,,,,,,,,,,,,,,,,,,,,,,,,,,,,,0,,,,,,,,,,,,,,,,,,,0,,,,,,,,,,,,,,,,,,,0,,,,,,,,,,,,,,,,,,,0
25-650,"2023-02-10 09:57:32",1,1,0,0,1,2,1,1,2,2,38,2,2023-02-10,10,2,,14,,,,1,0,1,1,1,1,1,1,1,0,1,1,0,14,,14,14,14,7,14,14,14,,14,14,,0,,,,1,2,2020,0,,3,,4,,,,1,0,,0,0,0,1,0,0,,0,,,0,53.5,175,35.9,89,120,75,28,100,15,1,0,0,1,17.46938775510204,3,0,0,2,,0,0,0,0,0,0,0,0,0,0,0,0,0,0,0,0,0,0,0,0,0,0,0,0,0,0,0,0,0,0,0,0,0,0,0,0,0,0,0,0,0,0,0,0,0,0,0,0,0,0,0,0,0,0,0,0,0,0,0,0,0,0,0,0,0,1,,1,3,,,1,,,,,,1,12.2,92,6.8,2,1,,,12,0,,1,10,1,0,0,0,0,0,0,1,0,0,2,,0,0,0,0,0,0,0,0,0,0,0,0,0,0,0,0,,,,,,,,,,,,,,,,,,0,0,0,0,0,0,,0,0,0,0,1,"2023-02-10 08:59","2023-02-10 12:14",1,"2023-02-10 13:08",1,1,1,"2023-02-10 08:45","2023-01-09 13:08",1,"2023-02-10 11:02","2023-02-10 13:08",2,4,3,3,3,3,4,3,3,3,3,1,1,3,3,1,3,3,1,3,3,1,3,3,2,,,0,1,0,2,,,,,,,,,,,,,,,,,,,,,0,,,,,,,,,,,,,,,,,,,,,,,,,,,,,,,,,,,0,,,,,,,,,,,,,,,,,,,,,0,,,,,0,1,0,2,,,,,,,,,,0,,,,,,,,,,,,,,,,,,,0,,,,,,,,,,0,cl_ben_face_25-650.jpg,2,,0,0,0,0,0,0,0,0,0,0,0,,0,0,0,0,0,0,0,0,0,0,0,,0,0,0,0,0,0,0,0,0,0,0,,,,,0,0,,,,,2,1,2023-03-16,1,,,2,,,,,,,0,,,,,,,,,,,,,,,,,,,,,,,,,,,,,,,,,,,0,,,,,,,,,,,,,,,,,,,,,,,,,,,,,,,,,,,0,,,,,,,,,,,,,,,,,,,,,,,,,,,,,,,,,,,0,,,,,,,,,,,,,,,,,,,0,,,,,,,,,,,,,,,,,,,0,,,,,,,,,,,,,,,,,,,0
25-651,"2023-02-02 10:55:58",1,1,0,0,1,2,1,1,2,2,51,2,2023-02-02,10,2,,17,,,,1,0,1,0,1,1,1,1,1,1,1,0,0,14,,17,17,,17,17,17,17,17,17,,,0,,,,2,1,,,,,,,,,,1,0,,0,0,0,1,0,1,2022-02-02,0,,,1,65.3,170,36,98,120,68,28,95,15,1,0,0,1,22.59515570934256,4,0,0,2,,0,0,0,0,0,0,0,0,0,0,0,0,0,0,0,0,0,0,0,0,0,0,0,0,0,0,0,0,0,0,0,0,0,0,0,0,0,0,0,0,0,0,0,0,0,0,0,0,0,0,0,0,0,0,0,0,0,0,0,0,0,0,0,0,0,1,,1,3,,,1,,,,,,1,11.9,83,12.9,2,1,,,,0,,1,,1,0,0,0,0,0,0,1,0,0,2,,0,0,0,0,0,0,0,0,0,0,0,0,0,0,0,0,,,,,,,,,,,,,,,,,,0,0,0,0,0,0,,0,0,0,0,1,"2023-02-02 09:10","2023-02-02 12:14",1,"2023-02-02 13:08",1,1,1,"2023-02-02 08:35","2023-02-02 13:08",1,"2023-02-02 12:05","2023-02-02 13:08",2,4,4,4,4,4,4,4,4,4,4,1,1,4,4,1,4,4,1,4,4,1,4,4,2,,,0,1,0,2,,,,,,,,,,,,,,,,,,,,,0,,,,,,,,,,,,,,,,,,,,,,,,,,,,,,,,,,,0,,,,,,,,,,,,,,,,,,,,,0,,,,,0,1,0,2,,,,,,,,,,0,,,,,,,,,,,,,,,,,,,0,,,,,,,,,,0,cl_ben_face_25-651.jpg,2,,0,0,0,0,0,0,0,0,0,0,0,,0,0,0,0,0,0,0,0,0,0,0,,0,0,0,0,0,0,0,0,0,0,0,,,,,0,1,2023-02-11,2,,,2,1,2023-03-08,1,,,2,,,,,,,0,,,,,,,,,,,,,,,,,,,,,,,,,,,,,,,,,,,0,,,,,,,,,,,,,,,,,,,,,,,,,,,,,,,,,,,0,,,,,,,,,,,,,,,,,,,,,,,,,,,,,,,,,,,0,,,,,,,,,,,,,,,,,,,0,,,,,,,,,,,,,,,,,,,0,,,,,,,,,,,,,,,,,,,0
25-652,"2022-11-24 09:49:43",1,1,0,0,1,2,1,1,2,1,50,2,2022-11-24,6,2,,21,,,,0,0,0,1,0,0,0,0,0,0,0,0,0,,,,,21,,,,,,,,,0,,,,1,2,2016,0,,1,,,,,,1,0,,0,0,0,1,0,0,,0,,,1,57.7,165,35.9,73,114,75,20,97,15,0,0,0,0,21.193755739210285,1,0,0,2,,0,0,0,0,0,0,0,0,0,0,0,0,0,0,0,0,0,0,0,0,0,0,0,0,0,0,0,0,0,0,0,0,0,0,0,0,0,0,0,0,0,0,0,0,0,0,0,0,0,0,0,0,0,0,0,0,0,0,0,0,0,0,0,0,0,1,,1,3,,,1,,,,,,1,10.9,85,4.8,2,1,,,12,0,,1,,1,0,0,0,0,0,0,1,0,0,2,,0,0,0,0,0,0,0,0,0,0,0,0,0,0,0,0,,,,,,,,,,,,,,,,,,0,0,0,0,0,0,,0,0,0,0,1,"2022-11-24 09:26","2022-11-24 13:30",1,"2022-12-11 14:43",1,1,1,"2022-11-24 08:49","2022-11-24 14:00",1,"2022-11-24 11:30","2022-11-24 14:00",2,4,5,5,5,5,4,5,5,5,5,1,1,5,5,1,5,5,1,5,5,1,5,5,2,,,0,1,0,2,,,,,,,,,,,,,,,,,,,,,0,,,,,,,,,,,,,,,,,,,,,,,,,,,,,,,,,,,0,,,,,,,,,,,,,,,,,,,,,0,,,,,0,1,0,2,,,,,,,,,,0,,,,,,,,,,,,,,,,,,,0,,,,,,,,,,0,cl_ben_face_25-652.jpg,2,,0,0,0,0,0,0,0,0,0,0,0,,0,0,0,0,0,0,0,0,0,0,0,,0,0,0,0,0,0,0,0,0,0,0,,,,,0,1,2022-12-02,2,,,2,1,2022-12-27,1,,,2,,,,,,,0,,,,,,,,,,,,,,,,,,,,,,,,,,,,,,,,,,,0,,,,,,,,,,,,,,,,,,,,,,,,,,,,,,,,,,,0,,,,,,,,,,,,,,,,,,,,,,,,,,,,,,,,,,,0,,,,,,,,,,,,,,,,,,,0,,,,,,,,,,,,,,,,,,,0,,,,,,,,,,,,,,,,,,,0
25-653,"2022-11-30 10:30:58",1,1,0,0,1,2,1,1,2,2,55,2,2022-11-30,6,2,,60,,,,1,0,1,1,0,1,1,1,1,1,1,1,0,14,,30,14,45,,60,30,60,14,30,30,,0,,,,1,1,,,,,,,,,,3,0,,0,0,0,1,0,0,,0,,,1,55.3,175,36.3,106,113,78,38,99,15,1,0,0,1,18.057142857142857,2,0,0,2,,0,0,0,0,0,0,0,0,0,0,0,0,0,0,0,0,0,0,0,0,0,0,0,0,0,0,0,0,0,0,0,0,0,0,0,0,0,0,0,0,0,0,0,0,0,0,0,0,0,0,0,0,0,0,0,0,0,0,0,0,0,0,0,0,0,1,,2,3,,,1,,,,,,1,10.5,84,12.3,2,,,,,,,,,0,0,0,0,0,0,,0,0,0,0,,0,0,0,0,0,0,0,0,0,0,0,0,0,0,0,0,,,,,,,,,,,,,,,,,,0,0,0,0,0,0,,0,0,0,0,1,"2022-11-30 09:37","2022-11-30 12:18",1,"2022-11-30 13:36",1,1,1,"2022-11-30 08:33","2022-11-30 13:36",1,"2022-11-30 11:45","2022-11-30 13:36",2,4,6,6,6,6,4,6,6,6,6,1,1,6,6,1,6,6,1,6,6,1,6,6,2,,,0,1,0,2,,,,,,,,,,,,,,,,,,,,,0,,,,,,,,,,,,,,,,,,,,,,,,,,,,,,,,,,,0,,,,,,,,,,,,,,,,,,,,,0,,,,,0,1,0,2,,,,,,,,,,0,,,,,,,,,,,,,,,,,,,0,,,,,,,,,,0,cl_ben_face_25-653.jpg,2,,0,0,0,0,0,0,0,0,0,0,0,,0,0,0,0,0,0,0,0,0,0,0,,0,0,0,0,0,0,0,0,0,0,0,,,,,0,1,2022-12-09,2,,,2,1,2022-12-28,2,,,2,,,,,,,0,,,,,,,,,,,,,,,,,,,,,,,,,,,,,,,,,,,0,,,,,,,,,,,,,,,,,,,,,,,,,,,,,,,,,,,0,,,,,,,,,,,,,,,,,,,,,,,,,,,,,,,,,,,0,,,,,,,,,,,,,,,,,,,0,,,,,,,,,,,,,,,,,,,0,,,,,,,,,,,,,,,,,,,0
25-654,"2022-11-07 11:15:02",1,1,0,0,1,2,1,1,2,2,53,2,2022-11-07,6,2,,21,,,,1,0,1,1,1,1,1,1,1,0,1,1,0,21,,14,21,21,14,21,21,21,,21,21,,0,,,,1,2,2017,0,,3,,5,,,,3,0,,0,0,0,1,0,0,,0,,,0,47.9,174,35.9,70,97,67,24,94,15,1,0,1,2,15.821112432289603,2,0,0,2,,0,0,0,0,0,0,0,0,0,0,0,0,0,0,0,0,0,0,0,0,0,0,0,0,0,0,0,0,0,0,0,0,0,0,0,0,0,0,0,0,0,0,0,0,0,0,0,0,0,0,0,0,0,0,0,0,0,0,0,0,0,0,0,0,0,1,,1,3,,,1,,,,,,1,10.6,78,8.3,2,,,,,,,,,0,0,0,0,0,0,,0,0,0,0,,0,0,0,0,0,0,0,0,0,0,0,0,0,0,0,0,,,,,,,,,,,,,,,,,,0,0,0,0,0,0,,0,0,0,0,1,"2022-11-07 09:28","2022-11-07 12:18",1,"2022-11-07 13:36",1,1,1,"2022-11-07 08:41","2022-11-07 13:36",1,"2022-11-07 12:13","2022-11-07 13:36",2,4,7,7,7,7,4,7,7,7,7,1,1,7,7,1,7,7,1,7,7,1,7,7,2,,,0,1,0,2,,,,,,,,,,,,,,,,,,,,,0,,,,,,,,,,,,,,,,,,,,,,,,,,,,,,,,,,,0,,,,,,,,,,,,,,,,,,,,,0,,,,,0,1,0,2,,,,,,,,,,0,,,,,,,,,,,,,,,,,,,0,,,,,,,,,,0,cl_ben_face_25-654.jpg,2,,0,0,0,0,0,0,0,0,0,0,0,,0,0,0,0,0,0,0,0,0,0,0,,0,0,0,0,0,0,0,0,0,0,0,,,,,0,1,2022-11-16,3,,,2,1,2022-12-05,2,,,2,,,,,,,0,,,,,,,,,,,,,,,,,,,,,,,,,,,,,,,,,,,0,,,,,,,,,,,,,,,,,,,,,,,,,,,,,,,,,,,0,,,,,,,,,,,,,,,,,,,,,,,,,,,,,,,,,,,0,,,,,,,,,,,,,,,,,,,0,,,,,,,,,,,,,,,,,,,0,,,,,,,,,,,,,,,,,,,0
25-655,"2023-01-25 10:13:46",1,1,0,0,1,2,1,1,2,2,65,2,2023-01-25,9,2,,90,,,,0,0,0,1,0,1,1,1,1,1,1,1,0,,,30,,30,,90,90,30,90,30,30,,0,,,,2,1,,,,,,,,,,1,0,,0,0,0,1,0,1,2022-01-25,0,,,1,35.5,161,36.2,128,77,60,26,94,15,1,0,1,2,13.695459280120366,3,0,0,2,,0,0,0,0,0,0,0,0,0,0,0,0,0,0,0,0,0,0,0,0,0,0,0,0,0,0,0,0,0,0,0,0,0,0,0,0,0,0,0,0,0,0,0,0,0,0,0,0,0,0,0,0,0,0,0,0,0,0,0,0,0,0,0,0,0,1,,2,3,,,1,,,,,,1,9.6,73,12.0,2,,,,,,,,,0,0,0,0,0,0,,0,0,0,0,,0,0,0,0,0,0,0,0,0,0,0,0,0,0,0,0,,,,,,,,,,,,,,,,,,0,0,0,0,0,0,,0,0,0,0,1,"2023-01-25 09:26","2023-01-25 10:40",1,"2023-01-25 12:05",1,1,1,"2023-01-25 09:02","2023-01-25 12:05",1,"2023-01-25 11:12","2023-01-25 12:05",2,4,8,8,8,8,4,8,8,8,8,1,1,8,8,1,8,8,1,8,8,1,8,8,2,,,0,1,0,2,,,,,,,,,,,,,,,,,,,,,0,,,,,,,,,,,,,,,,,,,,,,,,,,,,,,,,,,,0,,,,,,,,,,,,,,,,,,,,,0,,,,,0,1,0,2,,,,,,,,,,0,,,,,,,,,,,,,,,,,,,0,,,,,,,,,,0,cl_ben_face_25-655.jpg,2,,0,0,0,0,0,0,0,0,0,0,0,,0,0,0,0,0,0,0,0,0,0,0,,0,0,0,0,0,0,0,0,0,0,0,,,,,0,1,2023-02-02,2,,,2,1,2023-02-21,2,,,2,,,,,,,0,,,,,,,,,,,,,,,,,,,,,,,,,,,,,,,,,,,0,,,,,,,,,,,,,,,,,,,,,,,,,,,,,,,,,,,0,,,,,,,,,,,,,,,,,,,,,,,,,,,,,,,,,,,0,,,,,,,,,,,,,,,,,,,0,,,,,,,,,,,,,,,,,,,0,,,,,,,,,,,,,,,,,,,0
25-656,"2023-01-15 13:33:31",1,1,0,1,,2,,,0,,,0,,,,,,,,,0,0,0,0,0,0,0,0,0,0,0,0,0,,,,,,,,,,,,,,,,,,,,,,,,,,,,,,,,,,,,,,,,,,,,,,,,,,,,,,,,,,,,0,,0,0,0,0,0,0,0,0,0,0,0,0,0,0,0,0,0,0,0,0,0,0,0,0,0,0,0,0,0,0,0,0,0,0,0,0,0,0,0,0,0,0,0,0,0,0,0,0,0,0,0,0,0,0,0,0,0,0,0,0,0,0,0,0,0,,,,,,,,,,,,,,,,,0,,,,,,,,,0,0,0,0,0,0,,0,0,0,0,,0,0,0,0,0,0,0,0,0,0,0,0,0,0,0,0,,,,,,,,,,,,,,,,,,0,0,0,0,0,0,,0,0,0,0,,,,,,,,,,,,,,0,,,,,,,,,,,,,,,,,,,,,,,,0,,,0,,,0,,,,,,,,,,,,,,,,,,,,,0,,,,,,,,,,,,,,,,,,,,,,,,,,,,,,,,,,,0,,,,,,,,,,,,,,,,,,,,,0,,,,,0,,,0,,,,,,,,,,0,,,,,,,,,,,,,,,,,,,0,,,,,,,,,,0,,0,,0,0,0,0,0,0,0,0,0,0,0,,0,0,0,0,0,0,0,0,0,0,0,,0,0,0,0,0,0,0,0,0,0,0,,,,,0,,,,,,0,,,,,,0,,,,,,,0,,,,,,,,,,,,,,,,,,,,,,,,,,,,,,,,,,,0,,,,,,,,,,,,,,,,,,,,,,,,,,,,,,,,,,,0,,,,,,,,,,,,,,,,,,,,,,,,,,,,,,,,,,,0,,,,,,,,,,,,,,,,,,,0,,,,,,,,,,,,,,,,,,,0,,,,,,,,,,,,,,,,,,,0
25-657,"2022-08-26 09:34:13",1,1,0,0,1,2,1,1,2,2,55,2,2022-08-26,6,2,,10,,,,1,0,1,1,1,0,1,1,0,0,0,0,0,10,,,10,10,5,10,10,,,,,,0,,,,1,1,,,,,,,,,,1,1,2,0,0,0,1,0,0,,0,,,1,75.8,174,36,72,144,84,24,94,15,1,0,0,1,25.03633240850839,1,0,0,2,,0,0,0,0,0,0,0,0,0,0,0,0,0,0,0,0,0,0,0,0,0,0,0,0,0,0,0,0,0,0,0,0,0,0,0,0,0,0,0,0,0,0,0,0,0,0,0,0,0,0,0,0,0,0,0,0,0,0,0,0,0,0,0,0,0,1,,1,3,,,1,,,,,,1,13.9,79,6.7,2,,,,,,,,,0,0,0,0,0,0,,0,0,0,0,,0,0,0,0,0,0,0,0,0,0,0,0,0,0,0,0,,,,,,,,,,,,,,,,,,0,0,0,0,0,0,,0,0,0,0,1,"2022-08-26 08:55","2022-08-26 12:18",1,"2022-08-26 13:15",1,1,1,"2022-08-26 08:24","2022-08-26 13:15",1,"2022-08-26 10:13","2022-08-26 13:15",2,4,9,9,9,9,4,9,9,9,9,1,1,9,9,1,9,9,1,9,9,1,9,9,2,,,0,1,0,2,,,,,,,,,,,,,,,,,,,,,0,,,,,,,,,,,,,,,,,,,,,,,,,,,,,,,,,,,0,,,,,,,,,,,,,,,,,,,,,0,,,,,0,1,0,2,,,,,,,,,,0,,,,,,,,,,,,,,,,,,,0,,,,,,,,,,0,cl_ben_face_25-657.jpg,2,,0,0,0,0,0,0,0,0,0,0,0,,0,0,0,0,0,0,0,0,0,0,0,,0,0,0,0,0,0,0,0,0,0,0,,,,,0,1,2022-09-02,2,,,2,1,2022-09-21,1,,,2,,,,,,,0,,,,,,,,,,,,,,,,,,,,,,,,,,,,,,,,,,,0,,,,,,,,,,,,,,,,,,,,,,,,,,,,,,,,,,,0,,,,,,,,,,,,,,,,,,,,,,,,,,,,,,,,,,,0,,,,,,,,,,,,,,,,,,,0,,,,,,,,,,,,,,,,,,,0,,,,,,,,,,,,,,,,,,,0
25-658,"2023-02-15 10:13:31",1,1,0,0,1,2,1,1,2,2,25,2,2023-02-15,6,2,,90,,,,1,0,0,1,1,1,1,1,1,0,1,1,0,90,,90,,90,90,90,14,90,,14,90,,0,,,,3,1,,,,,,,,,,3,0,,0,0,0,1,0,0,,0,,,1,54.3,169,36,66,118,74,,96,15,0,0,0,0,19.01193935786562,2,0,0,2,,0,0,0,0,0,0,0,0,0,0,0,0,0,0,0,0,0,0,0,0,0,0,0,0,0,0,0,0,0,0,0,0,0,0,0,0,0,0,0,0,0,0,0,0,0,0,0,0,0,0,0,0,0,0,0,0,0,0,0,0,0,0,0,0,0,1,,2,3,,,1,,,,,,1,12.1,78,10.4,2,,,,,,,,,0,0,0,0,0,0,,0,0,0,0,,0,0,0,0,0,0,0,0,0,0,0,0,0,0,0,0,,,,,,,,,,,,,,,,,,0,0,0,0,0,0,,0,0,0,0,1,"2023-01-30 09:51","2023-02-15 12:18",1,"2023-02-15 13:15",1,1,1,"2023-02-15 08:30","2023-02-15 13:15",1,"2023-02-15 10:56","2023-02-15 13:15",2,4,10,10,10,10,4,10,10,10,10,1,1,10,10,1,10,10,1,10,10,1,10,10,2,,,0,1,0,2,,,,,,,,,,,,,,,,,,,,,0,,,,,,,,,,,,,,,,,,,,,,,,,,,,,,,,,,,0,,,,,,,,,,,,,,,,,,,,,0,,,,,0,1,0,2,,,,,,,,,,0,,,,,,,,,,,,,,,,,,,0,,,,,,,,,,0,cl_ben_face_25-658.jpg,2,,0,0,0,0,0,0,0,0,0,0,0,,0,0,0,0,0,0,0,0,0,0,0,,0,0,0,0,0,0,0,0,0,0,0,,,,,0,1,2023-02-22,2,,,2,1,2023-03-23,2,,,1,,,,,,,0,,,,,,,,,,,,,,,,,,,,,,,,,,,,,,,,,,,0,,,,,,,,,,,,,,,,,,,,,,,,,,,,,,,,,,,0,,,,,,,,,,,,,,,,,,,,,,,,,,,,,,,,,,,0,,,,,,,,,,,,,,,,,,,0,,,,,,,,,,,,,,,,,,,0,,,,,,,,,,,,,,,,,,,0
25-659,"2022-11-16 10:05:22",1,1,0,0,1,2,1,1,2,2,42,2,2022-11-16,9,2,,60,,,,1,0,1,1,1,1,0,1,1,0,1,0,0,60,,30,30,30,30,,21,60,,30,,,0,,,,1,1,,,,,,,,,,1,0,,0,0,0,1,0,0,,0,,,1,62.5,177,36,109,144,100,26,93,15,1,0,0,1,19.949567493376744,3,0,0,2,,0,0,0,0,0,0,0,0,0,0,0,0,0,0,0,0,0,0,0,0,0,0,0,0,0,0,0,0,0,0,0,0,0,0,0,0,0,0,0,0,0,0,0,0,0,0,0,0,0,0,0,0,0,0,0,0,0,0,0,0,0,0,0,0,0,1,,1,3,,,1,,,,,,1,15.6,84,13.4,2,,,,,,,,,0,0,0,0,0,0,,0,0,0,0,,0,0,0,0,0,0,0,0,0,0,0,0,0,0,0,0,,,,,,,,,,,,,,,,,,0,0,0,0,0,0,,0,0,0,0,1,"2022-11-16 09:22","2022-11-16 12:17",1,"2022-11-16 13:40",1,1,1,"2022-11-16 08:31","2022-11-16 13:40",1,"2022-11-16 12:16","2022-11-16 13:40",2,4,11,11,11,11,4,11,11,11,11,1,1,11,11,1,11,11,1,11,11,1,11,11,2,,,0,1,0,2,,,,,,,,,,,,,,,,,,,,,0,,,,,,,,,,,,,,,,,,,,,,,,,,,,,,,,,,,0,,,,,,,,,,,,,,,,,,,,,0,,,,,0,1,0,2,,,,,,,,,,0,,,,,,,,,,,,,,,,,,,0,,,,,,,,,,0,cl_ben_face_25-659.jpg,2,,0,0,0,0,0,0,0,0,0,0,0,,0,0,0,0,0,0,0,0,0,0,0,,0,0,0,0,0,0,0,0,0,0,0,,,,,0,1,2022-11-23,6,2022-11-17,,2,1,2022-11-23,6,2022-11-17,,2,,,,,,,0,,,,,,,,,,,,,,,,,,,,,,,,,,,,,,,,,,,0,,,,,,,,,,,,,,,,,,,,,,,,,,,,,,,,,,,0,,,,,,,,,,,,,,,,,,,,,,,,,,,,,,,,,,,0,,,,,,,,,,,,,,,,,,,0,,,,,,,,,,,,,,,,,,,0,,,,,,,,,,,,,,,,,,,0
25-660,"2023-01-20 09:18:05",1,1,0,0,1,2,1,1,2,2,58,2,2023-01-20,9,2,,90,,,,1,0,1,1,0,1,1,1,1,0,1,1,0,90,,60,60,60,,90,90,90,,90,90,,1,0,0,0,1,1,,,,,,,,,,3,0,,0,0,0,1,0,0,,0,,,1,56.5,175,36,65,101,66,18,100,15,0,0,0,0,18.448979591836736,3,0,0,2,,0,0,0,0,0,0,0,0,0,0,0,0,0,0,0,0,0,0,0,0,0,0,0,0,0,0,0,0,0,0,0,0,0,0,0,0,0,0,0,0,0,0,0,0,0,0,0,0,0,0,0,0,0,0,0,0,0,0,0,0,0,0,0,0,0,1,,1,3,,,1,,,,,,1,11.2,87,11.7,2,,,,,,,,,0,0,0,0,0,0,,0,0,0,0,,0,0,0,0,0,0,0,0,0,0,0,0,0,0,0,0,,,,,,,,,,,,,,,,,,0,0,0,0,0,0,,0,0,0,0,1,"2023-01-19 09:35","2023-01-19 12:17",1,"2023-01-19 13:40",1,1,1,"2023-01-19 08:43","2023-01-19 13:40",1,"2023-01-19 12:45","2023-01-19 13:40",2,4,12,12,12,12,4,12,12,12,12,1,1,12,12,1,12,12,1,12,12,1,12,12,2,,,0,1,0,2,,,,,,,,,,,,,,,,,,,,,0,,,,,,,,,,,,,,,,,,,,,,,,,,,,,,,,,,,0,,,,,,,,,,,,,,,,,,,,,0,,,,,0,1,0,2,,,,,,,,,,0,,,,,,,,,,,,,,,,,,,0,,,,,,,,,,0,cl_ben_face_25-660.jpg,2,,0,0,0,0,0,0,0,0,0,0,0,,0,0,0,0,0,0,0,0,0,0,0,,0,0,0,0,0,0,0,0,0,0,0,,,,,0,0,2023-02-03,,,,2,,,,,,0,,,,,,,0,,,,,,,,,,,,,,,,,,,,,,,,,,,,,,,,,,,0,,,,,,,,,,,,,,,,,,,,,,,,,,,,,,,,,,,0,,,,,,,,,,,,,,,,,,,,,,,,,,,,,,,,,,,0,,,,,,,,,,,,,,,,,,,0,,,,,,,,,,,,,,,,,,,0,,,,,,,,,,,,,,,,,,,0
25-661,"2023-01-06 10:10:52",1,1,0,0,1,2,1,1,2,1,70,2,2023-01-06,6,2,,21,,,,0,0,1,1,0,0,1,1,1,0,1,0,0,,,,14,14,,14,21,14,,14,,,0,,,,1,1,,,,,,,,,,1,0,,0,1,0,1,0,1,2022-01-06,0,,,1,66,169,36.1,86,190,108,30,97,15,1,0,0,1,23.108434578621196,3,0,0,2,,0,0,0,0,0,0,0,0,0,0,0,0,0,0,0,0,0,0,0,0,0,0,0,0,0,0,0,0,0,0,0,0,0,0,0,0,0,0,0,0,0,0,0,0,0,0,0,0,0,0,0,0,0,0,0,0,0,0,0,0,0,0,0,0,0,1,,1,3,,,1,,,,,,1,10.6,81,4.2,2,,,,,,,,,0,0,0,0,0,0,,0,0,0,0,,0,0,0,0,0,0,0,0,0,0,0,0,0,0,0,0,,,,,,,,,,,,,,,,,,0,0,0,0,0,0,,0,0,0,0,1,"2023-01-06 09:20","2023-01-06 14:00",1,"2023-01-06 14:45",1,1,1,"2023-01-06 08:56","2023-01-06 14:45",1,"2023-01-06 10:49","2023-01-06 14:45",2,4,13,13,13,13,4,13,13,13,13,1,1,13,13,1,13,13,1,13,13,1,13,13,2,,,0,1,0,2,,,,,,,,,,,,,,,,,,,,,0,,,,,,,,,,,,,,,,,,,,,,,,,,,,,,,,,,,0,,,,,,,,,,,,,,,,,,,,,0,,,,,0,1,0,2,,,,,,,,,,0,,,,,,,,,,,,,,,,,,,0,,,,,,,,,,0,cl_ben_face_25-661.jpg,2,,0,0,0,0,0,0,0,0,0,0,0,,0,0,0,0,0,0,0,0,0,0,0,,0,0,0,0,0,0,0,0,0,0,0,,,,,0,1,2023-01-20,2,,,2,1,2023-02-06,1,,,1,,,,,,,0,,,,,,,,,,,,,,,,,,,,,,,,,,,,,,,,,,,0,,,,,,,,,,,,,,,,,,,,,,,,,,,,,,,,,,,0,,,,,,,,,,,,,,,,,,,,,,,,,,,,,,,,,,,0,,,,,,,,,,,,,,,,,,,0,,,,,,,,,,,,,,,,,,,0,,,,,,,,,,,,,,,,,,,0
25-662,"2023-01-17 11:15:00",1,1,0,0,1,2,1,1,2,2,45,2,2023-01-17,6,2,,21,,,,1,0,1,1,1,1,1,1,1,1,1,0,0,21,,14,14,21,21,21,21,21,14,21,,,0,,,,1,1,,,,,,,,,,1,0,,0,0,0,1,0,1,2021-10-19,0,,,1,46,168,35.8,91,101,61,40,97,15,1,0,0,1,16.298185941043084,2,1,0,2,,0,0,0,0,0,0,0,0,0,0,0,0,0,0,0,0,0,0,0,0,0,0,0,0,0,0,0,0,0,0,0,0,0,0,0,0,0,0,0,0,0,0,0,0,0,0,0,0,0,0,0,0,0,0,0,0,0,0,0,0,0,0,0,0,0,1,,1,3,,,1,,,,,,1,8.4,87,23.8,2,,,,,,,,,0,0,0,0,0,0,,0,0,0,0,,0,0,0,0,0,0,0,0,0,0,0,0,0,0,0,0,,,,,,,,,,,,,,,,,,0,0,0,0,0,0,,0,0,0,0,1,"2023-01-17 09:35","2023-01-17 14:00",1,"2023-01-17 14:45",1,1,1,"2023-01-17 08:58","2023-01-17 14:45",1,"2023-01-17 13:38","2023-01-17 14:45",2,4,14,14,14,14,4,14,14,14,14,1,1,14,14,1,14,14,1,14,14,1,14,14,2,,,0,1,0,2,,,,,,,,,,,,,,,,,,,,,0,,,,,,,,,,,,,,,,,,,,,,,,,,,,,,,,,,,0,,,,,,,,,,,,,,,,,,,,,0,,,,,0,1,0,2,,,,,,,,,,0,,,,,,,,,,,,,,,,,,,0,,,,,,,,,,0,cl_ben_face_25-662.jpg,2,,0,0,0,0,0,0,0,0,0,0,0,,0,0,0,0,0,0,0,0,0,0,0,,0,0,0,0,0,0,0,0,0,0,0,,,,,0,0,,,,,2,1,2023-02-17,1,,,1,,,,,,,0,,,,,,,,,,,,,,,,,,,,,,,,,,,,,,,,,,,0,,,,,,,,,,,,,,,,,,,,,,,,,,,,,,,,,,,0,,,,,,,,,,,,,,,,,,,,,,,,,,,,,,,,,,,0,,,,,,,,,,,,,,,,,,,0,,,,,,,,,,,,,,,,,,,0,,,,,,,,,,,,,,,,,,,0
25-663,"2023-02-24 10:34:59",1,1,0,0,1,2,1,1,2,1,49,2,2023-02-24,9,2,,14,,,,1,0,1,1,0,0,0,0,0,0,0,0,0,14,,,14,7,,,,,,,,,0,,,,2,1,,,,,,,,,,1,0,,0,0,0,1,0,0,,0,,,1,51.5,159,35.9,106,168,120,22,95,15,1,0,0,1,20.371029626992602,1,0,0,2,,0,0,0,0,0,0,0,0,0,0,0,0,0,0,0,0,0,0,0,0,0,0,0,0,0,0,0,0,0,0,0,0,0,0,0,0,0,0,0,0,0,0,0,0,0,0,0,0,0,0,0,0,0,0,0,0,0,0,0,0,0,0,0,0,0,1,,1,3,,,2,2,,,,,1,8.7,94,7.3,0,2,1,,,,,,,0,0,0,0,0,0,,0,0,0,0,,0,0,0,0,0,0,0,0,0,0,0,0,0,0,0,0,,,,,,,,,,,,,,,,,,0,0,0,0,0,0,,0,0,0,0,1,"2023-02-24 09:32","2023-02-24 12:18",1,"2023-02-24 13:18",1,1,1,"2023-02-24 08:46","2023-02-24 13:18",1,"2023-02-24 11:45","2023-02-24 13:18",2,4,15,15,15,15,4,15,15,15,15,1,1,15,15,1,15,15,1,15,15,1,15,15,2,,,0,1,0,2,,,,,,,,,,,,,,,,,,,,,0,,,,,,,,,,,,,,,,,,,,,,,,,,,,,,,,,,,0,,,,,,,,,,,,,,,,,,,,,0,,,,,0,1,0,2,,,,,,,,,,0,,,,,,,,,,,,,,,,,,,0,,,,,,,,,,0,cl_ben_face_25-663.jpg,2,,0,0,0,0,0,0,0,0,0,0,0,,0,0,0,0,0,0,0,0,0,0,0,,0,0,0,0,0,0,0,0,0,0,0,,,,,0,1,2023-03-16,5,,2023-03-15,2,1,2023-03-26,5,,2023-03-15,1,,,,,,,0,,,,,,,,,,,,,,,,,,,,,,,,,,,,,,,,,,,0,,,,,,,,,,,,,,,,,,,,,,,,,,,,,,,,,,,0,,,,,,,,,,,,,,,,,,,,,,,,,,,,,,,,,,,0,,,,,,,,,,,,,,,,,,,0,,,,,,,,,,,,,,,,,,,0,,,,,,,,,,,,,,,,,,,0
25-664,"2023-03-11 11:25:52",1,1,0,0,1,2,1,1,2,2,34,2,2023-03-11,9,2,,7,,,,1,0,0,1,0,1,1,1,1,0,0,0,0,7,,2,,7,,7,7,7,,,,,0,,,,2,2,2021,0,,3,,4,,,,2,0,,0,0,0,1,0,1,2023-10-10,0,,,1,48.6,172,35.6,74,91,65,24,97,15,1,0,1,2,16.42779881016766,2,0,0,2,,0,0,0,0,0,0,0,0,0,0,0,0,0,0,0,0,0,0,0,0,0,0,0,0,0,0,0,0,0,0,0,0,0,0,0,0,0,0,0,0,0,0,0,0,0,0,0,0,0,0,0,0,0,0,0,0,0,0,0,0,0,0,0,0,0,1,,1,3,,,1,,,,,,1,11.9,89,5.2,2,,,,,,,,,0,0,0,0,0,0,,0,0,0,0,,0,0,0,0,0,0,0,0,0,0,0,0,0,0,0,0,,,,,,,,,,,,,,,,,,0,0,0,0,0,0,,0,0,0,0,1,"2023-03-11 09:40","2023-03-11 12:18",1,"2023-03-11 13:18",1,1,1,"2023-03-11 08:56","2023-03-11 13:18",1,"2023-03-11 12:32","2023-03-11 13:18",2,4,16,16,16,16,4,16,16,16,16,1,1,16,16,1,16,16,1,16,16,1,16,16,2,,,0,1,0,2,,,,,,,,,,,,,,,,,,,,,0,,,,,,,,,,,,,,,,,,,,,,,,,,,,,,,,,,,0,,,,,,,,,,,,,,,,,,,,,0,,,,,0,1,0,2,,,,,,,,,,0,,,,,,,,,,,,,,,,,,,0,,,,,,,,,,0,cl_ben_face_25-664.jpg,2,,0,0,0,0,0,0,0,0,0,0,0,,0,0,0,0,0,0,0,0,0,0,0,,0,0,0,0,0,0,0,0,0,0,0,,,,,0,0,,,,,2,1,2023-04-10,,,,1,,,,,,,0,,,,,,,,,,,,,,,,,,,,,,,,,,,,,,,,,,,0,,,,,,,,,,,,,,,,,,,,,,,,,,,,,,,,,,,0,,,,,,,,,,,,,,,,,,,,,,,,,,,,,,,,,,,0,,,,,,,,,,,,,,,,,,,0,,,,,,,,,,,,,,,,,,,0,,,,,,,,,,,,,,,,,,,0
25-665,"2022-11-22 10:53:15",1,1,0,0,1,2,1,1,2,2,27,2,2022-11-22,9,2,,21,,,,1,0,1,1,0,1,1,1,1,0,0,0,0,21,,14,14,14,,21,21,21,,,,,0,,,,2,1,,,,,,,,,,1,0,,0,0,0,2,0,0,,0,,,1,48,173,35.8,128,83,66,32,94,15,1,0,1,2,16.037956497043,2,0,0,2,,0,0,0,0,0,0,0,0,0,0,0,0,0,0,0,0,0,0,0,0,0,0,0,0,0,0,0,0,0,0,0,0,0,0,0,0,0,0,0,0,0,0,0,0,0,0,0,0,0,0,0,0,0,0,0,0,0,0,0,0,0,0,0,0,0,1,,1,3,,,2,2,1,,,,1,10.1,81,3.2,0,,,,,,,,,0,0,0,0,0,0,,0,0,0,0,,0,0,0,0,0,0,0,0,0,0,0,0,0,0,0,0,,,,,,,,,,,,,,,,,,0,0,0,0,0,0,,0,0,0,0,,,,,,,,,,,,,,0,4,,,,,,,,,,,,,,,,,,,,,,,0,,,0,1,0,2,,,,,,,,,,,,,,,,,,,,,0,,,,,,,,,,,,,,,,,,,,,,,,,,,,,,,,,,,0,,,,,,,,,,,,,,,,,,,,,0,,,,,0,1,0,2,,,,,,,,,,0,,,,,,,,,,,,,,,,,,,0,,,,,,,,,,0,cl_ben_face_25-665.jpg,2,,0,0,0,0,0,0,0,0,0,0,0,,0,0,0,0,0,0,0,0,0,0,0,,0,0,0,0,0,0,0,0,0,0,0,,,,,0,1,2022-12-10,2,,,2,1,2022-12-21,1,,,1,,,,,,,0,,,,,,,,,,,,,,,,,,,,,,,,,,,,,,,,,,,0,,,,,,,,,,,,,,,,,,,,,,,,,,,,,,,,,,,0,,,,,,,,,,,,,,,,,,,,,,,,,,,,,,,,,,,0,,,,,,,,,,,,,,,,,,,0,,,,,,,,,,,,,,,,,,,0,,,,,,,,,,,,,,,,,,,0
25-666,"2023-01-14 11:46:16",1,1,0,1,,2,,,0,,,0,,,,,,,,,0,0,0,0,0,0,0,0,0,0,0,0,0,,,,,,,,,,,,,,,,,,,,,,,,,,,,,,,,,,,,,,,,,,,,,,,,,,,,,,,,,,,,0,,0,0,0,0,0,0,0,0,0,0,0,0,0,0,0,0,0,0,0,0,0,0,0,0,0,0,0,0,0,0,0,0,0,0,0,0,0,0,0,0,0,0,0,0,0,0,0,0,0,0,0,0,0,0,0,0,0,0,0,0,0,0,0,0,0,,,,,,,,,,,,,,,,,0,,,,,,,,,0,0,0,0,0,0,,0,0,0,0,,0,0,0,0,0,0,0,0,0,0,0,0,0,0,0,0,,,,,,,,,,,,,,,,,,0,0,0,0,0,0,,0,0,0,0,1,"2023-01-14 09:35","2023-01-14 12:20",1,"2023-01-14 13:05",1,1,1,"2023-01-14 09:15","2023-01-14 13:05",1,"2023-01-14 11:42","2023-01-03 13:05",1,,,,,,,,,,,,,,,,,,,,,,,,0,,,0,,,0,,,,,,,,,,,,,,,,,,,,,0,,,,,,,,,,,,,,,,,,,,,,,,,,,,,,,,,,,0,,,,,,,,,,,,,,,,,,,,,0,,,,,0,,,0,,,,,,,,,,0,,,,,,,,,,,,,,,,,,,0,,,,,,,,,,0,,0,,0,0,0,0,0,0,0,0,0,0,0,,0,0,0,0,0,0,0,0,0,0,0,,0,0,0,0,0,0,0,0,0,0,0,,,,,0,,,,,,0,,,,,,0,,,,,,,0,,,,,,,,,,,,,,,,,,,,,,,,,,,,,,,,,,,0,,,,,,,,,,,,,,,,,,,,,,,,,,,,,,,,,,,0,,,,,,,,,,,,,,,,,,,,,,,,,,,,,,,,,,,0,,,,,,,,,,,,,,,,,,,0,,,,,,,,,,,,,,,,,,,0,,,,,,,,,,,,,,,,,,,0
25-667,"2022-11-27 12:24:43",1,1,0,0,1,2,1,1,2,1,22,2,2022-11-27,9,2,,21,,,,1,0,1,1,0,1,0,1,1,0,1,1,0,21,,21,,21,,,21,21,,21,21,,0,,,,2,1,,,,,,,,,,1,0,,0,0,0,1,0,0,,0,,,1,34,150,35.7,123,106,77,32,98,15,1,0,0,1,15.11111111111111,5,0,0,2,,0,0,0,0,0,0,0,0,0,0,0,0,0,0,0,0,0,0,0,0,0,0,0,0,0,0,0,0,0,0,0,0,0,0,0,0,0,0,0,0,0,0,0,0,0,0,0,0,0,0,0,0,0,0,0,0,0,0,0,0,0,0,0,0,0,1,,1,3,,,1,,,,,,1,8.0,73,8.4,2,,,,,,,,,0,0,0,0,0,0,,0,0,0,0,,0,0,0,0,0,0,0,0,0,0,0,0,0,0,0,0,,,,,,,,,,,,,,,,,,0,0,0,0,0,0,,0,0,0,0,1,"2022-11-27 09:45","2022-11-27 12:20",1,"2022-11-27 13:05",1,1,1,"2022-11-27 09:25","2022-11-27 13:05",1,"2022-11-27 12:45","2022-11-27 13:05",2,4,18,18,18,18,4,18,18,18,18,1,1,18,18,1,18,18,1,18,18,1,18,18,2,,,0,1,0,2,,,,,,,,,,,,,,,,,,,,,0,,,,,,,,,,,,,,,,,,,,,,,,,,,,,,,,,,,0,,,,,,,,,,,,,,,,,,,,,0,,,,,0,1,0,2,,,,,,,,,,0,,,,,,,,,,,,,,,,,,,0,,,,,,,,,,0,cl_ben_face_25-667.jpg,2,,0,0,0,0,0,0,0,0,0,0,0,,0,0,0,0,0,0,0,0,0,0,0,,0,0,0,0,0,0,0,0,0,0,0,,,,,0,1,2022-12-09,3,,,2,1,2022-12-26,2,,,1,,,,,,,0,,,,,,,,,,,,,,,,,,,,,,,,,,,,,,,,,,,0,,,,,,,,,,,,,,,,,,,,,,,,,,,,,,,,,,,0,,,,,,,,,,,,,,,,,,,,,,,,,,,,,,,,,,,0,,,,,,,,,,,,,,,,,,,0,,,,,,,,,,,,,,,,,,,0,,,,,,,,,,,,,,,,,,,0
25-668,"2022-10-25 10:28:54",1,1,0,0,1,2,1,1,2,2,45,2,2022-10-25,10,2,,90,,,,1,0,1,1,0,1,1,1,1,1,0,1,0,120,,120,120,60,,120,60,90,60,,14,,0,,,,2,1,,,,,,,,,,3,0,,0,0,0,1,0,0,,0,,,1,40.9,162,36.2,125,93,66,60,94,15,1,0,1,2,15.58451455570797,2,0,0,2,,0,0,0,0,0,0,0,0,0,0,0,0,0,0,0,0,0,0,0,0,0,0,0,0,0,0,0,0,0,0,0,0,0,0,0,0,0,0,0,0,0,0,0,0,0,0,0,0,0,0,0,0,0,0,0,0,0,0,0,0,0,0,0,0,0,1,,2,3,,,1,,,,,,1,10.8,75,15.9,2,2,1,,,,,,,0,0,0,0,0,0,,0,0,0,0,,0,0,0,0,0,0,0,0,0,0,0,0,0,0,0,0,,,,,,,,,,,,,,,,,,0,0,0,0,0,0,,0,0,0,0,1,"2022-10-25 10:03","2022-10-25 14:15",1,"2022-10-25 14:15",1,1,1,"2023-10-26 09:48","2022-10-25 14:15",1,"2022-10-25 12:36","2022-10-25 14:15",2,4,19,19,19,19,4,19,19,19,19,1,1,19,19,1,19,19,1,19,19,1,19,19,2,,,0,1,0,2,,,,,,,,,,,,,,,,,,,,,0,,,,,,,,,,,,,,,,,,,,,,,,,,,,,,,,,,,0,,,,,,,,,,,,,,,,,,,,,0,,,,,0,1,0,2,,,,,,,,,,0,,,,,,,,,,,,,,,,,,,0,,,,,,,,,,0,cl_ben_face_25-668.jpg,2,,0,0,0,0,0,0,0,0,0,0,0,,0,0,0,0,0,0,0,0,0,0,0,,0,0,0,0,0,0,0,0,0,0,0,,,,,0,1,2022-11-02,5,,2022-10-28,2,,,,,,0,,,,,,,0,,,,,,,,,,,,,,,,,,,,,,,,,,,,,,,,,,,0,,,,,,,,,,,,,,,,,,,,,,,,,,,,,,,,,,,0,,,,,,,,,,,,,,,,,,,,,,,,,,,,,,,,,,,0,,,,,,,,,,,,,,,,,,,0,,,,,,,,,,,,,,,,,,,0,,,,,,,,,,,,,,,,,,,0
25-669,"2023-01-16 10:53:14",1,1,0,0,1,2,1,1,2,1,66,0,2023-01-16,10,2,,7,,,,0,0,0,1,0,1,0,0,1,1,0,1,0,,,2,,7,,,,7,5,,7,,0,,,,2,2,2003,0,,3,,5,,,,1,0,,0,0,0,2,0,1,2022-01-16,0,,,1,38.9,149,35.4,95,112,64,26,95,15,1,0,0,1,17.521733255258773,2,0,0,2,,0,0,0,0,0,0,0,0,0,0,0,0,0,0,0,0,0,0,0,0,0,0,0,0,0,0,0,0,0,0,0,0,0,0,0,0,0,0,0,0,0,0,0,0,0,0,0,0,0,0,0,0,0,0,0,0,0,0,0,0,0,0,0,0,0,1,,1,3,,,2,2,1,,1,,1,10.6,72,4.8,0,,,,,,,,,0,0,0,0,0,0,,0,0,0,0,,0,0,0,0,0,0,0,0,0,0,0,0,0,0,0,0,,,,,,,,,,,,,,,,,,0,0,0,0,0,0,,0,0,0,0,1,"2023-01-16 09:35","2023-01-16 13:45",1,"2023-01-02 14:15",1,1,1,"2023-01-16 08:40","2023-01-16 14:15",1,"2023-01-16 10:30","2023-01-16 13:15",2,4,20,20,20,20,4,20,20,20,20,1,1,20,20,1,20,20,1,20,20,1,20,20,2,,,0,1,0,2,,,,,,,,,,,,,,,,,,,,,0,,,,,,,,,,,,,,,,,,,,,,,,,,,,,,,,,,,0,,,,,,,,,,,,,,,,,,,,,0,,,,,0,1,0,2,,,,,,,,,,0,,,,,,,,,,,,,,,,,,,0,,,,,,,,,,0,cl_ben_face_25-669.jpg,2,,0,0,0,0,0,0,0,0,0,0,0,,0,0,0,0,0,0,0,0,0,0,0,,0,0,0,0,0,0,0,0,0,0,0,,,,,0,,,,,,0,,,,,,0,,,,,,,0,,,,,,,,,,,,,,,,,,,,,,,,,,,,,,,,,,,0,,,,,,,,,,,,,,,,,,,,,,,,,,,,,,,,,,,0,,,,,,,,,,,,,,,,,,,,,,,,,,,,,,,,,,,0,,,,,,,,,,,,,,,,,,,0,,,,,,,,,,,,,,,,,,,0,,,,,,,,,,,,,,,,,,,0
25-670,"2022-04-28 09:41:56",1,1,0,0,1,2,1,1,2,2,65,2,2022-04-28,6,2,,90,,,,1,0,1,1,1,1,1,1,0,1,0,0,0,90,,60,90,60,90,90,30,,90,,,,1,1,1,0,1,1,,,,,,,,,,1,0,,0,0,0,1,0,0,,0,,,1,57.8,186,36.1,75,117,69,24,95,15,1,0,0,1,16.707133772690483,1,0,0,2,,0,0,0,0,0,0,0,0,0,0,0,0,0,0,0,0,0,0,0,0,0,0,0,0,0,0,0,0,0,0,0,0,0,0,0,0,0,0,0,0,0,0,0,0,0,0,0,0,0,0,0,0,0,0,0,0,0,0,0,0,0,0,0,0,0,1,,2,3,,,1,,,,,,1,9.9,77,6.6,2,,,,,,,,,0,0,0,0,0,0,,0,0,0,0,,0,0,0,0,0,0,0,0,0,0,0,0,0,0,0,0,,,,,,,,,,,,,,,,,,0,0,0,0,0,0,,0,0,0,0,1,"2022-04-28 08:51","2022-04-28 12:12",1,"2022-04-28 13:12",1,1,1,"2022-04-28 08:15","2022-03-28 13:12",1,"2022-04-28 10:28","2022-04-28 13:12",2,4,21,21,21,21,4,21,21,21,21,1,1,21,21,1,21,21,1,21,21,1,21,21,2,,,0,1,0,2,,,,,,,,,,,,,,,,,,,,,0,,,,,,,,,,,,,,,,,,,,,,,,,,,,,,,,,,,0,,,,,,,,,,,,,,,,,,,,,0,,,,,0,1,0,2,,,,,,,,,,0,,,,,,,,,,,,,,,,,,,0,,,,,,,,,,0,cl_ben_face_25-670.jpg,2,,0,0,0,0,0,0,0,0,0,0,0,,0,0,0,0,0,0,0,0,0,0,0,,0,0,0,0,0,0,0,0,0,0,0,,,,,0,1,2022-05-05,2,,,2,,,,,,0,,,,,,,0,,,,,,,,,,,,,,,,,,,,,,,,,,,,,,,,,,,0,,,,,,,,,,,,,,,,,,,,,,,,,,,,,,,,,,,0,,,,,,,,,,,,,,,,,,,,,,,,,,,,,,,,,,,0,,,,,,,,,,,,,,,,,,,0,,,,,,,,,,,,,,,,,,,0,,,,,,,,,,,,,,,,,,,0
25-671,"2023-03-16 10:24:16",1,1,0,0,1,2,1,1,2,1,50,2,2023-03-16,6,2,,30,,,,1,0,1,1,0,1,0,1,1,1,1,1,0,30,,30,30,30,,,30,30,30,3,30,,1,1,1,0,1,1,,,,,,,,,,1,0,,0,0,0,1,0,0,,0,,,0,41.3,153,36.1,97,166,100,22,98,15,1,0,0,1,17.642786962279466,2,0,0,2,,0,0,0,0,0,0,0,0,0,0,0,0,0,0,0,0,0,0,0,0,0,0,0,0,0,0,0,0,0,0,0,0,0,0,0,0,0,0,0,0,0,0,0,0,0,0,0,0,0,0,0,0,0,0,0,0,0,0,0,0,0,0,0,0,0,1,,1,3,,,1,,,,,,1,11.5,91,5.6,2,,,,,,,,,0,0,0,0,0,0,,0,0,0,0,,0,0,0,0,0,0,0,0,0,0,0,0,0,0,0,0,,,,,,,,,,,,,,,,,,0,0,0,0,0,0,,0,0,0,0,1,"2023-03-16 09:30","2023-03-16 12:12",1,"2023-03-16 13:12",1,1,1,"2023-03-16 08:48","2023-03-16 13:12",1,"2023-03-16 09:45","2023-03-16 13:12",2,4,22,22,22,22,4,22,22,22,22,1,1,22,22,1,22,22,1,22,22,1,22,22,2,,,0,1,0,2,,,,,,,,,,,,,,,,,,,,,0,,,,,,,,,,,,,,,,,,,,,,,,,,,,,,,,,,,0,,,,,,,,,,,,,,,,,,,,,0,,,,,0,1,0,2,,,,,,,,,,0,,,,,,,,,,,,,,,,,,,0,,,,,,,,,,0,cl_ben_face_25-671.jpg,2,,0,0,0,0,0,0,0,0,0,0,0,,0,0,0,0,0,0,0,0,0,0,0,,0,0,0,0,0,0,0,0,0,0,0,,,,,0,1,2023-03-29,2,,,2,,,,,,0,,,,,,,0,,,,,,,,,,,,,,,,,,,,,,,,,,,,,,,,,,,0,,,,,,,,,,,,,,,,,,,,,,,,,,,,,,,,,,,0,,,,,,,,,,,,,,,,,,,,,,,,,,,,,,,,,,,0,,,,,,,,,,,,,,,,,,,0,,,,,,,,,,,,,,,,,,,0,,,,,,,,,,,,,,,,,,,0
25-672,"2023-01-02 16:31:41",1,1,0,1,,2,,,0,,,0,,,,,,,,,0,0,0,0,0,0,0,0,0,0,0,0,0,,,,,,,,,,,,,,,,,,,,,,,,,,,,,,,,,,,,,,,,,,,,,,,,,,,,,,,,,,,,0,,0,0,0,0,0,0,0,0,0,0,0,0,0,0,0,0,0,0,0,0,0,0,0,0,0,0,0,0,0,0,0,0,0,0,0,0,0,0,0,0,0,0,0,0,0,0,0,0,0,0,0,0,0,0,0,0,0,0,0,0,0,0,0,0,0,,,,,,,,,,,,,,,,,0,,,,,,,,,0,0,0,0,0,0,,0,0,0,0,,0,0,0,0,0,0,0,0,0,0,0,0,0,0,0,0,,,,,,,,,,,,,,,,,,0,0,0,0,0,0,,0,0,0,0,,,,,,,,,,,,,,0,,,,,,,,,,,,,,,,,,,,,,,,0,,,0,,,0,,,,,,,,,,,,,,,,,,,,,0,,,,,,,,,,,,,,,,,,,,,,,,,,,,,,,,,,,0,,,,,,,,,,,,,,,,,,,,,0,,,,,0,,,0,,,,,,,,,,0,,,,,,,,,,,,,,,,,,,0,,,,,,,,,,0,,0,,0,0,0,0,0,0,0,0,0,0,0,,0,0,0,0,0,0,0,0,0,0,0,,0,0,0,0,0,0,0,0,0,0,0,,,,,0,,,,,,0,,,,,,0,,,,,,,0,,,,,,,,,,,,,,,,,,,,,,,,,,,,,,,,,,,0,,,,,,,,,,,,,,,,,,,,,,,,,,,,,,,,,,,0,,,,,,,,,,,,,,,,,,,,,,,,,,,,,,,,,,,0,,,,,,,,,,,,,,,,,,,0,,,,,,,,,,,,,,,,,,,0,,,,,,,,,,,,,,,,,,,0
25-673,"2022-11-27 09:32:49",1,1,0,0,2,2,,,0,,,0,,,,,,,,,0,0,0,0,0,0,0,0,0,0,0,0,0,,,,,,,,,,,,,,,,,,,,,,,,,,,,,,,,,,,,,,,,,,,,,,,,,,,,,,,,,,,,0,,0,0,0,0,0,0,0,0,0,0,0,0,0,0,0,0,0,0,0,0,0,0,0,0,0,0,0,0,0,0,0,0,0,0,0,0,0,0,0,0,0,0,0,0,0,0,0,0,0,0,0,0,0,0,0,0,0,0,0,0,0,0,0,0,0,,,,,,,,,,,,,,,,,0,,,,,,,,,0,0,0,0,0,0,,0,0,0,0,,0,0,0,0,0,0,0,0,0,0,0,0,0,0,0,0,,,,,,,,,,,,,,,,,,0,0,0,0,0,0,,0,0,0,0,,,,,,,,,,,,,,0,,,,,,,,,,,,,,,,,,,,,,,,0,,,0,,,0,,,,,,,,,,,,,,,,,,,,,0,,,,,,,,,,,,,,,,,,,,,,,,,,,,,,,,,,,0,,,,,,,,,,,,,,,,,,,,,0,,,,,0,,,0,,,,,,,,,,0,,,,,,,,,,,,,,,,,,,0,,,,,,,,,,0,,0,,0,0,0,0,0,0,0,0,0,0,0,,0,0,0,0,0,0,0,0,0,0,0,,0,0,0,0,0,0,0,0,0,0,0,,,,,0,,,,,,0,,,,,,0,,,,,,,0,,,,,,,,,,,,,,,,,,,,,,,,,,,,,,,,,,,0,,,,,,,,,,,,,,,,,,,,,,,,,,,,,,,,,,,0,,,,,,,,,,,,,,,,,,,,,,,,,,,,,,,,,,,0,,,,,,,,,,,,,,,,,,,0,,,,,,,,,,,,,,,,,,,0,,,,,,,,,,,,,,,,,,,0
25-674,"2022-12-18 09:33:12",1,1,0,0,2,2,,,0,,,0,,,,,,,,,0,0,0,0,0,0,0,0,0,0,0,0,0,,,,,,,,,,,,,,,,,,,,,,,,,,,,,,,,,,,,,,,,,,,,,,,,,,,,,,,,,,,,0,,0,0,0,0,0,0,0,0,0,0,0,0,0,0,0,0,0,0,0,0,0,0,0,0,0,0,0,0,0,0,0,0,0,0,0,0,0,0,0,0,0,0,0,0,0,0,0,0,0,0,0,0,0,0,0,0,0,0,0,0,0,0,0,0,0,,,,,,,,,,,,,,,,,0,,,,,,,,,0,0,0,0,0,0,,0,0,0,0,,0,0,0,0,0,0,0,0,0,0,0,0,0,0,0,0,,,,,,,,,,,,,,,,,,0,0,0,0,0,0,,0,0,0,0,,,,,,,,,,,,,,0,,,,,,,,,,,,,,,,,,,,,,,,0,,,0,,,0,,,,,,,,,,,,,,,,,,,,,0,,,,,,,,,,,,,,,,,,,,,,,,,,,,,,,,,,,0,,,,,,,,,,,,,,,,,,,,,0,,,,,0,,,0,,,,,,,,,,0,,,,,,,,,,,,,,,,,,,0,,,,,,,,,,0,,0,,0,0,0,0,0,0,0,0,0,0,0,,0,0,0,0,0,0,0,0,0,0,0,,0,0,0,0,0,0,0,0,0,0,0,,,,,0,,,,,,0,,,,,,0,,,,,,,0,,,,,,,,,,,,,,,,,,,,,,,,,,,,,,,,,,,0,,,,,,,,,,,,,,,,,,,,,,,,,,,,,,,,,,,0,,,,,,,,,,,,,,,,,,,,,,,,,,,,,,,,,,,0,,,,,,,,,,,,,,,,,,,0,,,,,,,,,,,,,,,,,,,0,,,,,,,,,,,,,,,,,,,0
25-675,"2022-11-30 16:33:36",1,1,0,1,,2,,,0,,,0,,,,,,,,,0,0,0,0,0,0,0,0,0,0,0,0,0,,,,,,,,,,,,,,,,,,,,,,,,,,,,,,,,,,,,,,,,,,,,,,,,,,,,,,,,,,,,0,,0,0,0,0,0,0,0,0,0,0,0,0,0,0,0,0,0,0,0,0,0,0,0,0,0,0,0,0,0,0,0,0,0,0,0,0,0,0,0,0,0,0,0,0,0,0,0,0,0,0,0,0,0,0,0,0,0,0,0,0,0,0,0,0,0,,,,,,,,,,,,,,,,,0,,,,,,,,,0,0,0,0,0,0,,0,0,0,0,,0,0,0,0,0,0,0,0,0,0,0,0,0,0,0,0,,,,,,,,,,,,,,,,,,0,0,0,0,0,0,,0,0,0,0,,,,,,,,,,,,,,0,,,,,,,,,,,,,,,,,,,,,,,,0,,,0,,,0,,,,,,,,,,,,,,,,,,,,,0,,,,,,,,,,,,,,,,,,,,,,,,,,,,,,,,,,,0,,,,,,,,,,,,,,,,,,,,,0,,,,,0,,,0,,,,,,,,,,0,,,,,,,,,,,,,,,,,,,0,,,,,,,,,,0,,0,,0,0,0,0,0,0,0,0,0,0,0,,0,0,0,0,0,0,0,0,0,0,0,,0,0,0,0,0,0,0,0,0,0,0,,,,,0,,,,,,0,,,,,,0,,,,,,,0,,,,,,,,,,,,,,,,,,,,,,,,,,,,,,,,,,,0,,,,,,,,,,,,,,,,,,,,,,,,,,,,,,,,,,,0,,,,,,,,,,,,,,,,,,,,,,,,,,,,,,,,,,,0,,,,,,,,,,,,,,,,,,,0,,,,,,,,,,,,,,,,,,,0,,,,,,,,,,,,,,,,,,,0
25-676,"2023-01-18 09:35:14",1,1,0,1,,2,1,1,2,2,53,2,2023-01-18,,2,,21,,,,1,0,0,1,0,1,0,1,1,1,0,1,0,21,,7,,7,,,7,21,21,,21,,0,,,,3,1,,,,,,,,,,1,0,,0,0,0,1,0,0,,0,,,1,63.1,172,35.8,58,115,70,26,97,15,1,0,0,1,21.329096809085993,2,0,0,2,,0,0,0,0,0,0,0,0,0,0,0,0,0,0,0,0,0,0,0,0,0,0,0,0,0,0,0,0,0,0,0,0,0,0,0,0,0,0,0,0,0,0,0,0,0,0,0,0,0,0,0,0,0,0,0,0,0,0,0,0,0,0,0,0,0,1,,1,3,,,1,,,,,,1,11.6,88,4.4,2,,,,,,,,,0,0,0,0,0,0,,0,0,0,0,,0,0,0,0,0,0,0,0,0,0,0,0,0,0,0,0,,,,,,,,,,,,,,,,,,0,0,0,0,0,0,,0,0,0,0,1,"2023-01-18 08:40","2023-01-18 11:37",1,"2023-01-18 13:10",1,1,1,"2023-01-18 08:26","2023-01-18 13:35",1,"2023-01-18 10:21","2021-11-30 13:43",2,4,23,23,23,23,4,23,23,23,23,1,1,23,23,1,23,23,1,23,23,1,23,23,2,,,0,1,0,2,,,,,,,,,,,,,,,,,,,,,0,,,,,,,,,,,,,,,,,,,,,,,,,,,,,,,,,,,0,,,,,,,,,,,,,,,,,,,,,0,,,,,0,1,0,2,,,,,,,,,,0,,,,,,,,,,,,,,,,,,,0,,,,,,,,,,0,cl_ben_face_25-676.jpg,2,,0,0,0,0,0,0,0,0,0,0,0,,0,0,0,0,0,0,0,0,0,0,0,,0,0,0,0,0,0,0,0,0,0,0,,,,,0,1,2023-01-30,2,,,2,,,,,,0,,,,,,,0,,,,,,,,,,,,,,,,,,,,,,,,,,,,,,,,,,,0,,,,,,,,,,,,,,,,,,,,,,,,,,,,,,,,,,,0,,,,,,,,,,,,,,,,,,,,,,,,,,,,,,,,,,,0,,,,,,,,,,,,,,,,,,,0,,,,,,,,,,,,,,,,,,,0,,,,,,,,,,,,,,,,,,,0
25-677,"2022-08-15 10:04:00",1,1,0,0,1,2,1,1,2,2,52,2,2022-08-15,6,2,,14,,,,1,0,1,1,0,1,0,1,0,1,1,0,0,14,,,14,14,,,14,,7,14,,,,,,,3,1,,,,,,,,,,1,0,,0,0,0,1,0,0,,0,,,1,88.8,178,36.2,71,132,81,24,95,15,1,0,0,1,28.026764297437193,2,0,0,2,,0,0,0,0,0,0,0,0,0,0,0,0,0,0,0,0,0,0,0,0,0,0,0,0,0,0,0,0,0,0,0,0,0,0,0,0,0,0,0,0,0,0,0,0,0,0,0,0,0,0,0,0,0,0,0,0,0,0,0,0,0,0,0,0,0,1,,1,3,,,1,,,,,,1,11.3,83,8.4,2,,,,,,,,,0,0,0,0,0,0,,0,0,0,0,,0,0,0,0,0,0,0,0,0,0,0,0,0,0,0,0,,,,,,,,,,,,,,,,,,0,0,0,0,0,0,,0,0,0,0,1,"2022-08-15 09:25","2022-08-15 12:30",1,"2022-08-15 13:23",1,1,1,"2022-08-15 08:35","2022-08-15 13:23",1,"2022-08-15 10:52","2022-08-15 13:23",2,4,24,24,24,24,4,24,24,24,24,1,1,24,24,1,24,24,1,24,24,1,24,24,2,,,0,1,0,2,,,,,,,,,,,,,,,,,,,,,0,,,,,,,,,,,,,,,,,,,,,,,,,,,,,,,,,,,0,,,,,,,,,,,,,,,,,,,,,0,,,,,0,1,0,2,,,,,,,,,,0,,,,,,,,,,,,,,,,,,,0,,,,,,,,,,0,cl_ben_face_25-677.jpg,2,,0,0,0,0,0,0,0,0,0,0,0,,0,0,0,0,0,0,0,0,0,0,0,,0,0,0,0,0,0,0,0,0,0,0,,,,,0,1,2022-08-22,2,,,2,,,,,,0,,,,,,,0,,,,,,,,,,,,,,,,,,,,,,,,,,,,,,,,,,,0,,,,,,,,,,,,,,,,,,,,,,,,,,,,,,,,,,,0,,,,,,,,,,,,,,,,,,,,,,,,,,,,,,,,,,,0,,,,,,,,,,,,,,,,,,,0,,,,,,,,,,,,,,,,,,,0,,,,,,,,,,,,,,,,,,,0
25-678,"2023-02-19 10:49:49",1,1,0,0,1,2,1,1,2,1,48,2,2023-02-19,6,2,,60,,,,0,0,1,1,0,1,0,0,1,0,0,1,0,,,5,2,3,,,,5,,,5,,0,,,,1,1,,,,,,,,,,1,0,,0,0,0,1,0,0,,0,,,1,67.10,169,36.2,113,117,83,30,95,15,1,0,0,1,23.49357515493155,2,0,0,2,,0,0,0,0,0,0,0,0,0,0,0,0,0,0,0,0,0,0,0,0,0,0,0,0,0,0,0,0,0,0,0,0,0,0,0,0,0,0,0,0,0,0,0,0,0,0,0,0,0,0,0,0,0,0,0,0,0,0,0,0,0,0,0,0,0,1,,1,3,,,2,2,,,,,1,11.2,78,5.4,0,,,,,,,,,0,0,0,0,0,0,,0,0,0,0,,0,0,0,0,0,0,0,0,0,0,0,0,0,0,0,0,,,,,,,,,,,,,,,,,,0,0,0,0,0,0,,0,0,0,0,1,"2023-02-19 09:30","2023-02-19 12:30",1,"2023-02-19 13:23",1,1,1,"2023-02-19 08:40","2023-02-19 13:23",1,"2023-02-19 11:39","2023-02-19 13:23",2,4,25,25,25,25,4,25,25,25,25,1,1,25,25,1,25,25,1,25,25,1,25,25,2,,,0,1,0,2,,,,,,,,,,,,,,,,,,,,,0,,,,,,,,,,,,,,,,,,,,,,,,,,,,,,,,,,,0,,,,,,,,,,,,,,,,,,,,,0,,,,,0,1,0,2,,,,,,,,,,0,,,,,,,,,,,,,,,,,,,0,,,,,,,,,,0,cl_ben_face_25-678.jpg,2,,0,0,0,0,0,0,0,0,0,0,0,,0,0,0,0,0,0,0,0,0,0,0,,0,0,0,0,0,0,0,0,0,0,0,,,,,0,1,2023-03-06,,,,1,,,,,,0,,,,,,,0,,,,,,,,,,,,,,,,,,,,,,,,,,,,,,,,,,,0,,,,,,,,,,,,,,,,,,,,,,,,,,,,,,,,,,,0,,,,,,,,,,,,,,,,,,,,,,,,,,,,,,,,,,,0,,,,,,,,,,,,,,,,,,,0,,,,,,,,,,,,,,,,,,,0,,,,,,,,,,,,,,,,,,,0
25-679,"2022-05-05 09:47:52",1,1,0,0,1,2,1,1,2,1,22,2,2022-05-05,6,2,,60,,,,1,0,1,1,0,1,1,1,1,0,1,1,0,60,,60,21,60,,60,60,60,,30,60,,0,,,,1,1,,,,,,,,,,1,0,,0,0,0,1,0,0,,0,,,1,35,164,35.5,98,78,56,30,98,15,1,0,1,2,13.013087447947651,5,0,0,2,,0,0,0,0,0,0,0,0,0,0,0,0,0,0,0,0,0,0,0,0,0,0,0,0,0,0,0,0,0,0,0,0,0,0,0,0,0,0,0,0,0,0,0,0,0,0,0,0,0,0,0,0,0,0,0,0,0,0,0,0,0,0,0,0,0,1,,2,3,,,2,2,,,,,1,7.5,70,4.7,2,2,1,,,,,,,0,0,0,0,0,0,,0,0,0,0,,0,0,0,0,0,0,0,0,0,0,0,0,0,0,0,0,,,,,,,,,,,,,,,,,,0,0,0,0,0,0,,0,0,0,0,1,"2022-05-05 10:05","2022-05-05 12:09",1,"2022-05-05 13:30",1,1,1,"2022-05-05 08:45","2022-05-05 13:30",1,"2022-05-05 12:54","2022-05-05 13:30",2,4,26,26,26,26,4,26,26,26,26,1,1,26,26,1,26,26,1,26,26,1,26,26,2,,,0,1,0,2,,,,,,,,,,,,,,,,,,,,,0,,,,,,,,,,,,,,,,,,,,,,,,,,,,,,,,,,,0,,,,,,,,,,,,,,,,,,,,,0,,,,,0,1,0,2,,,,,,,,,,0,,,,,,,,,,,,,,,,,,,0,,,,,,,,,,0,cl_ben_face_25-679.jpg,2,,0,0,0,0,0,0,0,0,0,0,0,,0,0,0,0,0,0,0,0,0,0,0,,0,0,0,0,0,0,0,0,0,0,0,,,,,0,1,2022-05-19,2,,,1,,,,,,0,,,,,,,0,,,,,,,,,,,,,,,,,,,,,,,,,,,,,,,,,,,0,,,,,,,,,,,,,,,,,,,,,,,,,,,,,,,,,,,0,,,,,,,,,,,,,,,,,,,,,,,,,,,,,,,,,,,0,,,,,,,,,,,,,,,,,,,0,,,,,,,,,,,,,,,,,,,0,,,,,,,,,,,,,,,,,,,0
25-680,"2022-12-28 11:13:08",1,1,0,0,1,2,1,1,2,2,32,2,2022-12-28,9,2,,120,,,,1,0,1,1,0,1,1,1,1,1,0,1,0,120,,150,120,120,,120,120,120,120,,120,,1,1,1,1,1,1,,,,,,,,,,3,0,,0,0,0,1,0,1,2020-12-28,0,,,0,52,176,36.1,117,109,55,28,94,15,1,0,0,1,16.787190082644628,4,0,0,2,,0,0,0,0,0,0,0,0,0,0,0,0,0,0,0,0,0,0,0,0,0,0,0,0,0,0,0,0,0,0,0,0,0,0,0,0,0,0,0,0,0,0,0,0,0,0,0,0,0,0,0,0,0,0,0,0,0,0,0,0,0,0,0,0,0,1,,2,3,,,1,,,,,,1,9.0,72,10.3,2,,,,,,,,,0,0,0,0,0,0,,0,0,0,0,,0,0,0,0,0,0,0,0,0,0,0,0,0,0,0,0,,,,,,,,,,,,,,,,,,0,0,0,0,0,0,,0,0,0,0,1,"2022-12-27 09:45","2022-12-28 12:09",1,"2022-12-28 13:30",1,1,1,"2022-12-28 08:30","2022-12-28 13:30",1,"2022-12-28 12:05","2022-12-28 13:30",2,4,27,27,27,27,4,27,27,27,27,1,1,27,27,1,27,27,1,27,27,1,27,27,2,,,0,1,0,2,,,,,,,,,,,,,,,,,,,,,0,,,,,,,,,,,,,,,,,,,,,,,,,,,,,,,,,,,0,,,,,,,,,,,,,,,,,,,,,0,,,,,0,1,0,2,,,,,,,,,,0,,,,,,,,,,,,,,,,,,,0,,,,,,,,,,0,cl_ben_face_25-680.jpg,2,,0,0,0,0,0,0,0,0,0,0,0,,0,0,0,0,0,0,0,0,0,0,0,,0,0,0,0,0,0,0,0,0,0,0,,,,,0,,,,,,0,,,,,,0,,,,,,,0,,,,,,,,,,,,,,,,,,,,,,,,,,,,,,,,,,,0,,,,,,,,,,,,,,,,,,,,,,,,,,,,,,,,,,,0,,,,,,,,,,,,,,,,,,,,,,,,,,,,,,,,,,,0,,,,,,,,,,,,,,,,,,,0,,,,,,,,,,,,,,,,,,,0,,,,,,,,,,,,,,,,,,,0
25-681,"2022-12-26 10:38:30",1,1,0,0,1,2,1,1,2,2,69,2,2022-12-26,6,2,,30,,,,1,0,0,1,0,0,0,0,0,0,0,0,0,30,,,,20,,,,,,,,,0,,,,2,1,,,,,,,,,,1,0,,0,0,0,1,0,0,,0,,,1,57.5,174,35.9,92,119,78,,93,15,0,0,0,0,18.991940811203595,1,0,0,1,,0,0,0,0,0,0,0,0,0,0,0,0,0,0,0,0,0,0,0,0,0,0,0,0,0,0,0,0,0,0,0,0,0,0,0,0,0,0,0,0,0,0,0,0,0,0,0,0,0,0,0,0,0,0,0,0,0,0,0,0,0,0,0,0,0,1,,1,3,,,1,,,,,,1,11.4,88,7.3,2,,,,,,,,,0,0,0,0,0,0,,0,0,0,0,,0,0,0,0,0,0,0,0,0,0,0,0,0,0,0,0,,,,,,,,,,,,,,,,,,0,0,0,0,0,0,,0,0,0,0,1,"2022-12-26 09:46","2022-12-26 13:01",1,"2022-12-26 14:40",1,1,1,"2022-12-26 08:45","2022-12-26 14:40",1,"2022-12-26 10:31","2022-12-26 14:40",2,4,28,28,28,28,4,28,28,28,28,1,1,28,28,1,28,28,1,28,28,1,28,,2,,,0,,,0,,,,,,,,,,,,,,,,,,,,,0,,,,,,,,,,,,,,,,,,,,,,,,,,,,,,,,,,,0,,,,,,,,,,,,,,,,,,,,,0,,,,,0,,,0,,,,,,,,,,0,,,,,,,,,,,,,,,,,,,0,,,,,,,,,,0,cl_ben_face_25-681.jpg,2,,0,0,0,0,0,0,0,0,0,0,0,,0,0,0,0,0,0,0,0,0,0,0,,0,0,0,0,0,0,0,0,0,0,0,,,,,0,,,,,,0,,,,,,0,,,,,,,0,,,,,,,,,,,,,,,,,,,,,,,,,,,,,,,,,,,0,,,,,,,,,,,,,,,,,,,,,,,,,,,,,,,,,,,0,,,,,,,,,,,,,,,,,,,,,,,,,,,,,,,,,,,0,,,,,,,,,,,,,,,,,,,0,,,,,,,,,,,,,,,,,,,0,,,,,,,,,,,,,,,,,,,0
25-682,"2023-03-01 11:39:03",1,1,0,0,1,2,1,1,2,2,45,2,2023-03-01,6,2,,7,,,,1,0,1,1,0,0,1,1,1,0,1,1,0,14,,,7,7,,7,14,14,,7,14,,0,,,,2,1,,,,,,,,,,1,0,,0,1,0,1,0,0,,0,,,1,56,167,35.7,115,109,63,28,90,15,1,0,0,1,20.079601276488937,3,0,0,2,,0,0,0,0,0,0,0,0,0,0,0,0,0,0,0,0,0,0,0,0,0,0,0,0,0,0,0,0,0,0,0,0,0,0,0,0,0,0,0,0,0,0,0,0,0,0,0,0,0,0,0,0,0,0,0,0,0,0,0,0,0,0,0,0,0,1,,1,3,,,1,,,,,,1,10.2,94,26.2,2,,,,,,,,,0,0,0,0,0,0,,0,0,0,0,,0,0,0,0,0,0,0,0,0,0,0,0,0,0,0,0,,,,,,,,,,,,,,,,,,0,0,0,0,0,0,,0,0,0,0,1,"2023-03-01 10:05","2023-03-01 13:01",1,"2023-03-01 14:40",1,1,1,"2023-03-02 09:55","2023-03-01 14:40",1,"2023-03-01 12:38","2023-03-01 14:40",2,4,29,29,29,29,4,29,29,29,29,1,1,29,29,1,29,29,1,29,29,1,29,29,2,,,0,,,0,,,,,,,,,,,,,,,,,,,,,0,,,,,,,,,,,,,,,,,,,,,,,,,,,,,,,,,,,0,,,,,,,,,,,,,,,,,,,,,0,,,,,0,,,0,,,,,,,,,,0,,,,,,,,,,,,,,,,,,,0,,,,,,,,,,0,cl_ben_face_25-682.jpg,2,,0,0,0,0,0,0,0,0,0,0,0,,0,0,0,0,0,0,0,0,0,0,0,,0,0,0,0,0,0,0,0,0,0,0,,,,,0,1,2023-03-14,2,,,1,,,,,,0,,,,,,,0,,,,,,,,,,,,,,,,,,,,,,,,,,,,,,,,,,,0,,,,,,,,,,,,,,,,,,,,,,,,,,,,,,,,,,,0,,,,,,,,,,,,,,,,,,,,,,,,,,,,,,,,,,,0,,,,,,,,,,,,,,,,,,,0,,,,,,,,,,,,,,,,,,,0,,,,,,,,,,,,,,,,,,,0
25-683,"2023-02-09 09:42:55",1,1,0,0,1,2,1,1,2,2,61,2,2023-02-09,10,2,,45,,,,0,0,1,0,0,0,0,0,1,0,0,0,0,,,,30,,,,,30,,,,,0,,,,1,1,,,,,,,,,,1,0,,0,0,0,1,0,0,,0,,,1,88.4,183,35.8,73,106,82,40,99,15,1,0,0,1,26.396727283585655,3,1,0,2,,0,0,0,0,0,0,0,0,0,0,0,0,0,0,0,0,0,0,0,0,0,0,0,0,0,0,0,0,0,0,0,0,0,0,0,0,0,0,0,0,0,0,0,0,0,0,0,0,0,0,0,0,0,0,0,0,0,0,0,0,0,0,0,0,0,1,,1,3,,,1,,,,,,1,13.2,86,17.7,2,2,3,,,,,,,0,0,0,0,0,0,,0,0,0,0,,0,0,0,0,0,0,0,0,0,0,0,0,0,0,0,0,,,,,,,,,,,,,,,,,,0,0,0,0,0,0,,0,0,0,0,1,"2023-02-09 09:25","2023-02-09 12:23",1,"2023-02-09 14:00",1,1,1,"2023-02-09 08:38","2023-02-09 14:00",1,"2023-02-09 11:10","2023-02-09 14:00",2,4,30,30,30,30,4,30,30,30,30,1,1,30,30,1,30,30,1,30,30,1,30,30,2,,,0,,,0,,,,,,,,,,,,,,,,,,,,,0,,,,,,,,,,,,,,,,,,,,,,,,,,,,,,,,,,,0,,,,,,,,,,,,,,,,,,,,,0,,,,,0,,,0,,,,,,,,,,0,,,,,,,,,,,,,,,,,,,0,,,,,,,,,,0,cl_ben_face_25-683.jpg,2,,0,0,0,0,0,0,0,0,0,0,0,,0,0,0,0,0,0,0,0,0,0,0,,0,0,0,0,0,0,0,0,0,0,0,,,,,0,1,2023-02-16,5,,2023-02-10,1,,,,,,0,,,,,,,0,,,,,,,,,,,,,,,,,,,,,,,,,,,,,,,,,,,0,,,,,,,,,,,,,,,,,,,,,,,,,,,,,,,,,,,0,,,,,,,,,,,,,,,,,,,,,,,,,,,,,,,,,,,0,,,,,,,,,,,,,,,,,,,0,,,,,,,,,,,,,,,,,,,0,,,,,,,,,,,,,,,,,,,0
25-684,"2023-01-18 10:55:11",1,1,0,0,1,2,1,1,2,2,58,2,2023-01-18,10,2,,60,,,,1,0,1,1,1,1,1,1,1,1,1,0,0,60,,60,7,7,3,60,14,60,60,,,,0,,,,2,1,,,,,,,,,,1,0,,0,0,0,1,0,1,2021-06-10,0,,,1,46.9,168,36,103,97,70,24,96,15,1,0,1,2,16.61706349206349,3,0,0,2,,0,0,0,0,0,0,0,0,0,0,0,0,0,0,0,0,0,0,0,0,0,0,0,0,0,0,0,0,0,0,0,0,0,0,0,0,0,0,0,0,0,0,0,0,0,0,0,0,0,0,0,0,0,0,0,0,0,0,0,0,0,0,0,0,0,1,,1,3,,,1,,,,,,1,13.3,84,10.2,2,2,1,,,,,,,0,0,0,0,0,0,,0,0,0,0,,0,0,0,0,0,0,0,0,0,0,0,0,0,0,0,0,,,,,,,,,,,,,,,,,,0,0,0,0,0,0,,0,0,0,0,1,"2023-01-18 09:15","2023-01-18 12:23",1,"2023-01-18 14:00",1,1,1,"2023-01-18 08:58","2023-01-18 14:00",1,"2023-01-18 12:23","2023-01-18 14:00",2,4,31,31,31,31,4,31,31,31,31,1,1,31,31,1,31,31,1,31,31,1,31,31,1,,,0,,,0,,,,,,,,,,,,,,,,,,,,,0,,,,,,,,,,,,,,,,,,,,,,,,,,,,,,,,,,,0,,,,,,,,,,,,,,,,,,,,,0,,,,,0,,,0,,,,,,,,,,0,,,,,,,,,,,,,,,,,,,0,,,,,,,,,,0,cl_ben_face_25-684.jpg,2,,0,0,0,0,0,0,0,0,0,0,0,,0,0,0,0,0,0,0,0,0,0,0,,0,0,0,0,0,0,0,0,0,0,0,,,,,0,1,2023-01-26,5,,2023-01-18,2,,,,,,0,,,,,,,0,,,,,,,,,,,,,,,,,,,,,,,,,,,,,,,,,,,0,,,,,,,,,,,,,,,,,,,,,,,,,,,,,,,,,,,0,,,,,,,,,,,,,,,,,,,,,,,,,,,,,,,,,,,0,,,,,,,,,,,,,,,,,,,0,,,,,,,,,,,,,,,,,,,0,,,,,,,,,,,,,,,,,,,0
25-685,"2023-03-07 10:44:50",1,1,0,0,1,2,1,1,2,2,36,1,2023-03-07,6,2,,10,,,,1,0,1,1,0,1,1,1,0,0,0,0,0,10,,10,10,10,,10,10,,,,,,0,,,,1,1,,,,,,,,,,1,0,,0,0,0,1,0,0,,0,,,0,52.1,179,36.3,121,113,82,22,96,15,1,0,0,1,16.260416341562372,2,0,0,1,,0,0,0,0,0,0,0,0,0,0,0,0,0,0,0,0,0,0,0,0,0,0,0,0,0,0,0,0,0,0,0,0,0,0,0,0,0,0,0,0,0,0,0,0,0,0,0,0,0,0,0,0,0,0,0,0,0,0,0,0,0,0,0,0,0,1,,1,3,,,1,,,,,,1,15.3,83,9.5,1,,,,,,,,,0,0,0,0,0,0,,0,0,0,0,,0,0,0,0,0,0,0,0,0,0,0,0,0,0,0,0,,,,,,,,,,,,,,,,,,0,0,0,0,0,0,,0,0,0,0,1,"2023-03-07 09:50","2023-03-07 13:25",1,"2023-03-07 14:01",1,1,1,"2023-03-07 09:20","2023-03-07 14:01",1,"2023-03-07 11:35","2023-03-07 14:01",1,4,32,32,32,32,4,32,32,32,32,1,1,32,32,1,32,32,1,32,32,1,32,32,1,,,0,,,0,,,,,,,,,,,,,,,,,,,,,0,,,,,,,,,,,,,,,,,,,,,,,,,,,,,,,,,,,0,,,,,,,,,,,,,,,,,,,,,0,,,,,0,,,0,,,,,,,,,,0,,,,,,,,,,,,,,,,,,,0,,,,,,,,,,0,,0,,0,0,0,0,0,0,0,0,0,0,0,,0,0,0,0,0,0,0,0,0,0,0,,0,0,0,0,0,0,0,0,0,0,0,,,,,0,1,2023-03-17,2,,,1,,,,,,0,,,,,,,0,,,,,,,,,,,,,,,,,,,,,,,,,,,,,,,,,,,0,,,,,,,,,,,,,,,,,,,,,,,,,,,,,,,,,,,0,,,,,,,,,,,,,,,,,,,,,,,,,,,,,,,,,,,0,,,,,,,,,,,,,,,,,,,0,,,,,,,,,,,,,,,,,,,0,,,,,,,,,,,,,,,,,,,0
25-686,"2022-12-28 10:55:03",1,1,0,0,1,2,1,1,2,2,54,0,2022-12-28,6,2,,60,,,,1,0,1,1,1,1,0,1,1,0,1,0,0,60,,60,21,60,60,,60,14,,14,,,1,0,1,0,1,2,2020,0,,3,,4,,,,3,0,,0,0,0,1,0,0,,0,,,1,40.2,166,35.8,127,99,65,28,90,15,1,0,1,2,14.588474379445493,3,0,0,1,,0,0,0,0,0,0,0,0,0,0,0,0,0,0,0,0,0,0,0,0,0,0,0,0,0,0,0,0,0,0,0,0,0,0,0,0,0,0,0,0,0,0,0,0,0,0,0,0,0,0,0,0,0,0,0,0,0,0,0,0,0,0,0,0,0,1,,2,3,,,1,,,,,,1,11.8,93,12.6,1,,,,,,,,,0,0,0,0,0,0,,0,0,0,0,,0,0,0,0,0,0,0,0,0,0,0,0,0,0,0,0,,,,,,,,,,,,,,,,,,0,0,0,0,0,0,,0,0,0,0,1,"2022-12-28 10:05","2022-12-28 13:25",1,"2022-12-28 14:01",1,1,1,"2022-12-28 09:10","2022-12-28 14:01",1,"2022-12-28 12:45","2022-12-28 14:01",1,4,33,33,33,33,4,33,33,33,33,1,1,33,33,1,33,33,1,33,33,1,33,33,1,,,0,,,0,,,,,,,,,,,,,,,,,,,,,0,,,,,,,,,,,,,,,,,,,,,,,,,,,,,,,,,,,0,,,,,,,,,,,,,,,,,,,,,0,,,,,0,,,0,,,,,,,,,,0,,,,,,,,,,,,,,,,,,,0,,,,,,,,,,0,,0,,0,0,0,0,0,0,0,0,0,0,0,,0,0,0,0,0,0,0,0,0,0,0,,0,0,0,0,0,0,0,0,0,0,0,,,,,0,,,,,,0,,,,,,0,,,,,,,0,,,,,,,,,,,,,,,,,,,,,,,,,,,,,,,,,,,0,,,,,,,,,,,,,,,,,,,,,,,,,,,,,,,,,,,0,,,,,,,,,,,,,,,,,,,,,,,,,,,,,,,,,,,0,,,,,,,,,,,,,,,,,,,0,,,,,,,,,,,,,,,,,,,0,,,,,,,,,,,,,,,,,,,0
25-687,"2022-12-09 09:42:13",1,1,0,0,1,2,1,1,2,1,62,1,2022-12-09,6,2,,60,,,,1,0,1,1,1,1,0,1,0,1,0,0,0,60,,14,14,14,5,,30,,14,,,,0,,,,1,1,,,,,,,,,,4,0,,0,0,0,1,0,0,,0,,,0,46.6,161,36.2,77,97,64,32,93,15,1,0,1,2,17.977701477566452,2,0,0,1,,0,0,0,0,0,0,0,0,0,0,0,0,0,0,0,0,0,0,0,0,0,0,0,0,0,0,0,0,0,0,0,0,0,0,0,0,0,0,0,0,0,0,0,0,0,0,0,0,0,0,0,0,0,0,0,0,0,0,0,0,0,0,0,0,0,1,,1,3,,,1,,,,,,1,,,,0,,,,,,,,,0,0,0,0,0,0,,0,0,0,0,,0,0,0,0,0,0,0,0,0,0,0,0,0,0,0,0,,,,,,,,,,,,,,,,,,0,0,0,0,0,0,,0,0,0,0,1,"2022-12-09 09:03","2022-12-09 11:27",1,"2022-12-09 12:54",1,1,1,"2022-12-09 08:35","2022-12-09 12:54",1,"2022-12-09 10:46","2022-12-09 12:54",1,4,34,33,33,34,4,34,34,34,34,1,1,34,34,1,34,34,1,34,34,1,34,34,1,,,0,,,0,,,,,,,,,,,,,,,,,,,,,0,,,,,,,,,,,,,,,,,,,,,,,,,,,,,,,,,,,0,,,,,,,,,,,,,,,,,,,,,0,,,,,0,,,0,,,,,,,,,,0,,,,,,,,,,,,,,,,,,,0,,,,,,,,,,0,,0,,0,0,0,0,0,0,0,0,0,0,0,,0,0,0,0,0,0,0,0,0,0,0,,0,0,0,0,0,0,0,0,0,0,0,,,,,0,1,2022-12-17,2,,,1,,,,,,0,,,,,,,0,,,,,,,,,,,,,,,,,,,,,,,,,,,,,,,,,,,0,,,,,,,,,,,,,,,,,,,,,,,,,,,,,,,,,,,0,,,,,,,,,,,,,,,,,,,,,,,,,,,,,,,,,,,0,,,,,,,,,,,,,,,,,,,0,,,,,,,,,,,,,,,,,,,0,,,,,,,,,,,,,,,,,,,0
25-688,"2023-01-28 10:29:37",1,1,0,0,1,2,1,1,2,2,44,1,2023-01-28,6,2,,90,,,,1,0,1,1,1,1,0,1,0,0,0,0,0,90,,,7,7,90,,90,,,,,,0,,,,1,2,2003,0,,4,,,2,5,,3,0,,0,0,0,1,0,0,,0,,,1,60.8,174,36.3,105,218,160,34,99,15,1,0,0,1,20.08191306645528,3,0,0,1,,0,0,0,0,0,0,0,0,0,0,0,0,0,0,0,0,0,0,0,0,0,0,0,0,0,0,0,0,0,0,0,0,0,0,0,0,0,0,0,0,0,0,0,0,0,0,0,0,0,0,0,0,0,0,0,0,0,0,0,0,0,0,0,0,0,1,,1,3,,,1,,,,,,1,,,,0,,,,,,,,,0,0,0,0,0,0,,0,0,0,0,,0,0,0,0,0,0,0,0,0,0,0,0,0,0,0,0,,,,,,,,,,,,,,,,,,0,0,0,0,0,0,,0,0,0,0,1,"2023-01-28 09:12","2023-01-28 11:27",1,"2023-01-28 12:54",1,1,1,"2023-01-28 08:40","2023-01-28 12:54",1,"2023-01-28 11:31","2023-01-28 11:54",1,4,35,35,35,35,4,35,35,35,35,1,1,35,35,1,35,35,1,35,35,1,35,35,1,,,0,,,0,,,,,,,,,,,,,,,,,,,,,0,,,,,,,,,,,,,,,,,,,,,,,,,,,,,,,,,,,0,,,,,,,,,,,,,,,,,,,,,0,,,,,0,,,0,,,,,,,,,,0,,,,,,,,,,,,,,,,,,,0,,,,,,,,,,0,,0,,0,0,0,0,0,0,0,0,0,0,0,,0,0,0,0,0,0,0,0,0,0,0,,0,0,0,0,0,0,0,0,0,0,0,,,,,0,,,,,,0,,,,,,0,,,,,,,0,,,,,,,,,,,,,,,,,,,,,,,,,,,,,,,,,,,0,,,,,,,,,,,,,,,,,,,,,,,,,,,,,,,,,,,0,,,,,,,,,,,,,,,,,,,,,,,,,,,,,,,,,,,0,,,,,,,,,,,,,,,,,,,0,,,,,,,,,,,,,,,,,,,0,,,,,,,,,,,,,,,,,,,0
25-689,"2023-02-28 11:25:17",1,1,0,0,1,2,1,1,2,2,19,1,2023-02-28,10,2,,90,,,,1,0,1,1,0,1,1,1,1,1,1,0,0,90,,90,21,90,,90,90,90,60,60,,,0,,,,1,1,,,,,,,,,,1,0,,0,0,0,1,0,0,,0,,,1,46,188,36.2,144,98,71,50,,15,1,0,1,2,13.014938886373924,3,,0,1,,0,0,0,0,0,0,0,0,0,0,0,0,0,0,0,0,0,0,0,0,0,0,0,0,0,0,0,0,0,0,0,0,0,0,0,0,0,0,0,0,0,0,0,0,0,0,0,0,0,0,0,0,0,0,0,0,0,0,0,0,0,0,0,0,0,1,,2,3,,,1,,,,,,1,11.3,73,10.5,1,,,,,,,,,0,0,0,0,0,0,,0,0,0,0,,0,0,0,0,0,0,0,0,0,0,0,0,0,0,0,0,,,,,,,,,,,,,,,,,,0,0,0,0,0,0,,0,0,0,0,1,"2023-02-28 10:10","2023-02-28 12:38",1,"2023-02-24 13:28",1,1,1,"2021-11-19 09:35","2023-02-24 13:28",1,"2023-02-28 12:27","2023-02-28 13:28",1,4,36,36,36,36,4,36,36,36,36,1,1,36,36,1,36,36,1,36,36,1,36,36,1,,,0,,,0,,,,,,,,,,,,,,,,,,,,,0,,,,,,,,,,,,,,,,,,,,,,,,,,,,,,,,,,,0,,,,,,,,,,,,,,,,,,,,,0,,,,,0,,,0,,,,,,,,,,0,,,,,,,,,,,,,,,,,,,0,,,,,,,,,,0,,0,,0,0,0,0,0,0,0,0,0,0,0,,0,0,0,0,0,0,0,0,0,0,0,,0,0,0,0,0,0,0,0,0,0,0,,,,,0,,,,,,0,,,,,,0,,,,,,,0,,,,,,,,,,,,,,,,,,,,,,,,,,,,,,,,,,,0,,,,,,,,,,,,,,,,,,,,,,,,,,,,,,,,,,,0,,,,,,,,,,,,,,,,,,,,,,,,,,,,,,,,,,,0,,,,,,,,,,,,,,,,,,,0,,,,,,,,,,,,,,,,,,,0,,,,,,,,,,,,,,,,,,,0
25-690,"2023-01-08 15:34:11",1,1,0,0,3,2,,,0,,,0,,,,,,,,,0,0,0,0,0,0,0,0,0,0,0,0,0,,,,,,,,,,,,,,,,,,,,,,,,,,,,,,,,,,,,,,,,,,,,,,,,,,,,,,,,,,,,0,,0,0,0,0,0,0,0,0,0,0,0,0,0,0,0,0,0,0,0,0,0,0,0,0,0,0,0,0,0,0,0,0,0,0,0,0,0,0,0,0,0,0,0,0,0,0,0,0,0,0,0,0,0,0,0,0,0,0,0,0,0,0,0,0,0,,,,,,,,,,,,,,,,,0,,,,,,,,,0,0,0,0,0,0,,0,0,0,0,,0,0,0,0,0,0,0,0,0,0,0,0,0,0,0,0,,,,,,,,,,,,,,,,,,0,0,0,0,0,0,,0,0,0,0,,,,,,,,,,,,,,0,,,,,,,,,,,,,,,,,,,,,,,,0,,,0,,,0,,,,,,,,,,,,,,,,,,,,,0,,,,,,,,,,,,,,,,,,,,,,,,,,,,,,,,,,,0,,,,,,,,,,,,,,,,,,,,,0,,,,,0,,,0,,,,,,,,,,0,,,,,,,,,,,,,,,,,,,0,,,,,,,,,,0,,0,,0,0,0,0,0,0,0,0,0,0,0,,0,0,0,0,0,0,0,0,0,0,0,,0,0,0,0,0,0,0,0,0,0,0,,,,,0,,,,,,0,,,,,,0,,,,,,,0,,,,,,,,,,,,,,,,,,,,,,,,,,,,,,,,,,,0,,,,,,,,,,,,,,,,,,,,,,,,,,,,,,,,,,,0,,,,,,,,,,,,,,,,,,,,,,,,,,,,,,,,,,,0,,,,,,,,,,,,,,,,,,,0,,,,,,,,,,,,,,,,,,,0,,,,,,,,,,,,,,,,,,,0
25-691,"2023-03-28 10:42:17",1,1,0,1,,2,,,0,,,0,,,,,,,,,0,0,0,0,0,0,0,0,0,0,0,0,0,,,,,,,,,,,,,,,,,,,,,,,,,,,,,,,,,,,,,,,,,,,,,,,,,,,,,,,,,,,,0,,0,0,0,0,0,0,0,0,0,0,0,0,0,0,0,0,0,0,0,0,0,0,0,0,0,0,0,0,0,0,0,0,0,0,0,0,0,0,0,0,0,0,0,0,0,0,0,0,0,0,0,0,0,0,0,0,0,0,0,0,0,0,0,0,0,,,,,,,,,,,,,,,,,0,,,,,,,,,0,0,0,0,0,0,,0,0,0,0,,0,0,0,0,0,0,0,0,0,0,0,0,0,0,0,0,,,,,,,,,,,,,,,,,,0,0,0,0,0,0,,0,0,0,0,,,,,,,,,,,,,,0,,,,,,,,,,,,,,,,,,,,,,,,0,,,0,,,0,,,,,,,,,,,,,,,,,,,,,0,,,,,,,,,,,,,,,,,,,,,,,,,,,,,,,,,,,0,,,,,,,,,,,,,,,,,,,,,0,,,,,0,,,0,,,,,,,,,,0,,,,,,,,,,,,,,,,,,,0,,,,,,,,,,0,,0,,0,0,0,0,0,0,0,0,0,0,0,,0,0,0,0,0,0,0,0,0,0,0,,0,0,0,0,0,0,0,0,0,0,0,,,,,0,,,,,,0,,,,,,0,,,,,,,0,,,,,,,,,,,,,,,,,,,,,,,,,,,,,,,,,,,0,,,,,,,,,,,,,,,,,,,,,,,,,,,,,,,,,,,0,,,,,,,,,,,,,,,,,,,,,,,,,,,,,,,,,,,0,,,,,,,,,,,,,,,,,,,0,,,,,,,,,,,,,,,,,,,0,,,,,,,,,,,,,,,,,,,0
25-692,"2022-12-25 10:42:49",1,1,0,1,,2,,,0,,,0,,,,,,,,,0,0,0,0,0,0,0,0,0,0,0,0,0,,,,,,,,,,,,,,,,,,,,,,,,,,,,,,,,,,,,,,,,,,,,,,,,,,,,,,,,,,,,0,,0,0,0,0,0,0,0,0,0,0,0,0,0,0,0,0,0,0,0,0,0,0,0,0,0,0,0,0,0,0,0,0,0,0,0,0,0,0,0,0,0,0,0,0,0,0,0,0,0,0,0,0,0,0,0,0,0,0,0,0,0,0,0,0,0,,,,,,,,,,,,,,,,,0,,,,,,,,,0,0,0,0,0,0,,0,0,0,0,,0,0,0,0,0,0,0,0,0,0,0,0,0,0,0,0,,,,,,,,,,,,,,,,,,0,0,0,0,0,0,,0,0,0,0,,,,,,,,,,,,,,0,,,,,,,,,,,,,,,,,,,,,,,,0,,,0,,,0,,,,,,,,,,,,,,,,,,,,,0,,,,,,,,,,,,,,,,,,,,,,,,,,,,,,,,,,,0,,,,,,,,,,,,,,,,,,,,,0,,,,,0,,,0,,,,,,,,,,0,,,,,,,,,,,,,,,,,,,0,,,,,,,,,,0,,0,,0,0,0,0,0,0,0,0,0,0,0,,0,0,0,0,0,0,0,0,0,0,0,,0,0,0,0,0,0,0,0,0,0,0,,,,,0,,,,,,0,,,,,,0,,,,,,,0,,,,,,,,,,,,,,,,,,,,,,,,,,,,,,,,,,,0,,,,,,,,,,,,,,,,,,,,,,,,,,,,,,,,,,,0,,,,,,,,,,,,,,,,,,,,,,,,,,,,,,,,,,,0,,,,,,,,,,,,,,,,,,,0,,,,,,,,,,,,,,,,,,,0,,,,,,,,,,,,,,,,,,,0
25-693,"2023-03-08 10:43:06",1,1,0,0,1,2,1,1,2,2,38,1,2023-03-08,9,2,,30,,,,1,0,0,1,0,1,1,1,1,0,1,1,0,30,,21,,30,,30,21,30,,1,21,,0,,,,1,1,,,,,,,,,,1,0,,0,0,0,1,0,0,,0,,,1,41.1,160,35.8,136,113,83,44,94,15,1,0,0,1,16.0546875,3,0,0,1,,0,0,0,0,0,0,0,0,0,0,0,0,0,0,0,0,0,0,0,0,0,0,0,0,0,0,0,0,0,0,0,0,0,0,0,0,0,0,0,0,0,0,0,0,0,0,0,0,0,0,0,0,0,0,0,0,0,0,0,0,0,0,0,0,0,1,,2,3,,,1,,,,,,1,12.5,73,12.8,1,,,,,,,,,0,0,0,0,0,0,,0,0,0,0,,0,0,0,0,0,0,0,0,0,0,0,0,0,0,0,0,,,,,,,,,,,,,,,,,,0,0,0,0,0,0,,0,0,0,0,1,"2023-03-08 10:13","2023-03-08 12:14",1,"2023-03-08 12:43",1,1,1,"2023-03-08 09:56","2023-03-08 12:43",1,"2023-03-08 11:39","2023-03-08 12:43",1,4,37,37,37,37,4,37,37,37,37,1,1,37,37,1,37,37,1,37,37,1,37,37,1,,,0,,,0,,,,,,,,,,,,,,,,,,,,,0,,,,,,,,,,,,,,,,,,,,,,,,,,,,,,,,,,,0,,,,,,,,,,,,,,,,,,,,,0,,,,,0,,,0,,,,,,,,,,0,,,,,,,,,,,,,,,,,,,0,,,,,,,,,,0,,0,,0,0,0,0,0,0,0,0,0,0,0,,0,0,0,0,0,0,0,0,0,0,0,,0,0,0,0,0,0,0,0,0,0,0,,,,,0,,,,,,0,,,,,,0,,,,,,,0,,,,,,,,,,,,,,,,,,,,,,,,,,,,,,,,,,,0,,,,,,,,,,,,,,,,,,,,,,,,,,,,,,,,,,,0,,,,,,,,,,,,,,,,,,,,,,,,,,,,,,,,,,,0,,,,,,,,,,,,,,,,,,,0,,,,,,,,,,,,,,,,,,,0,,,,,,,,,,,,,,,,,,,0
25-694,"2023-01-23 09:54:31",1,1,0,0,1,2,1,1,2,2,42,1,2023-01-23,9,2,,14,,,,0,0,1,0,0,0,0,0,0,1,0,0,1,,,,14,,,,,,7,,,14,0,,,,1,2,2016,0,,3,,5,,,,2,0,,0,0,0,1,0,0,,0,,,0,77.7,170,35.8,98,134,95,24,96,15,1,0,0,1,26.885813148788927,1,0,0,1,,0,0,0,0,0,0,0,0,0,0,0,0,0,0,0,0,0,0,0,0,0,0,0,0,0,0,0,0,0,0,0,0,0,0,0,0,0,0,0,0,0,0,0,0,0,0,0,0,0,0,0,0,0,0,0,0,0,0,0,0,0,0,0,0,0,,,,,,,,,,,,,,,,,0,,,,,,,,,0,0,0,0,0,0,,0,0,0,0,,0,0,0,0,0,0,0,0,0,0,0,0,0,0,0,0,,,,,,,,,,,,,,,,,,0,0,0,0,0,0,,0,0,0,0,1,"2023-01-23 09:05","2023-01-23 11:46",1,"2023-01-23 12:31",1,1,1,"2023-01-23 08:40","2023-01-23 12:31",1,"2023-01-23 11:37","2023-01-23 12:31",1,4,38,38,38,38,4,38,38,38,38,1,1,38,38,1,38,38,1,38,38,1,38,38,1,,,0,,,0,,,,,,,,,,,,,,,,,,,,,0,,,,,,,,,,,,,,,,,,,,,,,,,,,,,,,,,,,0,,,,,,,,,,,,,,,,,,,,,0,,,,,0,,,0,,,,,,,,,,0,,,,,,,,,,,,,,,,,,,0,,,,,,,,,,0,,0,,0,0,0,0,0,0,0,0,0,0,0,,0,0,0,0,0,0,0,0,0,0,0,,0,0,0,0,0,0,0,0,0,0,0,,,,,0,,,,,,0,,,,,,0,,,,,,,0,,,,,,,,,,,,,,,,,,,,,,,,,,,,,,,,,,,0,,,,,,,,,,,,,,,,,,,,,,,,,,,,,,,,,,,0,,,,,,,,,,,,,,,,,,,,,,,,,,,,,,,,,,,0,,,,,,,,,,,,,,,,,,,0,,,,,,,,,,,,,,,,,,,0,,,,,,,,,,,,,,,,,,,0
25-695,"2023-01-12 09:54:53",1,1,0,0,3,2,,,0,,,0,,,,,,,,,0,0,0,0,0,0,0,0,0,0,0,0,0,,,,,,,,,,,,,,,,,,,,,,,,,,,,,,,,,,,,,,,,,,,,,,,,,,,,,,,,,,,,0,,0,0,0,0,0,0,0,0,0,0,0,0,0,0,0,0,0,0,0,0,0,0,0,0,0,0,0,0,0,0,0,0,0,0,0,0,0,0,0,0,0,0,0,0,0,0,0,0,0,0,0,0,0,0,0,0,0,0,0,0,0,0,0,0,0,,,,,,,,,,,,,,,,,0,,,,,,,,,0,0,0,0,0,0,,0,0,0,0,,0,0,0,0,0,0,0,0,0,0,0,0,0,0,0,0,,,,,,,,,,,,,,,,,,0,0,0,0,0,0,,0,0,0,0,,,,,,,,,,,,,,0,,,,,,,,,,,,,,,,,,,,,,,,0,,,0,,,0,,,,,,,,,,,,,,,,,,,,,0,,,,,,,,,,,,,,,,,,,,,,,,,,,,,,,,,,,0,,,,,,,,,,,,,,,,,,,,,0,,,,,0,,,0,,,,,,,,,,0,,,,,,,,,,,,,,,,,,,0,,,,,,,,,,0,,0,,0,0,0,0,0,0,0,0,0,0,0,,0,0,0,0,0,0,0,0,0,0,0,,0,0,0,0,0,0,0,0,0,0,0,,,,,0,,,,,,0,,,,,,0,,,,,,,0,,,,,,,,,,,,,,,,,,,,,,,,,,,,,,,,,,,0,,,,,,,,,,,,,,,,,,,,,,,,,,,,,,,,,,,0,,,,,,,,,,,,,,,,,,,,,,,,,,,,,,,,,,,0,,,,,,,,,,,,,,,,,,,0,,,,,,,,,,,,,,,,,,,0,,,,,,,,,,,,,,,,,,,0
25-696,"2023-02-26 09:34:59",1,1,0,0,1,2,1,1,2,2,50,2,2023-02-26,9,2,,14,,,,1,0,0,1,0,1,1,0,0,0,0,0,0,7,,14,,14,,14,,,,,,,0,,,,3,1,,,,,,,,,,2,0,,1,0,0,1,0,1,2022-02-26,0,,,0,67.6,173,36.1,107,122,85,26,93,15,1,0,0,1,22.58678873333556,2,0,0,1,,0,0,0,0,0,0,0,0,0,0,0,0,0,0,0,0,0,0,0,0,0,0,0,0,0,0,0,0,0,0,0,0,0,0,0,0,0,0,0,0,0,0,0,0,0,0,0,0,0,0,0,0,0,0,0,0,0,0,0,0,0,0,0,0,0,,,,,,,,,,,,,1,,,,0,,,,,,,,,0,0,0,0,0,0,,0,0,0,0,,0,0,0,0,0,0,0,0,0,0,0,0,0,0,0,0,,,,,,,,,,,,,,,,,,0,0,0,0,0,0,,0,0,0,0,1,"2023-02-26 09:00","2023-02-26 12:43",1,"2023-02-26 13:30",1,1,1,"2023-02-26 08:44","2023-02-26 13:30",1,"2023-02-26 10:30","2023-02-26 13:30",1,4,39,39,39,39,4,39,39,39,39,1,1,39,39,1,39,39,1,39,39,1,39,39,1,,,0,,,0,,,,,,,,,,,,,,,,,,,,,0,,,,,,,,,,,,,,,,,,,,,,,,,,,,,,,,,,,0,,,,,,,,,,,,,,,,,,,,,0,,,,,0,,,0,,,,,,,,,,0,,,,,,,,,,,,,,,,,,,0,,,,,,,,,,0,,0,,0,0,0,0,0,0,0,0,0,0,0,,0,0,0,0,0,0,0,0,0,0,0,,0,0,0,0,0,0,0,0,0,0,0,,,,,0,,,,,,0,,,,,,0,,,,,,,0,,,,,,,,,,,,,,,,,,,,,,,,,,,,,,,,,,,0,,,,,,,,,,,,,,,,,,,,,,,,,,,,,,,,,,,0,,,,,,,,,,,,,,,,,,,,,,,,,,,,,,,,,,,0,,,,,,,,,,,,,,,,,,,0,,,,,,,,,,,,,,,,,,,0,,,,,,,,,,,,,,,,,,,0
25-697,"2023-03-24 09:39:12",1,1,0,0,1,2,0,,0,,,0,,,,,,,,,0,0,0,0,0,0,0,0,0,0,0,0,0,,,,,,,,,,,,,,,,,,,,,,,,,,,,,,,,,,,,,,,,,,,,,,,,,,,,,,,,,,,,0,,0,0,0,0,0,0,0,0,0,0,0,0,0,0,0,0,0,0,0,0,0,0,0,0,0,0,0,0,0,0,0,0,0,0,0,0,0,0,0,0,0,0,0,0,0,0,0,0,0,0,0,0,0,0,0,0,0,0,0,0,0,0,0,0,0,,,,,,,,,,,,,,,,,0,,,,,,,,,0,0,0,0,0,0,,0,0,0,0,,0,0,0,0,0,0,0,0,0,0,0,0,0,0,0,0,,,,,,,,,,,,,,,,,,0,0,0,0,0,0,,0,0,0,0,,,,,,,,,,,,,,0,,,,,,,,,,,,,,,,,,,,,,,,0,,,0,,,0,,,,,,,,,,,,,,,,,,,,,0,,,,,,,,,,,,,,,,,,,,,,,,,,,,,,,,,,,0,,,,,,,,,,,,,,,,,,,,,0,,,,,0,,,0,,,,,,,,,,0,,,,,,,,,,,,,,,,,,,0,,,,,,,,,,0,,0,,0,0,0,0,0,0,0,0,0,0,0,,0,0,0,0,0,0,0,0,0,0,0,,0,0,0,0,0,0,0,0,0,0,0,,,,,0,,,,,,0,,,,,,0,,,,,,,0,,,,,,,,,,,,,,,,,,,,,,,,,,,,,,,,,,,0,,,,,,,,,,,,,,,,,,,,,,,,,,,,,,,,,,,0,,,,,,,,,,,,,,,,,,,,,,,,,,,,,,,,,,,0,,,,,,,,,,,,,,,,,,,0,,,,,,,,,,,,,,,,,,,0,,,,,,,,,,,,,,,,,,,0
25-698,"2023-02-17 10:34:05",1,1,0,0,1,2,1,1,2,2,70,1,2023-02-17,,2,,60,,,,0,0,1,0,1,1,0,0,0,0,0,0,0,,,60,,,30,,,,,,,,0,,,,1,2,1996,0,,3,,5,,,,1,0,,0,1,0,1,0,0,,0,,,0,62.8,175,35.9,81,195,117,22,97,15,1,0,0,1,20.506122448979593,1,0,0,1,,0,0,0,0,0,0,0,0,0,0,0,0,0,0,0,0,0,0,0,0,0,0,0,0,0,0,0,0,0,0,0,0,0,0,0,0,0,0,0,0,0,0,0,0,0,0,0,0,0,0,0,0,0,0,0,0,0,0,0,0,0,0,0,0,0,,,,,,,,,,,,,,,,,0,,,,,,,,,0,0,0,0,0,0,,0,0,0,0,,0,0,0,0,0,0,0,0,0,0,0,0,0,0,0,0,,,,,,,,,,,,,,,,,,0,0,0,0,0,0,,0,0,0,0,1,"2023-02-17 09:35","2023-02-17 12:43",1,"2023-02-17 13:30",1,1,1,"2023-02-17 08:50","2023-02-17 13:30",1,"2023-02-17 11:19","2023-02-17 13:30",1,4,40,40,40,40,4,40,40,40,40,1,1,40,40,1,40,40,1,40,40,1,40,40,1,,,0,,,0,,,,,,,,,,,,,,,,,,,,,0,,,,,,,,,,,,,,,,,,,,,,,,,,,,,,,,,,,0,,,,,,,,,,,,,,,,,,,,,0,,,,,0,,,0,,,,,,,,,,0,,,,,,,,,,,,,,,,,,,0,,,,,,,,,,0,,0,,0,0,0,0,0,0,0,0,0,0,0,,0,0,0,0,0,0,0,0,0,0,0,,0,0,0,0,0,0,0,0,0,0,0,,,,,0,,,,,,0,,,,,,0,,,,,,,0,,,,,,,,,,,,,,,,,,,,,,,,,,,,,,,,,,,0,,,,,,,,,,,,,,,,,,,,,,,,,,,,,,,,,,,0,,,,,,,,,,,,,,,,,,,,,,,,,,,,,,,,,,,0,,,,,,,,,,,,,,,,,,,0,,,,,,,,,,,,,,,,,,,0,,,,,,,,,,,,,,,,,,,0
25-699,"2022-12-23 10:18:46",1,1,0,0,1,2,1,1,2,1,64,1,2022-12-23,9,2,,365,,,,1,0,1,0,0,1,0,0,1,1,0,1,0,365,,,21,,,,,6,,,6,,1,0,0,0,,1,,,,,,,,,,1,0,,1,0,0,1,0,0,,0,,,0,60.1,165,36.1,93,167,101,26,97,15,1,0,0,1,22.0752984389348,2,0,0,1,,0,0,0,0,0,0,0,0,0,0,0,0,0,0,0,0,0,0,0,0,0,0,0,0,0,0,0,0,0,0,0,0,0,0,0,0,0,0,0,0,0,0,0,0,0,0,0,0,0,0,0,0,0,0,0,0,0,0,0,0,0,0,0,0,0,,,,,,,,,,,,,,,,,0,,,,,,,,,0,0,0,0,0,0,,0,0,0,0,,0,0,0,0,0,0,0,0,0,0,0,0,0,0,0,0,,,,,,,,,,,,,,,,,,0,0,0,0,0,0,,0,0,0,0,,,,,,,,,,,,,,0,,,,,,,,,,,,,,,,,,,,,,,,0,,,0,,,0,,,,,,,,,,,,,,,,,,,,,0,,,,,,,,,,,,,,,,,,,,,,,,,,,,,,,,,,,0,,,,,,,,,,,,,,,,,,,,,0,,,,,0,,,0,,,,,,,,,,0,,,,,,,,,,,,,,,,,,,0,,,,,,,,,,0,,0,,0,0,0,0,0,0,0,0,0,0,0,,0,0,0,0,0,0,0,0,0,0,0,,0,0,0,0,0,0,0,0,0,0,0,,,,,0,,,,,,0,,,,,,0,,,,,,,0,,,,,,,,,,,,,,,,,,,,,,,,,,,,,,,,,,,0,,,,,,,,,,,,,,,,,,,,,,,,,,,,,,,,,,,0,,,,,,,,,,,,,,,,,,,,,,,,,,,,,,,,,,,0,,,,,,,,,,,,,,,,,,,0,,,,,,,,,,,,,,,,,,,0,,,,,,,,,,,,,,,,,,,0
